sequence_id	high_confidence_partner_count	gained_partner_count	lost_partner_count	jaccard_distance	mean_absolute_score_change	maximum_absolute_score_change
ABCA4_WT	162	0	0	0.0	0.0	0.0
ABCA4_659946516a9204f6	258	258	162	1.0	0.17529195547103882	0.9803314805030823
ABCA4_3b734c13c39e2bc7	137	137	162	1.0	0.16710899770259857	0.9659043550491333
ABCA4_818072595dac88f3	231	231	162	1.0	0.17295175790786743	0.9497235417366028
ABCA4_d2f361666d498b0b	525	523	160	0.997080291970803	0.14727233350276947	0.9390218257904053
ABCA4_d994867fe14e81b6	588	581	155	0.990578734858681	0.1366865634918213	0.9338383674621582
ABCA4_9669e9120936223e	628	612	146	0.979328165374677	0.1364830881357193	0.9381513595581055
ABCA4_0e765006d61f8741	343	327	146	0.967280163599182	0.13085266947746277	0.9127340316772461
ABCA4_20c8c9805d03a440	121	118	159	0.9892857142857143	0.11357775330543518	0.876239538192749
ABCA4_15f46db8d455f120	106	105	161	0.9962546816479401	0.11176193505525589	0.8754245638847351
ABCA4_8d3af4586753e26b	179	165	148	0.9571865443425076	0.0975235179066658	0.8394515514373779
ABCA4_f340a84b5d7c291b	183	169	148	0.9577039274924471	0.09649915248155594	0.8335002660751343
ABCA4_dee45f5398d9f480	192	178	148	0.9588235294117647	0.09884007275104523	0.8415634632110596
ABCA4_e4b486cb2e7d8cb6	171	159	150	0.9626168224299065	0.099941685795784	0.8464804887771606
ABCA4_32f83d0e71764f02	195	171	138	0.9279279279279279	0.08372687548398972	0.8037989735603333
ABCA4_b293d1e24868089a	191	170	141	0.9367469879518072	0.08673307299613953	0.806702733039856
ABCA4_a69d6de122f1d2bd	216	192	138	0.9322033898305084	0.08402550965547562	0.8063957095146179
ABCA4_ab4e63b29814b175	231	203	134	0.9232876712328767	0.08324985206127167	0.8071334958076477
ABCA4_1bfb09d0f5f9134d	212	185	135	0.9221902017291066	0.07861590385437012	0.8194422125816345
ABCA4_80bb23a18ff03ad3	158	145	149	0.9576547231270358	0.07631679624319077	0.799860954284668
ABCA4_f4c005519ce623a8	171	164	155	0.9785276073619632	0.07468688488006592	0.8767359852790833
ABCA4_b448fa79d7626c54	174	164	152	0.9693251533742331	0.07382381707429886	0.87489253282547
ABCA4_dbf51afffc52766a	178	176	160	0.9940828402366864	0.07832896709442139	0.8985233902931213
ABCA4_c5d310aa495273c8	156	154	160	0.9936708860759493	0.07979230582714081	0.8874143958091736
ABCA4_ed01557f9e5b7cb1	163	161	160	0.9938080495356038	0.07955583930015564	0.8848473429679871
ABCA4_1eb17fcc9a04d0bf	133	121	150	0.9575971731448764	0.06347749382257462	0.7859656810760498
ABCA4_79e663cdd760d3c7	172	163	153	0.9723076923076923	0.06517282873392105	0.8380321264266968
ABCA4_8198738def80f079	155	149	156	0.9807073954983923	0.06512852013111115	0.8422174453735352
ABCA4_4a302328235d0100	155	152	159	0.9904458598726115	0.06545025110244751	0.8546504974365234
ABCA4_eeb62bec3b110ed0	141	126	147	0.9479166666666666	0.056678932160139084	0.7846348285675049
ABCA4_bf628f97a510e0c5	146	126	142	0.9305555555555556	0.0544847808778286	0.7567790746688843
ABCA4_6dfd8dca86b83ec9	88	67	141	0.9082969432314411	0.051185306161642075	0.6616812944412231
ABCA4_0d87fb397ae3f92d	85	70	147	0.9353448275862069	0.05265364795923233	0.6888735294342041
ABCA4_b224cb1efe00088f	76	63	149	0.9422222222222222	0.05132943019270897	0.6874106526374817
ABCA4_afb3796ade3ca702	84	69	147	0.935064935064935	0.05203205347061157	0.7047750949859619
ABCA4_c6fe23d467553d23	72	61	151	0.9506726457399103	0.05202636867761612	0.6972448825836182
ABCA4_29b35e88144a1de1	58	53	157	0.9767441860465116	0.055715084075927734	0.7006416320800781
ABCA4_646fa7dc17c45797	59	54	157	0.9768518518518519	0.05556429922580719	0.7043943405151367
ABCA4_7f9b8845c24bdadb	56	51	157	0.9765258215962441	0.056732483208179474	0.6561907529830933
ABCA4_28f3f30bc47222cf	47	40	155	0.9653465346534653	0.05476905778050423	0.6101123094558716
ABCA4_09ff33026127d665	35	28	155	0.9631578947368421	0.050579238682985306	0.5554642677307129
ABCA4_b4e05fa50d9ae0fa	34	27	155	0.962962962962963	0.05294613540172577	0.5737916827201843
ABCA4_573a18979c6601eb	36	32	158	0.979381443298969	0.05768556520342827	0.6346153616905212
ABCA4_ce758c5f59671217	30	26	158	0.9787234042553191	0.05652247369289398	0.6142243146896362
ABCA4_eaf0cdf1a575bf62	31	27	158	0.9788359788359788	0.05587368458509445	0.6142248511314392
ABCA4_ab308f8d7699862f	28	26	160	0.9893617021276596	0.05610641464591026	0.6047405004501343
ABCA4_acd2d3feadcad4d3	18	15	159	0.9830508474576272	0.055834054946899414	0.5928990244865417
ABCA4_dee7e4f43ee41edf	15	12	159	0.9827586206896551	0.054601527750492096	0.5737890005111694
ABCA4_44087fbce4f59774	21	17	158	0.9776536312849162	0.05522045120596886	0.5818212032318115
ABCA4_ea529ec8915d3769	22	13	153	0.9485714285714286	0.05241028219461441	0.5330557823181152
ABCA4_573f31bfd08abeb0	27	18	153	0.95	0.05278637260198593	0.5388995409011841
ABCA4_5c771d7ed1da3ab1	22	15	155	0.96045197740113	0.05400490015745163	0.5588169097900391
ABCA4_bc822bcdcb960b31	27	19	154	0.9558011049723757	0.05452728644013405	0.5647949576377869
ABCA4_ba7e5d04c28f714b	29	20	153	0.9505494505494505	0.05518650636076927	0.5537258982658386
ABCA4_342eabeae5f4d215	20	14	156	0.9659090909090909	0.05047212541103363	0.5740219354629517
ABCA4_e93eb24eddd6ecbc	21	15	156	0.9661016949152542	0.05213780328631401	0.5797135829925537
ABCA4_0926be14abf9c736	11	8	159	0.9823529411764705	0.05508970841765404	0.5648446083068848
ABCA4_2601fdc599ffd8a2	8	6	160	0.9880952380952381	0.05733807757496834	0.5982106328010559
ABCA4_a73dc846c5d2c494	4	3	161	0.9939393939393939	0.056203022599220276	0.5861730575561523
ABCA4_6d80010363344c84	0	0	162	1.0	0.05486080422997475	0.558242678642273
ABCA4_705bf37ffdcdbeae	0	0	162	1.0	0.05497058108448982	0.5758284330368042
ABCA4_ef390290e2bd3e3a	0	0	162	1.0	0.05400818586349487	0.5741642117500305
ABCA4_9a9ff8557ff2dd6b	0	0	162	1.0	0.05231142044067383	0.5715199112892151
ABCA4_93b222202fc0cf94	0	0	162	1.0	0.05170899257063866	0.5590485334396362
ABCA4_985f918cff12a853	10	10	162	1.0	0.06285340338945389	0.6865823864936829
ABCA4_10ac21f469966717	21	20	161	0.9945054945054945	0.0615566112101078	0.6908625364303589
ABCA4_dd965a96e04125db	36	32	158	0.979381443298969	0.05696164071559906	0.6319983601570129
ABCA4_2de9a3d96e847c1b	4	0	158	0.9753086419753086	0.04500359669327736	0.4590536952018738
ABCA4_b3b6818b01636509	4	0	158	0.9753086419753086	0.04182186722755432	0.44690266251564026
ABCA4_396c4ec3d619899b	10	3	155	0.9575757575757575	0.03756144270300865	0.48332127928733826
ABCA4_d42b13deb9345fa8	8	0	154	0.9506172839506173	0.03581051155924797	0.3835744261741638
ABCA4_ee38dadae3826f18	9	1	154	0.950920245398773	0.036445967853069305	0.38170623779296875
ABCA4_f4b856b9e5c2a4a5	10	1	153	0.9447852760736196	0.0372752919793129	0.3878440260887146
ABCA4_1075781a42033659	8	2	156	0.9634146341463414	0.04412566125392914	0.47591152787208557
ABCA4_857417201cc27df6	8	2	156	0.9634146341463414	0.045283470302820206	0.48874151706695557
ABCA4_16443e7ad2282f1f	6	2	158	0.975609756097561	0.04991574212908745	0.536994993686676
ABCA4_bd9375969f12cf65	6	2	158	0.975609756097561	0.048878733068704605	0.5401703119277954
ABCA4_ac2b1f6b77641f04	8	2	156	0.9634146341463414	0.04403098672628403	0.5168361067771912
ABCA4_d12bd4dc1e47499d	9	2	155	0.9573170731707317	0.04184930771589279	0.5013206601142883
ABCA4_fb2b7ca2427658db	9	2	155	0.9573170731707317	0.04125606641173363	0.49231430888175964
ABCA4_08411f9bd1a10e20	9	2	155	0.9573170731707317	0.04129183292388916	0.5000182390213013
ABCA4_c820932b5260dfc7	9	2	155	0.9573170731707317	0.041884250938892365	0.505622386932373
ABCA4_3ef6176971c69e19	9	2	155	0.9573170731707317	0.04219091311097145	0.5092398524284363
ABCA4_24a19562dcfc61ee	9	2	155	0.9573170731707317	0.04166322946548462	0.5070793628692627
ABCA4_ac335cb43883ac30	8	1	155	0.9570552147239264	0.036593832075595856	0.44927263259887695
ABCA4_9179d52c098aba81	8	1	155	0.9570552147239264	0.03575168922543526	0.4249305725097656
ABCA4_6db0ef914d8585bf	10	1	153	0.9447852760736196	0.03311850503087044	0.4074859321117401
ABCA4_f220f5cd78084aeb	8	1	155	0.9570552147239264	0.0338628813624382	0.42247533798217773
ABCA4_5e336a6a2e1d890c	9	1	154	0.950920245398773	0.03238792344927788	0.40618762373924255
ABCA4_9116e6bc21cb7cab	19	0	143	0.8827160493827161	0.03265844285488129	0.4086366593837738
ABCA4_c6d2c38e51aff12d	19	0	143	0.8827160493827161	0.03331286832690239	0.4167475998401642
ABCA4_7596f303176bc66b	21	0	141	0.8703703703703703	0.03296242654323578	0.4342433214187622
ABCA4_b7ff9e33e60ebe0e	20	0	142	0.8765432098765432	0.033781930804252625	0.4484781324863434
ABCA4_bf7b3fdb9e44041b	21	0	141	0.8703703703703703	0.03464183583855629	0.4518997073173523
ABCA4_703c9ed36ed8bdb3	19	0	143	0.8827160493827161	0.03495735675096512	0.44467878341674805
ABCA4_fdd03185394cbaaa	21	0	141	0.8703703703703703	0.03336810693144798	0.4307785630226135
ABCA4_0b29c65b1fdc6352	22	0	140	0.8641975308641976	0.03293582797050476	0.41442421078681946
ABCA4_41f0b5a992bccc4c	21	1	142	0.8773006134969326	0.037172187119722366	0.4753674864768982
ABCA4_9eb81004a90cdf84	21	2	143	0.8841463414634146	0.03728321194648743	0.47988468408584595
ABCA4_9ccd3171c0edf017	21	1	142	0.8773006134969326	0.036043886095285416	0.4771413803100586
ABCA4_e315e5dac04ed83e	28	1	135	0.834355828220859	0.03383691608905792	0.444681316614151
ABCA4_72f6a9e7dcf9ef34	26	2	138	0.8536585365853658	0.0341157466173172	0.4496493339538574
ABCA4_cad15df43729f666	34	2	130	0.8048780487804879	0.03135969862341881	0.41162627935409546
ABCA4_9dbb8629c4199559	23	5	144	0.8922155688622755	0.039861615747213364	0.520458996295929
ABCA4_e80f48bbcf7571a5	23	5	144	0.8922155688622755	0.04134336858987808	0.5291424989700317
ABCA4_67031672856c5f8f	22	5	145	0.8982035928143712	0.03983749449253082	0.5143798589706421
ABCA4_fd9314db0671670e	26	5	141	0.874251497005988	0.03935931250452995	0.509421706199646
ABCA4_bd907ec91335ccf4	21	5	146	0.9041916167664671	0.04170387238264084	0.5234596133232117
ABCA4_a79dbcc6d517c893	19	5	148	0.9161676646706587	0.042102403938770294	0.5273261070251465
ABCA4_de7d1a60fb525ec8	26	5	141	0.874251497005988	0.04031157121062279	0.5005701780319214
ABCA4_30903e1f77956cc0	29	5	138	0.8562874251497006	0.03942285105586052	0.4944918751716614
ABCA4_5fc219ee65af215f	39	5	128	0.7964071856287425	0.036740902811288834	0.47352874279022217
ABCA4_dc9c280e6ff14099	34	8	136	0.8470588235294118	0.041084010154008865	0.5173565149307251
ABCA4_a62f54647af6e2da	34	8	136	0.8470588235294118	0.04155965521931648	0.5241707563400269
ABCA4_7da514cddb743196	33	6	135	0.8392857142857143	0.04318373650312424	0.5272080302238464
ABCA4_84e3481a945efb06	39	7	130	0.8106508875739645	0.04271319881081581	0.5157787799835205
ABCA4_ea0dd15afd3e2b85	38	8	132	0.8235294117647058	0.045317649841308594	0.5426264405250549
ABCA4_910acfbbd01eb135	39	8	131	0.8176470588235294	0.045812588185071945	0.5423533916473389
ABCA4_7a26a5b54a8bfa55	37	8	133	0.8294117647058823	0.04653741791844368	0.5459316968917847
ABCA4_0ec0b0a923a189f3	33	3	132	0.8181818181818181	0.044101059436798096	0.5152841210365295
ABCA4_065ed845a944490b	36	5	131	0.8143712574850299	0.043513357639312744	0.5093425512313843
ABCA4_d43aa9ab12fe7a7f	33	5	134	0.8323353293413174	0.04695257917046547	0.5260235071182251
ABCA4_3442c0cf717f7312	39	3	126	0.7818181818181819	0.041287560015916824	0.49007052183151245
ABCA4_d711006a5f7ad404	185	36	13	0.24747474747474751	0.01973363198339939	0.22081460058689117
ABCA4_a7f6fb60a3c0b4a5	184	36	14	0.2525252525252525	0.01885557360947132	0.21030496060848236
ABCA4_799237e01c2519c0	192	41	11	0.2561576354679803	0.018312549218535423	0.21375545859336853
ABCA4_7853a45f5fce46ee	178	30	14	0.22916666666666663	0.017143866047263145	0.1963452398777008
ABCA4_a0ab87e1a1a63b68	164	22	20	0.2282608695652174	0.0162228811532259	0.18906551599502563
ABCA4_c1e240c682efcb39	145	20	37	0.3131868131868132	0.018936194479465485	0.23512977361679077
ABCA4_4e3efb6ddae0fefe	126	14	50	0.36363636363636365	0.018881628289818764	0.24228397011756897
ABCA4_9fd8bc43a31ae781	127	12	47	0.3390804597701149	0.017019055783748627	0.2161875069141388
ABCA4_0732f61af14364f3	124	12	50	0.3563218390804598	0.017284829169511795	0.21988335251808167
ABCA4_8141ef7cc8d190e5	125	12	49	0.3505747126436781	0.017293307930231094	0.21322649717330933
ABCA4_1af9510c5e3c795e	128	11	45	0.32369942196531787	0.01689528301358223	0.19313675165176392
ABCA4_5b419c00803751ec	126	11	47	0.33526011560693647	0.017696015536785126	0.20237022638320923
ABCA4_d1596cdb7afff3f9	122	11	51	0.35838150289017345	0.017078854143619537	0.21176749467849731
ABCA4_0e633712b2798537	114	10	58	0.39534883720930236	0.01711810566484928	0.21650171279907227
ABCA4_26542507441c6003	116	6	52	0.34523809523809523	0.017002156004309654	0.20002102851867676
ABCA4_cf3a880407a518b7	115	6	53	0.35119047619047616	0.01594681479036808	0.18706762790679932
ABCA4_4ee448c7e8331ae9	123	12	51	0.3620689655172413	0.01797368936240673	0.23285317420959473
ABCA4_329d37b9cd6e21fe	120	13	55	0.38857142857142857	0.020346133038401604	0.22675496339797974
ABCA4_bd0bc2df1581a794	120	10	52	0.36046511627906974	0.020729482173919678	0.21639320254325867
ABCA4_704b40962fb11342	92	5	75	0.47904191616766467	0.020952749997377396	0.24600720405578613
ABCA4_35550cc3e07887ee	92	4	74	0.4698795180722891	0.02043403685092926	0.2428905963897705
ABCA4_17d99d7764e9c3b9	92	4	74	0.4698795180722891	0.019564324989914894	0.2353595495223999
ABCA4_a1d1e984f90440cc	78	5	89	0.562874251497006	0.01963230036199093	0.2606574296951294
ABCA4_84dbdf2e6d0d0455	74	3	91	0.5696969696969697	0.021544648334383965	0.272878497838974
ABCA4_5d2b24d73f245112	76	5	91	0.5748502994011976	0.022114666178822517	0.2880775034427643
ABCA4_25f70cc058fae7d5	82	11	91	0.5895953757225434	0.0242787953466177	0.3228912949562073
ABCA4_3bd6d375b5bc75f3	78	9	93	0.5964912280701755	0.02275174856185913	0.3027917146682739
ABCA4_922a8b2e03848553	69	8	101	0.6411764705882352	0.027199581265449524	0.36649322509765625
ABCA4_2641c96178eb5180	71	7	98	0.6213017751479291	0.026940349489450455	0.3679512143135071
ABCA4_50d637253f22e454	79	12	95	0.6149425287356323	0.027804676443338394	0.3483475148677826
ABCA4_473058af71ac866c	127	11	46	0.32947976878612717	0.01474294625222683	0.20257896184921265
ABCA4_4e726fbf24922988	114	8	56	0.3764705882352941	0.015765203163027763	0.21310347318649292
ABCA4_7d0f2321cb9d0900	128	9	43	0.30409356725146197	0.01448714267462492	0.1904829442501068
ABCA4_430372f5bac56822	167	19	14	0.18232044198895025	0.014751745387911797	0.16526579856872559
ABCA4_5a85a2e2f0575afc	135	9	36	0.26315789473684215	0.01473972573876381	0.18283778429031372
ABCA4_92c007d02b948ffa	138	9	33	0.24561403508771928	0.014598130248486996	0.1772136092185974
ABCA4_f0c0bff2629443d0	135	8	35	0.2529411764705882	0.014189708977937698	0.16952261328697205
ABCA4_4887c7b466695403	196	55	21	0.3502304147465438	0.022332997992634773	0.2797293961048126
ABCA4_016a4ff48a3d4007	180	46	28	0.3557692307692307	0.0223076269030571	0.3180874288082123
ABCA4_caf69e54674cbb5d	166	18	14	0.1777777777777778	0.015253040939569473	0.20245331525802612
ABCA4_736b0628e14e3fd1	171	20	11	0.17032967032967028	0.01330997422337532	0.16846811771392822
ABCA4_0bed70adb62cee90	178	25	9	0.18181818181818177	0.013867693021893501	0.17294925451278687
ABCA4_30b7f0b8e72152a0	188	33	7	0.20512820512820518	0.014508294872939587	0.18062588572502136
ABCA4_8bcedcd67aefb5bc	189	29	2	0.16230366492146597	0.010169463232159615	0.12541663646697998
ABCA4_a46ba407df24558d	183	24	3	0.14516129032258063	0.009597434662282467	0.11998334527015686
ABCA4_4a4101973f7b9924	167	7	2	0.053254437869822535	0.0033144825138151646	0.036041051149368286
ABCA4_4f94ea9361e2f70b	162	3	3	0.036363636363636376	0.0021987291984260082	0.022558927536010742
ABCA4_00390d3625128f49	162	1	1	0.012269938650306789	0.0008380137733183801	0.010413289070129395
ABCA4_0042ad14ad53e30b	167	5	0	0.029940119760479056	0.0012913576792925596	0.016869723796844482
ABCA4_00447af66fd50e33	167	5	0	0.029940119760479056	0.0011735421139746904	0.015689373016357422
ABCA4_00529406a09ce878	166	4	0	0.02409638554216864	0.0012485043844208121	0.015250921249389648
ABCA4_005d9c17507c7622	163	1	0	0.006134969325153339	0.0011274501448497176	0.017430126667022705
ABCA4_008763282f44a984	161	0	1	0.006172839506172867	0.0010577891953289509	0.01165798306465149
ABCA4_00ba5d672a00ce94	165	4	1	0.030120481927710885	0.001482370076701045	0.0207081139087677
ABCA4_00d8b7eb3fdea337	161	1	2	0.018404907975460127	0.0012236759066581726	0.014498770236968994
ABCA4_00de87874914e072	163	1	0	0.006134969325153339	0.0008284963550977409	0.010723888874053955
ABCA4_00edcb9a7703a3fe	162	1	1	0.012269938650306789	0.0013203275157138705	0.012742966413497925
ABCA4_00ff3d3bd2d6f620	157	0	5	0.030864197530864224	0.0012993532000109553	0.013312071561813354
ABCA4_012768fcf69da85e	163	1	0	0.006134969325153339	0.0017194862011820078	0.022301286458969116
ABCA4_012bc97f9ae51bab	162	0	0	0.0	0.0006853093509562314	0.008603215217590332
ABCA4_014d185fb940cb43	167	5	0	0.029940119760479056	0.000898490019608289	0.01161348819732666
ABCA4_0167c92edb4599d7	162	1	1	0.012269938650306789	0.0015794963110238314	0.017908692359924316
ABCA4_01890b2702119ad2	156	0	6	0.03703703703703709	0.0010987301357090473	0.013197600841522217
ABCA4_01fd60050c6d32aa	166	4	0	0.02409638554216864	0.000992030487395823	0.014597088098526001
ABCA4_02180dc82fd6c12f	161	1	2	0.018404907975460127	0.0008446222636848688	0.014838442206382751
ABCA4_022705d3f2b6bda6	164	2	0	0.012195121951219523	0.0006845123134553432	0.008610457181930542
ABCA4_02435ae8461603d4	159	3	6	0.054545454545454564	0.0010031540878117085	0.01625838875770569
ABCA4_02610d265b577f19	159	0	3	0.01851851851851849	0.0012473090318962932	0.01347920298576355
ABCA4_02bcc5017e266491	166	4	0	0.02409638554216864	0.0014676200225949287	0.022125840187072754
ABCA4_02c2894e4cadbe1e	169	7	0	0.041420118343195256	0.0021691566798835993	0.019886016845703125
ABCA4_02dd46fb8880b7da	161	1	2	0.018404907975460127	0.0012735092313960195	0.014326602220535278
ABCA4_02fa8a7037b0420b	162	1	1	0.012269938650306789	0.000996724353171885	0.011135697364807129
ABCA4_03390faaa4872c4a	165	3	0	0.018181818181818188	0.0009071438107639551	0.009512245655059814
ABCA4_033c6dddb1544abc	159	0	3	0.01851851851851849	0.0007414644351229072	0.008223533630371094
ABCA4_03844c6c901847ac	161	1	2	0.018404907975460127	0.001187882968224585	0.01222449541091919
ABCA4_03894ccbd5425166	162	1	1	0.012269938650306789	0.0012115574209019542	0.015173345804214478
ABCA4_03a3c70018f28eec	166	4	0	0.02409638554216864	0.0012883113231509924	0.014859378337860107
ABCA4_03c0ce3f26759921	165	3	0	0.018181818181818188	0.0006176185561344028	0.007598280906677246
ABCA4_03d339362f69f6eb	161	1	2	0.018404907975460127	0.001288944506086409	0.018124490976333618
ABCA4_041e541dfab0f283	162	2	2	0.024390243902439046	0.0009133185376413167	0.010425418615341187
ABCA4_04277527a8b2a36e	160	1	3	0.024539877300613466	0.001549320644699037	0.014899909496307373
ABCA4_043043490891c921	168	6	0	0.0357142857142857	0.0015779354143887758	0.019999146461486816
ABCA4_04570654cfd2a004	162	2	2	0.024390243902439046	0.0012057300191372633	0.016819417476654053
ABCA4_04a4e853f2c6ba2c	160	2	4	0.03658536585365857	0.001776205375790596	0.03313612937927246
ABCA4_04a769b474d3577b	166	4	0	0.02409638554216864	0.0012359783286228776	0.01803123950958252
ABCA4_04bf7dd5aa3efe43	163	2	1	0.018292682926829285	0.0007920187199488282	0.01109224557876587
ABCA4_04f7a51a33eeb3da	160	2	4	0.03658536585365857	0.0012182737700641155	0.015726357698440552
ABCA4_0515d6d3a070e83d	168	6	0	0.0357142857142857	0.0013634321512654424	0.015508413314819336
ABCA4_05414e9598c4a26f	160	1	3	0.024539877300613466	0.0012239152565598488	0.015372201800346375
ABCA4_055252ad72d8ac69	163	1	0	0.006134969325153339	0.0010331545490771532	0.014894276857376099
ABCA4_05e259197c237c64	168	6	0	0.0357142857142857	0.0009540676255710423	0.011767685413360596
ABCA4_05eedf26a2287d23	165	3	0	0.018181818181818188	0.0010618913220241666	0.016859471797943115
ABCA4_06033b4d2f458c1a	152	0	10	0.06172839506172845	0.0019370678346604109	0.028024226427078247
ABCA4_062b8dd3d3f8571c	156	0	6	0.03703703703703709	0.0016998715000227094	0.017231464385986328
ABCA4_062c8432631658f1	164	2	0	0.012195121951219523	0.0008106219465844333	0.01031520962715149
ABCA4_062fbc656c7f8574	162	0	0	0.0	0.0008647479698993266	0.009682685136795044
ABCA4_06440aa5ce45c224	159	1	4	0.030674846625766916	0.001167357200756669	0.013620257377624512
ABCA4_067b43a7502ccb9b	164	2	0	0.012195121951219523	0.0008721370249986649	0.0088576078414917
ABCA4_0688305e77edf390	161	1	2	0.018404907975460127	0.0010116324992850423	0.012974530458450317
ABCA4_068d4e8aaa9924c0	157	0	5	0.030864197530864224	0.0017472190083935857	0.02111518383026123
ABCA4_069d5d16336b29ec	153	0	9	0.05555555555555558	0.0013389548985287547	0.01852518320083618
ABCA4_06f3ed13d3e77456	166	4	0	0.02409638554216864	0.0017284431960433722	0.01895052194595337
ABCA4_06f70a9c0d62a9f2	161	1	2	0.018404907975460127	0.0016039625043049455	0.01961362361907959
ABCA4_071fb8182db0ed37	168	6	0	0.0357142857142857	0.001572578912600875	0.020382702350616455
ABCA4_07225d835665b255	161	1	2	0.018404907975460127	0.0010422613704577088	0.012747526168823242
ABCA4_0727c192efa76c5b	164	2	0	0.012195121951219523	0.0009788312017917633	0.010712921619415283
ABCA4_072cb160e624dcdc	167	5	0	0.029940119760479056	0.001698019215837121	0.021924525499343872
ABCA4_0740dfc598624806	166	4	0	0.02409638554216864	0.001098007895052433	0.011479020118713379
ABCA4_074d09fb81d445a4	167	5	0	0.029940119760479056	0.001276703434996307	0.016474395990371704
ABCA4_0788e71d3153fc34	166	4	0	0.02409638554216864	0.0010185593273490667	0.013801813125610352
ABCA4_07a758c723067bde	165	3	0	0.018181818181818188	0.0007282584556378424	0.011185705661773682
ABCA4_083dced178cedfd4	167	5	0	0.029940119760479056	0.0014334702864289284	0.016286075115203857
ABCA4_0854588183ce5720	165	4	1	0.030120481927710885	0.0015706628328189254	0.021719157695770264
ABCA4_08a12ea61c667c61	164	2	0	0.012195121951219523	0.0010595879284664989	0.011097341775894165
ABCA4_08cdc541f5a3a024	163	1	0	0.006134969325153339	0.0010371780954301357	0.014488756656646729
ABCA4_08f1f5eac019c903	166	4	0	0.02409638554216864	0.0019882763735949993	0.025274991989135742
ABCA4_091d9d728f25af49	165	3	0	0.018181818181818188	0.0005346014513634145	0.006612569093704224
ABCA4_09235ee334e11abf	160	2	4	0.03658536585365857	0.0013448414392769337	0.01726233959197998
ABCA4_094dcf06d5b9dc40	157	1	6	0.042944785276073594	0.00100544688757509	0.013648569583892822
ABCA4_0959e54da279b98d	167	5	0	0.029940119760479056	0.0015954815316945314	0.020512938499450684
ABCA4_09af3c37ab2cde8b	163	1	0	0.006134969325153339	0.000950810092035681	0.012244626879692078
ABCA4_09c25f6432d89328	168	6	0	0.0357142857142857	0.001551245804876089	0.023275792598724365
ABCA4_0a40bc67ab34337e	158	1	5	0.036809815950920255	0.001222534803673625	0.014779359102249146
ABCA4_0a44507a7f37c3f6	160	2	4	0.03658536585365857	0.001458272454328835	0.02170059084892273
ABCA4_0a759241d1987a17	164	2	0	0.012195121951219523	0.0010995472548529506	0.013279318809509277
ABCA4_0a7a2c72a20e67bd	166	4	0	0.02409638554216864	0.0013344918843358755	0.01573622226715088
ABCA4_0a84901f1f6d4b29	157	1	6	0.042944785276073594	0.0013856423320248723	0.014156818389892578
ABCA4_0adf04fd7d391025	165	3	0	0.018181818181818188	0.0013713045045733452	0.018993377685546875
ABCA4_0aea7749645f689b	167	5	0	0.029940119760479056	0.0009283713879995048	0.01136314868927002
ABCA4_0b04034145533369	158	2	6	0.04878048780487809	0.0015944958431646228	0.02140861749649048
ABCA4_0b90171a26bf0782	166	4	0	0.02409638554216864	0.0010621375404298306	0.01289665699005127
ABCA4_0be3988ede25e3f7	160	0	2	0.012345679012345734	0.0013319299323484302	0.01532214879989624
ABCA4_0c410b813aa8f92d	160	1	3	0.024539877300613466	0.001205776701681316	0.014592081308364868
ABCA4_0c9e232206b51e2c	158	0	4	0.024691358024691357	0.0013213747879490256	0.015378892421722412
ABCA4_0cc48e8bd464b1c9	163	2	1	0.018292682926829285	0.0007419981411658227	0.00995558500289917
ABCA4_0ce617e05d787a4b	167	5	0	0.029940119760479056	0.0011399434879422188	0.016082465648651123
ABCA4_0d2f93451aa8a885	166	5	1	0.0359281437125748	0.0017379961209371686	0.021433353424072266
ABCA4_0d33d006d89f50fc	167	5	0	0.029940119760479056	0.0009608173277229071	0.013030141592025757
ABCA4_0d3e66dccb728235	160	2	4	0.03658536585365857	0.0014080990804359317	0.020034730434417725
ABCA4_0d6d730b2266b35a	160	1	3	0.024539877300613466	0.0010599106317386031	0.013142168521881104
ABCA4_0db4aa55739c6914	170	9	1	0.05847953216374269	0.0036882853601127863	0.050458431243896484
ABCA4_0df043e6613c813e	162	1	1	0.012269938650306789	0.0005546826869249344	0.007749766111373901
ABCA4_0e15ff16c8f3ef19	171	9	0	0.052631578947368474	0.002618484664708376	0.03135073184967041
ABCA4_0e17e080ec910e3a	167	5	0	0.029940119760479056	0.001706036040559411	0.019259631633758545
ABCA4_0e2aed696a221435	164	2	0	0.012195121951219523	0.0009245176333934069	0.010499119758605957
ABCA4_0e535127bb95cc63	165	3	0	0.018181818181818188	0.0006215631146915257	0.008767247200012207
ABCA4_0e8599e576bd3330	164	2	0	0.012195121951219523	0.0007976794149726629	0.012084394693374634
ABCA4_0e8604800bc33670	162	3	3	0.036363636363636376	0.001636530621908605	0.02814115583896637
ABCA4_0ea11935e71544c1	160	2	4	0.03658536585365857	0.001321319374255836	0.018082141876220703
ABCA4_0eb7a83704c30dc5	161	1	2	0.018404907975460127	0.001326792174950242	0.01658785343170166
ABCA4_0ebcead3fc319208	167	5	0	0.029940119760479056	0.0014120831619948149	0.014341235160827637
ABCA4_0efe42979507b31c	161	1	2	0.018404907975460127	0.001746159396134317	0.019582480192184448
ABCA4_0f51862470fc74a1	167	5	0	0.029940119760479056	0.0008736835443414748	0.010149717330932617
ABCA4_0f58bab53aec7a2b	164	2	0	0.012195121951219523	0.000839425134472549	0.009716570377349854
ABCA4_0fe74e1922cbd142	167	5	0	0.029940119760479056	0.0008648334769532084	0.013053804636001587
ABCA4_0ff940542e1e73d1	162	2	2	0.024390243902439046	0.0011298861354589462	0.01830190420150757
ABCA4_1046c4cebe7f0c75	163	2	1	0.018292682926829285	0.0011138791451230645	0.013235419988632202
ABCA4_10a545ae79a8ec97	162	0	0	0.0	0.0007610081811435521	0.010640114545822144
ABCA4_10cee51d9c759746	166	4	0	0.02409638554216864	0.0010381402680650353	0.015251964330673218
ABCA4_10e79a05ae6953d6	163	2	1	0.018292682926829285	0.0011371145956218243	0.014590054750442505
ABCA4_10f1e5ce6b8def2f	162	1	1	0.012269938650306789	0.0009553365525789559	0.013672798871994019
ABCA4_1122458570c28a07	157	0	5	0.030864197530864224	0.00168649572879076	0.017502903938293457
ABCA4_112f4d38e61e242d	158	0	4	0.024691358024691357	0.0010578447254374623	0.01107943058013916
ABCA4_1167f4ffeba0f0a1	165	3	0	0.018181818181818188	0.0007761931046843529	0.009803950786590576
ABCA4_11d275134536d8f6	164	2	0	0.012195121951219523	0.001102973474189639	0.012150466442108154
ABCA4_11dff944c3410a8b	167	5	0	0.029940119760479056	0.0008700121543370187	0.01089543104171753
ABCA4_11f7269f98967896	161	3	4	0.042424242424242475	0.001744127832353115	0.02290666103363037
ABCA4_1215a1bbdab4dd19	162	1	1	0.012269938650306789	0.000994622940197587	0.010862529277801514
ABCA4_12192275360877e6	167	5	0	0.029940119760479056	0.001101343659684062	0.014027267694473267
ABCA4_1223f503dd065619	163	2	1	0.018292682926829285	0.0012442264705896378	0.015138238668441772
ABCA4_122ab3fbeda346e6	165	3	0	0.018181818181818188	0.0012803858844563365	0.01675775647163391
ABCA4_1253ea6ae6419fa7	167	5	0	0.029940119760479056	0.0008389381691813469	0.012216746807098389
ABCA4_12c1cba83eb438cd	167	5	0	0.029940119760479056	0.0011406149715185165	0.015986919403076172
ABCA4_12d0c94a44657c51	161	0	1	0.006172839506172867	0.000684079946950078	0.009058505296707153
ABCA4_12d573a821e555e1	160	0	2	0.012345679012345734	0.0011275644646957517	0.015655517578125
ABCA4_12f1872bea2e929d	162	1	1	0.012269938650306789	0.0009241183870472014	0.013420820236206055
ABCA4_13267c884ebb270a	155	1	8	0.05521472392638038	0.0019777866546064615	0.023644983768463135
ABCA4_132dc27b600f50e8	159	0	3	0.01851851851851849	0.0009450322249904275	0.009068936109542847
ABCA4_13ab76dba9b66832	164	4	2	0.03614457831325302	0.0018844094593077898	0.02547752857208252
ABCA4_13d14b167c8d1b7b	158	3	7	0.06060606060606055	0.0016097401967272162	0.019767075777053833
ABCA4_1403c0429b2079de	165	3	0	0.018181818181818188	0.0006232622545212507	0.008020490407943726
ABCA4_147943b3c5544e71	162	2	2	0.024390243902439046	0.000905913591850549	0.010983943939208984
ABCA4_14d77089f9288118	158	0	4	0.024691358024691357	0.0009630707208998501	0.010978460311889648
ABCA4_14f09ed79be6cad8	159	0	3	0.01851851851851849	0.0009732789476402104	0.009360164403915405
ABCA4_14f1d5f5297c589a	166	4	0	0.02409638554216864	0.0012390681076794863	0.014885962009429932
ABCA4_155d2e5b75c70cdd	167	5	0	0.029940119760479056	0.00090822420315817	0.011857390403747559
ABCA4_1580038d397e5470	158	1	5	0.036809815950920255	0.001697230851277709	0.02311912178993225
ABCA4_159dc06dbcde3522	161	1	2	0.018404907975460127	0.0011588775087147951	0.014392673969268799
ABCA4_15d2ad6bad3ab5f7	166	4	0	0.02409638554216864	0.0009367613238282502	0.011384889483451843
ABCA4_15de4fdadc088b94	164	2	0	0.012195121951219523	0.0008193023968487978	0.010145306587219238
ABCA4_15f0fae6caf5ed74	168	6	0	0.0357142857142857	0.0016953123267740011	0.022562623023986816
ABCA4_1623b841a75554c8	162	1	1	0.012269938650306789	0.0007666766759939492	0.010871782898902893
ABCA4_16787a1a7d19c283	161	1	2	0.018404907975460127	0.0014580382267013192	0.01665186882019043
ABCA4_1684e7266e5a24fc	166	4	0	0.02409638554216864	0.001095858053304255	0.013248562812805176
ABCA4_16a7addba669ec21	180	18	0	0.09999999999999998	0.004147339146584272	0.050928711891174316
ABCA4_16c7262561229f75	164	4	2	0.03614457831325302	0.0023988455068320036	0.028642326593399048
ABCA4_16fc0232a05fc51d	166	4	0	0.02409638554216864	0.0006492648972198367	0.00928950309753418
ABCA4_170fe78d08e3dee3	161	1	2	0.018404907975460127	0.001875783666037023	0.022383779287338257
ABCA4_17155e1fdc21f945	162	1	1	0.012269938650306789	0.0006487877108156681	0.008184537291526794
ABCA4_171d57ca70257d28	158	0	4	0.024691358024691357	0.0009621601202525198	0.009408444166183472
ABCA4_172c2652e811a905	164	2	0	0.012195121951219523	0.0009288491564802825	0.012240886688232422
ABCA4_174bd3ca6f9a9802	161	1	2	0.018404907975460127	0.0009743854752741754	0.01264294981956482
ABCA4_17729153280bf712	159	1	4	0.030674846625766916	0.0018441833090037107	0.02763378620147705
ABCA4_17880dde01808cb8	162	0	0	0.0	0.0009229817078448832	0.011100023984909058
ABCA4_179eab0cabd95faf	162	1	1	0.012269938650306789	0.001470198854804039	0.018760502338409424
ABCA4_17b25ec14b2cf510	157	1	6	0.042944785276073594	0.0018785693682730198	0.02146473526954651
ABCA4_17c0650d016bcc9c	161	1	2	0.018404907975460127	0.0011399416252970695	0.013653814792633057
ABCA4_181c41b7ec139998	167	5	0	0.029940119760479056	0.001405426999554038	0.019537925720214844
ABCA4_18363dd8ac13496b	158	1	5	0.036809815950920255	0.0014148484915494919	0.020998269319534302
ABCA4_18c9639628161089	156	0	6	0.03703703703703709	0.0011884304694831371	0.01239025592803955
ABCA4_18cae963229941e0	165	3	0	0.018181818181818188	0.0009499621228314936	0.013609468936920166
ABCA4_190833356a638ba7	163	2	1	0.018292682926829285	0.001033890643157065	0.01582595705986023
ABCA4_191215ead80b8511	166	4	0	0.02409638554216864	0.001206519198603928	0.016723662614822388
ABCA4_1952eaaf739a2b8d	166	4	0	0.02409638554216864	0.0009757037041708827	0.009018540382385254
ABCA4_196e5a4a508599ed	163	1	0	0.006134969325153339	0.0008426122949458659	0.011986315250396729
ABCA4_1970467ea5d7996d	166	4	0	0.02409638554216864	0.0009803035063669086	0.010510832071304321
ABCA4_1978237145478718	163	2	1	0.018292682926829285	0.00143198121804744	0.015805065631866455
ABCA4_199ac8468645ff14	157	0	5	0.030864197530864224	0.0010389232775196433	0.012674570083618164
ABCA4_19b0925c8a0475f2	163	3	2	0.030303030303030276	0.0009385656449012458	0.013728439807891846
ABCA4_19c21e551cd8ffb2	166	4	0	0.02409638554216864	0.0006396380485966802	0.008037775754928589
ABCA4_19e3883617be6f00	163	1	0	0.006134969325153339	0.0010021075140684843	0.013421982526779175
ABCA4_19f8b573e24c0770	158	0	4	0.024691358024691357	0.0012811048654839396	0.013680785894393921
ABCA4_1a12d992e8d60e59	165	3	0	0.018181818181818188	0.0008855709456838667	0.009773075580596924
ABCA4_1a34769352c3a33b	167	5	0	0.029940119760479056	0.0013601388782262802	0.019926488399505615
ABCA4_1a5be6bca5fcf8fb	162	1	1	0.012269938650306789	0.0007105857366696	0.008742958307266235
ABCA4_1a5c6463c6e6db82	159	1	4	0.030674846625766916	0.0008100336999632418	0.01401577889919281
ABCA4_1a5ff5b9fa30a524	169	7	0	0.041420118343195256	0.0014859024668112397	0.0213167667388916
ABCA4_1afbd5a2f3313ad4	168	6	0	0.0357142857142857	0.0009533716947771609	0.011906266212463379
ABCA4_1b9589a6d92cfe5d	168	6	0	0.0357142857142857	0.0013980665244162083	0.01786363124847412
ABCA4_1c798dd1125964d0	163	1	0	0.006134969325153339	0.0009285662672482431	0.012344300746917725
ABCA4_1c8660b365b1d358	168	6	0	0.0357142857142857	0.0010939296334981918	0.014718323945999146
ABCA4_1c92ce3ebb0778eb	167	5	0	0.029940119760479056	0.0007533702882938087	0.009730935096740723
ABCA4_1cbc64adb848d784	165	3	0	0.018181818181818188	0.0010095712495967746	0.014099299907684326
ABCA4_1ccb9ff6f9114d10	159	0	3	0.01851851851851849	0.002136449096724391	0.02376466989517212
ABCA4_1cdada3f302c7503	161	2	3	0.030487804878048808	0.0013938278425484896	0.016819417476654053
ABCA4_1d66327ea0a5ff7f	169	7	0	0.041420118343195256	0.001887240563519299	0.024953782558441162
ABCA4_1dbc02271e3f76ea	166	4	0	0.02409638554216864	0.0010182956466451287	0.015201658010482788
ABCA4_1dd9214de11ee557	163	1	0	0.006134969325153339	0.0008819403010420501	0.0106106698513031
ABCA4_1e2790c8f73f0657	163	1	0	0.006134969325153339	0.0006539695314131677	0.00927560031414032
ABCA4_1e8bfa12736ef007	166	4	0	0.02409638554216864	0.0012061307206749916	0.01704961061477661
ABCA4_1ead1ba76ed927d3	164	2	0	0.012195121951219523	0.0012427280889824033	0.014321655035018921
ABCA4_1ec2ccecfd03cfa0	160	1	3	0.024539877300613466	0.0012988087255507708	0.016642093658447266
ABCA4_1edb6811a2b006be	159	2	5	0.04268292682926833	0.0014687241055071354	0.0204390287399292
ABCA4_1eec4498b96f2bc3	167	5	0	0.029940119760479056	0.0016029456164687872	0.02152252197265625
ABCA4_1ef63ac27470833e	163	1	0	0.006134969325153339	0.0006979898316785693	0.008594870567321777
ABCA4_202e52529da240eb	163	2	1	0.018292682926829285	0.0009828099282458425	0.012008875608444214
ABCA4_20458f6ecbaf3c3f	168	6	0	0.0357142857142857	0.001393493264913559	0.021207422018051147
ABCA4_2062e018223b9806	166	4	0	0.02409638554216864	0.0011531925993040204	0.015419304370880127
ABCA4_20780750304aa46e	158	0	4	0.024691358024691357	0.0008082868880592287	0.010824054479598999
ABCA4_20864a7aecc0a6f5	167	5	0	0.029940119760479056	0.001653663581237197	0.02320241928100586
ABCA4_20d1305ebfc457fa	169	7	0	0.041420118343195256	0.0015849829651415348	0.023139238357543945
ABCA4_2148891e4f40368f	164	2	0	0.012195121951219523	0.0012736362405121326	0.013935863971710205
ABCA4_2182ddd44159aa7f	161	1	2	0.018404907975460127	0.0014525395818054676	0.017328202724456787
ABCA4_21ae597155ea0d49	167	5	0	0.029940119760479056	0.0011186469346284866	0.01629704236984253
ABCA4_221975d7541877de	160	1	3	0.024539877300613466	0.0010783991310745478	0.012479782104492188
ABCA4_2239c983a3159afa	160	1	3	0.024539877300613466	0.0013760015135630965	0.016067534685134888
ABCA4_228d95b46571ab55	167	5	0	0.029940119760479056	0.0010532381711527705	0.013246595859527588
ABCA4_22aca87021c450c0	161	1	2	0.018404907975460127	0.0014159190468490124	0.015722155570983887
ABCA4_22d4d64751bac206	159	0	3	0.01851851851851849	0.0012090345844626427	0.01568835973739624
ABCA4_22dc30ee08b893b5	163	2	1	0.018292682926829285	0.0011196201667189598	0.012073814868927002
ABCA4_22fbfcdee86a275c	158	1	5	0.036809815950920255	0.0015795005019754171	0.016404032707214355
ABCA4_231867199328e4f2	163	1	0	0.006134969325153339	0.0007288888446055353	0.009007185697555542
ABCA4_23c1cc9b01689749	154	0	8	0.04938271604938271	0.0012743339175358415	0.011754631996154785
ABCA4_241adadb628d9f87	159	0	3	0.01851851851851849	0.000783087161835283	0.012906283140182495
ABCA4_242c14309234eeaa	164	2	0	0.012195121951219523	0.0008057810482569039	0.009831368923187256
ABCA4_2457e794fc5128ca	166	4	0	0.02409638554216864	0.0009962264448404312	0.013916969299316406
ABCA4_249dc3b92bb0717b	161	0	1	0.006172839506172867	0.000797199085354805	0.00917331874370575
ABCA4_24a2e5677073f36a	163	1	0	0.006134969325153339	0.0007140898378565907	0.008618831634521484
ABCA4_25008c23c94c1b3c	167	5	0	0.029940119760479056	0.0013676279922947288	0.019162148237228394
ABCA4_250ca4b4e7d43748	160	1	3	0.024539877300613466	0.0008047377923503518	0.009766459465026855
ABCA4_250fc1334392fee9	155	0	7	0.043209876543209846	0.0013580424711108208	0.013936340808868408
ABCA4_2518068599710556	163	2	1	0.018292682926829285	0.0009741546818986535	0.01232999563217163
ABCA4_25293450d032bfd6	162	1	1	0.012269938650306789	0.0009703351533971727	0.012410551309585571
ABCA4_25351d8f8eaf45a1	162	1	1	0.012269938650306789	0.0006874798564240336	0.008467316627502441
ABCA4_25513e4919c2a763	166	4	0	0.02409638554216864	0.0008471324108541012	0.011673450469970703
ABCA4_2595dc4dd6e72725	162	1	1	0.012269938650306789	0.0008964178268797696	0.009955912828445435
ABCA4_25a9d2716d908a33	166	4	0	0.02409638554216864	0.0008961567655205727	0.009331315755844116
ABCA4_25f7307f12045a8c	160	1	3	0.024539877300613466	0.001097605680115521	0.014583885669708252
ABCA4_261867fee70d4bc9	162	1	1	0.012269938650306789	0.0007288801134563982	0.010486900806427002
ABCA4_26350caf16654a14	168	6	0	0.0357142857142857	0.0020873297471553087	0.025148212909698486
ABCA4_2681d01385314efc	166	4	0	0.02409638554216864	0.0011057303054258227	0.014327049255371094
ABCA4_268c9afb07e5ea45	161	2	3	0.030487804878048808	0.0010502961231395602	0.014696836471557617
ABCA4_26c2c571d4fd3d2b	167	5	0	0.029940119760479056	0.0009768528398126364	0.013859033584594727
ABCA4_26e461ec2ae34083	160	1	3	0.024539877300613466	0.00104724639095366	0.010662257671356201
ABCA4_26ed4cb8124f68d3	163	1	0	0.006134969325153339	0.0006492439424619079	0.00835070013999939
ABCA4_2735310f286cbb07	165	3	0	0.018181818181818188	0.0018997930455952883	0.02327597141265869
ABCA4_27c547fe49e583b1	166	5	1	0.0359281437125748	0.0016832542605698109	0.019655883312225342
ABCA4_27e84369a0efe7fd	163	1	0	0.006134969325153339	0.0005211011157371104	0.008305802941322327
ABCA4_27f4111562c32934	160	1	3	0.024539877300613466	0.001152683049440384	0.013728320598602295
ABCA4_2810ecfd803de259	167	5	0	0.029940119760479056	0.0012676712358370423	0.014680370688438416
ABCA4_28323f90816d80db	164	2	0	0.012195121951219523	0.000928655092138797	0.01145520806312561
ABCA4_2847dcc1f41acbbc	165	3	0	0.018181818181818188	0.001017982023768127	0.014838442206382751
ABCA4_2870802540f29354	164	2	0	0.012195121951219523	0.0008624672191217542	0.00913459062576294
ABCA4_28967f3107e494a8	165	3	0	0.018181818181818188	0.0008610369404777884	0.01225656270980835
ABCA4_28efc22e683cc255	166	4	0	0.02409638554216864	0.0012283133110031486	0.015139937400817871
ABCA4_28f4102c7ba10229	161	1	2	0.018404907975460127	0.0013652413617819548	0.014246642589569092
ABCA4_29385dd9f8716dfd	164	2	0	0.012195121951219523	0.0007565870764665306	0.00915178656578064
ABCA4_295c55d025e90e91	160	1	3	0.024539877300613466	0.0011095154331997037	0.012671619653701782
ABCA4_298604121bb1b658	154	0	8	0.04938271604938271	0.0018422792199999094	0.023337438702583313
ABCA4_298cec313e74ac5f	160	0	2	0.012345679012345734	0.0014945829752832651	0.016785621643066406
ABCA4_29db00fac6aab71d	163	1	0	0.006134969325153339	0.0008798408671282232	0.015113979578018188
ABCA4_29e47106425d442e	165	3	0	0.018181818181818188	0.0010760558070614934	0.01477658748626709
ABCA4_29eb312e2e71c06d	162	3	3	0.036363636363636376	0.0012321724789217114	0.016916662454605103
ABCA4_29fde0907a90ce52	165	3	0	0.018181818181818188	0.0007133064791560173	0.008645057678222656
ABCA4_2a67c1fdf7258210	160	4	6	0.06024096385542166	0.0022354531101882458	0.03493797779083252
ABCA4_2a87964d198d66b5	161	0	1	0.006172839506172867	0.0007341179298236966	0.00856637954711914
ABCA4_2a967e1781af952b	168	6	0	0.0357142857142857	0.0014472990296781063	0.01957288384437561
ABCA4_2acdd1ec042633ae	157	1	6	0.042944785276073594	0.0008680902537889779	0.011034607887268066
ABCA4_2ad907e952b902b3	167	5	0	0.029940119760479056	0.00157267099712044	0.022618234157562256
ABCA4_2adc1fd407994fc5	160	4	6	0.06024096385542166	0.0019427038496360183	0.024722397327423096
ABCA4_2b2372b74e15cba1	161	1	2	0.018404907975460127	0.0012913841055706143	0.013708889484405518
ABCA4_2b38a564b2e9ef9f	159	1	4	0.030674846625766916	0.0014643690083175898	0.019515156745910645
ABCA4_2b9115346d115640	163	1	0	0.006134969325153339	0.0007764652837067842	0.009483635425567627
ABCA4_2bcbc0b30c961d20	174	13	1	0.07999999999999996	0.004248551093041897	0.05436930060386658
ABCA4_2c348bd531d84d16	162	1	1	0.012269938650306789	0.0008176398114301264	0.011303186416625977
ABCA4_2c7109c9b6a957b7	163	2	1	0.018292682926829285	0.0008182068704627454	0.011212706565856934
ABCA4_2ca46938e63f7b6f	157	0	5	0.030864197530864224	0.0014707907103002071	0.01566016674041748
ABCA4_2ccbf199882c9f0f	163	1	0	0.006134969325153339	0.0010118422796949744	0.011093437671661377
ABCA4_2d29d024fb6738bf	167	5	0	0.029940119760479056	0.0015778732486069202	0.02148491144180298
ABCA4_2d2ad9a90f10589f	160	1	3	0.024539877300613466	0.0011117651592940092	0.013332366943359375
ABCA4_2d38b93f91dc75fa	162	1	1	0.012269938650306789	0.0008645545458421111	0.009060978889465332
ABCA4_2d76c4f3366d6f0e	159	2	5	0.04268292682926833	0.0014869001461192966	0.021419912576675415
ABCA4_2dc39349c249fc58	160	1	3	0.024539877300613466	0.0012119353050366044	0.015479087829589844
ABCA4_2eca492f00a05f14	163	1	0	0.006134969325153339	0.0007950742146931589	0.00809013843536377
ABCA4_2ee24254b212555b	164	2	0	0.012195121951219523	0.0011335426243022084	0.0169527530670166
ABCA4_2f022f42d24cac56	166	4	0	0.02409638554216864	0.0009378158720210195	0.012444749474525452
ABCA4_2f0beb174d2e48b4	158	1	5	0.036809815950920255	0.0012333850609138608	0.01513737440109253
ABCA4_2f14d8800299897b	163	1	0	0.006134969325153339	0.0008728516404516995	0.010106205940246582
ABCA4_2f16ce22bfd49343	159	1	4	0.030674846625766916	0.001105051371268928	0.017163783311843872
ABCA4_2f260b8f0fc88b97	162	1	1	0.012269938650306789	0.0010571415768936276	0.014363348484039307
ABCA4_2f4ab91e2c3c6631	161	1	2	0.018404907975460127	0.0006286978023126721	0.010508522391319275
ABCA4_2fcf02133069eadc	162	1	1	0.012269938650306789	0.0007974935579113662	0.013510435819625854
ABCA4_304da9312191f50b	158	1	5	0.036809815950920255	0.0011760455090552568	0.013207435607910156
ABCA4_30552ad1939c193b	159	0	3	0.01851851851851849	0.0008455996867269278	0.012081921100616455
ABCA4_3086aa4d35911663	164	3	1	0.024242424242424288	0.000893089163582772	0.014338016510009766
ABCA4_3092a33dbc896b64	157	2	7	0.054878048780487854	0.0019212540937587619	0.02508598566055298
ABCA4_309fa4584f959fb7	162	1	1	0.012269938650306789	0.001268165186047554	0.013754665851593018
ABCA4_315c426b5fe6f894	161	0	1	0.006172839506172867	0.0005844496772624552	0.009258747100830078
ABCA4_317679c81b8f453a	165	3	0	0.018181818181818188	0.0007604589918628335	0.009115844964981079
ABCA4_31797c3d6a1a2d05	159	2	5	0.04268292682926833	0.002156718634068966	0.025032103061676025
ABCA4_318e1d60b2436993	163	2	1	0.018292682926829285	0.0011572737712413073	0.011942148208618164
ABCA4_322a6e657c08d8ca	162	1	1	0.012269938650306789	0.0011902529513463378	0.012764215469360352
ABCA4_3269a87d1d38fd50	165	3	0	0.018181818181818188	0.0007107852143235505	0.008538246154785156
ABCA4_327206b2f49cc151	166	4	0	0.02409638554216864	0.0014481795951724052	0.01649242639541626
ABCA4_32c40ffa6b342f6e	164	2	0	0.012195121951219523	0.0006540690665133297	0.007847428321838379
ABCA4_32fca9b9ed9900f1	163	2	1	0.018292682926829285	0.0010493852896615863	0.014324367046356201
ABCA4_3301a432ddadaa0b	166	4	0	0.02409638554216864	0.0009367594611831009	0.014094173908233643
ABCA4_33c5df3e827a41e3	166	4	0	0.02409638554216864	0.0006655868492089212	0.008617639541625977
ABCA4_33e6d539158f9845	167	5	0	0.029940119760479056	0.001156661077402532	0.01387244462966919
ABCA4_33f4fbafd7795718	179	17	0	0.0949720670391061	0.0031398150604218245	0.039400190114974976
ABCA4_33f88defde5e209b	166	4	0	0.02409638554216864	0.0009900457225739956	0.012702256441116333
ABCA4_341100fd171d40e2	150	0	12	0.07407407407407407	0.0020695440471172333	0.024490654468536377
ABCA4_341fc709ff6c8496	165	3	0	0.018181818181818188	0.0005881055840291083	0.007093906402587891
ABCA4_34488af2f408a14f	160	1	3	0.024539877300613466	0.0011596849653869867	0.01231202483177185
ABCA4_34d99cf9ac13a9c0	157	0	5	0.030864197530864224	0.001460708910599351	0.016110926866531372
ABCA4_3504d9f461cdb697	168	6	0	0.0357142857142857	0.0011072418419644237	0.013491928577423096
ABCA4_35375a8f98e22570	159	1	4	0.030674846625766916	0.0011460533132776618	0.01376485824584961
ABCA4_3563241509397a79	162	1	1	0.012269938650306789	0.0009714082698337734	0.011860489845275879
ABCA4_357eed72538858e4	160	2	4	0.03658536585365857	0.0015096579445526004	0.018154561519622803
ABCA4_35d10fd3e2c5e802	159	0	3	0.01851851851851849	0.0010532070882618427	0.014139831066131592
ABCA4_362119648ff23acb	162	2	2	0.024390243902439046	0.0010670238407328725	0.013201147317886353
ABCA4_3669047c30753e5b	160	1	3	0.024539877300613466	0.0011579397832974792	0.015604525804519653
ABCA4_366fb5426aab4e18	168	6	0	0.0357142857142857	0.0013007869711145759	0.01530301570892334
ABCA4_369395a5bb059b76	162	1	1	0.012269938650306789	0.0011867947177961469	0.015032410621643066
ABCA4_36a31e435dd7c773	158	0	4	0.024691358024691357	0.0008705998188816011	0.014981552958488464
ABCA4_36ac64d918da2a1a	167	5	0	0.029940119760479056	0.0009060701704584062	0.010664582252502441
ABCA4_36e20fee4ccf04f5	165	3	0	0.018181818181818188	0.0006277168286032975	0.007474690675735474
ABCA4_36e906af53c14e06	164	3	1	0.024242424242424288	0.0011833009775727987	0.017190128564834595
ABCA4_36fd58a257af98ab	158	0	4	0.024691358024691357	0.0007120766094885767	0.010993748903274536
ABCA4_370dfa0734ef24fc	166	4	0	0.02409638554216864	0.0009849739726632833	0.012905299663543701
ABCA4_371f0d345e9f49d0	161	1	2	0.018404907975460127	0.001253663096576929	0.01725330948829651
ABCA4_374bbb5ecca19751	160	0	2	0.012345679012345734	0.0011970975901931524	0.014972150325775146
ABCA4_3750f2124f7d1775	166	4	0	0.02409638554216864	0.0010778832947835326	0.015112638473510742
ABCA4_3753ef02bc14a8e3	164	3	1	0.024242424242424288	0.001319593982771039	0.017730504274368286
ABCA4_3782b9daa881a290	165	3	0	0.018181818181818188	0.0008590755751356483	0.01162874698638916
ABCA4_37c6db7c879d5214	161	1	2	0.018404907975460127	0.0009573601419106126	0.015000224113464355
ABCA4_37d7d05c6f8efbd1	161	1	2	0.018404907975460127	0.0011515795486047864	0.013647884130477905
ABCA4_380832b477dc84b2	164	2	0	0.012195121951219523	0.0006959061720408499	0.012180954217910767
ABCA4_3888b4c5cd49b22b	162	0	0	0.0	0.0006539610330946743	0.00850743055343628
ABCA4_38c6492ec2c8cbe0	153	0	9	0.05555555555555558	0.0017353646690025926	0.01959913969039917
ABCA4_38ee20da6619b6c9	163	4	3	0.04216867469879515	0.0008902517147362232	0.014498770236968994
ABCA4_3932726dad2104ae	165	3	0	0.018181818181818188	0.0014042729744687676	0.019954413175582886
ABCA4_3980a37303dfbd97	170	8	0	0.04705882352941182	0.002161706332117319	0.031396687030792236
ABCA4_398f71972d7b8513	154	0	8	0.04938271604938271	0.0015959093580022454	0.018925458192825317
ABCA4_39c141f5ca6bc1b3	165	3	0	0.018181818181818188	0.0007853443967178464	0.00959712266921997
ABCA4_39d4900d05cfbdad	164	3	1	0.024242424242424288	0.0013377390569075942	0.0177537202835083
ABCA4_39e32d1f59ab24bc	160	2	4	0.03658536585365857	0.0015392390778288245	0.025248661637306213
ABCA4_39e3cb084950d35b	164	2	0	0.012195121951219523	0.000525238923728466	0.009072333574295044
ABCA4_39f31d757cd67078	161	2	3	0.030487804878048808	0.0014002571115270257	0.020088255405426025
ABCA4_3a6052c674c6d90f	168	6	0	0.0357142857142857	0.001194335171021521	0.017315387725830078
ABCA4_3a75a751a4e53c89	158	2	6	0.04878048780487809	0.0035118258092552423	0.041411757469177246
ABCA4_3ad3524eb1ba7da5	160	1	3	0.024539877300613466	0.001095260726287961	0.01230187714099884
ABCA4_3aeb61928e406b42	162	1	1	0.012269938650306789	0.0009475019760429859	0.01277187466621399
ABCA4_3b0aed4c4dde9522	166	4	0	0.02409638554216864	0.001109719043597579	0.014993250370025635
ABCA4_3b1dde44fbec5223	166	4	0	0.02409638554216864	0.0009441249421797693	0.012799739837646484
ABCA4_3b34f669b61f895e	163	1	0	0.006134969325153339	0.0006385174347087741	0.008156567811965942
ABCA4_3b7ac8912ed4c9ab	160	1	3	0.024539877300613466	0.0015170814003795385	0.019900858402252197
ABCA4_3bc4e1fdcb768df0	163	2	1	0.018292682926829285	0.0008488358580507338	0.010682791471481323
ABCA4_3be05f443efe68a0	164	2	0	0.012195121951219523	0.0008347994880750775	0.012983441352844238
ABCA4_3c001eacbef5a276	167	5	0	0.029940119760479056	0.0011375175090506673	0.01518714427947998
ABCA4_3c0c092e2d926f64	153	0	9	0.05555555555555558	0.00292498292401433	0.03192231059074402
ABCA4_3c0e0124157af821	165	3	0	0.018181818181818188	0.0009366299491375685	0.009992361068725586
ABCA4_3c9fd65ed7f8089b	163	2	1	0.018292682926829285	0.001157070160843432	0.013692259788513184
ABCA4_3cf61ff4f8a55d15	161	1	2	0.018404907975460127	0.0013524212408810854	0.01457485556602478
ABCA4_3d12d9ea2e41fdc3	166	4	0	0.02409638554216864	0.0007581241079606116	0.00965505838394165
ABCA4_3d3cca926eba4507	165	3	0	0.018181818181818188	0.0007067202823236585	0.007718682289123535
ABCA4_3d6dafdf7c77bd04	164	3	1	0.024242424242424288	0.0012055367697030306	0.013336509466171265
ABCA4_3d9c09472485107a	165	3	0	0.018181818181818188	0.000786024727858603	0.012520790100097656
ABCA4_3dccd14fec963570	155	0	7	0.043209876543209846	0.001039339229464531	0.012900352478027344
ABCA4_3dd4d54ef4ecc321	165	3	0	0.018181818181818188	0.0010056806495413184	0.013592451810836792
ABCA4_3e1342a77b4726ca	158	1	5	0.036809815950920255	0.0012323146220296621	0.016654163599014282
ABCA4_3e18fe8c14a51a8a	160	2	4	0.03658536585365857	0.0015184474177658558	0.020703762769699097
ABCA4_3e3446d3454b58f9	161	1	2	0.018404907975460127	0.0010895360028371215	0.011264115571975708
ABCA4_3e708e1a91bf2dd6	158	1	5	0.036809815950920255	0.0013949291314929724	0.01513168215751648
ABCA4_3e82840a95052d79	161	1	2	0.018404907975460127	0.0014989884803071618	0.018328607082366943
ABCA4_3eb3dbe48b051303	163	1	0	0.006134969325153339	0.0007833142881281674	0.008552759885787964
ABCA4_3ebf288c8a7382dc	164	2	0	0.012195121951219523	0.0007989259902387857	0.010190889239311218
ABCA4_3ec63e3b6d5e8d29	163	3	2	0.030303030303030276	0.0011476343497633934	0.016831278800964355
ABCA4_3f3ff3c50ade172c	163	2	1	0.018292682926829285	0.001585954101756215	0.017042994499206543
ABCA4_3feb7f121c5047e9	163	2	1	0.018292682926829285	0.0008626105263829231	0.009998083114624023
ABCA4_3ffe3c6ef69aabe3	160	1	3	0.024539877300613466	0.0008059307583607733	0.01003408432006836
ABCA4_4043eb9ee7517e0e	161	2	3	0.030487804878048808	0.0009213166194967926	0.014981552958488464
ABCA4_404aeb08b16f4a4b	168	6	0	0.0357142857142857	0.0009081052266992629	0.01081705093383789
ABCA4_4090a4b589c2aee6	157	1	6	0.042944785276073594	0.0012767767766490579	0.016658425331115723
ABCA4_40a7fdaec9467a1a	155	0	7	0.043209876543209846	0.001289088511839509	0.014959514141082764
ABCA4_40afcf339f471797	164	2	0	0.012195121951219523	0.0007421734626404941	0.008184537291526794
ABCA4_40b7350aa7ea2f7c	159	1	4	0.030674846625766916	0.0012269607977941632	0.016174495220184326
ABCA4_4113edf570f298c2	160	1	3	0.024539877300613466	0.000750961247831583	0.010281503200531006
ABCA4_4133dc84a6b55399	166	4	0	0.02409638554216864	0.0010237731039524078	0.012673616409301758
ABCA4_413d6cd8c01f6474	167	5	0	0.029940119760479056	0.0008315767627209425	0.008721113204956055
ABCA4_415a42e78d019c18	166	4	0	0.02409638554216864	0.0013276970712468028	0.01755031943321228
ABCA4_418c2821eb1432b9	161	1	2	0.018404907975460127	0.0012996192090213299	0.014997273683547974
ABCA4_4191aafa4d048762	165	3	0	0.018181818181818188	0.0007355637499131262	0.008651793003082275
ABCA4_41c205f1f2a60335	157	0	5	0.030864197530864224	0.0009213187149725854	0.011419892311096191
ABCA4_4214164945f14a0f	159	1	4	0.030674846625766916	0.0012157282326370478	0.017730504274368286
ABCA4_421e809a8274ea0a	159	1	4	0.030674846625766916	0.0013361364835873246	0.01614677906036377
ABCA4_4228d7c2ba264919	163	1	0	0.006134969325153339	0.000889633025508374	0.009480535984039307
ABCA4_4256eebc4eba5249	163	2	1	0.018292682926829285	0.0008584359311498702	0.010369956493377686
ABCA4_42743c036778184a	165	4	1	0.030120481927710885	0.0012252074666321278	0.017577528953552246
ABCA4_427dee503ea15960	164	2	0	0.012195121951219523	0.0009203696390613914	0.013518154621124268
ABCA4_4289b8c3443271d6	154	0	8	0.04938271604938271	0.0013099146308377385	0.01690453290939331
ABCA4_42bee50329a47be3	156	0	6	0.03703703703703709	0.0013679852709174156	0.014606595039367676
ABCA4_43025658c7653726	171	10	1	0.06395348837209303	0.0034117582254111767	0.049854159355163574
ABCA4_431ce296a54739dc	164	4	2	0.03614457831325302	0.0015763819683343172	0.01706451177597046
ABCA4_432054cecfef3c9c	168	6	0	0.0357142857142857	0.0010429717367514968	0.01319211721420288
ABCA4_43306d94a0d25528	158	0	4	0.024691358024691357	0.0009148465469479561	0.013238579034805298
ABCA4_43ccc587ef323063	166	4	0	0.02409638554216864	0.0013228560565039515	0.015959620475769043
ABCA4_43d791971b33caa7	168	6	0	0.0357142857142857	0.001526598702184856	0.019054770469665527
ABCA4_43ddf9ff13471895	161	1	2	0.018404907975460127	0.0009024005266837776	0.010511219501495361
ABCA4_43fe12df8b3d41f0	163	2	1	0.018292682926829285	0.0012654525926336646	0.01577240228652954
ABCA4_4400deb73c689eb3	166	4	0	0.02409638554216864	0.0010690282797440886	0.01520952582359314
ABCA4_44755c0d498c3e0b	161	2	3	0.030487804878048808	0.0008971376228146255	0.011164665222167969
ABCA4_44929260da39db25	167	5	0	0.029940119760479056	0.0012577635934576392	0.017080038785934448
ABCA4_44a933b2ebd27474	154	0	8	0.04938271604938271	0.001595239620655775	0.020258307456970215
ABCA4_44c16bc293ec8885	164	2	0	0.012195121951219523	0.0013259528204798698	0.013903439044952393
ABCA4_44ebb56ef4b1220f	165	6	3	0.0535714285714286	0.00343187153339386	0.04924291372299194
ABCA4_450cc6ef87979b78	161	1	2	0.018404907975460127	0.0010270070051774383	0.013549000024795532
ABCA4_457a4e879d0a766d	160	1	3	0.024539877300613466	0.001166568137705326	0.014103859663009644
ABCA4_458624ce0f7e1c83	161	2	3	0.030487804878048808	0.0012622715439647436	0.015966743230819702
ABCA4_461a83cc82311fca	163	3	2	0.030303030303030276	0.0012687783455476165	0.017489805817604065
ABCA4_4643725a4b6e340c	160	2	4	0.03658536585365857	0.0011998658301308751	0.018524765968322754
ABCA4_4684ab1677fcea64	165	3	0	0.018181818181818188	0.001035779365338385	0.011375725269317627
ABCA4_46ccbec62a3eaed2	168	6	0	0.0357142857142857	0.0008886355790309608	0.011081427335739136
ABCA4_46e20271f30de414	159	2	5	0.04268292682926833	0.0025662744883447886	0.03339499235153198
ABCA4_4733b0e0d55dfd07	154	0	8	0.04938271604938271	0.001321478746831417	0.017773419618606567
ABCA4_4782b9f39a403fac	163	1	0	0.006134969325153339	0.0005303032230585814	0.008305802941322327
ABCA4_47a9a9678f97098d	166	4	0	0.02409638554216864	0.001082603819668293	0.013353586196899414
ABCA4_47b0e3f661b9be2c	161	1	2	0.018404907975460127	0.0010628890013322234	0.013132601976394653
ABCA4_47d169b2f809973a	163	1	0	0.006134969325153339	0.0006656069890595973	0.007165849208831787
ABCA4_47e7a98b87008afc	161	2	3	0.030487804878048808	0.0013013355201110244	0.017899930477142334
ABCA4_4828f939f2b67e9b	164	3	1	0.024242424242424288	0.000889747345354408	0.014981552958488464
ABCA4_483f36ff03f4c886	161	1	2	0.018404907975460127	0.0013153088511899114	0.01627182960510254
ABCA4_48e3a9c5507ae3a8	170	8	0	0.04705882352941182	0.0027880952693521976	0.03573489189147949
ABCA4_48f015d3158a3e94	171	9	0	0.052631578947368474	0.0031448351219296455	0.04306924343109131
ABCA4_492edbe3b771ef56	166	4	0	0.02409638554216864	0.001192500931210816	0.016608476638793945
ABCA4_49476035f0c8144f	164	2	0	0.012195121951219523	0.0008817430934868753	0.012621045112609863
ABCA4_498b162b9fe222fd	160	1	3	0.024539877300613466	0.0010146675631403923	0.012481242418289185
ABCA4_499238893205cbfc	167	7	2	0.053254437869822535	0.002426984952762723	0.037396758794784546
ABCA4_49b0b3b74855327e	162	2	2	0.024390243902439046	0.00111195573117584	0.01344117522239685
ABCA4_49d1165025a42491	165	3	0	0.018181818181818188	0.0009094324195757508	0.011157989501953125
ABCA4_4a1388b60526954c	161	1	2	0.018404907975460127	0.0011390020372346044	0.014078795909881592
ABCA4_4a1d670c329747fc	162	1	1	0.012269938650306789	0.000865195004735142	0.009197473526000977
ABCA4_4a576397ddb61210	163	2	1	0.018292682926829285	0.0009313737973570824	0.011924177408218384
ABCA4_4a98497aa6fcdd81	160	0	2	0.012345679012345734	0.0008946830639615655	0.008460074663162231
ABCA4_4a9a8a01cca86830	165	3	0	0.018181818181818188	0.000789986050222069	0.009528815746307373
ABCA4_4a9faafb36fcce44	157	0	5	0.030864197530864224	0.0016906799282878637	0.02187025547027588
ABCA4_4af09584a0b48f70	166	4	0	0.02409638554216864	0.0009408730547875166	0.012158870697021484
ABCA4_4b125febdabce621	166	4	0	0.02409638554216864	0.0010900385677814484	0.014491796493530273
ABCA4_4b66ff4681e03834	160	0	2	0.012345679012345734	0.0010210014879703522	0.01068204641342163
ABCA4_4ba6098fdcfd7531	158	1	5	0.036809815950920255	0.001291317050345242	0.015143126249313354
ABCA4_4baed427bf965123	162	2	2	0.024390243902439046	0.0011437236098572612	0.01471775770187378
ABCA4_4bf66da2035c0b2c	167	5	0	0.029940119760479056	0.0010432400740683079	0.01215505599975586
ABCA4_4c19fdf8090d8768	165	4	1	0.030120481927710885	0.0013950350694358349	0.018542587757110596
ABCA4_4c31777f779622ae	168	6	0	0.0357142857142857	0.0010593343758955598	0.012105464935302734
ABCA4_4c42db4d7454453b	162	1	1	0.012269938650306789	0.0008038224186748266	0.008298903703689575
ABCA4_4cdb7bc3eeba935d	165	3	0	0.018181818181818188	0.0013947556726634502	0.017056703567504883
ABCA4_4cdf10d02aed111d	163	1	0	0.006134969325153339	0.0010026851668953896	0.01394718885421753
ABCA4_4cea3b5d4b8fb454	165	3	0	0.018181818181818188	0.000729731866158545	0.007734894752502441
ABCA4_4d1c0c4997ddc3b3	164	2	0	0.012195121951219523	0.0010878080502152443	0.011845499277114868
ABCA4_4d377cae653d765f	160	1	3	0.024539877300613466	0.0012489049695432186	0.01479405164718628
ABCA4_4d466f11f05ea395	162	2	2	0.024390243902439046	0.001411615638062358	0.01913505792617798
ABCA4_4d93654c4107dcbc	162	3	3	0.036363636363636376	0.0016101705841720104	0.022917956113815308
ABCA4_4dbddebe10967e83	163	2	1	0.018292682926829285	0.0006777835660614073	0.01242278516292572
ABCA4_4dbdfdf4b2db59b4	168	6	0	0.0357142857142857	0.0013813580153509974	0.017079472541809082
ABCA4_4dd9b4fcf892b7b1	163	1	0	0.006134969325153339	0.00045322245568968356	0.0060437023639678955
ABCA4_4de4afd7fc089ab5	155	1	8	0.05521472392638038	0.0013555614277720451	0.016222327947616577
ABCA4_4df44785ff3e30b1	167	5	0	0.029940119760479056	0.001673440565355122	0.019420713186264038
ABCA4_4e20723ed7cecc3b	163	2	1	0.018292682926829285	0.0012672935845330358	0.0181368887424469
ABCA4_4e25291ab8bac070	163	2	1	0.018292682926829285	0.0010322285816073418	0.016977176070213318
ABCA4_4e5a7596f700e4ed	167	7	2	0.053254437869822535	0.003175250254571438	0.046675145626068115
ABCA4_4ea4b7dd5832977f	158	1	5	0.036809815950920255	0.001728873117826879	0.02226918935775757
ABCA4_4eaf3597936e6908	158	0	4	0.024691358024691357	0.0007665416342206299	0.0098649263381958
ABCA4_4ec59d71bd707077	160	2	4	0.03658536585365857	0.001614588894881308	0.017566949129104614
ABCA4_4ed3eb1322fc1075	157	0	5	0.030864197530864224	0.0010534519096836448	0.011419892311096191
ABCA4_4ee1693038a5dd38	164	3	1	0.024242424242424288	0.001236703246831894	0.015474796295166016
ABCA4_4ef12b9209e1d491	166	4	0	0.02409638554216864	0.0014548053732141852	0.014188885688781738
ABCA4_4f09506d6d1da96d	166	4	0	0.02409638554216864	0.0015019268030300736	0.017479538917541504
ABCA4_4f19f6a934cebd95	166	4	0	0.02409638554216864	0.0011060044635087252	0.01392519474029541
ABCA4_4feb53990ec249b6	163	2	1	0.018292682926829285	0.0007907520630396903	0.010156869888305664
ABCA4_5084239dfe7724b1	162	1	1	0.012269938650306789	0.0011334134032949805	0.013105720281600952
ABCA4_50c39efb777c3a51	162	1	1	0.012269938650306789	0.000819087668787688	0.014444172382354736
ABCA4_50ce361210ad1e32	162	0	0	0.0	0.0011630215449258685	0.011243432760238647
ABCA4_50f02edff23cda4b	166	4	0	0.02409638554216864	0.0010906256502494216	0.0115928053855896
ABCA4_51000d7826c7a675	159	2	5	0.04268292682926833	0.0015800411347299814	0.02093803882598877
ABCA4_510a18e7dce43dcd	162	0	0	0.0	0.0006310485769063234	0.007331192493438721
ABCA4_513a92ba16b9a724	163	1	0	0.006134969325153339	0.0009161920752376318	0.011736512184143066
ABCA4_514467eb166c03a8	159	1	4	0.030674846625766916	0.0012227630941197276	0.0137442946434021
ABCA4_515310b4a675fea7	165	3	0	0.018181818181818188	0.0009176079765893519	0.011092156171798706
ABCA4_518b49baa4105cea	161	2	3	0.030487804878048808	0.0010250915074720979	0.012081891298294067
ABCA4_51ea230173a7fe01	162	2	2	0.024390243902439046	0.0009555079159326851	0.011825203895568848
ABCA4_521943996d8b692e	166	4	0	0.02409638554216864	0.0008394254255108535	0.01123926043510437
ABCA4_5221f888819bdcaf	165	4	1	0.030120481927710885	0.0019382118480280042	0.030350327491760254
ABCA4_5265f7cb8bcd085e	154	1	9	0.06134969325153372	0.0018426795722916722	0.021923422813415527
ABCA4_52931dde46762345	164	2	0	0.012195121951219523	0.0007439360488206148	0.011432766914367676
ABCA4_52c737bd644b37be	162	2	2	0.024390243902439046	0.0013901385245844722	0.021328061819076538
ABCA4_52d5e2f50b551f9b	164	2	0	0.012195121951219523	0.0006579681648872793	0.01097114384174347
ABCA4_52f3e74a680f1af3	160	0	2	0.012345679012345734	0.0010224711149930954	0.014616280794143677
ABCA4_53263bf343fa271f	160	2	4	0.03658536585365857	0.0012272614985704422	0.015767395496368408
ABCA4_5328e2c5cd5b22e1	170	8	0	0.04705882352941182	0.0019367989152669907	0.02626115083694458
ABCA4_532d6117b609eaf8	162	1	1	0.012269938650306789	0.0007620485266670585	0.010249674320220947
ABCA4_532ec320b0b975e0	160	0	2	0.012345679012345734	0.0010174952913075686	0.01544158160686493
ABCA4_534c42facef89d89	157	1	6	0.042944785276073594	0.001888047787360847	0.029345452785491943
ABCA4_534f8d20b1042a88	167	5	0	0.029940119760479056	0.0013485586969181895	0.02023780345916748
ABCA4_53998f7a977c9761	164	2	0	0.012195121951219523	0.0006535488064400852	0.010319709777832031
ABCA4_53abc839d2d1d5e8	165	4	1	0.030120481927710885	0.0013268853072077036	0.017636507749557495
ABCA4_53d853d4e58d723c	163	1	0	0.006134969325153339	0.0009038777207024395	0.011443674564361572
ABCA4_53f79cb9a8351c54	166	4	0	0.02409638554216864	0.001111639547161758	0.015909463167190552
ABCA4_5401e624afbaf927	160	2	4	0.03658536585365857	0.0015218801563605666	0.019017428159713745
ABCA4_542b30319a517ee0	161	1	2	0.018404907975460127	0.001140202977694571	0.014645248651504517
ABCA4_544cffc5fa424883	162	1	1	0.012269938650306789	0.0010105904657393694	0.010231256484985352
ABCA4_5451a790134c77d1	166	4	0	0.02409638554216864	0.0010168090229853988	0.011994242668151855
ABCA4_5452f4299d429999	165	3	0	0.018181818181818188	0.0008817230700515211	0.013016164302825928
ABCA4_545bfe3f60d9a9ef	161	1	2	0.018404907975460127	0.0008420465746894479	0.01132577657699585
ABCA4_54ff615540a48d7f	155	0	7	0.043209876543209846	0.004095804877579212	0.03796067833900452
ABCA4_552175701aca85f9	160	0	2	0.012345679012345734	0.0009171428391709924	0.01065400242805481
ABCA4_55767839cf284f2b	157	0	5	0.030864197530864224	0.0013661505654454231	0.016632020473480225
ABCA4_55ebbb87a2a163bb	164	2	0	0.012195121951219523	0.001023289980366826	0.014036893844604492
ABCA4_55f85dcf940f07cc	164	2	0	0.012195121951219523	0.0014115034136921167	0.015325397253036499
ABCA4_560bde23a8b01c6d	161	1	2	0.018404907975460127	0.001184921944513917	0.016666114330291748
ABCA4_5635d667afa9ceec	167	5	0	0.029940119760479056	0.0009894229006022215	0.012346863746643066
ABCA4_56a15997676aabb8	159	1	4	0.030674846625766916	0.0009300245437771082	0.011491507291793823
ABCA4_56b68ad38ea89fb1	164	2	0	0.012195121951219523	0.0007191852782852948	0.009358823299407959
ABCA4_56e59b01c594b94b	164	2	0	0.012195121951219523	0.0006678564241155982	0.008841395378112793
ABCA4_56f9e1f8e8d151bb	160	1	3	0.024539877300613466	0.0012012622319161892	0.013982802629470825
ABCA4_5714fd03457b6f13	164	2	0	0.012195121951219523	0.0012757549993693829	0.015378952026367188
ABCA4_574d1c6d4cab04c4	164	2	0	0.012195121951219523	0.0009162683272734284	0.012824475765228271
ABCA4_577438703485e738	167	5	0	0.029940119760479056	0.0014661530731245875	0.01894894242286682
ABCA4_579b510fb12d6b5c	161	1	2	0.018404907975460127	0.0008325387025251985	0.010715842247009277
ABCA4_57ca0505675c0703	162	1	1	0.012269938650306789	0.0007271451177075505	0.01181812584400177
ABCA4_57efc1770545c91f	168	6	0	0.0357142857142857	0.0016564708203077316	0.017722725868225098
ABCA4_580863f20c785b07	158	1	5	0.036809815950920255	0.002043637679889798	0.025192737579345703
ABCA4_5832aa18928e9a87	162	1	1	0.012269938650306789	0.0013154305052012205	0.01796633005142212
ABCA4_58392ba8d82c3500	154	0	8	0.04938271604938271	0.0017342575592920184	0.021930992603302002
ABCA4_584776b60ade69fc	165	3	0	0.018181818181818188	0.0008302484638988972	0.009765923023223877
ABCA4_585463735d73cb5d	158	1	5	0.036809815950920255	0.0013635149225592613	0.01800099015235901
ABCA4_585b41ed48d1b40a	163	4	3	0.04216867469879515	0.0016325433971360326	0.02234560251235962
ABCA4_5880e3ad21eee1e8	161	1	2	0.018404907975460127	0.0011702543124556541	0.013007879257202148
ABCA4_58b6d5033a3ea5e3	162	1	1	0.012269938650306789	0.0010655116057023406	0.012069255113601685
ABCA4_58ca8a93896ff8be	160	2	4	0.03658536585365857	0.0011573241790756583	0.019937127828598022
ABCA4_58d6de9bc86e6af9	163	2	1	0.018292682926829285	0.0009234715835191309	0.010604023933410645
ABCA4_59172567cc6fec28	152	1	11	0.07361963190184051	0.0023243920877575874	0.025222599506378174
ABCA4_59241a34b60ae173	163	2	1	0.018292682926829285	0.0016510648420080543	0.019616037607192993
ABCA4_5940742875e78281	166	4	0	0.02409638554216864	0.0010513594606891274	0.013574957847595215
ABCA4_59423d80946baf5f	162	2	2	0.024390243902439046	0.0011409284779801965	0.013176441192626953
ABCA4_5972940fc4a7b1af	161	0	1	0.006172839506172867	0.000914636766538024	0.012775301933288574
ABCA4_5996257738685555	163	1	0	0.006134969325153339	0.0007792933029122651	0.008931934833526611
ABCA4_59a0ad1c7906794d	163	1	0	0.006134969325153339	0.0009437357075512409	0.009679317474365234
ABCA4_59cc3cd25495f685	161	1	2	0.018404907975460127	0.0008891393081285059	0.010780274868011475
ABCA4_5a30aafe764becf2	163	1	0	0.006134969325153339	0.0012472342932596803	0.015359699726104736
ABCA4_5aa3852e140b35c8	166	4	0	0.02409638554216864	0.0010299721034243703	0.014184057712554932
ABCA4_5ac0dc2d4712e473	165	3	0	0.018181818181818188	0.0008697448065504432	0.010664582252502441
ABCA4_5adecaf5443acb70	165	3	0	0.018181818181818188	0.0010442329803481698	0.015102237462997437
ABCA4_5af047f21a118df3	158	1	5	0.036809815950920255	0.0016104858368635178	0.02444055676460266
ABCA4_5b250ecca6d6d5d3	154	0	8	0.04938271604938271	0.0014845211990177631	0.016506671905517578
ABCA4_5b3e65bf16987dcc	160	2	4	0.03658536585365857	0.0010727712651714683	0.013913094997406006
ABCA4_5b7793c54a28f015	156	1	7	0.049079754601227044	0.0016620539827272296	0.022217512130737305
ABCA4_5b81c052431e608c	160	1	3	0.024539877300613466	0.0007652530330233276	0.009593039751052856
ABCA4_5bcf8d2cbf640821	164	3	1	0.024242424242424288	0.0013310350477695465	0.0178816020488739
ABCA4_5c2e1344f0055c68	167	5	0	0.029940119760479056	0.001692606951110065	0.019081920385360718
ABCA4_5c8e59949349d60e	161	2	3	0.030487804878048808	0.0015338391531258821	0.017934828996658325
ABCA4_5cabc6e658bb9308	160	1	3	0.024539877300613466	0.0012431968934834003	0.01668757200241089
ABCA4_5cd4aedb7e2ce2bd	168	6	0	0.0357142857142857	0.0017105129081755877	0.020163238048553467
ABCA4_5cf8b354067ca71a	161	1	2	0.018404907975460127	0.0011058857198804617	0.013790249824523926
ABCA4_5d76837c2260f838	163	2	1	0.018292682926829285	0.001546710031107068	0.019780725240707397
ABCA4_5d7c637655eb4da7	166	4	0	0.02409638554216864	0.0009252959280274808	0.013223052024841309
ABCA4_5dcec1de47e369a1	161	2	3	0.030487804878048808	0.0009483632165938616	0.014105468988418579
ABCA4_5de457d198658cfe	161	0	1	0.006172839506172867	0.0009174945880658925	0.012177258729934692
ABCA4_5deeed8276d2656a	160	2	4	0.03658536585365857	0.0017330580158159137	0.02150365710258484
ABCA4_5e12d3357b809bb3	164	3	1	0.024242424242424288	0.00125121942255646	0.013933420181274414
ABCA4_5e1914ba148fd264	161	2	3	0.030487804878048808	0.001507325330749154	0.02601301670074463
ABCA4_5e1a3af3e6398cd7	166	4	0	0.02409638554216864	0.0009492132230661809	0.014175206422805786
ABCA4_5e1e862b3d110653	167	5	0	0.029940119760479056	0.0012931273085996509	0.016705751419067383
ABCA4_5e37cf0714820fa9	165	3	0	0.018181818181818188	0.0006644913810305297	0.008427053689956665
ABCA4_5e4247410499d322	157	0	5	0.030864197530864224	0.0011406344128772616	0.016029417514801025
ABCA4_5e655b42d4dbde5b	162	0	0	0.0	0.0016713599907234311	0.01694321632385254
ABCA4_5e7efed75c817f0a	165	3	0	0.018181818181818188	0.0012821246637031436	0.01611611247062683
ABCA4_5e92c56aec6b4a1b	163	2	1	0.018292682926829285	0.0008828984573483467	0.010885894298553467
ABCA4_5e9d56f0529abfd9	159	2	5	0.04268292682926833	0.003338661277666688	0.04353916645050049
ABCA4_5ea396e70862e812	163	1	0	0.006134969325153339	0.0010361660970374942	0.011590182781219482
ABCA4_5f2d3c37c22c6e93	161	0	1	0.006172839506172867	0.0006969758542254567	0.011235162615776062
ABCA4_5f54c8badaeb6581	159	1	4	0.030674846625766916	0.0017724817153066397	0.024336934089660645
ABCA4_5f7f637bde4a3a7b	163	1	0	0.006134969325153339	0.0009845399763435125	0.00909540057182312
ABCA4_5f9815febb2d4997	168	6	0	0.0357142857142857	0.0020448435097932816	0.026478707790374756
ABCA4_5fb6c153fc14cd7f	165	3	0	0.018181818181818188	0.001315753092058003	0.017066210508346558
ABCA4_5fbc666246966b64	162	2	2	0.024390243902439046	0.0024640776682645082	0.032894909381866455
ABCA4_600393a0fd8c280d	167	5	0	0.029940119760479056	0.001836329814977944	0.02331295609474182
ABCA4_600b084bd2591083	162	1	1	0.012269938650306789	0.0013181125978007913	0.016480088233947754
ABCA4_60109be534de11de	159	1	4	0.030674846625766916	0.0011133475927636027	0.01609855890274048
ABCA4_6029422b80727f90	160	1	3	0.024539877300613466	0.0010679214028641582	0.011514842510223389
ABCA4_604c61561ae1e895	167	5	0	0.029940119760479056	0.001118333195336163	0.014531433582305908
ABCA4_6080159fbd3d967b	161	1	2	0.018404907975460127	0.0007139314548112452	0.008057162165641785
ABCA4_608ced67a533bb0a	164	3	1	0.024242424242424288	0.0012830315390601754	0.016285181045532227
ABCA4_60c27c06c7630a3a	156	0	6	0.03703703703703709	0.0011431971797719598	0.014792561531066895
ABCA4_60fa4cf98c1bb9c7	169	7	0	0.041420118343195256	0.0019569306168705225	0.026675164699554443
ABCA4_6188512635062f20	159	0	3	0.01851851851851849	0.0008846923592500389	0.011502832174301147
ABCA4_618bdb60e1850fc2	159	0	3	0.01851851851851849	0.001249821623787284	0.015220999717712402
ABCA4_61a4d605ec879bc0	166	4	0	0.02409638554216864	0.001404666225425899	0.01749938726425171
ABCA4_61d59372b6bd0077	162	2	2	0.024390243902439046	0.000752564228605479	0.011334195733070374
ABCA4_6211bf71f48d2375	162	1	1	0.012269938650306789	0.0009573179995641112	0.01351851224899292
ABCA4_622665725c5a0edc	161	2	3	0.030487804878048808	0.001092156977392733	0.012664794921875
ABCA4_622dae3696b03247	161	0	1	0.006172839506172867	0.001178658683784306	0.015648633241653442
ABCA4_6230a1892eda413f	163	3	2	0.030303030303030276	0.0010860159527510405	0.014805138111114502
ABCA4_62499715e69e692a	161	2	3	0.030487804878048808	0.001747662085108459	0.019720852375030518
ABCA4_62b979732d03d001	164	2	0	0.012195121951219523	0.0009889701614156365	0.01156538724899292
ABCA4_62de4b9fd45241e8	161	2	3	0.030487804878048808	0.0006846448522992432	0.008729174733161926
ABCA4_62f4d042a37271b5	159	0	3	0.01851851851851849	0.0008020532550290227	0.008043885231018066
ABCA4_632d0ceb75028317	159	0	3	0.01851851851851849	0.0005810791044496	0.008911967277526855
ABCA4_637d68baf5fc431c	167	7	2	0.053254437869822535	0.0028819774743169546	0.04220488667488098
ABCA4_637ed495d454d04d	162	1	1	0.012269938650306789	0.001092355465516448	0.011784523725509644
ABCA4_6398f2b8fc2fb5be	159	2	5	0.04268292682926833	0.001090177334845066	0.016572296619415283
ABCA4_63c24c186a4f3cc7	163	2	1	0.018292682926829285	0.0013293484225869179	0.017240941524505615
ABCA4_6426af8e804cb3c8	166	4	0	0.02409638554216864	0.0011409495491534472	0.012322545051574707
ABCA4_6447182fc34b4819	163	1	0	0.006134969325153339	0.0007198840030469	0.007882893085479736
ABCA4_645e4ba6d12fd65b	160	0	2	0.012345679012345734	0.0008330954005941749	0.008883118629455566
ABCA4_64a996dff155dd06	174	12	0	0.06896551724137934	0.0023719214368611574	0.02843111753463745
ABCA4_65617cd392125599	160	2	4	0.03658536585365857	0.0018420720007270575	0.021946251392364502
ABCA4_657302ca2ac49566	160	0	2	0.012345679012345734	0.0013437994057312608	0.01605159044265747
ABCA4_65785c8f3023f444	164	2	0	0.012195121951219523	0.0007018335745669901	0.009534448385238647
ABCA4_659ffae7a917bf32	159	1	4	0.030674846625766916	0.0014057394582778215	0.019544124603271484
ABCA4_65d2278ae2bd1ef7	162	1	1	0.012269938650306789	0.0008857404463924468	0.012524545192718506
ABCA4_65d31cc22471c3e1	165	5	2	0.041916167664670656	0.0021090609952807426	0.025722861289978027
ABCA4_65fd0ae727d874e9	164	2	0	0.012195121951219523	0.0009581614867784083	0.011558711528778076
ABCA4_660010febbb5575a	156	0	6	0.03703703703703709	0.0018508490175008774	0.0216122567653656
ABCA4_660dd164b9bee0aa	147	0	15	0.09259259259259256	0.002294368576258421	0.029384881258010864
ABCA4_661a99b4b7d697c3	163	2	1	0.018292682926829285	0.001373923267237842	0.018066346645355225
ABCA4_666510fd5279df0d	160	2	4	0.03658536585365857	0.0018526982748880982	0.02113628387451172
ABCA4_6674b8bf57e2c90d	162	1	1	0.012269938650306789	0.0011731376871466637	0.0130692720413208
ABCA4_667951eb0386641e	167	5	0	0.029940119760479056	0.0012318192748352885	0.01572549343109131
ABCA4_6685e8d7e5ffe3f9	161	2	3	0.030487804878048808	0.0008928235620260239	0.013019293546676636
ABCA4_669ecfb983c5864c	164	2	0	0.012195121951219523	0.000750682142097503	0.010530054569244385
ABCA4_66b42e28abf909b3	162	1	1	0.012269938650306789	0.0011131273349747062	0.014593005180358887
ABCA4_66d984ac3d2a9a1e	162	2	2	0.024390243902439046	0.0016045838128775358	0.01940333843231201
ABCA4_675fec7a4daf4720	158	0	4	0.024691358024691357	0.0010404862696304917	0.014942377805709839
ABCA4_67650b18da8a6280	160	0	2	0.012345679012345734	0.001104224007576704	0.011650383472442627
ABCA4_679d2490ac6f8974	163	1	0	0.006134969325153339	0.001430985052138567	0.020483970642089844
ABCA4_67a53a07ca95fd13	158	1	5	0.036809815950920255	0.0010723432060331106	0.01535215973854065
ABCA4_68043a74fe94a9b8	161	1	2	0.018404907975460127	0.001074973028153181	0.013626694679260254
ABCA4_680c364aa07d48f8	164	2	0	0.012195121951219523	0.0008527976460754871	0.009870290756225586
ABCA4_68443758c3e2f728	163	2	1	0.018292682926829285	0.0013913974398747087	0.01801210641860962
ABCA4_685ada7252531b7a	161	2	3	0.030487804878048808	0.0008810028666630387	0.011375069618225098
ABCA4_68703b26a439b624	163	1	0	0.006134969325153339	0.0007760220323689282	0.008305966854095459
ABCA4_68b32bb12038c0ac	161	1	2	0.018404907975460127	0.0008309039985761046	0.012481242418289185
ABCA4_6917004319b4a194	162	0	0	0.0	0.0008846399141475558	0.01041671633720398
ABCA4_6933f6cfe7ab55a5	167	5	0	0.029940119760479056	0.0015047815395519137	0.018181443214416504
ABCA4_694fe05a9c29940e	163	1	0	0.006134969325153339	0.0007537504425272346	0.012224525213241577
ABCA4_6970932b7ac36bfc	157	1	6	0.042944785276073594	0.0015084735350683331	0.01856052875518799
ABCA4_69cdaa73d494c233	165	3	0	0.018181818181818188	0.0010992424795404077	0.015063643455505371
ABCA4_69d7d76648504130	168	6	0	0.0357142857142857	0.0014947388553991914	0.01762068271636963
ABCA4_6a300b8c16cd3c2c	158	0	4	0.024691358024691357	0.0012333920458331704	0.016035795211791992
ABCA4_6a48a010751a498d	165	3	0	0.018181818181818188	0.0006618995685130358	0.007551848888397217
ABCA4_6a565b27c759cb8c	160	0	2	0.012345679012345734	0.0016383436741307378	0.018657922744750977
ABCA4_6a8ff5896b07e67f	163	2	1	0.018292682926829285	0.0017880178056657314	0.024621129035949707
ABCA4_6aa400ee79da6295	163	1	0	0.006134969325153339	0.0007298804703168571	0.009524643421173096
ABCA4_6ab1e9a8b5df5d9a	167	5	0	0.029940119760479056	0.0012462114682421088	0.015543758869171143
ABCA4_6ab8dd2c74fecfd8	166	4	0	0.02409638554216864	0.0010675418889150023	0.015893056988716125
ABCA4_6ada840c1e5c033f	158	1	5	0.036809815950920255	0.0012263861717656255	0.014283031225204468
ABCA4_6b415715867f033b	167	5	0	0.029940119760479056	0.0014379144413396716	0.018451452255249023
ABCA4_6b4a090614a05f7a	164	3	1	0.024242424242424288	0.0013984650140628219	0.015290305018424988
ABCA4_6b8a254267af7b95	168	6	0	0.0357142857142857	0.0013543721288442612	0.017479658126831055
ABCA4_6bdf7df7b9b369a4	163	2	1	0.018292682926829285	0.0013162835966795683	0.01577809453010559
ABCA4_6bf3ef2e07b84897	165	3	0	0.018181818181818188	0.0017971155466511846	0.017634660005569458
ABCA4_6bff28f0f43699dd	163	1	0	0.006134969325153339	0.0008003042312338948	0.008505940437316895
ABCA4_6c594289331c83de	165	4	1	0.030120481927710885	0.0010755156399682164	0.014548003673553467
ABCA4_6c5986f54418cdc9	167	5	0	0.029940119760479056	0.0014570736093446612	0.018204063177108765
ABCA4_6c89d4b9d5e03791	162	2	2	0.024390243902439046	0.0015176134184002876	0.01651287078857422
ABCA4_6c9766afc3cfa819	161	2	3	0.030487804878048808	0.0012036884436383843	0.01550900936126709
ABCA4_6ca5984553497639	163	2	1	0.018292682926829285	0.0007566423155367374	0.012658894062042236
ABCA4_6cefff971d11e808	161	0	1	0.006172839506172867	0.0006611526478081942	0.008224636316299438
ABCA4_6d397d0a1317e7d3	159	0	3	0.01851851851851849	0.001405889168381691	0.014326810836791992
ABCA4_6d4cb7af35ed8b2a	158	2	6	0.04878048780487809	0.0017554956721141934	0.021978318691253662
ABCA4_6d69872c56bc11fa	162	2	2	0.024390243902439046	0.001052683568559587	0.014482855796813965
ABCA4_6dd685cacfb88762	166	4	0	0.02409638554216864	0.001175098936073482	0.011657118797302246
ABCA4_6de3470b3e151c77	153	1	10	0.06748466257668717	0.0012866666074842215	0.016449570655822754
ABCA4_6df607fd5419ea76	163	1	0	0.006134969325153339	0.0008225115016102791	0.01024472713470459
ABCA4_6dfb5b41aed63d2f	163	2	1	0.018292682926829285	0.0007702355505898595	0.009413003921508789
ABCA4_6dfcf3738c0e1865	168	6	0	0.0357142857142857	0.0018569412641227245	0.027866899967193604
ABCA4_6e08623ed52fb988	152	1	11	0.07361963190184051	0.002129719126969576	0.026203572750091553
ABCA4_6e317bb109e161eb	163	2	1	0.018292682926829285	0.0009320882963947952	0.013993501663208008
ABCA4_6e6f492306ffa229	157	0	5	0.030864197530864224	0.002122653881087899	0.02436727285385132
ABCA4_6e8e9dd5eeef517f	163	1	0	0.006134969325153339	0.0007921716896817088	0.007403284311294556
ABCA4_6f0db35abbbf06ec	166	4	0	0.02409638554216864	0.0008392364252358675	0.00985020399093628
ABCA4_6f11795eafbb2b96	162	1	1	0.012269938650306789	0.0009847296169027686	0.011690139770507812
ABCA4_6f65511847adb21f	160	2	4	0.03658536585365857	0.0011242872569710016	0.019228726625442505
ABCA4_6fa93000b2beca73	168	6	0	0.0357142857142857	0.0010645808652043343	0.016537070274353027
ABCA4_6fd4af3f47bec753	161	2	3	0.030487804878048808	0.0011413911124691367	0.014928936958312988
ABCA4_700316d817f6e632	162	2	2	0.024390243902439046	0.00115099863614887	0.014976739883422852
ABCA4_7070e87f7d7dd041	159	1	4	0.030674846625766916	0.0010353720281273127	0.01568274199962616
ABCA4_70aacbde4568edc3	160	1	3	0.024539877300613466	0.0010305538307875395	0.016790196299552917
ABCA4_70afc26978c9c9c6	167	5	0	0.029940119760479056	0.0014032128965482116	0.018642127513885498
ABCA4_70c29d2a94957805	167	5	0	0.029940119760479056	0.0009762672707438469	0.012063562870025635
ABCA4_70f7c0a5064e0597	162	0	0	0.0	0.0006749078165739775	0.008381545543670654
ABCA4_712fd4e78f8d4d77	163	1	0	0.006134969325153339	0.0012130881659686565	0.020291775465011597
ABCA4_713d7cb86f66b330	159	0	3	0.01851851851851849	0.0012055995175614953	0.013975560665130615
ABCA4_71ca77df4b392935	160	0	2	0.012345679012345734	0.0009147896780632436	0.013437271118164062
ABCA4_71e4970990715317	169	7	0	0.041420118343195256	0.0022973623126745224	0.03524118661880493
ABCA4_71e8b0e82bfe7396	160	0	2	0.012345679012345734	0.0008363515371456742	0.010177552700042725
ABCA4_71ecd30f7e629ec2	162	1	1	0.012269938650306789	0.0011303604114800692	0.011004328727722168
ABCA4_72317cd771d69d65	163	1	0	0.006134969325153339	0.0010171420872211456	0.0101127028465271
ABCA4_724ca1bfbeb02afd	162	2	2	0.024390243902439046	0.0008921975968405604	0.014597088098526001
ABCA4_725a79f51991bbeb	163	1	0	0.006134969325153339	0.0009327480220235884	0.011060833930969238
ABCA4_72691326922e4f7f	160	2	4	0.03658536585365857	0.0016176087083294988	0.021957486867904663
ABCA4_72763723c750a6c7	165	3	0	0.018181818181818188	0.0012061584275215864	0.01615312695503235
ABCA4_7294f2a199b44134	162	1	1	0.012269938650306789	0.000842677487526089	0.010595947504043579
ABCA4_72fad5d9d0eced9d	171	9	0	0.052631578947368474	0.0018269155407324433	0.021404772996902466
ABCA4_7304969af5e53a91	164	2	0	0.012195121951219523	0.0011433529434725642	0.014582663774490356
ABCA4_73202881fa00bbfb	159	1	4	0.030674846625766916	0.0009861221769824624	0.016526401042938232
ABCA4_734147f2a8bfcd55	163	3	2	0.030303030303030276	0.0012930179946124554	0.015338808298110962
ABCA4_73530e6914629cb6	165	4	1	0.030120481927710885	0.002141790697351098	0.02570253610610962
ABCA4_7358182ce392558b	165	3	0	0.018181818181818188	0.0007188811432570219	0.009038656949996948
ABCA4_7378f18905d428d4	164	2	0	0.012195121951219523	0.0007393797859549522	0.009607762098312378
ABCA4_737cf754e2577bd0	165	3	0	0.018181818181818188	0.0008516028756275773	0.009234488010406494
ABCA4_73b67276cc486648	159	0	3	0.01851851851851849	0.0016676230588927865	0.024402648210525513
ABCA4_73e2523739328390	161	1	2	0.018404907975460127	0.0016452961135655642	0.017074480652809143
ABCA4_73ee583ae8816b20	164	2	0	0.012195121951219523	0.0011709221871569753	0.014852136373519897
ABCA4_73f25ba0dc726851	166	4	0	0.02409638554216864	0.001205084496177733	0.013985037803649902
ABCA4_7422f5cf1ae6e169	159	1	4	0.030674846625766916	0.0012865096796303988	0.014139920473098755
ABCA4_74234b7afbd42664	162	1	1	0.012269938650306789	0.0011950974585488439	0.013799011707305908
ABCA4_742cda409cfa0018	162	1	1	0.012269938650306789	0.00137042673304677	0.02103447914123535
ABCA4_749d97aeee0188af	173	11	0	0.06358381502890176	0.0025244231801480055	0.0372222363948822
ABCA4_749f444f63453f29	153	0	9	0.05555555555555558	0.0017002286622300744	0.021118253469467163
ABCA4_74d491c7a2df90f1	162	2	2	0.024390243902439046	0.0011493352940306067	0.016149908304214478
ABCA4_74e1a70aab925f71	164	2	0	0.012195121951219523	0.001108003780245781	0.013587266206741333
ABCA4_74f4a9e95bb8f761	164	3	1	0.024242424242424288	0.000912130402866751	0.01564297080039978
ABCA4_75614ce7f682ec81	160	1	3	0.024539877300613466	0.0007975721382535994	0.009877949953079224
ABCA4_757bc08c90c92d74	163	2	1	0.018292682926829285	0.0010571024613454938	0.01449325680732727
ABCA4_75ab7dc0a358180b	167	5	0	0.029940119760479056	0.0013609834713861346	0.015738993883132935
ABCA4_75abb350373a370e	168	6	0	0.0357142857142857	0.0017394593451172113	0.023380935192108154
ABCA4_75bb85c8443e2219	165	4	1	0.030120481927710885	0.0017408388666808605	0.0222395658493042
ABCA4_75e9d94b717ccc78	163	1	0	0.006134969325153339	0.0006750736501999199	0.007937431335449219
ABCA4_75f2b30cd103df24	167	5	0	0.029940119760479056	0.0013199439272284508	0.01731187105178833
ABCA4_75f3347b3fefa102	162	0	0	0.0	0.0009347725426778197	0.012575745582580566
ABCA4_75f8ae1611387d13	165	3	0	0.018181818181818188	0.0009056952549144626	0.013662800192832947
ABCA4_7617973803c0d24d	167	5	0	0.029940119760479056	0.0014528994215652347	0.01888805627822876
ABCA4_7679d4a44698788d	166	4	0	0.02409638554216864	0.0017074026400223374	0.025096893310546875
ABCA4_768dea4cb468fa05	166	4	0	0.02409638554216864	0.0013900139601901174	0.019492626190185547
ABCA4_76af0040e46ef2ee	162	1	1	0.012269938650306789	0.001380526926368475	0.015574157238006592
ABCA4_76f07d6ba67c1cf1	157	1	6	0.042944785276073594	0.0014770511770620942	0.018114611506462097
ABCA4_772c70666f58fa35	161	0	1	0.006172839506172867	0.000560944783501327	0.006102442741394043
ABCA4_773c77e05c368954	167	5	0	0.029940119760479056	0.001121391193009913	0.013891041278839111
ABCA4_774ba9f77567f843	168	6	0	0.0357142857142857	0.001317456946708262	0.018149256706237793
ABCA4_775e5a7d87936ea9	163	2	1	0.018292682926829285	0.0011477110674604774	0.01771402359008789
ABCA4_775ec63bdedd76d5	162	1	1	0.012269938650306789	0.0007035353919491172	0.008548080921173096
ABCA4_77704837fab7e5e6	162	1	1	0.012269938650306789	0.0008437589858658612	0.010611265897750854
ABCA4_777846d7af94c18b	166	4	0	0.02409638554216864	0.0010310199577361345	0.014783740043640137
ABCA4_7783a12e3aa67e7b	160	0	2	0.012345679012345734	0.0005573941743932664	0.006244063377380371
ABCA4_77b61c48f2a3b634	162	1	1	0.012269938650306789	0.0012851059436798096	0.017282694578170776
ABCA4_77c2beaaba74731c	161	3	4	0.042424242424242475	0.002221581758931279	0.02801370620727539
ABCA4_77d32656e7ec53cb	162	1	1	0.012269938650306789	0.00121249258518219	0.015652716159820557
ABCA4_77dde5fe77570a50	159	2	5	0.04268292682926833	0.0010014120489358902	0.014444947242736816
ABCA4_785829292d634b84	162	1	1	0.012269938650306789	0.000851786753628403	0.009634703397750854
ABCA4_7875c9b1ffddf9e8	167	5	0	0.029940119760479056	0.0015132190892472863	0.024454981088638306
ABCA4_78d5fa05b3aa0ce9	168	6	0	0.0357142857142857	0.0018447594484314322	0.021759033203125
ABCA4_79444bdc9b26b7ab	163	1	0	0.006134969325153339	0.0008948328322730958	0.009412378072738647
ABCA4_7947a4d837a42831	166	4	0	0.02409638554216864	0.001530173234641552	0.017579197883605957
ABCA4_7955f6aabd69daac	162	2	2	0.024390243902439046	0.0010939700296148658	0.013066321611404419
ABCA4_79e6fd7ebce64b63	167	5	0	0.029940119760479056	0.0012410496128723025	0.016679048538208008
ABCA4_7a951e0df6de0dc8	159	1	4	0.030674846625766916	0.0012380180414766073	0.017968982458114624
ABCA4_7aa3bacb9bd2ac53	166	4	0	0.02409638554216864	0.0010447986423969269	0.013993620872497559
ABCA4_7adbce1e8cb59982	162	2	2	0.024390243902439046	0.0013830085517838597	0.015044420957565308
ABCA4_7ade5e43b7bf4e4f	157	0	5	0.030864197530864224	0.0011654053814709187	0.013370037078857422
ABCA4_7adeaf983db5ecef	165	3	0	0.018181818181818188	0.0007254222291521728	0.008991539478302002
ABCA4_7b43f02f188fbc19	161	1	2	0.018404907975460127	0.0008889115415513515	0.010897934436798096
ABCA4_7b8065512bf5e082	163	1	0	0.006134969325153339	0.0009291289024986327	0.011347770690917969
ABCA4_7ba2cb8594bdd737	163	2	1	0.018292682926829285	0.00105338916182518	0.014747381210327148
ABCA4_7ba3e950d0bceac8	166	5	1	0.0359281437125748	0.001175526762381196	0.015992403030395508
ABCA4_7bc592df25122eb9	164	2	0	0.012195121951219523	0.0014535350492224097	0.018247216939926147
ABCA4_7bf1846a0f426ee3	161	1	2	0.018404907975460127	0.0005884720594622195	0.007415145635604858
ABCA4_7c2e6620e37a82d6	163	2	1	0.018292682926829285	0.0016181477112695575	0.01857924461364746
ABCA4_7c37101dbfff5790	163	1	0	0.006134969325153339	0.0011641154997050762	0.012199163436889648
ABCA4_7c44bf87249c2198	165	3	0	0.018181818181818188	0.0009215434547513723	0.012199431657791138
ABCA4_7c6942e44a8280f6	163	3	2	0.030303030303030276	0.0024289025459438562	0.03197290003299713
ABCA4_7c72bbe5b30f1842	161	1	2	0.018404907975460127	0.0016934192972257733	0.01712280511856079
ABCA4_7c8aab3fb369d61b	162	0	0	0.0	0.0005800951039418578	0.007231533527374268
ABCA4_7c9c130777bc59c5	161	1	2	0.018404907975460127	0.0009585124207660556	0.012709319591522217
ABCA4_7cace35e094fced1	163	1	0	0.006134969325153339	0.0011944586876779795	0.01656341552734375
ABCA4_7cbebab82cd89368	164	3	1	0.024242424242424288	0.0012055744882673025	0.014957070350646973
ABCA4_7ce44b18b9e45bba	162	2	2	0.024390243902439046	0.0008180797449313104	0.011476978659629822
ABCA4_7ced6ed61520be89	168	6	0	0.0357142857142857	0.00165167183149606	0.02149420976638794
ABCA4_7d038f58c1b94bd7	163	1	0	0.006134969325153339	0.0009066336206160486	0.010668814182281494
ABCA4_7d5b16b5535ea5a1	165	3	0	0.018181818181818188	0.0012242159573361278	0.015587210655212402
ABCA4_7d81ae61db1bdca8	163	1	0	0.006134969325153339	0.0008094520308077335	0.012394309043884277
ABCA4_7d85deb049a6ed3d	162	2	2	0.024390243902439046	0.0011790425051003695	0.011734634637832642
ABCA4_7dbcdc708586f387	162	1	1	0.012269938650306789	0.0011137183755636215	0.013799965381622314
ABCA4_7de986dcaade9442	167	5	0	0.029940119760479056	0.0013707723701372743	0.01845937967300415
ABCA4_7e259f5fb7710f02	162	1	1	0.012269938650306789	0.0008208654471673071	0.009655594825744629
ABCA4_7e3860bc8dc04645	164	2	0	0.012195121951219523	0.0008433214970864356	0.011526167392730713
ABCA4_7e4a9f336ee14453	158	0	4	0.024691358024691357	0.0009477470302954316	0.011491507291793823
ABCA4_7e85ff8045d25d93	166	4	0	0.02409638554216864	0.0011785239912569523	0.017525941133499146
ABCA4_7e86ed12dc219d82	162	1	1	0.012269938650306789	0.0008776732138358057	0.011915504932403564
ABCA4_7e99e319b63b52f9	168	6	0	0.0357142857142857	0.0015173974679782987	0.020113348960876465
ABCA4_7edbce95a2c4e1c6	160	1	3	0.024539877300613466	0.0014515743823722005	0.013105571269989014
ABCA4_7f01684d43d8818d	166	4	0	0.02409638554216864	0.0012442315928637981	0.0166054368019104
ABCA4_7f02211ace69a8af	161	1	2	0.018404907975460127	0.0008467597654089332	0.011082112789154053
ABCA4_7f0400e921eb4aec	163	1	0	0.006134969325153339	0.0008493753266520798	0.010270625352859497
ABCA4_7f1a44ad3a2dbd17	164	2	0	0.012195121951219523	0.000783418130595237	0.010631650686264038
ABCA4_7f3431268c17f183	162	1	1	0.012269938650306789	0.0009883188176900148	0.012365847826004028
ABCA4_7f55f61b5d1cf6f7	165	3	0	0.018181818181818188	0.0006719224620610476	0.008304685354232788
ABCA4_7f8935281ee2ec10	166	4	0	0.02409638554216864	0.000894060533028096	0.011285006999969482
ABCA4_7f898e5ee57fbd17	163	1	0	0.006134969325153339	0.0006317448569461703	0.007685065269470215
ABCA4_7f9787c4c60300af	155	1	8	0.05521472392638038	0.0028591833543032408	0.04174149036407471
ABCA4_7fc62fca0b93db94	166	4	0	0.02409638554216864	0.0009035511175170541	0.011937960982322693
ABCA4_7fddf0be570c949c	159	2	5	0.04268292682926833	0.001215087017044425	0.016187652945518494
ABCA4_7fe878fc6000197d	167	5	0	0.029940119760479056	0.0008445153362117708	0.011317133903503418
ABCA4_7febc77a2c963a30	159	2	5	0.04268292682926833	0.0013590662274509668	0.015239357948303223
ABCA4_7fef6c84af38c21c	169	7	0	0.041420118343195256	0.0018335535423830152	0.022663116455078125
ABCA4_80025ea85b3d3a14	166	4	0	0.02409638554216864	0.0012436057440936565	0.015366971492767334
ABCA4_804ff2f0808a51e9	167	5	0	0.029940119760479056	0.0014694357523694634	0.019190073013305664
ABCA4_807518ca3fc1dee3	165	3	0	0.018181818181818188	0.0006654317257925868	0.008874177932739258
ABCA4_80a51ff05c44e05b	163	2	1	0.018292682926829285	0.0013456353917717934	0.01359519362449646
ABCA4_8109271c66c11760	163	2	1	0.018292682926829285	0.0016292572254315019	0.02527114748954773
ABCA4_8137389ffde61a55	164	2	0	0.012195121951219523	0.0009816385572776198	0.012163728475570679
ABCA4_8161c1fd7ab9f80f	161	0	1	0.006172839506172867	0.0011540669947862625	0.012706637382507324
ABCA4_816d0a6dffca9b8f	160	1	3	0.024539877300613466	0.0012808877509087324	0.013960003852844238
ABCA4_81706d6e886f6790	165	3	0	0.018181818181818188	0.0007319599972106516	0.009656369686126709
ABCA4_818e603f47477a2d	161	3	4	0.042424242424242475	0.0009564714855514467	0.017850816249847412
ABCA4_81bbc09f241bdbaa	162	2	2	0.024390243902439046	0.001297474722377956	0.017343789339065552
ABCA4_81c4243a8e7a34d7	162	2	2	0.024390243902439046	0.0009029163629747927	0.011442363262176514
ABCA4_81d0b218a6c74426	168	6	0	0.0357142857142857	0.0013528963318094611	0.018773198127746582
ABCA4_81e0439cec2f20b5	162	1	1	0.012269938650306789	0.0009042102028615773	0.011233508586883545
ABCA4_820d792bd2063eca	163	2	1	0.018292682926829285	0.0010590816382318735	0.014015436172485352
ABCA4_8210b50ce1eecfea	165	4	1	0.030120481927710885	0.0016412752447649837	0.021947503089904785
ABCA4_8230a0c9972025fa	160	0	2	0.012345679012345734	0.0011134876403957605	0.015668049454689026
ABCA4_823e3110dc396f12	165	4	1	0.030120481927710885	0.001352549996227026	0.017643272876739502
ABCA4_8278a38ea9398173	163	1	0	0.006134969325153339	0.0006579416221939027	0.008199632167816162
ABCA4_8297105f9a9ffc92	164	3	1	0.024242424242424288	0.0012038237182423472	0.013583064079284668
ABCA4_82a477b4c437a21f	163	2	1	0.018292682926829285	0.0007172414916567504	0.009310781955718994
ABCA4_82cf84da76e816f3	160	0	2	0.012345679012345734	0.0009839457925409079	0.011713176965713501
ABCA4_82d04bac30770d95	165	3	0	0.018181818181818188	0.0010503828525543213	0.01074296236038208
ABCA4_82dd166a2b48b146	170	8	0	0.04705882352941182	0.002421096432954073	0.031579017639160156
ABCA4_83176e1bb00970e3	162	2	2	0.024390243902439046	0.0008739003678783774	0.01314796507358551
ABCA4_83340e5b36ddad54	163	4	3	0.04216867469879515	0.0022135658655315638	0.03761966526508331
ABCA4_838cdc35475c9159	163	1	0	0.006134969325153339	0.0006036387057974935	0.009312957525253296
ABCA4_838eca6165fc0b5a	166	4	0	0.02409638554216864	0.0009966149227693677	0.013491034507751465
ABCA4_83997ff86506a7b4	166	4	0	0.02409638554216864	0.0012208253610879183	0.015121221542358398
ABCA4_839bafc11766b1d0	161	1	2	0.018404907975460127	0.0007591988542117178	0.009453415870666504
ABCA4_83a95e69fea0972a	167	5	0	0.029940119760479056	0.0012048721546307206	0.013441711664199829
ABCA4_83cf0e40e0bbc0fe	166	5	1	0.0359281437125748	0.0015517252031713724	0.021317124366760254
ABCA4_83f5dffe68db38fb	162	0	0	0.0	0.0006409030756913126	0.0064637064933776855
ABCA4_8410f9fbff631a1f	162	2	2	0.024390243902439046	0.0014392627635970712	0.015671640634536743
ABCA4_8424f7f0a7443869	166	4	0	0.02409638554216864	0.002129956381395459	0.028086483478546143
ABCA4_844f60d2e555c3e0	168	6	0	0.0357142857142857	0.0015642557991668582	0.02148205041885376
ABCA4_84514262bf2bcd25	161	0	1	0.006172839506172867	0.0006870568031445146	0.00927560031414032
ABCA4_848ad83ad9d2815e	160	1	3	0.024539877300613466	0.0014101762790232897	0.013339787721633911
ABCA4_849dfa49c2e72040	158	0	4	0.024691358024691357	0.000771436607465148	0.00934872031211853
ABCA4_84b99bd3b4ef5939	162	1	1	0.012269938650306789	0.001015688176266849	0.0137176513671875
ABCA4_84c46171801d150d	161	0	1	0.006172839506172867	0.0012327057775110006	0.014636993408203125
ABCA4_84d0cb88bf267522	160	1	3	0.024539877300613466	0.0011255535064265132	0.014201819896697998
ABCA4_84fa03927f241b75	164	3	1	0.024242424242424288	0.0012487556086853147	0.014411985874176025
ABCA4_85174a0ceecc2ba1	171	9	0	0.052631578947368474	0.0021824596915394068	0.03093278408050537
ABCA4_8534a96770944419	158	0	4	0.024691358024691357	0.0011469739256426692	0.01302194595336914
ABCA4_8553ed1abd1f65aa	161	1	2	0.018404907975460127	0.0011490383185446262	0.013687342405319214
ABCA4_8563d73e3fee80bc	159	1	4	0.030674846625766916	0.001025017467327416	0.010795533657073975
ABCA4_85bcd8b1a6345f4b	163	1	0	0.006134969325153339	0.0010146255372092128	0.011103212833404541
ABCA4_85bdc5a3d6bc2e91	162	1	1	0.012269938650306789	0.0008816737681627274	0.009761273860931396
ABCA4_85cd3e1c5153e9d0	163	3	2	0.030303030303030276	0.0007655487861484289	0.010711640119552612
ABCA4_85da66ad3b9ab77e	159	1	4	0.030674846625766916	0.0011239181039854884	0.017489805817604065
ABCA4_861b153c274b27f9	160	1	3	0.024539877300613466	0.00110530701931566	0.01064649224281311
ABCA4_86246a400ae5f812	162	2	2	0.024390243902439046	0.0008957679965533316	0.013470202684402466
ABCA4_86292719b4e7e9cc	164	3	1	0.024242424242424288	0.0016586201963946223	0.023219585418701172
ABCA4_8637196a289d7f1d	160	1	3	0.024539877300613466	0.001064011943526566	0.013941466808319092
ABCA4_8648d2b88bb9a189	159	3	6	0.054545454545454564	0.0013554112520068884	0.0192224383354187
ABCA4_86ab6eb38d8497e9	162	1	1	0.012269938650306789	0.0007128177676349878	0.010071247816085815
ABCA4_87088cfb28c8f4e5	168	6	0	0.0357142857142857	0.0012556256260722876	0.014914274215698242
ABCA4_872348ea4ef639b8	164	2	0	0.012195121951219523	0.0007777010905556381	0.01098814606666565
ABCA4_877c94f9fba7966d	162	2	2	0.024390243902439046	0.001184316468425095	0.012991607189178467
ABCA4_8781d3d667de4f29	165	3	0	0.018181818181818188	0.0007357681170105934	0.010820150375366211
ABCA4_879632ddaf104a69	166	4	0	0.02409638554216864	0.0010551066370680928	0.011788249015808105
ABCA4_87c5c0656423340c	162	1	1	0.012269938650306789	0.0021681601647287607	0.023512214422225952
ABCA4_87d035c4dbb2e751	162	2	2	0.024390243902439046	0.001565079903230071	0.019380033016204834
ABCA4_87f8f56dd23ff994	160	0	2	0.012345679012345734	0.0008779594209045172	0.009058177471160889
ABCA4_87ffa823d79c3eef	167	5	0	0.029940119760479056	0.0008587575284764171	0.011882185935974121
ABCA4_880432550cf25e36	159	2	5	0.04268292682926833	0.0013914568116888404	0.020644426345825195
ABCA4_883939e26ee36fbd	164	2	0	0.012195121951219523	0.0005607176572084427	0.008877813816070557
ABCA4_887c991a0ff7edf8	162	2	2	0.024390243902439046	0.0010115680051967502	0.014338016510009766
ABCA4_88c3683a5053bcca	167	5	0	0.029940119760479056	0.0012297732755541801	0.018135905265808105
ABCA4_893e0b8bbd9e96fa	161	2	3	0.030487804878048808	0.0010974585311487317	0.013606518507003784
ABCA4_896f2e9f364acd37	168	6	0	0.0357142857142857	0.0015448417980223894	0.021192073822021484
ABCA4_898fc993e91f50a2	168	6	0	0.0357142857142857	0.0015986186917871237	0.025855064392089844
ABCA4_89921e75cc213565	165	3	0	0.018181818181818188	0.0010543446987867355	0.010526418685913086
ABCA4_89928d8be2e7af7c	159	2	5	0.04268292682926833	0.0015677491901442409	0.020770132541656494
ABCA4_899a5492f65ce978	160	2	4	0.03658536585365857	0.001436999416910112	0.01793988049030304
ABCA4_89e8e0969102f73c	154	0	8	0.04938271604938271	0.0017396346665918827	0.020871102809906006
ABCA4_8a3129e4fa738b78	156	1	7	0.049079754601227044	0.001392429112456739	0.01760488748550415
ABCA4_8a436dc3dbc67bb5	161	1	2	0.018404907975460127	0.0020768423564732075	0.025665998458862305
ABCA4_8a4ff3a92049fe6c	165	4	1	0.030120481927710885	0.0012357818195596337	0.012097418308258057
ABCA4_8a64c9bd86481301	157	0	5	0.030864197530864224	0.0013358758296817541	0.014061301946640015
ABCA4_8ac0d8e62767283f	165	3	0	0.018181818181818188	0.0009344055433757603	0.011205196380615234
ABCA4_8acb9381d8f1f786	159	1	4	0.030674846625766916	0.0027794421184808016	0.03177922964096069
ABCA4_8af1000449f16909	166	5	1	0.0359281437125748	0.001528147840872407	0.020280301570892334
ABCA4_8afc9c394c3726cd	168	6	0	0.0357142857142857	0.0013348818756639957	0.016067713499069214
ABCA4_8b4107a4121ff5db	167	5	0	0.029940119760479056	0.0015530174132436514	0.018947601318359375
ABCA4_8b6b9d8adda920e3	161	1	2	0.018404907975460127	0.0007974652689881623	0.01051706075668335
ABCA4_8b7f627a8d663f02	160	1	3	0.024539877300613466	0.001017295871861279	0.012076318264007568
ABCA4_8b891624cf746177	150	0	12	0.07407407407407407	0.0020261856261640787	0.02554681897163391
ABCA4_8bb1162b7b2e6175	161	3	4	0.042424242424242475	0.0011960685951635242	0.01840299367904663
ABCA4_8bbfc4f42ea7cd23	168	6	0	0.0357142857142857	0.001215288764797151	0.016377389430999756
ABCA4_8c62035257ae019f	163	1	0	0.006134969325153339	0.0007775072590447962	0.010225296020507812
ABCA4_8ca6759468c4ba1c	167	5	0	0.029940119760479056	0.0015487687196582556	0.019118189811706543
ABCA4_8cad9e90c1d50c1e	161	2	3	0.030487804878048808	0.0012507016072049737	0.021149635314941406
ABCA4_8ccd315575714e26	157	0	5	0.030864197530864224	0.0010455072624608874	0.011089682579040527
ABCA4_8d430e7f1420938b	168	6	0	0.0357142857142857	0.0012006639735773206	0.016098082065582275
ABCA4_8d607392d36c2a52	167	5	0	0.029940119760479056	0.0011768178083002567	0.015326142311096191
ABCA4_8d6b79e8b1246a85	163	1	0	0.006134969325153339	0.0011113575892522931	0.011774301528930664
ABCA4_8d8188ce6bc980e2	167	5	0	0.029940119760479056	0.0017086627194657922	0.02219367027282715
ABCA4_8d839032ce9dfc5d	162	1	1	0.012269938650306789	0.001063068164512515	0.013210147619247437
ABCA4_8d893f2aaab01799	165	3	0	0.018181818181818188	0.0013486880343407393	0.014629185199737549
ABCA4_8d8a2028433df2f6	157	0	5	0.030864197530864224	0.0014285269426181912	0.016750872135162354
ABCA4_8dcdf9fac200aaa4	160	1	3	0.024539877300613466	0.0011908349115401506	0.01661863923072815
ABCA4_8dd026b1c2dc9498	163	1	0	0.006134969325153339	0.0006978666642680764	0.008522748947143555
ABCA4_8e335001defc7063	164	2	0	0.012195121951219523	0.0012840429553762078	0.016550779342651367
ABCA4_8e7739b6f4b132d4	159	0	3	0.01851851851851849	0.0009306352585554123	0.00941622257232666
ABCA4_8ea791024a7f11c9	163	3	2	0.030303030303030276	0.0013549320865422487	0.019390016794204712
ABCA4_8ebc8513a27b96e5	160	0	2	0.012345679012345734	0.0014302498893812299	0.013689249753952026
ABCA4_8efe2aae5f9babd7	163	2	1	0.018292682926829285	0.001202496699988842	0.01604437828063965
ABCA4_8f1678bd4a1ebe16	162	2	2	0.024390243902439046	0.0012982924235984683	0.01630789041519165
ABCA4_8f31f1614a50147b	165	3	0	0.018181818181818188	0.0007598869269713759	0.00959479808807373
ABCA4_8f3d22d6a84e2a71	162	0	0	0.0	0.00112336955498904	0.011510670185089111
ABCA4_8f3e3c787480b245	167	5	0	0.029940119760479056	0.001135349739342928	0.01731693744659424
ABCA4_8f4b32196ce54419	166	4	0	0.02409638554216864	0.0008348459377884865	0.011499911546707153
ABCA4_8f5b9b2cc487660c	160	2	4	0.03658536585365857	0.0020935614593327045	0.03119148313999176
ABCA4_8fa345043cec6f2c	159	0	3	0.01851851851851849	0.0008322323556058109	0.010365799069404602
ABCA4_8fa4db7e58eed89b	154	0	8	0.04938271604938271	0.001586272264830768	0.018680334091186523
ABCA4_8ff4190c18379ba3	159	0	3	0.01851851851851849	0.001034361426718533	0.01493370532989502
ABCA4_9000cdde5c7c0d3c	161	2	3	0.030487804878048808	0.0011615294497460127	0.016258984804153442
ABCA4_900ccdb9f260e9ca	166	4	0	0.02409638554216864	0.000928820634726435	0.013243108987808228
ABCA4_90347e5eda769c09	162	1	1	0.012269938650306789	0.0009955897694453597	0.012906283140182495
ABCA4_905246b3ddb3b311	158	1	5	0.036809815950920255	0.0012345535214990377	0.016646385192871094
ABCA4_90c349cd25113997	161	1	2	0.018404907975460127	0.0016491051064804196	0.018123865127563477
ABCA4_90e9f7ea909c401b	160	1	3	0.024539877300613466	0.001161028048954904	0.013194352388381958
ABCA4_910ca60569b84325	160	1	3	0.024539877300613466	0.0011156302643939853	0.016280293464660645
ABCA4_9130ed287fa4e7e9	161	0	1	0.006172839506172867	0.0011918441159650683	0.015578389167785645
ABCA4_91a5118a5d40e4ce	162	2	2	0.024390243902439046	0.0009484661277383566	0.013085722923278809
ABCA4_91c420b0f234b56f	167	5	0	0.029940119760479056	0.0016707768663764	0.020458757877349854
ABCA4_92398d5bbb01ea27	158	1	5	0.036809815950920255	0.0011392738670110703	0.015129774808883667
ABCA4_925583df599917ff	168	6	0	0.0357142857142857	0.0012274507898837328	0.01707082986831665
ABCA4_9256834a287e1fa3	161	2	3	0.030487804878048808	0.0011353971203789115	0.012928351759910583
ABCA4_92654c559fd07eeb	163	1	0	0.006134969325153339	0.0012564461212605238	0.013301759958267212
ABCA4_928d76de614cda92	168	6	0	0.0357142857142857	0.0012947400100529194	0.019128531217575073
ABCA4_928e5c2fc02bc108	159	1	4	0.030674846625766916	0.0009464083123020828	0.011037558317184448
ABCA4_929519a207fbac4a	161	1	2	0.018404907975460127	0.0013578659854829311	0.016893386840820312
ABCA4_92b29cd67c99c475	166	4	0	0.02409638554216864	0.0010136746568605304	0.01286768913269043
ABCA4_92bcd0ad1f7f3834	164	3	1	0.024242424242424288	0.0011065715225413442	0.014506489038467407
ABCA4_92c340a5f516070c	163	1	0	0.006134969325153339	0.000772326544392854	0.008610457181930542
ABCA4_92e464445eca05ca	163	1	0	0.006134969325153339	0.0009040219592861831	0.012249141931533813
ABCA4_9348db11a2b63f61	156	0	6	0.03703703703703709	0.0013663042336702347	0.016470730304718018
ABCA4_937d3aaad36295db	164	2	0	0.012195121951219523	0.0010439822217449546	0.013518989086151123
ABCA4_93abc0bb2870f2c0	167	5	0	0.029940119760479056	0.0006598278414458036	0.009174346923828125
ABCA4_93c1c291d3ec2670	165	3	0	0.018181818181818188	0.0012319697998464108	0.01585659384727478
ABCA4_93d66fdfde436286	166	4	0	0.02409638554216864	0.0014571212232112885	0.01998448371887207
ABCA4_93dfcb71c36e34c6	153	1	10	0.06748466257668717	0.0016400524182245135	0.018706411123275757
ABCA4_93f4a7074ad99a1f	160	1	3	0.024539877300613466	0.0008254534914158285	0.010732203722000122
ABCA4_94652adf82c7bb0d	164	2	0	0.012195121951219523	0.0007578274235129356	0.008135765790939331
ABCA4_947707adaf7e3a0d	163	2	1	0.018292682926829285	0.0008484472637064755	0.010076820850372314
ABCA4_948f29cc2242a57f	163	1	0	0.006134969325153339	0.0007762921159155667	0.008750885725021362
ABCA4_94b4aaabe1c4b007	156	0	6	0.03703703703703709	0.0015274127945303917	0.015054821968078613
ABCA4_94b7c3c84622aa5f	162	1	1	0.012269938650306789	0.0007240789709612727	0.009760230779647827
ABCA4_94f13c3d798e1d33	165	3	0	0.018181818181818188	0.0014049335150048137	0.019811809062957764
ABCA4_94f7009fd5e445b5	167	5	0	0.029940119760479056	0.0011791866272687912	0.014582693576812744
ABCA4_94f83075b5c5e579	155	0	7	0.043209876543209846	0.0016091644065454602	0.023326337337493896
ABCA4_950f3b40f56de8ac	166	4	0	0.02409638554216864	0.0011165494797751307	0.013753801584243774
ABCA4_95345418a7790ec3	159	0	3	0.01851851851851849	0.001185072585940361	0.015731006860733032
ABCA4_9547b9c68e2472f3	164	2	0	0.012195121951219523	0.0009167312528006732	0.010227590799331665
ABCA4_9563401f16dc99bf	166	4	0	0.02409638554216864	0.0012976756552234292	0.01943814754486084
ABCA4_95a9db52ecf26c43	165	3	0	0.018181818181818188	0.001379861030727625	0.01980900764465332
ABCA4_95fa25c1f748aaf5	165	3	0	0.018181818181818188	0.0009797838283702731	0.014528006315231323
ABCA4_9620ecaaaea8ee4e	167	5	0	0.029940119760479056	0.0010664555011317134	0.013097167015075684
ABCA4_9629ce605e609cbe	160	0	2	0.012345679012345734	0.0014526861486956477	0.01423865556716919
ABCA4_964369af5a1de8d8	160	2	4	0.03658536585365857	0.0010156410280615091	0.013465970754623413
ABCA4_965d0c7f1379e0d8	160	0	2	0.012345679012345734	0.0007097145426087081	0.008581161499023438
ABCA4_9662ffab5a4ab2b3	161	1	2	0.018404907975460127	0.0012898180866613984	0.018391728401184082
ABCA4_967ceefc2dbd83d8	162	1	1	0.012269938650306789	0.0013253401266410947	0.017177969217300415
ABCA4_967e09c6ad08d40d	164	3	1	0.024242424242424288	0.0016182629624381661	0.020436584949493408
ABCA4_96931cf5d405cab3	162	1	1	0.012269938650306789	0.00090520188678056	0.011970043182373047
ABCA4_969b6eb85471f58c	164	2	0	0.012195121951219523	0.0008181572193279862	0.010060667991638184
ABCA4_969bb17c274cfdf7	165	3	0	0.018181818181818188	0.0009625226957723498	0.011112809181213379
ABCA4_969cbef1a17c95f7	165	4	1	0.030120481927710885	0.0008821705123409629	0.011424124240875244
ABCA4_96e8832b79af6722	160	0	2	0.012345679012345734	0.0011513165663927794	0.015315473079681396
ABCA4_96f47be0354a296f	164	2	0	0.012195121951219523	0.0007945034303702414	0.00915437936782837
ABCA4_97029888a900f6da	162	1	1	0.012269938650306789	0.0012836522655561566	0.015327602624893188
ABCA4_971200b467160c4b	164	3	1	0.024242424242424288	0.0011813631281256676	0.015567898750305176
ABCA4_971471fd1d2ed488	158	1	5	0.036809815950920255	0.001008317107334733	0.016067102551460266
ABCA4_97287f5327f5555b	166	5	1	0.0359281437125748	0.0017034064512699842	0.0260164737701416
ABCA4_972b0fc08a2275a6	166	5	1	0.0359281437125748	0.001076637301594019	0.013661444187164307
ABCA4_973d4bf40722e4bd	168	7	1	0.047337278106508895	0.0034605965483933687	0.0437052845954895
ABCA4_975ef55e517168e8	161	1	2	0.018404907975460127	0.0011011944152414799	0.015701591968536377
ABCA4_976ee07a635bb341	165	3	0	0.018181818181818188	0.0010527666890993714	0.013875037431716919
ABCA4_977bf8796867c5e7	170	8	0	0.04705882352941182	0.0026390142738819122	0.03306838870048523
ABCA4_97a0d217f1d265f8	163	2	1	0.018292682926829285	0.0010917938780039549	0.014145255088806152
ABCA4_97d968f486040572	164	2	0	0.012195121951219523	0.0005498467944562435	0.0067931413650512695
ABCA4_9891dda8e0006a10	163	2	1	0.018292682926829285	0.0009760471293702722	0.013993501663208008
ABCA4_98a0208835edffe3	162	0	0	0.0	0.0008033956401050091	0.011296272277832031
ABCA4_98bc4bdde253620d	166	4	0	0.02409638554216864	0.000961915822699666	0.0121687650680542
ABCA4_98c2143cbf4ba8ce	166	5	1	0.0359281437125748	0.0021869875490665436	0.02945178747177124
ABCA4_98c4df576ea1946e	164	3	1	0.024242424242424288	0.0009510940290056169	0.00982975959777832
ABCA4_98f97e6873498b32	163	1	0	0.006134969325153339	0.000832126010209322	0.008855223655700684
ABCA4_9903288481a18261	163	2	1	0.018292682926829285	0.0008514790679328144	0.01229715347290039
ABCA4_9961688026f4ce00	160	1	3	0.024539877300613466	0.0016425770008936524	0.022256851196289062
ABCA4_9962f7929df34a41	160	0	2	0.012345679012345734	0.0010986091801896691	0.015531450510025024
ABCA4_99797f84a8572c1c	162	0	0	0.0	0.0008296227897517383	0.009375602006912231
ABCA4_9a14dc66fab598eb	163	1	0	0.006134969325153339	0.0008061098633334041	0.011190950870513916
ABCA4_9a50e0d23f4db514	165	3	0	0.018181818181818188	0.0009273281903006136	0.014708101749420166
ABCA4_9a6c1fb7a12e9781	161	1	2	0.018404907975460127	0.0014404647517949343	0.014341175556182861
ABCA4_9a6fe7090ea948e4	166	4	0	0.02409638554216864	0.0006953654810786247	0.00900191068649292
ABCA4_9a7225405e2f1a8e	166	4	0	0.02409638554216864	0.001081446884199977	0.012529462575912476
ABCA4_9a9052a4421fa0de	166	4	0	0.02409638554216864	0.0010703980224207044	0.013736486434936523
ABCA4_9a968a77e3c3995a	157	0	5	0.030864197530864224	0.0014603028539568186	0.017321497201919556
ABCA4_9ace86c31f8e3b6f	163	2	1	0.018292682926829285	0.0011198469437658787	0.012175321578979492
ABCA4_9acf908e8f013d75	161	2	3	0.030487804878048808	0.0012107136426493526	0.0135001540184021
ABCA4_9ad40e4a12bde601	163	1	0	0.006134969325153339	0.0014334458392113447	0.019001662731170654
ABCA4_9ad50823f4e8074a	158	2	6	0.04878048780487809	0.00176948809530586	0.020377397537231445
ABCA4_9af98e1a4cfddfe7	161	0	1	0.006172839506172867	0.0015733990585431457	0.018407613039016724
ABCA4_9afd18dd009de960	159	0	3	0.01851851851851849	0.0018693794263526797	0.02167975902557373
ABCA4_9b5c3adbcff5fabe	161	2	3	0.030487804878048808	0.001272174995392561	0.016167908906936646
ABCA4_9b6979f254838261	166	4	0	0.02409638554216864	0.0016115210019052029	0.017112284898757935
ABCA4_9b8d47c8a5271fc8	158	0	4	0.024691358024691357	0.0016113804886117578	0.016236692667007446
ABCA4_9bcdfe510afc6c57	159	2	5	0.04268292682926833	0.0016053933650255203	0.02216443419456482
ABCA4_9bd6d654bad4c503	162	2	2	0.024390243902439046	0.0010368782095611095	0.013216733932495117
ABCA4_9be0bfee1cab04f5	162	1	1	0.012269938650306789	0.0009170523844659328	0.008808702230453491
ABCA4_9be79f7a3554c815	163	1	0	0.006134969325153339	0.001030576298944652	0.013452857732772827
ABCA4_9c12abe389ac4762	156	3	9	0.07272727272727275	0.0015131989493966103	0.022536367177963257
ABCA4_9c750b39bcfb0a92	163	1	0	0.006134969325153339	0.0006062396569177508	0.008669540286064148
ABCA4_9c89bad291ee4438	169	7	0	0.041420118343195256	0.0013311016373336315	0.01606917381286621
ABCA4_9cc062bb54ae643d	161	0	1	0.006172839506172867	0.0009264278342016041	0.013958275318145752
ABCA4_9ce46ebedbaf86dd	159	0	3	0.01851851851851849	0.0011526651214808226	0.013375729322433472
ABCA4_9cf33ae17ace54f0	161	2	3	0.030487804878048808	0.001214793766848743	0.011803030967712402
ABCA4_9d226f9b8f4cf0c8	159	0	3	0.01851851851851849	0.0009889150969684124	0.012109071016311646
ABCA4_9d2aa548a05c751f	162	2	2	0.024390243902439046	0.0010423496132716537	0.013868987560272217
ABCA4_9d4589f2b67351fd	166	4	0	0.02409638554216864	0.0012587205274030566	0.017419874668121338
ABCA4_9d6216d5d4d6283a	165	3	0	0.018181818181818188	0.0009545547072775662	0.011470496654510498
ABCA4_9d6e804e0b397dfd	158	0	4	0.024691358024691357	0.0013017426244914532	0.015634983777999878
ABCA4_9da02b61a0d18b98	153	0	9	0.05555555555555558	0.001583523117005825	0.01777324080467224
ABCA4_9daa8cd54779e145	162	2	2	0.024390243902439046	0.0014745794469490647	0.016647160053253174
ABCA4_9dabf517e4f3d582	167	5	0	0.029940119760479056	0.0010901784989982843	0.012460291385650635
ABCA4_9ddd141c51588cce	156	0	6	0.03703703703703709	0.0013999893562868237	0.016866028308868408
ABCA4_9e196ed6f290b0cd	168	7	1	0.047337278106508895	0.0024090795777738094	0.033571481704711914
ABCA4_9e4df49ac41aac66	166	4	0	0.02409638554216864	0.0014729094691574574	0.020231306552886963
ABCA4_9e64c5fa768a2403	159	2	5	0.04268292682926833	0.001922581228427589	0.025249600410461426
ABCA4_9e64c839da424ca9	165	3	0	0.018181818181818188	0.000698037154506892	0.008650451898574829
ABCA4_9e9b8de3706c76ce	161	1	2	0.018404907975460127	0.0010371272219344974	0.013510435819625854
ABCA4_9eb5496bd8df2c8e	163	2	1	0.018292682926829285	0.0015064682811498642	0.016693711280822754
ABCA4_9ec2a966379f42bd	159	1	4	0.030674846625766916	0.001339880283921957	0.017728358507156372
ABCA4_9edec8f9e834a67d	166	4	0	0.02409638554216864	0.0009657941409386694	0.012950122356414795
ABCA4_9f39ccb764b7a120	164	2	0	0.012195121951219523	0.0006990309921093285	0.011235162615776062
ABCA4_9f599b5978d71999	165	3	0	0.018181818181818188	0.0006822283030487597	0.008883833885192871
ABCA4_9f5b6a5c5288eade	162	2	2	0.024390243902439046	0.0011859462829306722	0.016532689332962036
ABCA4_9f654a03c148481b	161	1	2	0.018404907975460127	0.0012647619005292654	0.014638662338256836
ABCA4_9f6af7609f5446ca	161	1	2	0.018404907975460127	0.0013546294067054987	0.018641918897628784
ABCA4_9fde974b451cba14	164	3	1	0.024242424242424288	0.0011021198006346822	0.014838442206382751
ABCA4_9ffa38e65b6433fe	159	0	3	0.01851851851851849	0.0010334101971238852	0.01122024655342102
ABCA4_a01664a943f364ad	162	2	2	0.024390243902439046	0.0012149043614044785	0.01775360107421875
ABCA4_a0362f455fef7564	168	6	0	0.0357142857142857	0.0011473558843135834	0.014214396476745605
ABCA4_a06612695422c16a	162	1	1	0.012269938650306789	0.0010180851677432656	0.012611597776412964
ABCA4_a07fe8f5392ea66f	163	2	1	0.018292682926829285	0.001409670920111239	0.01647341251373291
ABCA4_a0826fb40acf07e5	167	5	0	0.029940119760479056	0.0014021731913089752	0.02002650499343872
ABCA4_a08924b9ae7a8922	163	3	2	0.030303030303030276	0.0014750544214621186	0.018360674381256104
ABCA4_a08dc17125640f9b	159	1	4	0.030674846625766916	0.0011557054240256548	0.01504090428352356
ABCA4_a08ee18f3c4765cb	155	0	7	0.043209876543209846	0.0020080346148461103	0.02490544319152832
ABCA4_a17f0992a1857338	158	0	4	0.024691358024691357	0.001331738312728703	0.01305156946182251
ABCA4_a185a68bea3581c5	163	1	0	0.006134969325153339	0.0007365397759713233	0.009735241532325745
ABCA4_a1a580ba9ee72b5b	161	0	1	0.006172839506172867	0.0009916785638779402	0.009247004985809326
ABCA4_a1a6c6b77b01f696	155	0	7	0.043209876543209846	0.0011411901796236634	0.014355674386024475
ABCA4_a220d13ae4748c0c	160	0	2	0.012345679012345734	0.001126040006056428	0.014353662729263306
ABCA4_a264b43569d85a38	168	7	1	0.047337278106508895	0.0019318482372909784	0.021281659603118896
ABCA4_a26e5e26abb9c15d	168	6	0	0.0357142857142857	0.0019671814516186714	0.02373790740966797
ABCA4_a26f4c89df4faab8	165	4	1	0.030120481927710885	0.0013107145205140114	0.01611614227294922
ABCA4_a2b982d55a7abc69	162	1	1	0.012269938650306789	0.0015682853991165757	0.016790658235549927
ABCA4_a30217206d600ece	162	1	1	0.012269938650306789	0.0011937066446989775	0.01574885845184326
ABCA4_a3453c0473252673	159	0	3	0.01851851851851849	0.0017987018218263984	0.021746695041656494
ABCA4_a354f311f0a6cf1c	161	1	2	0.018404907975460127	0.0012189042754471302	0.018009215593338013
ABCA4_a36ba9e59c9f1bec	162	1	1	0.012269938650306789	0.0008978507248684764	0.011089473962783813
ABCA4_a39dae485e28bdfb	165	3	0	0.018181818181818188	0.0008556987158954144	0.009450256824493408
ABCA4_a3be591a6aec4f6f	160	1	3	0.024539877300613466	0.0007860345649532974	0.010413050651550293
ABCA4_a3c53fd645fbe50c	161	1	2	0.018404907975460127	0.0010419778991490602	0.010752320289611816
ABCA4_a3ceedfde20c833d	161	2	3	0.030487804878048808	0.0012615156592801213	0.02025444805622101
ABCA4_a4117b4b2f6ff8e0	162	2	2	0.024390243902439046	0.0010738304117694497	0.012805402278900146
ABCA4_a43cabc59a1f9630	167	5	0	0.029940119760479056	0.0009615268791094422	0.011071592569351196
ABCA4_a4400739c33bddce	205	43	0	0.20975609756097557	0.006696055643260479	0.07554882764816284
ABCA4_a47c9905c7ec4938	162	1	1	0.012269938650306789	0.0008973110234364867	0.011092156171798706
ABCA4_a487e502aa516fe2	164	2	0	0.012195121951219523	0.0008908864692784846	0.013562768697738647
ABCA4_a48ae0a50224d8a5	165	3	0	0.018181818181818188	0.0008801285293884575	0.009818851947784424
ABCA4_a4d4d114daa15221	165	3	0	0.018181818181818188	0.0013270489871501923	0.015699028968811035
ABCA4_a4eb86df72896031	166	4	0	0.02409638554216864	0.001050929888151586	0.013824090361595154
ABCA4_a4f806bee820d61d	165	3	0	0.018181818181818188	0.001076804008334875	0.017595410346984863
ABCA4_a4fc6daa082000e3	166	4	0	0.02409638554216864	0.0008861764799803495	0.010534524917602539
ABCA4_a500f5e12d2b43f8	159	1	4	0.030674846625766916	0.0011115039233118296	0.014512628316879272
ABCA4_a5306236166f9f34	165	3	0	0.018181818181818188	0.0007959610666148365	0.011304333806037903
ABCA4_a535886f3b8295bc	164	3	1	0.024242424242424288	0.0013448299141600728	0.01776006817817688
ABCA4_a5448cb0bf8fd2df	166	4	0	0.02409638554216864	0.0009222447406500578	0.010926604270935059
ABCA4_a55ae46ea51dd132	157	1	6	0.042944785276073594	0.0014147097244858742	0.014241218566894531
ABCA4_a59781e2f2cf6c1e	164	2	0	0.012195121951219523	0.000841516419313848	0.009276032447814941
ABCA4_a59d5149590893ae	166	4	0	0.02409638554216864	0.001547071966342628	0.01957148313522339
ABCA4_a59f1371ab9cf9ce	167	5	0	0.029940119760479056	0.0011515070218592882	0.015509188175201416
ABCA4_a5ab7230129a6fa9	166	4	0	0.02409638554216864	0.0008531183120794594	0.010718047618865967
ABCA4_a5ab959bf25878aa	165	3	0	0.018181818181818188	0.0011280919425189495	0.012898564338684082
ABCA4_a5bfa76315cb9b54	157	0	5	0.030864197530864224	0.0016334467800334096	0.02093297243118286
ABCA4_a5fcc6c625701f9d	167	5	0	0.029940119760479056	0.000988184823654592	0.01229715347290039
ABCA4_a5fec7390de0bb73	158	0	4	0.024691358024691357	0.0011212336830794811	0.013755738735198975
ABCA4_a652453af91ec241	162	1	1	0.012269938650306789	0.0007628911407664418	0.01012362539768219
ABCA4_a699ca3000f28025	162	0	0	0.0	0.0008951341733336449	0.01017811894416809
ABCA4_a6a2020604d92f04	162	2	2	0.024390243902439046	0.0012781030964106321	0.014857828617095947
ABCA4_a70ba9ea7a0425a2	166	4	0	0.02409638554216864	0.0014939827378839254	0.01796865463256836
ABCA4_a72365eb794bf178	158	0	4	0.024691358024691357	0.0010654883226379752	0.013624072074890137
ABCA4_a7895bb6e09ad26a	165	3	0	0.018181818181818188	0.000693031121045351	0.008629024028778076
ABCA4_a78a3db4016ab062	160	1	3	0.024539877300613466	0.000979317119345069	0.011176526546478271
ABCA4_a78c79a1dd694067	161	1	2	0.018404907975460127	0.0012022971641272306	0.014047205448150635
ABCA4_a79b4fea2ea3920e	162	1	1	0.012269938650306789	0.0011883913539350033	0.015001118183135986
ABCA4_a7a7f17f95c9efab	156	0	6	0.03703703703703709	0.001526630250737071	0.016601860523223877
ABCA4_a7a8430826daa8b6	167	6	1	0.04166666666666663	0.0026954570785164833	0.037872642278671265
ABCA4_a7f2ac9b67e305d8	160	0	2	0.012345679012345734	0.0009621420176699758	0.012880310416221619
ABCA4_a80ec57aa5a8134f	161	1	2	0.018404907975460127	0.0009153092978522182	0.01173582673072815
ABCA4_a8219b47f0150a56	164	2	0	0.012195121951219523	0.0009159886976704001	0.0133514404296875
ABCA4_a86e9d30700c5d80	160	1	3	0.024539877300613466	0.0016939117340371013	0.01915690302848816
ABCA4_a888fd187ab56702	165	4	1	0.030120481927710885	0.0015089467633515596	0.019919514656066895
ABCA4_a88fdcee88016269	161	2	3	0.030487804878048808	0.0007025965605862439	0.010850101709365845
ABCA4_a8ed525f8249db24	165	4	1	0.030120481927710885	0.0015009688213467598	0.021824419498443604
ABCA4_a95bc8b3d5669b17	157	1	6	0.042944785276073594	0.0016463123029097915	0.022369086742401123
ABCA4_a95eb7c6fa776c70	164	2	0	0.012195121951219523	0.0008430630550719798	0.011558890342712402
ABCA4_a95ff4263e47c1cf	162	1	1	0.012269938650306789	0.0009585035732015967	0.012241214513778687
ABCA4_a98cb500c1fac556	168	6	0	0.0357142857142857	0.0012126148212701082	0.016885995864868164
ABCA4_a9a79bb1f8dc3258	165	3	0	0.018181818181818188	0.0014227208448573947	0.021070897579193115
ABCA4_a9b9477676f18f7d	165	4	1	0.030120481927710885	0.001341490657068789	0.01609426736831665
ABCA4_a9fd5e278729299b	158	0	4	0.024691358024691357	0.001155942678451538	0.014379501342773438
ABCA4_aa09a9663a5b29b1	164	2	0	0.012195121951219523	0.0008995805401355028	0.011554718017578125
ABCA4_aa21f1c8ca3c784c	166	4	0	0.02409638554216864	0.000791989965364337	0.012060031294822693
ABCA4_aa2403e507e7473d	163	3	2	0.030303030303030276	0.001301115145906806	0.016262412071228027
ABCA4_aa28b81faf9b987e	167	5	0	0.029940119760479056	0.0009999657049775124	0.01415342092514038
ABCA4_aa7947ddfc1d47ed	168	6	0	0.0357142857142857	0.001207201974466443	0.01634514331817627
ABCA4_aa86ab6bfe3a57ee	165	3	0	0.018181818181818188	0.0009760847897268832	0.013971388339996338
ABCA4_aa8b97d81c5985ec	163	1	0	0.006134969325153339	0.0006609586998820305	0.00726926326751709
ABCA4_aada4a1fbf0283a5	162	1	1	0.012269938650306789	0.0006097861332818866	0.006580650806427002
ABCA4_ab65d3aa558a924f	163	1	0	0.006134969325153339	0.0005290029803290963	0.006412118673324585
ABCA4_ab8fb972d95b587b	161	1	2	0.018404907975460127	0.0007117717177607119	0.01012362539768219
ABCA4_abbec84c07d9a53a	162	1	1	0.012269938650306789	0.0009884516475722194	0.012662678956985474
ABCA4_abc198161b2e8dd1	163	2	1	0.018292682926829285	0.0007350024534389377	0.010578244924545288
ABCA4_abeef242a2f458a6	165	4	1	0.030120481927710885	0.0017848532879725099	0.02254381775856018
ABCA4_ac1580e3777a3bca	164	5	3	0.04790419161676651	0.0028928921092301607	0.032654523849487305
ABCA4_ac35c48ebe79d3d7	166	4	0	0.02409638554216864	0.0008442157995887101	0.00842750072479248
ABCA4_ac544b7416b43919	170	8	0	0.04705882352941182	0.0026518278755247593	0.035865604877471924
ABCA4_ac78d180f606991f	166	4	0	0.02409638554216864	0.0011251833057031035	0.015330493450164795
ABCA4_aca74d21da900f91	163	3	2	0.030303030303030276	0.0025110850110650063	0.03479558229446411
ABCA4_acb5b0e9cd23a3a6	166	4	0	0.02409638554216864	0.0009789092000573874	0.014713197946548462
ABCA4_accc45c7487fdb2c	161	2	3	0.030487804878048808	0.0012115695280954242	0.01714181900024414
ABCA4_ad2e36683a04f37d	160	1	3	0.024539877300613466	0.000762859417591244	0.010248661041259766
ABCA4_ad3a9bdc05bae203	162	1	1	0.012269938650306789	0.0006301361718215048	0.008036583662033081
ABCA4_ad635ecc8dc19c86	164	3	1	0.024242424242424288	0.0008054752834141254	0.015079706907272339
ABCA4_ad6c74ddabac1824	160	3	5	0.048484848484848464	0.0010540110524743795	0.015079706907272339
ABCA4_ad72b9222b523446	166	4	0	0.02409638554216864	0.0010306150652468204	0.013206034898757935
ABCA4_adad36e34dcabc4f	162	2	2	0.024390243902439046	0.0012768397573381662	0.018987298011779785
ABCA4_add2fa7081369c50	167	5	0	0.029940119760479056	0.0013544257963076234	0.01712930202484131
ABCA4_adda001543516634	166	4	0	0.02409638554216864	0.0011996305547654629	0.014723479747772217
ABCA4_ae2058f1df70f182	163	1	0	0.006134969325153339	0.0006706497515551746	0.009296655654907227
ABCA4_ae30d2eb7a8aeac0	162	1	1	0.012269938650306789	0.0007462604553438723	0.008457869291305542
ABCA4_ae41f297494245c2	163	1	0	0.006134969325153339	0.0010461596539244056	0.011853575706481934
ABCA4_ae49d825fdad6ca6	162	1	1	0.012269938650306789	0.0007959024515002966	0.011851370334625244
ABCA4_ae76238892fa1573	164	2	0	0.012195121951219523	0.0009998929454013705	0.01219850778579712
ABCA4_ae9a11fd6115d79e	163	2	1	0.018292682926829285	0.0008686934015713632	0.014355674386024475
ABCA4_aeceae1d45797988	167	5	0	0.029940119760479056	0.0009320933022536337	0.01188814640045166
ABCA4_aed66989e689bf28	166	4	0	0.02409638554216864	0.0010456513846293092	0.012781798839569092
ABCA4_aedc8fe3591141dc	163	1	0	0.006134969325153339	0.0006740917451679707	0.007538974285125732
ABCA4_aeec4e384f071301	166	5	1	0.0359281437125748	0.001542640384286642	0.019260287284851074
ABCA4_af1b93689682c3be	167	5	0	0.029940119760479056	0.0011198301799595356	0.012677609920501709
ABCA4_af1d8dc1dd222554	161	1	2	0.018404907975460127	0.0008323214715346694	0.011282891035079956
ABCA4_af584c2b6e4d25cf	163	2	1	0.018292682926829285	0.0005646520294249058	0.0078660249710083
ABCA4_af5d31d1051138bf	162	2	2	0.024390243902439046	0.0014418220380321145	0.01516413688659668
ABCA4_afbbb9dec54d0274	161	1	2	0.018404907975460127	0.001013130764476955	0.01077219843864441
ABCA4_afd22d986c9a7384	167	5	0	0.029940119760479056	0.0012470412766560912	0.017629683017730713
ABCA4_afe875330b4b0bb2	165	3	0	0.018181818181818188	0.0007738920394331217	0.009960412979125977
ABCA4_b01b11fb485901d6	160	1	3	0.024539877300613466	0.0012632297584787011	0.016800731420516968
ABCA4_b09fd85ab5ae5953	165	3	0	0.018181818181818188	0.0006242612726055086	0.008485019207000732
ABCA4_b0a02e4b1d7e80fc	166	4	0	0.02409638554216864	0.0010962974047288299	0.011157989501953125
ABCA4_b0b5ffeec925b20e	161	0	1	0.006172839506172867	0.0012967350194230676	0.013885021209716797
ABCA4_b0da872427ea97ad	168	6	0	0.0357142857142857	0.0011860360391438007	0.01773172616958618
ABCA4_b14ae347e9570fd8	166	4	0	0.02409638554216864	0.0012471131049096584	0.018653273582458496
ABCA4_b16c6aaf0cf31307	162	0	0	0.0	0.0007614904316142201	0.010391294956207275
ABCA4_b1897f247898db09	154	1	9	0.06134969325153372	0.0016706547467038035	0.01918816566467285
ABCA4_b1946ff63e64d711	164	2	0	0.012195121951219523	0.0008967393077909946	0.010089248418807983
ABCA4_b1abdc13684ba5e4	163	2	1	0.018292682926829285	0.0012530439998954535	0.017979204654693604
ABCA4_b1d8e68a651538b2	163	2	1	0.018292682926829285	0.0010593350743874907	0.015074551105499268
ABCA4_b1fc9361387efaaa	165	3	0	0.018181818181818188	0.0009512734832242131	0.009440332651138306
ABCA4_b2045b0ce5ea329e	166	4	0	0.02409638554216864	0.0010402898769825697	0.012410074472427368
ABCA4_b21c2a22aa4775c3	162	2	2	0.024390243902439046	0.0012789402389898896	0.013962328433990479
ABCA4_b21fcf08ab87e931	162	0	0	0.0	0.0008710154797881842	0.01080244779586792
ABCA4_b2424b1b35df6b8f	157	0	5	0.030864197530864224	0.0013425141805782914	0.015306234359741211
ABCA4_b25ede41244aae82	168	6	0	0.0357142857142857	0.0012979861348867416	0.01481771469116211
ABCA4_b308adbc391585e1	165	3	0	0.018181818181818188	0.0009190920391120017	0.013316810131072998
ABCA4_b355367ac1be7d7d	163	1	0	0.006134969325153339	0.000734411645680666	0.008273899555206299
ABCA4_b35d3ecf0781afd4	168	6	0	0.0357142857142857	0.002633738797158003	0.029313206672668457
ABCA4_b3b2f63459cc26b0	164	2	0	0.012195121951219523	0.0008980605052784085	0.011849045753479004
ABCA4_b3ba5c403a224a73	165	3	0	0.018181818181818188	0.0009069961961358786	0.009641110897064209
ABCA4_b3c650e9dcafd985	163	2	1	0.018292682926829285	0.0015323079423978925	0.0198613703250885
ABCA4_b3dd2185950c80d2	163	2	1	0.018292682926829285	0.0014085321454331279	0.014665663242340088
ABCA4_b3e9dd58def8923c	167	5	0	0.029940119760479056	0.0010854374850168824	0.011912733316421509
ABCA4_b4771b752a4e6e99	161	2	3	0.030487804878048808	0.0012985127978026867	0.015944719314575195
ABCA4_b50627fd8dd45fe3	165	4	1	0.030120481927710885	0.0011642944300547242	0.013187706470489502
ABCA4_b50864e1f37ed202	162	1	1	0.012269938650306789	0.0012824222212657332	0.017221510410308838
ABCA4_b5213ef52bc3ad2b	165	3	0	0.018181818181818188	0.0009210984571836889	0.011334195733070374
ABCA4_b544d6a9441ef90b	156	0	6	0.03703703703703709	0.001526626874692738	0.018781304359436035
ABCA4_b5602324149ac34e	168	6	0	0.0357142857142857	0.001292581669986248	0.014932483434677124
ABCA4_b5aedac18504030d	162	1	1	0.012269938650306789	0.0010551781160756946	0.013042449951171875
ABCA4_b68eb42a193b540c	163	2	1	0.018292682926829285	0.0010318569839000702	0.01481938362121582
ABCA4_b6a24f8815505e80	157	0	5	0.030864197530864224	0.0012866074685007334	0.012754082679748535
ABCA4_b6c4b7d92222be18	163	3	2	0.030303030303030276	0.001093848142772913	0.01654970645904541
ABCA4_b6e7f8121244949a	167	5	0	0.029940119760479056	0.0016198246739804745	0.018629640340805054
ABCA4_b6f3f3b0d32abea2	165	4	1	0.030120481927710885	0.0010932107688859105	0.014117240905761719
ABCA4_b70cdbbedf1653ff	161	1	2	0.018404907975460127	0.0009552992414683104	0.010363370180130005
ABCA4_b71ec569a3807790	170	8	0	0.04705882352941182	0.002177400281652808	0.02702707052230835
ABCA4_b722b75e3cefec8f	158	1	5	0.036809815950920255	0.0013613349292427301	0.01589295268058777
ABCA4_b76fd8aad4381006	162	2	2	0.024390243902439046	0.001136608887463808	0.015946537256240845
ABCA4_b7af520a397a903d	160	0	2	0.012345679012345734	0.0009434506064280868	0.010262072086334229
ABCA4_b7d3009f27f6758c	151	0	11	0.0679012345679012	0.0017001813976094127	0.0234183669090271
ABCA4_b7fab3536b423434	166	4	0	0.02409638554216864	0.0011280103353783488	0.014479458332061768
ABCA4_b851f9b1122af5a9	154	0	8	0.04938271604938271	0.0013626659056171775	0.017733871936798096
ABCA4_b89cf90718464825	161	0	1	0.006172839506172867	0.0008030380704440176	0.010143011808395386
ABCA4_b89e7e9a438305c3	165	3	0	0.018181818181818188	0.0009480893495492637	0.012315750122070312
ABCA4_b89fee79c2b10ef0	161	1	2	0.018404907975460127	0.001055207452736795	0.01401570439338684
ABCA4_b8a01619f4e49b8a	162	1	1	0.012269938650306789	0.0010262426221743226	0.014803290367126465
ABCA4_b8b1113a046bd8e3	158	1	5	0.036809815950920255	0.0015416359528899193	0.02126258611679077
ABCA4_b8b90fa41e82b1d1	166	4	0	0.02409638554216864	0.0009597792522981763	0.010852038860321045
ABCA4_b8c75ea4301e26f3	163	1	0	0.006134969325153339	0.0011006270069628954	0.012329965829849243
ABCA4_b8ea6f9379545fdc	164	3	1	0.024242424242424288	0.0011137104593217373	0.012299448251724243
ABCA4_b90d5c2e86b1b9f5	166	4	0	0.02409638554216864	0.0011443616822361946	0.013017922639846802
ABCA4_b95eab34d091a58a	165	3	0	0.018181818181818188	0.0015788038726896048	0.018673300743103027
ABCA4_b98f0987e5d999db	163	1	0	0.006134969325153339	0.0008933758945204318	0.011575430631637573
ABCA4_b9a6a8d30f90c7c3	166	4	0	0.02409638554216864	0.0009343557176180184	0.010049164295196533
ABCA4_b9c7c3cf28e67dc5	160	1	3	0.024539877300613466	0.0010895496234297752	0.011907786130905151
ABCA4_b9e5e96756a3dc37	162	1	1	0.012269938650306789	0.0010245208395645022	0.01222449541091919
ABCA4_ba6abca9b757a791	157	0	5	0.030864197530864224	0.0011198873398825526	0.01615196466445923
ABCA4_ba76e0ead6fe3299	158	0	4	0.024691358024691357	0.0010089910356327891	0.013742685317993164
ABCA4_bac43db3f02bb5b8	167	5	0	0.029940119760479056	0.0011059598764404655	0.013649582862854004
ABCA4_bac70513b5620408	162	2	2	0.024390243902439046	0.0016324601601809263	0.02252417802810669
ABCA4_baf804ed2530f396	164	2	0	0.012195121951219523	0.0008141720900312066	0.011795759201049805
ABCA4_bb224d05466abb42	167	5	0	0.029940119760479056	0.001010091626085341	0.010223388671875
ABCA4_bb6bb9448acae506	162	1	1	0.012269938650306789	0.000851278833579272	0.010515868663787842
ABCA4_bb7f1b742767af90	164	3	1	0.024242424242424288	0.0007249026093631983	0.01037532091140747
ABCA4_bba140a0930ed0f0	168	6	0	0.0357142857142857	0.0029118398670107126	0.040614306926727295
ABCA4_bbc472a975a3307e	155	0	7	0.043209876543209846	0.001600029063411057	0.019918709993362427
ABCA4_bbde9c69ac8c026e	165	4	1	0.030120481927710885	0.0008032815530896187	0.010850101709365845
ABCA4_bbeded682cc4db0a	161	1	2	0.018404907975460127	0.0009318235097452998	0.012018740177154541
ABCA4_bc07944e46cd633b	164	2	0	0.012195121951219523	0.000884094275534153	0.0111522376537323
ABCA4_bc0f17d29fbb99a4	166	4	0	0.02409638554216864	0.0013136595953255892	0.019364595413208008
ABCA4_bc31bec8e1bbd934	167	5	0	0.029940119760479056	0.0020609181374311447	0.027743399143218994
ABCA4_bc38ed270d8b9bb7	160	0	2	0.012345679012345734	0.0010094805620610714	0.012634426355361938
ABCA4_bc97ca4dac9b29ad	167	5	0	0.029940119760479056	0.0013957873452454805	0.016859054565429688
ABCA4_bcfcd32a061610f6	165	3	0	0.018181818181818188	0.0008897188236005604	0.011635422706604004
ABCA4_bd1702f9010f267b	157	1	6	0.042944785276073594	0.0012687687994912267	0.012401372194290161
ABCA4_bd2c272a88f76a72	162	2	2	0.024390243902439046	0.0009978556772693992	0.013958871364593506
ABCA4_bd7d475ae1cf506d	167	5	0	0.029940119760479056	0.00171465496532619	0.026723027229309082
ABCA4_bd8aa4be2e7da5b2	160	1	3	0.024539877300613466	0.0012769715394824743	0.018406212329864502
ABCA4_bdbb91edf6c6d6f3	167	5	0	0.029940119760479056	0.0012755010975524783	0.015562593936920166
ABCA4_bdd110dcb1fabe5a	164	2	0	0.012195121951219523	0.001283542369492352	0.013900697231292725
ABCA4_be24896c6f2fb903	156	1	7	0.049079754601227044	0.0017256232677027583	0.02273416519165039
ABCA4_be2b90b7697101da	160	1	3	0.024539877300613466	0.0013432548148557544	0.01378023624420166
ABCA4_be2d2782401492f1	165	3	0	0.018181818181818188	0.0010213759960606694	0.011488795280456543
ABCA4_be549a48a56f63c0	162	2	2	0.024390243902439046	0.0010228940518572927	0.017730504274368286
ABCA4_be5c62654af9e50d	167	5	0	0.029940119760479056	0.0011916812509298325	0.01792466640472412
ABCA4_be85b82001d04aa1	157	0	5	0.030864197530864224	0.0012298969086259604	0.016255199909210205
ABCA4_be9052bdd1454fc1	163	2	1	0.018292682926829285	0.0008376212208531797	0.014197200536727905
ABCA4_be9e617d55493e0e	162	2	2	0.024390243902439046	0.002011323580518365	0.028093338012695312
ABCA4_bea908de44acf5a2	165	4	1	0.030120481927710885	0.0013227822491899133	0.019176125526428223
ABCA4_bedd74514b717a10	163	1	0	0.006134969325153339	0.000540242763236165	0.007699370384216309
ABCA4_bf09c27f05ef01d2	160	0	2	0.012345679012345734	0.0008769987034611404	0.009397625923156738
ABCA4_bf359615b325b52c	160	0	2	0.012345679012345734	0.000884002132806927	0.008617937564849854
ABCA4_bf4e4d25e024aee0	160	2	4	0.03658536585365857	0.0008571271318942308	0.010320276021957397
ABCA4_bfa36f84082b6e14	164	2	0	0.012195121951219523	0.0010134741896763444	0.010269641876220703
ABCA4_bfbb92e26b44f4fe	164	2	0	0.012195121951219523	0.0005746528622694314	0.007496654987335205
ABCA4_bfc15b4c1ed9612b	170	10	2	0.06976744186046513	0.003994582686573267	0.058614373207092285
ABCA4_bfcdaab909cafbe5	160	0	2	0.012345679012345734	0.0011766114039346576	0.01334691047668457
ABCA4_bfdc980c525f33b6	165	3	0	0.018181818181818188	0.0007708018529228866	0.010897397994995117
ABCA4_c0226dfd9d0bec01	157	0	5	0.030864197530864224	0.0010437362361699343	0.011312931776046753
ABCA4_c03ee96cd0bb0511	166	4	0	0.02409638554216864	0.0017863542307168245	0.020206481218338013
ABCA4_c074141845d758d4	165	3	0	0.018181818181818188	0.0008662387263029814	0.009512066841125488
ABCA4_c0862286aebf7a2d	166	5	1	0.0359281437125748	0.0015383572317659855	0.018511682748794556
ABCA4_c086261c1a08528e	166	4	0	0.02409638554216864	0.0007307238993234932	0.010320112109184265
ABCA4_c0bc4ca82e8990a7	168	6	0	0.0357142857142857	0.001830273075029254	0.02637156844139099
ABCA4_c0db17c3f6eb75e4	162	1	1	0.012269938650306789	0.0008612965466454625	0.012664556503295898
ABCA4_c0e51a8face1621e	158	1	5	0.036809815950920255	0.001166843925602734	0.012508988380432129
ABCA4_c0f40a5f64b7a7ee	162	1	1	0.012269938650306789	0.0009905267506837845	0.013103663921356201
ABCA4_c0fe6fc68b28643a	158	1	5	0.036809815950920255	0.0007557300850749016	0.012471228837966919
ABCA4_c16396a29d9b7d90	163	1	0	0.006134969325153339	0.0011628656648099422	0.014604687690734863
ABCA4_c1685431fe70dc63	154	0	8	0.04938271604938271	0.0011131768114864826	0.015992075204849243
ABCA4_c171cd2f2bd2f4b6	167	5	0	0.029940119760479056	0.0010420039761811495	0.014359384775161743
ABCA4_c197b6f78e501b3d	154	0	8	0.04938271604938271	0.004286173265427351	0.03780531883239746
ABCA4_c1b4ddc5d5cfbf12	164	2	0	0.012195121951219523	0.0009255629265680909	0.012460678815841675
ABCA4_c1d6393543811480	162	1	1	0.012269938650306789	0.0013316049007698894	0.01565888524055481
ABCA4_c1fb9e4050f3c24a	167	5	0	0.029940119760479056	0.0018316680798307061	0.019977569580078125
ABCA4_c26205c375a6357e	162	0	0	0.0	0.0011470922036096454	0.01778271794319153
ABCA4_c2ef844fa32c2750	157	0	5	0.030864197530864224	0.001046587130986154	0.014383822679519653
ABCA4_c315971a3afc6508	162	1	1	0.012269938650306789	0.0011115171946585178	0.012939438223838806
ABCA4_c3322363d9ab3f64	162	1	1	0.012269938650306789	0.0007323441095650196	0.010417357087135315
ABCA4_c372c52d83c99a6e	162	2	2	0.024390243902439046	0.0014386363327503204	0.015927374362945557
ABCA4_c3a851d83b14d87b	159	1	4	0.030674846625766916	0.0017913479823619127	0.02532857656478882
ABCA4_c3a88a8819db033f	161	1	2	0.018404907975460127	0.00122640875633806	0.015469759702682495
ABCA4_c3abd4b9e656ce95	168	6	0	0.0357142857142857	0.0014437930658459663	0.01631718873977661
ABCA4_c3b3c17b463e43db	165	3	0	0.018181818181818188	0.000768359808716923	0.009474605321884155
ABCA4_c3d8b362d10ccfef	163	1	0	0.006134969325153339	0.0007872117566876113	0.00969916582107544
ABCA4_c3e1436120d39810	166	4	0	0.02409638554216864	0.0012810707557946444	0.017980903387069702
ABCA4_c3e79ddbe121f28a	163	1	0	0.006134969325153339	0.0005579759017564356	0.0069713294506073
ABCA4_c41181225d84db01	164	4	2	0.03614457831325302	0.0007979876245371997	0.010341823101043701
ABCA4_c425e84e1848c589	156	0	6	0.03703703703703709	0.0012560400646179914	0.013622701168060303
ABCA4_c42ea602377d6bf5	160	1	3	0.024539877300613466	0.0011361477663740516	0.01693624258041382
ABCA4_c475f457ccfeac11	163	2	1	0.018292682926829285	0.000903809501323849	0.011089116334915161
ABCA4_c49b460cc396b5f5	164	2	0	0.012195121951219523	0.0011669779196381569	0.014106780290603638
ABCA4_c4a8499ee3431428	163	2	1	0.018292682926829285	0.0013324965257197618	0.018906831741333008
ABCA4_c4b04317617a0c4c	165	3	0	0.018181818181818188	0.000579509069211781	0.006820052862167358
ABCA4_c4b3a6c0da25831e	167	5	0	0.029940119760479056	0.0012954451376572251	0.014148890972137451
ABCA4_c4c6d2f4101e1bbf	168	6	0	0.0357142857142857	0.0016507647233083844	0.024600446224212646
ABCA4_c4e0861ab8c7f627	166	4	0	0.02409638554216864	0.0012746044667437673	0.016901105642318726
ABCA4_c510e9fdebdf5e0f	162	1	1	0.012269938650306789	0.0012664395617321134	0.012555599212646484
ABCA4_c535c20c2f38b5be	164	2	0	0.012195121951219523	0.0007585259736515582	0.00976058840751648
ABCA4_c564b347591c49a5	163	2	1	0.018292682926829285	0.0008933776989579201	0.010799258947372437
ABCA4_c56ab66d09198ad2	166	4	0	0.02409638554216864	0.000857921433635056	0.01028713583946228
ABCA4_c5b0481e5ad6b632	165	3	0	0.018181818181818188	0.0011070878244936466	0.01358860731124878
ABCA4_c60a8c01155991ef	159	0	3	0.01851851851851849	0.0012072711251676083	0.01601797342300415
ABCA4_c626c6e1d4dc19d5	164	3	1	0.024242424242424288	0.0009264323743991554	0.011733919382095337
ABCA4_c62d2f76c9e6d4e9	163	3	2	0.030303030303030276	0.0011777632171288133	0.016460150480270386
ABCA4_c65185e341ebe5b9	160	1	3	0.024539877300613466	0.0016723223961889744	0.021136879920959473
ABCA4_c6563c386d41a545	161	1	2	0.018404907975460127	0.0011277126614004374	0.014091521501541138
ABCA4_c68a762d87c433f6	164	2	0	0.012195121951219523	0.0008913908968679607	0.011328279972076416
ABCA4_c694a3373bec7460	164	2	0	0.012195121951219523	0.0010815132409334183	0.013922005891799927
ABCA4_c69a15759ca342ef	170	8	0	0.04705882352941182	0.0024498477578163147	0.033458441495895386
ABCA4_c6bf6adea6f449f1	164	2	0	0.012195121951219523	0.0007590401801280677	0.008714377880096436
ABCA4_c76b37883507858c	159	0	3	0.01851851851851849	0.0012879724381491542	0.01322627067565918
ABCA4_c7727caa1d0e6a42	163	2	1	0.018292682926829285	0.0011587520129978657	0.014648795127868652
ABCA4_c7c2e0b2b3e17315	167	5	0	0.029940119760479056	0.0014354520244523883	0.018472790718078613
ABCA4_c7cd33455502ff2c	164	2	0	0.012195121951219523	0.00080685323337093	0.010607987642288208
ABCA4_c821fc01698df165	158	0	4	0.024691358024691357	0.0018499370198696852	0.02959318459033966
ABCA4_c8827372696501e9	165	3	0	0.018181818181818188	0.0014117020182311535	0.01822754740715027
ABCA4_c8cb0644d3a50ffd	162	1	1	0.012269938650306789	0.0009271706803701818	0.00940212607383728
ABCA4_c93a1b0f54ba6980	163	1	0	0.006134969325153339	0.0007697576656937599	0.00852423906326294
ABCA4_c95db0f259fcb3cc	161	2	3	0.030487804878048808	0.0015138317830860615	0.020017683506011963
ABCA4_c97ba7fe848b665f	163	2	1	0.018292682926829285	0.0015268418937921524	0.01871582865715027
ABCA4_c985c607c9b24734	163	2	1	0.018292682926829285	0.0011830191360786557	0.015530705451965332
ABCA4_c9876e765e10e2e2	164	2	0	0.012195121951219523	0.0011355769820511341	0.01653134822845459
ABCA4_ca8e83ccb0ab549f	168	6	0	0.0357142857142857	0.0010361827444285154	0.013711810111999512
ABCA4_ca903724593507c4	167	5	0	0.029940119760479056	0.0014279360184445977	0.0184175968170166
ABCA4_cb058cb3e4f1eebb	168	6	0	0.0357142857142857	0.0015060538426041603	0.016993969678878784
ABCA4_cb0912d57318570d	162	2	2	0.024390243902439046	0.0008588787750340998	0.01089969277381897
ABCA4_cb2424e8d70f41f3	164	3	1	0.024242424242424288	0.0014942195266485214	0.02248990535736084
ABCA4_cb26df522de86892	163	1	0	0.006134969325153339	0.001287858933210373	0.017913758754730225
ABCA4_cb326b48eed29480	166	4	0	0.02409638554216864	0.0016858094604685903	0.02185213565826416
ABCA4_cb50c1b99e6bc7a2	165	3	0	0.018181818181818188	0.0010032253339886665	0.011289894580841064
ABCA4_cb5798f5e51c63af	163	2	1	0.018292682926829285	0.0012003256706520915	0.016157865524291992
ABCA4_cb5b6065de08463f	158	1	5	0.036809815950920255	0.0010272337822243571	0.01154947280883789
ABCA4_cb68fe59ef7d6902	166	4	0	0.02409638554216864	0.0008929026662372053	0.01079559326171875
ABCA4_cb738a949150bbba	162	1	1	0.012269938650306789	0.000958240358158946	0.01218944787979126
ABCA4_cb8c6627376260ad	159	1	4	0.030674846625766916	0.001238925033248961	0.014049768447875977
ABCA4_cb933c9cf30790b0	163	1	0	0.006134969325153339	0.0006777963135391474	0.00853043794631958
ABCA4_cbcfa337e8515bd2	159	0	3	0.01851851851851849	0.0011097162496298552	0.013261079788208008
ABCA4_cc450bc17f6ba1b6	166	4	0	0.02409638554216864	0.0013624272542074323	0.0179978609085083
ABCA4_cc4fcca6be35ac10	159	2	5	0.04268292682926833	0.0009920764714479446	0.012971043586730957
ABCA4_cc5148c89b0c9a6a	167	5	0	0.029940119760479056	0.001301598735153675	0.018284261226654053
ABCA4_cc9d85df2a2bb95a	166	4	0	0.02409638554216864	0.0013126893900334835	0.017205893993377686
ABCA4_cca33b8b99b94239	163	2	1	0.018292682926829285	0.0011361819924786687	0.014250218868255615
ABCA4_ccc8744157fc3992	153	0	9	0.05555555555555558	0.0015169839607551694	0.017722517251968384
ABCA4_cce395f572dc1cba	167	5	0	0.029940119760479056	0.0009138808236457407	0.012394130229949951
ABCA4_cd0486660044adf9	160	2	4	0.03658536585365857	0.0016598214861005545	0.02647450566291809
ABCA4_cd6a15971c1aa791	162	2	2	0.024390243902439046	0.00098931894171983	0.012044548988342285
ABCA4_cd74c380cddd2a10	164	2	0	0.012195121951219523	0.0009497756836935878	0.012931734323501587
ABCA4_cd92c533dcc7cdec	162	1	1	0.012269938650306789	0.0009975864086300135	0.012292444705963135
ABCA4_cd9c7f6034f44df1	163	2	1	0.018292682926829285	0.0010985470144078135	0.013725459575653076
ABCA4_cdadb168c4b120d3	166	4	0	0.02409638554216864	0.0011187429772689939	0.014639675617218018
ABCA4_cdbd297c3248fec1	161	0	1	0.006172839506172867	0.001015848247334361	0.012749254703521729
ABCA4_cde43d376ae16ff9	163	2	1	0.018292682926829285	0.0013992177555337548	0.017498940229415894
ABCA4_ce054312ac122fb6	164	2	0	0.012195121951219523	0.0008272171835415065	0.01196068525314331
ABCA4_ce091ad00915b19d	161	2	3	0.030487804878048808	0.0011980042327195406	0.01367834210395813
ABCA4_ce0e251ffa9025c5	157	0	5	0.030864197530864224	0.0016637309454381466	0.0201340913772583
ABCA4_ce3ad09887add462	168	6	0	0.0357142857142857	0.0016576993511989713	0.01946774125099182
ABCA4_cf82bad5dbdf7c27	160	2	4	0.03658536585365857	0.001317549031227827	0.01602444052696228
ABCA4_cfa13780499b993f	164	2	0	0.012195121951219523	0.0008051805780269206	0.010389477014541626
ABCA4_cfc619e990d64caa	163	2	1	0.018292682926829285	0.001064676558598876	0.011561781167984009
ABCA4_cfd54cace51e38ee	165	4	1	0.030120481927710885	0.0016925798263400793	0.023192554712295532
ABCA4_d01b64a69dee16fc	162	0	0	0.0	0.0008200597367249429	0.008805513381958008
ABCA4_d037f16f0a26ad51	157	1	6	0.042944785276073594	0.0013733130181208253	0.016338765621185303
ABCA4_d06b0163cf78cc01	163	1	0	0.006134969325153339	0.0006858908454887569	0.01157619059085846
ABCA4_d096b4e8e3dac3b2	160	0	2	0.012345679012345734	0.0010774887632578611	0.011106431484222412
ABCA4_d0c996cbde7b651f	162	1	1	0.012269938650306789	0.0011588489869609475	0.014375746250152588
ABCA4_d122ff924f53d1d9	161	1	2	0.018404907975460127	0.0011072508059442043	0.011966049671173096
ABCA4_d12d71c003679674	162	0	0	0.0	0.0007262926083058119	0.009475082159042358
ABCA4_d1382909f47770ab	163	2	1	0.018292682926829285	0.0012778772506862879	0.017570286989212036
ABCA4_d197ba80fbda5b1a	158	0	4	0.024691358024691357	0.0008771591819822788	0.010699689388275146
ABCA4_d1fcdf86b9279f0f	163	1	0	0.006134969325153339	0.0012377641396597028	0.014271318912506104
ABCA4_d259dd32e2cec2a8	157	0	5	0.030864197530864224	0.001320975599810481	0.015985697507858276
ABCA4_d285ed36fc77778e	166	4	0	0.02409638554216864	0.0010838464368134737	0.013162493705749512
ABCA4_d29b91d9e2b98a71	163	1	0	0.006134969325153339	0.0007049033883959055	0.007662147283554077
ABCA4_d2c98376b2abee0d	166	4	0	0.02409638554216864	0.0009596055024303496	0.012823313474655151
ABCA4_d2ddc249aac0d96d	167	5	0	0.029940119760479056	0.0013835508143529296	0.01577576994895935
ABCA4_d2f919dec3ffc141	171	9	0	0.052631578947368474	0.0022209465969353914	0.024142026901245117
ABCA4_d31091d5cf500576	162	1	1	0.012269938650306789	0.0009754733182489872	0.01242278516292572
ABCA4_d320bbee55350c8a	164	4	2	0.03614457831325302	0.0012227101251482964	0.0178195983171463
ABCA4_d37744801df39b7a	163	2	1	0.018292682926829285	0.0015987670049071312	0.021980583667755127
ABCA4_d38b0cec9e182a57	160	0	2	0.012345679012345734	0.0010763014433905482	0.012490466237068176
ABCA4_d39ab8524cfece10	163	1	0	0.006134969325153339	0.0008793090237304568	0.010040462017059326
ABCA4_d3aa629e1c0a0b55	166	4	0	0.02409638554216864	0.000939794525038451	0.010285541415214539
ABCA4_d3bdb7a856f104cb	166	4	0	0.02409638554216864	0.001329029561020434	0.017960429191589355
ABCA4_d3f886c91e049155	161	1	2	0.018404907975460127	0.0011888784356415272	0.011961638927459717
ABCA4_d44c1d2d4b8b655f	165	3	0	0.018181818181818188	0.0009690852602943778	0.013141393661499023
ABCA4_d46588bae62c7ee6	157	0	5	0.030864197530864224	0.0015633567236363888	0.028292834758758545
ABCA4_d472f2e38ea95d5e	163	2	1	0.018292682926829285	0.000713067245669663	0.008788645267486572
ABCA4_d477018fb117b74c	156	1	7	0.049079754601227044	0.0009920615702867508	0.016490012407302856
ABCA4_d47b39f7061022a1	161	2	3	0.030487804878048808	0.0006325230351649225	0.007562518119812012
ABCA4_d49643e88f9a5f53	164	2	0	0.012195121951219523	0.0009667302947491407	0.011882215738296509
ABCA4_d4dd32cd7926314b	165	3	0	0.018181818181818188	0.0009777829982340336	0.014569401741027832
ABCA4_d4e0d1a8a2538123	167	5	0	0.029940119760479056	0.0013125595869496465	0.018271327018737793
ABCA4_d51804aaadb115c9	162	1	1	0.012269938650306789	0.0010469364933669567	0.012105494737625122
ABCA4_d5408998e23f583d	168	6	0	0.0357142857142857	0.0011803313391283154	0.013414472341537476
ABCA4_d5633bd1c6d27578	159	2	5	0.04268292682926833	0.00171166961081326	0.021159052848815918
ABCA4_d5721b161711111a	165	3	0	0.018181818181818188	0.000908761634491384	0.0118560791015625
ABCA4_d5728dd9a61243a5	166	4	0	0.02409638554216864	0.0010684991721063852	0.013583064079284668
ABCA4_d5a9a580d799f2c9	155	0	7	0.043209876543209846	0.0016570737352594733	0.020747780799865723
ABCA4_d5f6ccf5bf7edf95	203	41	0	0.20197044334975367	0.006157287862151861	0.0657426118850708
ABCA4_d5ffd10f7e46e0aa	162	2	2	0.024390243902439046	0.0010551350424066186	0.01303747296333313
ABCA4_d634bba989464e4d	163	3	2	0.030303030303030276	0.001241707825101912	0.017676740884780884
ABCA4_d64e217fe5ff0ddd	162	1	1	0.012269938650306789	0.0009012810187414289	0.011584818363189697
ABCA4_d6c85e027093755f	165	4	1	0.030120481927710885	0.000960522098466754	0.012863874435424805
ABCA4_d6d9bf981131d85a	159	0	3	0.01851851851851849	0.0009804534493014216	0.012779712677001953
ABCA4_d6e0208598e812ac	165	3	0	0.018181818181818188	0.0012814333895221353	0.016954272985458374
ABCA4_d700de3f0b76b2c0	164	2	0	0.012195121951219523	0.0006002631271257997	0.009220540523529053
ABCA4_d73bb377d1854a15	161	1	2	0.018404907975460127	0.0008204324403777719	0.00959700345993042
ABCA4_d75679951657650f	163	2	1	0.018292682926829285	0.0010537394555285573	0.01338273286819458
ABCA4_d79507a86851f787	163	1	0	0.006134969325153339	0.0006951055256649852	0.008002102375030518
ABCA4_d864d8a989e678af	162	2	2	0.024390243902439046	0.0012179913464933634	0.016522318124771118
ABCA4_d8a8e3d56fdfbd0d	163	1	0	0.006134969325153339	0.0009303143597207963	0.010591268539428711
ABCA4_d8b2b7569bb02709	163	2	1	0.018292682926829285	0.0011747106909751892	0.012448132038116455
ABCA4_d8cb2a58f9769a4e	164	2	0	0.012195121951219523	0.0012056698324158788	0.011069118976593018
ABCA4_d8db3fff01856424	167	5	0	0.029940119760479056	0.001262541045434773	0.016446322202682495
ABCA4_d93a80fcb6629ae9	170	8	0	0.04705882352941182	0.0020197571720927954	0.02680879831314087
ABCA4_d9902c7b7ea8a4f9	152	1	11	0.07361963190184051	0.0019571392331272364	0.02612525224685669
ABCA4_d99b7fc4e3b2cf56	158	1	5	0.036809815950920255	0.0017377643380314112	0.020025968551635742
ABCA4_da1f56ed1fd5c5ce	163	1	0	0.006134969325153339	0.0009369990439154208	0.01154300570487976
ABCA4_da879dce21d68541	161	1	2	0.018404907975460127	0.001410721568390727	0.018729716539382935
ABCA4_dae702228f64107b	163	2	1	0.018292682926829285	0.001352097955532372	0.02171790599822998
ABCA4_db2f09d7dbb8a5dd	164	2	0	0.012195121951219523	0.000701682292856276	0.009287506341934204
ABCA4_db432773caf6d3a7	158	2	6	0.04878048780487809	0.0015251173172146082	0.018474876880645752
ABCA4_db4940bc00fd6d41	155	1	8	0.05521472392638038	0.001341081690043211	0.01941952109336853
ABCA4_db66f9584f4e492e	163	3	2	0.030303030303030276	0.0018232155125588179	0.02351701259613037
ABCA4_db76ca94149fe253	164	2	0	0.012195121951219523	0.0009318655938841403	0.010500222444534302
ABCA4_dbf610f3bd77ed00	167	5	0	0.029940119760479056	0.0017326314700767398	0.02184903621673584
ABCA4_dc0f92d66c016060	163	2	1	0.018292682926829285	0.0009590518311597407	0.010573387145996094
ABCA4_dc6621ad9bede34b	166	4	0	0.02409638554216864	0.0015283656539395452	0.015439927577972412
ABCA4_dc8a4ae07aa52ce7	158	1	5	0.036809815950920255	0.0010538101196289062	0.011938720941543579
ABCA4_dcc9a31b02573f82	156	1	7	0.049079754601227044	0.0022376456763595343	0.031110048294067383
ABCA4_dcd686467f39d254	173	11	0	0.06358381502890176	0.002428492996841669	0.031128883361816406
ABCA4_dd0c2037e264755c	163	1	0	0.006134969325153339	0.0007072683656588197	0.01024472713470459
ABCA4_dd1a2df4df5c2c2c	161	0	1	0.006172839506172867	0.0009670037543401122	0.00952938199043274
ABCA4_dd475ff7702f1087	158	1	5	0.036809815950920255	0.001568652456626296	0.015826642513275146
ABCA4_dd51788322bda19c	162	2	2	0.024390243902439046	0.000772020488511771	0.010783076286315918
ABCA4_dd530800190ea7b4	156	0	6	0.03703703703703709	0.0013130761217325926	0.01729622483253479
ABCA4_dd8769d8c0cd0c63	160	2	4	0.03658536585365857	0.0012836828827857971	0.016379863023757935
ABCA4_dd8a1a180a70812d	163	3	2	0.030303030303030276	0.0012583360075950623	0.017042994499206543
ABCA4_ddd623d637e6f6dd	163	1	0	0.006134969325153339	0.0007067706901580095	0.00920802354812622
ABCA4_de3d578d42c69099	160	1	3	0.024539877300613466	0.0012131213443353772	0.012946844100952148
ABCA4_de7017c27c730f03	168	6	0	0.0357142857142857	0.0016035230364650488	0.020159900188446045
ABCA4_def4ce0afe3aa5f3	168	6	0	0.0357142857142857	0.0017403753008693457	0.02306574583053589
ABCA4_df0e023d2806c5db	160	1	3	0.024539877300613466	0.001117316889576614	0.011334195733070374
ABCA4_dfaf22fb9aa9fe88	159	1	4	0.030674846625766916	0.0013281060382723808	0.022291243076324463
ABCA4_dfb83f660445d79e	169	8	1	0.05294117647058827	0.0029395900201052427	0.039753735065460205
ABCA4_dfc07098f0b69d27	163	1	0	0.006134969325153339	0.001043627504259348	0.01262444257736206
ABCA4_dfc9df479863c988	165	3	0	0.018181818181818188	0.0012314497726038098	0.017337411642074585
ABCA4_dfe6ad4abf89e04b	158	0	4	0.024691358024691357	0.0008090414339676499	0.009342670440673828
ABCA4_e03a910ca5ab69fa	165	3	0	0.018181818181818188	0.0006963115301914513	0.008790776133537292
ABCA4_e081bda63a757a11	165	3	0	0.018181818181818188	0.0009097862057387829	0.011584609746932983
ABCA4_e0af174867b1b541	158	1	5	0.036809815950920255	0.001444689929485321	0.015417695045471191
ABCA4_e0c08ff1970ba8c4	156	0	6	0.03703703703703709	0.0016550455475226045	0.025097310543060303
ABCA4_e0ee64b53b070dec	164	2	0	0.012195121951219523	0.0010482872603461146	0.01469874382019043
ABCA4_e0fdb3aa75a61296	162	2	2	0.024390243902439046	0.001448045251891017	0.019884049892425537
ABCA4_e11c8f1a6fa4ff4e	168	6	0	0.0357142857142857	0.0016373003600165248	0.022574007511138916
ABCA4_e14e68c2c49a14dd	158	0	4	0.024691358024691357	0.000704473233781755	0.01000252366065979
ABCA4_e16610b368c371fc	161	1	2	0.018404907975460127	0.0010408603120595217	0.014804095029830933
ABCA4_e19bd0b1b35a8161	158	0	4	0.024691358024691357	0.0013893024297431111	0.018421471118927002
ABCA4_e1a404ff97caf69c	166	4	0	0.02409638554216864	0.002221697010099888	0.025554776191711426
ABCA4_e1b6db2a5e3c497f	169	7	0	0.041420118343195256	0.002042400883510709	0.025779306888580322
ABCA4_e1b8f8636fe29a5e	168	6	0	0.0357142857142857	0.0013063567457720637	0.01757526397705078
ABCA4_e20c027bca94cf97	166	4	0	0.02409638554216864	0.0008868150762282312	0.01066446304321289
ABCA4_e20fdc082f7cac4f	165	3	0	0.018181818181818188	0.0013293800875544548	0.018842756748199463
ABCA4_e271cd0fab3f9b01	158	0	4	0.024691358024691357	0.0010315943509340286	0.011283397674560547
ABCA4_e2807ce321309c71	167	5	0	0.029940119760479056	0.0009816351812332869	0.013641983270645142
ABCA4_e2a24d27be3e3d3e	161	1	2	0.018404907975460127	0.001127016730606556	0.013225048780441284
ABCA4_e2a60d76112a88c6	166	4	0	0.02409638554216864	0.001691601937636733	0.02203419804573059
ABCA4_e2dd303e465b8ab8	163	3	2	0.030303030303030276	0.001540082274004817	0.02290177345275879
ABCA4_e32c99bafc78bd67	161	1	2	0.018404907975460127	0.0012058722786605358	0.012550055980682373
ABCA4_e376e453f05e7a40	157	3	8	0.06666666666666665	0.0020060210954397917	0.025231659412384033
ABCA4_e39d668ad160d493	166	4	0	0.02409638554216864	0.0014366870746016502	0.01839694380760193
ABCA4_e39dd1ac9c91937a	168	6	0	0.0357142857142857	0.0011548432521522045	0.013607800006866455
ABCA4_e3bba996abf7a108	163	1	0	0.006134969325153339	0.0011093170614913106	0.015874087810516357
ABCA4_e3c6977d69f0308c	157	0	5	0.030864197530864224	0.0021726975683122873	0.03016185760498047
ABCA4_e4081c76c0dbb46e	161	1	2	0.018404907975460127	0.0014681816101074219	0.018447905778884888
ABCA4_e4202576a288dc93	167	5	0	0.029940119760479056	0.0011819192441180348	0.015001296997070312
ABCA4_e42b7f2e5ec92c30	163	1	0	0.006134969325153339	0.0008862267131917179	0.009578466415405273
ABCA4_e435735f21c0e53e	159	2	5	0.04268292682926833	0.001916420180350542	0.026414811611175537
ABCA4_e464fd91a22e8c25	166	4	0	0.02409638554216864	0.001136623788625002	0.01372101902961731
ABCA4_e46d50728a876479	161	0	1	0.006172839506172867	0.001455213176086545	0.018586397171020508
ABCA4_e47099cbefdc05f0	155	0	7	0.043209876543209846	0.0012329899473115802	0.015365242958068848
ABCA4_e4ccecbdac2b3402	162	1	1	0.012269938650306789	0.000699151714798063	0.009433329105377197
ABCA4_e523507f1ce0b60e	165	3	0	0.018181818181818188	0.0010262781288474798	0.0128251314163208
ABCA4_e5ac91a55bca0702	162	1	1	0.012269938650306789	0.0010357116116210818	0.01458740234375
ABCA4_e5c95d1ed1f56c06	155	0	7	0.043209876543209846	0.0015049452194944024	0.01429659128189087
ABCA4_e5cdcc50516b0a91	160	3	5	0.048484848484848464	0.0014884491683915257	0.01853734254837036
ABCA4_e5e1ee3ade5cd8d8	163	2	1	0.018292682926829285	0.0007340425509028137	0.008384019136428833
ABCA4_e5e3b98b59e24548	159	0	3	0.01851851851851849	0.0007506489637307823	0.010134220123291016
ABCA4_e5edebdfe1c6e106	155	0	7	0.043209876543209846	0.001731522148475051	0.017584681510925293
ABCA4_e5fb59af149c550e	155	1	8	0.05521472392638038	0.0016090301796793938	0.018410921096801758
ABCA4_e605df3af282ffaf	163	1	0	0.006134969325153339	0.0007963665993884206	0.009247452020645142
ABCA4_e61166af08ca05b7	168	6	0	0.0357142857142857	0.0015069355722516775	0.017902672290802002
ABCA4_e6275d0d6ac6bd8f	166	4	0	0.02409638554216864	0.0010466281091794372	0.013806581497192383
ABCA4_e689076c625d7dc5	161	1	2	0.018404907975460127	0.0011165379546582699	0.012523561716079712
ABCA4_e68d3ccf0f00031b	161	0	1	0.006172839506172867	0.0008041568798944354	0.009900271892547607
ABCA4_e695de81ceb4f469	168	6	0	0.0357142857142857	0.0014332931023091078	0.01824098825454712
ABCA4_e6b81784aa79d911	162	1	1	0.012269938650306789	0.0008808436105027795	0.008873552083969116
ABCA4_e6bfe5b639a7cf1c	163	2	1	0.018292682926829285	0.0011800335487350821	0.01443713903427124
ABCA4_e74a565fc544b4a3	158	0	4	0.024691358024691357	0.002004879293963313	0.021818876266479492
ABCA4_e74ade033293c597	162	2	2	0.024390243902439046	0.0008507081656716764	0.010947585105895996
ABCA4_e7b93de4144aa1cd	165	3	0	0.018181818181818188	0.0007109603029675782	0.01024472713470459
ABCA4_e7c3d05175eee588	148	1	15	0.09815950920245398	0.002143551828339696	0.025722086429595947
ABCA4_e801b879ffa3c217	161	1	2	0.018404907975460127	0.001496403361670673	0.01740926504135132
ABCA4_e8297d9ac74dbbb1	164	2	0	0.012195121951219523	0.0008525842567905784	0.008954346179962158
ABCA4_e859edff1a40160c	163	1	0	0.006134969325153339	0.0008518543327227235	0.008941829204559326
ABCA4_e87f10e6bee27517	165	4	1	0.030120481927710885	0.0013022450730204582	0.016771554946899414
ABCA4_e89d6bb41f4f6d32	163	1	0	0.006134969325153339	0.0006092844414524734	0.007946312427520752
ABCA4_e922cfe8e003a3f8	160	1	3	0.024539877300613466	0.0008941274718381464	0.01230187714099884
ABCA4_e946941eeb9208f5	164	2	0	0.012195121951219523	0.0010153526673093438	0.013214677572250366
ABCA4_e94e02e1c65ee762	153	0	9	0.05555555555555558	0.0015621575294062495	0.016368091106414795
ABCA4_e981026fe171748d	160	2	4	0.03658536585365857	0.001338520203717053	0.016087263822555542
ABCA4_e9ba5ac373ae4793	166	4	0	0.02409638554216864	0.0010916546452790499	0.014185488224029541
ABCA4_e9da142b27d7a1cb	162	1	1	0.012269938650306789	0.0010586199350655079	0.011904031038284302
ABCA4_ea44909becb28895	159	0	3	0.01851851851851849	0.0008580575813539326	0.010225296020507812
ABCA4_ea6982a5cc2b376f	163	1	0	0.006134969325153339	0.0004707863845396787	0.007796347141265869
ABCA4_ea7cdafaf89cb313	161	0	1	0.006172839506172867	0.0011980518465861678	0.014851480722427368
ABCA4_ea7e69515e351b10	159	1	4	0.030674846625766916	0.0011770249111577868	0.01697927713394165
ABCA4_ead2e8e8460eb8b9	161	1	2	0.018404907975460127	0.0017248757649213076	0.018421471118927002
ABCA4_eae7f31d27ef6c33	167	5	0	0.029940119760479056	0.0012362124398350716	0.01530534029006958
ABCA4_eaf73747e0136977	167	5	0	0.029940119760479056	0.0008747292449697852	0.01118248701095581
ABCA4_eaf9621fda60936f	161	0	1	0.006172839506172867	0.0004837648302782327	0.005212724208831787
ABCA4_eb121c986dd971f0	163	2	1	0.018292682926829285	0.0007085878169164062	0.009396761655807495
ABCA4_eb32db7be3b4c28e	164	2	0	0.012195121951219523	0.001378192682750523	0.01603001356124878
ABCA4_eb5f154a3c8f2c2b	164	2	0	0.012195121951219523	0.0006442235317081213	0.006491333246231079
ABCA4_eb6b0ef2e8f72e98	167	5	0	0.029940119760479056	0.001156700775027275	0.017292529344558716
ABCA4_ebbbaa06d33dd06c	167	5	0	0.029940119760479056	0.001323625911027193	0.016096889972686768
ABCA4_ebe5592f2380125b	166	4	0	0.02409638554216864	0.0006669891881756485	0.007606387138366699
ABCA4_ec29311e65c30d3d	166	4	0	0.02409638554216864	0.0009994728025048971	0.013107657432556152
ABCA4_ec2b1f73627b1f0e	160	1	3	0.024539877300613466	0.0012050304794684052	0.012260377407073975
ABCA4_ec8691e781d6b5e9	163	3	2	0.030303030303030276	0.0011592122027650476	0.017850816249847412
ABCA4_ec86d69c23089f30	159	1	4	0.030674846625766916	0.0014280040049925447	0.017438292503356934
ABCA4_ec9a1d90cb573574	159	1	4	0.030674846625766916	0.0012316338252276182	0.01523977518081665
ABCA4_ecae42b2f20b02e1	164	3	1	0.024242424242424288	0.0012625177623704076	0.018314599990844727
ABCA4_ecd5870c70989f51	161	1	2	0.018404907975460127	0.0016770514193922281	0.02363717555999756
ABCA4_ece53375192e604f	151	0	11	0.0679012345679012	0.0012588859535753727	0.012820005416870117
ABCA4_ecf2b605eb7d5a08	166	4	0	0.02409638554216864	0.0012484738836064935	0.014083445072174072
ABCA4_ed49e9674804cda1	156	1	7	0.049079754601227044	0.0018911022925749421	0.023735105991363525
ABCA4_ed5a060d3660972a	165	3	0	0.018181818181818188	0.001096966559998691	0.01373174786567688
ABCA4_ed6b4797e0837032	162	2	2	0.024390243902439046	0.0010820585303008556	0.014040172100067139
ABCA4_edb911e77295ed55	163	1	0	0.006134969325153339	0.0007935564499348402	0.008890807628631592
ABCA4_edbae703547e328e	167	5	0	0.029940119760479056	0.0010980161605402827	0.01529306173324585
ABCA4_ede8db35812957be	168	6	0	0.0357142857142857	0.001695761689916253	0.02293163537979126
ABCA4_ee00bd8cfc065238	164	2	0	0.012195121951219523	0.001514391740784049	0.017224907875061035
ABCA4_ee04cc7e1a57513b	167	5	0	0.029940119760479056	0.001361863687634468	0.017628371715545654
ABCA4_ee306d6b1f40c8e1	165	3	0	0.018181818181818188	0.0008282780763693154	0.01130586862564087
ABCA4_ee4879bcffa4a3cb	161	1	2	0.018404907975460127	0.0013395394198596478	0.020049303770065308
ABCA4_ee511309a4f4b609	163	2	1	0.018292682926829285	0.001044764881953597	0.015955030918121338
ABCA4_ee7310354e7d6915	163	1	0	0.006134969325153339	0.0006461680750362575	0.008036583662033081
ABCA4_ee9f920593dbd782	166	4	0	0.02409638554216864	0.001178123289719224	0.014986574649810791
ABCA4_eec0a187075b27f1	164	2	0	0.012195121951219523	0.0011091242777183652	0.01596084237098694
ABCA4_ef02072e4e1832cc	157	0	5	0.030864197530864224	0.0013684957521036267	0.01680585741996765
ABCA4_ef34164c3acc3569	159	1	4	0.030674846625766916	0.0011780400527641177	0.014796197414398193
ABCA4_ef4b7d3b67f17576	166	4	0	0.02409638554216864	0.0013518222840502858	0.018317341804504395
ABCA4_ef6b69bd258bc55b	164	2	0	0.012195121951219523	0.0009009079076349735	0.011887848377227783
ABCA4_ef792fe12a5cd36e	159	0	3	0.01851851851851849	0.0011541801504790783	0.013280689716339111
ABCA4_efa4074a504c55f1	166	4	0	0.02409638554216864	0.00140481092967093	0.015600442886352539
ABCA4_efd10ea34d6c1dfe	165	4	1	0.030120481927710885	0.0011111649218946695	0.015853896737098694
ABCA4_efe9011f1b1a2937	170	8	0	0.04705882352941182	0.002007619943469763	0.025081515312194824
ABCA4_f00b0da4f439d18e	169	7	0	0.041420118343195256	0.001173169817775488	0.016644179821014404
ABCA4_f05c40b1d841ca69	159	0	3	0.01851851851851849	0.0011480572866275907	0.013867586851119995
ABCA4_f06b496262b3864f	166	4	0	0.02409638554216864	0.0010616366053000093	0.01347920298576355
ABCA4_f0abd26379ba8cad	166	4	0	0.02409638554216864	0.0010957769118249416	0.012740850448608398
ABCA4_f0bb413f460a5a12	162	2	2	0.024390243902439046	0.0008920336840674281	0.018692761659622192
ABCA4_f0d626b37dd25519	164	2	0	0.012195121951219523	0.0008479494717903435	0.010020285844802856
ABCA4_f0de717159f56423	165	3	0	0.018181818181818188	0.0010709064081311226	0.014859527349472046
ABCA4_f0fe84eba4b05c4d	166	4	0	0.02409638554216864	0.000927993911318481	0.009719759225845337
ABCA4_f1540346ed03dded	171	9	0	0.052631578947368474	0.0029904760885983706	0.032096266746520996
ABCA4_f19228b6740ac4e0	162	0	0	0.0	0.0004951613955199718	0.007820695638656616
ABCA4_f1a7eef364940bb2	165	3	0	0.018181818181818188	0.0012590618571266532	0.015007376670837402
ABCA4_f1d51828d7968cf0	169	7	0	0.041420118343195256	0.0016823580954223871	0.022922933101654053
ABCA4_f1db8ea34819c5a5	164	4	2	0.03614457831325302	0.0015627380926162004	0.023690223693847656
ABCA4_f1eb9bc0e122f65a	162	0	0	0.0	0.0011812682496383786	0.015443861484527588
ABCA4_f1f260a57e519f34	162	2	2	0.024390243902439046	0.0009342976263724267	0.011797964572906494
ABCA4_f1fd794886aceacf	167	5	0	0.029940119760479056	0.0013284817105159163	0.017508387565612793
ABCA4_f21c9a18682948fd	165	3	0	0.018181818181818188	0.0009003766463138163	0.013335108757019043
ABCA4_f21ebd3e9fffed44	165	3	0	0.018181818181818188	0.0012946088099852204	0.014422595500946045
ABCA4_f266577c90e51be0	160	0	2	0.012345679012345734	0.0013559114886447787	0.0170554518699646
ABCA4_f270eaebd9e81578	164	2	0	0.012195121951219523	0.001166161964647472	0.010618209838867188
ABCA4_f27bade6030a036e	159	1	4	0.030674846625766916	0.0008962830761447549	0.014498770236968994
ABCA4_f2d5e2801dc82a34	167	6	1	0.04166666666666663	0.0021376998629420996	0.031872451305389404
ABCA4_f2e43380fd8a5672	162	1	1	0.012269938650306789	0.0006182707147672772	0.008122265338897705
ABCA4_f324f7510580fa56	162	1	1	0.012269938650306789	0.000820833956822753	0.01242278516292572
ABCA4_f34c48caebfe3d7e	168	6	0	0.0357142857142857	0.0014805628452450037	0.01850956678390503
ABCA4_f36d8b7f1eef2dee	165	3	0	0.018181818181818188	0.0013281800784170628	0.016824543476104736
ABCA4_f381694c3609f1e8	162	2	2	0.024390243902439046	0.0014146597823128104	0.01516491174697876
ABCA4_f394606ae87c227a	166	4	0	0.02409638554216864	0.0014915281208232045	0.018955230712890625
ABCA4_f3e4243aa4e89597	158	1	5	0.036809815950920255	0.0011786563554778695	0.018714040517807007
ABCA4_f3f0bfd0613ae361	160	2	4	0.03658536585365857	0.0011486992007121444	0.01863458752632141
ABCA4_f4106b38efc7378a	159	2	5	0.04268292682926833	0.0018955793930217624	0.025825321674346924
ABCA4_f41df1017a4963de	164	2	0	0.012195121951219523	0.0010421436745673418	0.01158052682876587
ABCA4_f441820c77ab4515	157	1	6	0.042944785276073594	0.0014149470953270793	0.01665598154067993
ABCA4_f47391d6f2f734c8	159	1	4	0.030674846625766916	0.0015261697117239237	0.020925402641296387
ABCA4_f48f4430fd03ea88	166	4	0	0.02409638554216864	0.0015500832814723253	0.018479198217391968
ABCA4_f4a9696035922530	166	4	0	0.02409638554216864	0.001260204240679741	0.012569069862365723
ABCA4_f4adb92dfb90763b	161	1	2	0.018404907975460127	0.0011285031214356422	0.012766331434249878
ABCA4_f512c1294eb1d8af	159	0	3	0.01851851851851849	0.0009833083022385836	0.011425048112869263
ABCA4_f594064b119dd815	165	3	0	0.018181818181818188	0.0008500173571519554	0.010736703872680664
ABCA4_f5ac9b735cf571fe	165	3	0	0.018181818181818188	0.0009049372747540474	0.012897789478302002
ABCA4_f5ace0528d6f0039	163	1	0	0.006134969325153339	0.0011468271259218454	0.014348626136779785
ABCA4_f5b4f392766105ec	163	2	1	0.018292682926829285	0.0009655602625571191	0.014301776885986328
ABCA4_f5d9e89b78024107	165	3	0	0.018181818181818188	0.0005220245802775025	0.00701451301574707
ABCA4_f5dd7edf7c5104cd	169	7	0	0.041420118343195256	0.002329109236598015	0.03515052795410156
ABCA4_f61bfc0d7f9e0f20	166	6	2	0.04761904761904767	0.0025152915623039007	0.037460148334503174
ABCA4_f6337ad626dec924	149	1	14	0.09202453987730064	0.0016814223490655422	0.024507373571395874
ABCA4_f635df1cc7b0371e	162	1	1	0.012269938650306789	0.0009163882932625711	0.011104762554168701
ABCA4_f676d0f38e1718f4	159	1	4	0.030674846625766916	0.001458744052797556	0.01766061782836914
ABCA4_f6b720e38d684b9f	162	2	2	0.024390243902439046	0.0011966372840106487	0.0184018611907959
ABCA4_f6c1f9c0b49ef8d0	163	3	2	0.030303030303030276	0.0013931231806054711	0.01909571886062622
ABCA4_f6ca6d9256baf4c5	163	2	1	0.018292682926829285	0.0011719100875779986	0.015481114387512207
ABCA4_f709d0b25f138a15	160	2	4	0.03658536585365857	0.001972174970433116	0.027044177055358887
ABCA4_f73884185e20f90d	165	3	0	0.018181818181818188	0.0007917229668237269	0.009518355131149292
ABCA4_f7703587427bb028	163	1	0	0.006134969325153339	0.0007723784656263888	0.01069691777229309
ABCA4_f78d239b581eb2fb	160	2	4	0.03658536585365857	0.0011829497525468469	0.016457736492156982
ABCA4_f7ae0f60f75a5678	161	1	2	0.018404907975460127	0.000983215169981122	0.012658357620239258
ABCA4_f7e1c65c8a34ecc9	164	2	0	0.012195121951219523	0.0007305281469598413	0.00974777340888977
ABCA4_f7e50932983a6d77	172	10	0	0.05813953488372092	0.002680088859051466	0.03637641668319702
ABCA4_f7e8026746912833	162	1	1	0.012269938650306789	0.0011402523377910256	0.013705790042877197
ABCA4_f7f40b0638665988	166	4	0	0.02409638554216864	0.0013140480732545257	0.017543494701385498
ABCA4_f807cadf444273c8	164	2	0	0.012195121951219523	0.0008726202649995685	0.010300636291503906
ABCA4_f848862a41518a67	160	0	2	0.012345679012345734	0.0005903920391574502	0.006348669528961182
ABCA4_f8a750b8a1bfce50	160	1	3	0.024539877300613466	0.0008123988518491387	0.010460197925567627
ABCA4_f8a9508fed2d4e97	160	1	3	0.024539877300613466	0.0013175404164940119	0.012749791145324707
ABCA4_f8d93428cf7c448f	165	3	0	0.018181818181818188	0.0006746624130755663	0.010420382022857666
ABCA4_f8fbaac250af700d	167	5	0	0.029940119760479056	0.001352534512989223	0.016923129558563232
ABCA4_f9387acd6f63f4d4	166	4	0	0.02409638554216864	0.0008108389447443187	0.010629922151565552
ABCA4_f95456d074c9c755	167	5	0	0.029940119760479056	0.000817243882920593	0.010949462652206421
ABCA4_f962cee91f6dcb5b	161	0	1	0.006172839506172867	0.0013222674606367946	0.014118194580078125
ABCA4_f97dbc6853ab5fbf	168	6	0	0.0357142857142857	0.0012249122373759747	0.01849740743637085
ABCA4_f99762b143400aa3	167	5	0	0.029940119760479056	0.000995886279270053	0.011675059795379639
ABCA4_f9adfbdd47fb454c	164	4	2	0.03614457831325302	0.0011614699615165591	0.015361785888671875
ABCA4_f9f3daa1a4eba7e3	158	1	5	0.036809815950920255	0.0013354467228055	0.015137553215026855
ABCA4_fa3abfa8322b9d28	162	1	1	0.012269938650306789	0.0010839785682037473	0.012031793594360352
ABCA4_fa4edad4a98b7e57	160	1	3	0.024539877300613466	0.001238349243067205	0.013852745294570923
ABCA4_fa5336cfbfd04f6e	163	1	0	0.006134969325153339	0.000531595665961504	0.008036583662033081
ABCA4_fa66e769f21965ff	163	1	0	0.006134969325153339	0.0005764393717981875	0.008184537291526794
ABCA4_fa6b4ab7544640f7	163	2	1	0.018292682926829285	0.0008232147083617747	0.011539489030838013
ABCA4_fa6b63a7eee2e929	158	0	4	0.024691358024691357	0.0012690749717876315	0.01766103506088257
ABCA4_fa824e13161f531e	161	2	3	0.030487804878048808	0.0008898492669686675	0.010198235511779785
ABCA4_fa99ca2b3bf368da	159	1	4	0.030674846625766916	0.0012369082542136312	0.01410144567489624
ABCA4_fadbe4d0843588ca	161	1	2	0.018404907975460127	0.0008382318774238229	0.010575592517852783
ABCA4_fb2bc2005f77a72c	166	4	0	0.02409638554216864	0.0008529988117516041	0.011100023984909058
ABCA4_fb358d6794f7d0a1	158	0	4	0.024691358024691357	0.001791871851310134	0.020275622606277466
ABCA4_fb4c6a1a7b1217e3	165	3	0	0.018181818181818188	0.0011698168236762285	0.014017254114151001
ABCA4_fb5e05149fefbfd5	162	1	1	0.012269938650306789	0.0008842346142046154	0.010883986949920654
ABCA4_fbb2dd19138f55c9	163	2	1	0.018292682926829285	0.0010959282517433167	0.013771206140518188
ABCA4_fbe30b97bbbe0cfa	163	2	1	0.018292682926829285	0.0007602886762470007	0.010441958904266357
ABCA4_fc33ffd680ad8eb5	163	1	0	0.006134969325153339	0.0012078909203410149	0.016455650329589844
ABCA4_fc35ee24b9bce60b	163	1	0	0.006134969325153339	0.0006958244484849274	0.009602755308151245
ABCA4_fcfb224ab4da970d	161	2	3	0.030487804878048808	0.0011370558058843017	0.01676732301712036
ABCA4_fd08e913811496e1	165	3	0	0.018181818181818188	0.0009765353752300143	0.011264890432357788
ABCA4_fd1596ead60e94d2	165	3	0	0.018181818181818188	0.0009132671402767301	0.011987686157226562
ABCA4_fd1db4d462360dfd	164	3	1	0.024242424242424288	0.0012414619559422135	0.014844954013824463
ABCA4_fd380a5150f607f0	158	0	4	0.024691358024691357	0.0010293590603396297	0.012124180793762207
ABCA4_fd3aa176a9d9a016	167	5	0	0.029940119760479056	0.0017405380494892597	0.021030813455581665
ABCA4_fd5f49c12dfc732f	162	0	0	0.0	0.0008236775174736977	0.008704036474227905
ABCA4_fd872e3336b2e523	157	0	5	0.030864197530864224	0.0009514393168501556	0.009232759475708008
ABCA4_fdf07bae19e33e80	161	1	2	0.018404907975460127	0.0015307361027225852	0.01448523998260498
ABCA4_fe0fb3929a5dae2a	167	5	0	0.029940119760479056	0.001680272282101214	0.02462586760520935
ABCA4_fe2f5bb3a8f55492	163	1	0	0.006134969325153339	0.0010280058486387134	0.015990614891052246
ABCA4_fe5ea5d5174fa8c2	153	0	9	0.05555555555555558	0.002101072110235691	0.022605091333389282
ABCA4_fe7a3a1df4a8d8a4	158	2	6	0.04878048780487809	0.0011002877727150917	0.01485675573348999
ABCA4_feab594f890e2b1e	163	2	1	0.018292682926829285	0.001063783187419176	0.014016389846801758
ABCA4_fede4b6583d41c18	172	10	0	0.05813953488372092	0.003288696054369211	0.04542994499206543
ABCA4_ff039ee4f555f4ad	168	6	0	0.0357142857142857	0.0014348282711580396	0.01489245891571045
ABCA4_ff0f0a7d824f39f5	168	6	0	0.0357142857142857	0.0017984858714044094	0.02254462242126465
ABCA4_ff1961f874d025a1	160	2	4	0.03658536585365857	0.0009819166734814644	0.013239890336990356
ABCA4_ff21d1a80fc70ea2	167	5	0	0.029940119760479056	0.0017029376467689872	0.021487116813659668
ABCA4_ff3acf07a7d0f9ae	162	1	1	0.012269938650306789	0.0009861947037279606	0.009656131267547607
ABCA4_ff5aacbb16ac3f87	161	1	2	0.018404907975460127	0.0014381585642695427	0.014618158340454102
ABCA4_ff6374ae6a8336ee	163	2	1	0.018292682926829285	0.0014042884577065706	0.017779618501663208
ABCA4_ff6f2ed3b2d74008	199	37	0	0.18592964824120606	0.005915846209973097	0.06589490175247192
ABCA4_ff87134948593e0a	158	0	4	0.024691358024691357	0.0015482120215892792	0.018191814422607422
ABCA4_ff8e1e78866db24a	159	1	4	0.030674846625766916	0.0010361241875216365	0.013608276844024658
ABCA4_ffd6b7166ce27499	165	4	1	0.030120481927710885	0.0016413527773693204	0.023893281817436218
ABCA4_ffdcca0fb484be75	164	2	0	0.012195121951219523	0.0013792007230222225	0.01603829860687256
ABCA4_ffde2c70b56a8a43	162	1	1	0.012269938650306789	0.0010407104855403304	0.01268470287322998
