sequence_id	sequence_sha256	exact_sequence_in_accessible_training_universe	matching_training_identifiers
ABCA4_WT	f658591df8c115ef0e35d3833e937d880b8db9f702938a8388179cca94001972	False	
ABCA4_659946516a9204f6	659946516a9204f6e8421ee2a029a94c3e636e30c486d0930a88a7726f9a2125	False	
ABCA4_3b734c13c39e2bc7	3b734c13c39e2bc7a76e61da7cdb19f022ce11f41a2206cff927b4e4ef37cd09	False	
ABCA4_818072595dac88f3	818072595dac88f3736ff27fcf00eed03efc0ab8852f98cc2f37617c7e41345a	False	
ABCA4_d2f361666d498b0b	d2f361666d498b0bef379258717ed0916223ecf2478637065eabdf0135e8dd6a	False	
ABCA4_d994867fe14e81b6	d994867fe14e81b6c1f4e15b170b6cb386a226f61f6f2b0b7e7087aea9c7a0b0	False	
ABCA4_9669e9120936223e	9669e9120936223e7d0caefa40a3a05930027ee4c6a5576d8d29a0d2169d9192	False	
ABCA4_0e765006d61f8741	0e765006d61f87418d06be0257479b5d7f10d24be3439713a474460518ed66a9	False	
ABCA4_20c8c9805d03a440	20c8c9805d03a4408d7d038c74bce4a41a210f7521ae63589bd746392f2c59bc	False	
ABCA4_15f46db8d455f120	15f46db8d455f120017e2f0cb04e8a84c6ec12255d4dcdd32f03f451afa179f5	False	
ABCA4_8d3af4586753e26b	8d3af4586753e26ba393db970338b0625437ab2563453b8a6e83eb5311bad784	False	
ABCA4_f340a84b5d7c291b	f340a84b5d7c291b965855acc2dd5c0f7c5bdeeb41585c80eb535036e851ef5c	False	
ABCA4_dee45f5398d9f480	dee45f5398d9f480eb342e5c548e72dcb5d24886a8da687989811699379cf78c	False	
ABCA4_e4b486cb2e7d8cb6	e4b486cb2e7d8cb6270ecf821a0356df7941eb1e87b344f58b43989a90ca8eb8	False	
ABCA4_32f83d0e71764f02	32f83d0e71764f02a875e751b6332c41e70db80794120ae53b61c00c263ee747	False	
ABCA4_b293d1e24868089a	b293d1e24868089ae18fd7892906bf798891c2d3800e09155ef0ad12303a2c22	False	
ABCA4_a69d6de122f1d2bd	a69d6de122f1d2bdd0f0670b4883c19de9aefb2209670494551b82cc3aef4162	False	
ABCA4_ab4e63b29814b175	ab4e63b29814b1757c7ce1a3a89666fd9133c4531aabda0cbc78887428f9442b	False	
ABCA4_1bfb09d0f5f9134d	1bfb09d0f5f9134d4bf3bb1f874a565a2e4cb66d5f01a33d3aef49bc228166b2	False	
ABCA4_80bb23a18ff03ad3	80bb23a18ff03ad3e3195cd5f44eee86cee6ad5a4da80272080f4822c606c302	False	
ABCA4_f4c005519ce623a8	f4c005519ce623a8ee732bf10dee011eaaffc3fd33e7a9a1e1e425bdaf50b72e	False	
ABCA4_b448fa79d7626c54	b448fa79d7626c54fa2fc5b67aabe773fa80c98663579ba667aee738f6d3733c	False	
ABCA4_dbf51afffc52766a	dbf51afffc52766a93bb01a27efa120ec65039ff9154fc8415f1487e0f344743	False	
ABCA4_c5d310aa495273c8	c5d310aa495273c85788609520771c7f5946d5d3f098ced14d8cd99ed7bcf531	False	
ABCA4_ed01557f9e5b7cb1	ed01557f9e5b7cb16d38afdc14f9ed31be1f34d141ec45a9e00c0f025f2ba13b	False	
ABCA4_1eb17fcc9a04d0bf	1eb17fcc9a04d0bf5b8ceabef02332c83cfdc8f43b4d03bfce8af727272de510	False	
ABCA4_79e663cdd760d3c7	79e663cdd760d3c7e1905e36a643d3dcae342d3322f82ecb6f765ea474dbcd2d	False	
ABCA4_8198738def80f079	8198738def80f079e656ea35b23f0c725d9f12a08e98be1a14fd0c0ca073dcf5	False	
ABCA4_4a302328235d0100	4a302328235d0100b818db4bc559ad3fcf332d7f5953a6a91de11901455080fb	False	
ABCA4_eeb62bec3b110ed0	eeb62bec3b110ed0ee9983dddfa824ad0ad1d8bb81c8a7f16733e0e7d45fcd49	False	
ABCA4_bf628f97a510e0c5	bf628f97a510e0c5ce4a192e6e0ebcaca1d926fecd5b568944a2517eae8a1791	False	
ABCA4_6dfd8dca86b83ec9	6dfd8dca86b83ec97ce1770fb61569bc67d896797813b47ad41f01fef3694be9	False	
ABCA4_0d87fb397ae3f92d	0d87fb397ae3f92de4b646eab48ffcb038e9f5bd92e42b4d7abd250f46f49f37	False	
ABCA4_b224cb1efe00088f	b224cb1efe00088f39069af2ad9553d71c8cd2b769eb743bf0db01873814db57	False	
ABCA4_afb3796ade3ca702	afb3796ade3ca7026b570fb3a2f996327a38d05eaa5e47d567e1d7acb40d49d1	False	
ABCA4_c6fe23d467553d23	c6fe23d467553d23b27092faac7d2d99306c9a9c3a5f994b62dd962f77fba102	False	
ABCA4_29b35e88144a1de1	29b35e88144a1de1543c9757a28af9cc4dc59956028d52136bb54fdae6bfb7fb	False	
ABCA4_646fa7dc17c45797	646fa7dc17c457979e54085ebd7b4d12b96be60c085b5c6a3b2c3d457fdd1fc5	False	
ABCA4_7f9b8845c24bdadb	7f9b8845c24bdadb39fd5140133a762a850894f1582c969c45c54705edb8d4de	False	
ABCA4_28f3f30bc47222cf	28f3f30bc47222cf642d91ffbba55264fcb6e2b41649d94bf6cddb6678ad0111	False	
ABCA4_09ff33026127d665	09ff33026127d665b4ce498497697b417e50f1af790e9ba258f2651325e26275	False	
ABCA4_b4e05fa50d9ae0fa	b4e05fa50d9ae0fa844f3aeb0fa7a1d437f34787b9a20c330272d615f7b4b165	False	
ABCA4_573a18979c6601eb	573a18979c6601ebe3ed2c303fee647ca0e657864ea6551f1088ed1be65db82b	False	
ABCA4_ce758c5f59671217	ce758c5f5967121791010d5bf62c1b0238026d36b12f1c53d84fa69da31c4d6e	False	
ABCA4_eaf0cdf1a575bf62	eaf0cdf1a575bf623aaec5e273e2ea3a667505ec06355e1cd7d19053b7e5c385	False	
ABCA4_ab308f8d7699862f	ab308f8d7699862f322ca8879c538d009a3309ece283c463783186be720b7a37	False	
ABCA4_acd2d3feadcad4d3	acd2d3feadcad4d38e7bdc7107c652f4139f1885026b54341d187e20abbcb1c3	False	
ABCA4_dee7e4f43ee41edf	dee7e4f43ee41edf794aaccdbad2012d560605092054f54b64b572d0dacb59ea	False	
ABCA4_44087fbce4f59774	44087fbce4f597741a4dc08fede5b9789adb3073143784487f8483a30d616ae3	False	
ABCA4_ea529ec8915d3769	ea529ec8915d376980e65d6c7deac7903f4d1c811099ab9f5b0d3f075a40407e	False	
ABCA4_573f31bfd08abeb0	573f31bfd08abeb09087f20a457ffee1ff713c7b1f64992cbb6e8e613115009e	False	
ABCA4_5c771d7ed1da3ab1	5c771d7ed1da3ab1031eabb9b4fef4256dae352e09b2f93592d51f694efbf7e4	False	
ABCA4_bc822bcdcb960b31	bc822bcdcb960b31c37ec1f60065402e14800a8599fbc085c842bf2da10de9b6	False	
ABCA4_ba7e5d04c28f714b	ba7e5d04c28f714b263704fc1e430fa2ebdc1b71d66f6e4bcfdd486cbbbf4513	False	
ABCA4_342eabeae5f4d215	342eabeae5f4d2158079d772aaf41b5e12459b791a5872227866e01948e82ec7	False	
ABCA4_e93eb24eddd6ecbc	e93eb24eddd6ecbc5a47e5c9397407288884b2f3921ee44a5b46994b646f1d38	False	
ABCA4_0926be14abf9c736	0926be14abf9c736a3f6ef02892500b88b27094e091804d15287b99f435ecd5c	False	
ABCA4_2601fdc599ffd8a2	2601fdc599ffd8a296295b1533c39416ec3160338b21e262ad3bb46b3313e119	False	
ABCA4_a73dc846c5d2c494	a73dc846c5d2c494f08328a1e268571b7fc40ededd30bda3c3378c2b0a980d43	False	
ABCA4_6d80010363344c84	6d80010363344c84438d8edcfcc46aa3e4d90127afe0c12844d3279343377d98	False	
ABCA4_705bf37ffdcdbeae	705bf37ffdcdbeae2d6cc1ec31776a947dceb79574699d539f3ae5d46af7a222	False	
ABCA4_ef390290e2bd3e3a	ef390290e2bd3e3a2949969f867036983afb894b42ed5675cfe3fa25d789a990	False	
ABCA4_9a9ff8557ff2dd6b	9a9ff8557ff2dd6bc103907bfe7e8e19f8f160ebe7d8c26767b0ddb5def3b4ec	False	
ABCA4_93b222202fc0cf94	93b222202fc0cf9451d46972f678a1656b4241624c2c11e12394aec2940b0f29	False	
ABCA4_985f918cff12a853	985f918cff12a853069a3fab03133c56ba9023dce06e1aa7df0868d8935c7f42	False	
ABCA4_10ac21f469966717	10ac21f4699667177ffd9264c2db04c9bf65efda12402d671c56b20eaf242b12	False	
ABCA4_dd965a96e04125db	dd965a96e04125db7f44555ec0ff3b585746308ba552d90ea714b58c44d13c70	False	
ABCA4_2de9a3d96e847c1b	2de9a3d96e847c1b5530fe312821b63dfe0449f7c642a89220ea01e81a2e7cd1	False	
ABCA4_b3b6818b01636509	b3b6818b01636509e75852847583d575a5016cbdd3ee7194d78cd3233a5abf0f	False	
ABCA4_396c4ec3d619899b	396c4ec3d619899b6f2bb499c0bde86e9483742b4f135b04b076058d423304e2	False	
ABCA4_d42b13deb9345fa8	d42b13deb9345fa846b6859880a056b02485859393a4a001f47bb78920356277	False	
ABCA4_ee38dadae3826f18	ee38dadae3826f1837730b4d88f4e149bff4d246245129b975fa67ec28c538e7	False	
ABCA4_f4b856b9e5c2a4a5	f4b856b9e5c2a4a5fafd6c13e34ebbf14dc2e03b42eec6cb71723f0e4010abde	False	
ABCA4_1075781a42033659	1075781a42033659cb8e969ac4868a73ad4ddf340d817deeb9ed02d1ae98ef73	False	
ABCA4_857417201cc27df6	857417201cc27df62dee9632d8d7341ddc0761efe6adad7867722d5c5abec094	False	
ABCA4_16443e7ad2282f1f	16443e7ad2282f1fa7a3fd60df32314c7d82e24e875cb4840556d4505a6d16c1	False	
ABCA4_bd9375969f12cf65	bd9375969f12cf6515e0bbdb2dc7982651cb1434df2b7cfbeb3c21fd61062a1b	False	
ABCA4_ac2b1f6b77641f04	ac2b1f6b77641f047aeee2f2d75ddefc722c9379cb6bc18025fd82b031b4a89f	False	
ABCA4_d12bd4dc1e47499d	d12bd4dc1e47499d823eb5d4d2dad10480d26e9b5eab049b6149cd67eeea0a9c	False	
ABCA4_fb2b7ca2427658db	fb2b7ca2427658db8107ede70df0a8d823e5218ab449abb31803665314ece767	False	
ABCA4_08411f9bd1a10e20	08411f9bd1a10e20c42bb97c94b25a02185e136b8cbad0060bf16ff01feedaec	False	
ABCA4_c820932b5260dfc7	c820932b5260dfc7e8299068e5f35ceeaf02e8756e3a9c6c0fa292eb469f9fb3	False	
ABCA4_3ef6176971c69e19	3ef6176971c69e19c9e2f5c6b62f7540ae224d5920b012d89182718a66dc7a4c	False	
ABCA4_24a19562dcfc61ee	24a19562dcfc61ee81d77579315001e9a0596350e746c3a5d70891e99b0b0ed5	False	
ABCA4_ac335cb43883ac30	ac335cb43883ac3010dee2cf157f48561438c82c99c3c9271d3e58909867d5d1	False	
ABCA4_9179d52c098aba81	9179d52c098aba81896748cdb95f6bf7df858d399ca9c792d17fb130ce27c344	False	
ABCA4_6db0ef914d8585bf	6db0ef914d8585bf4995c523eb1b2d2101cf92d9041766098f251c0e37232e61	False	
ABCA4_f220f5cd78084aeb	f220f5cd78084aeb709993e255fbf38147d65037faf4e39c732dfc93eb057b5e	False	
ABCA4_5e336a6a2e1d890c	5e336a6a2e1d890ccaef9678507c0bcd35e5d57e8d37b957cfa5b2a666f13373	False	
ABCA4_9116e6bc21cb7cab	9116e6bc21cb7cab8664b15d7f8731c29577aea79ea3b9a656dfdfa4b989169a	False	
ABCA4_c6d2c38e51aff12d	c6d2c38e51aff12d5313031e751b384cbd25c96c79cb4ffdfa36e7fad551fbad	False	
ABCA4_7596f303176bc66b	7596f303176bc66bd7d74d98c5cd6616f68cae7a8da651534a8411f26ade0ce7	False	
ABCA4_b7ff9e33e60ebe0e	b7ff9e33e60ebe0e5403ba96c002e309133dbaf8a33c06172912ddb023280688	False	
ABCA4_bf7b3fdb9e44041b	bf7b3fdb9e44041bc2e12835b74b9d2e361d796a229e8a49afb07e88d91b0e3c	False	
ABCA4_703c9ed36ed8bdb3	703c9ed36ed8bdb373cb6e68ff68f12d585044e150527f58746bd43334ad453f	False	
ABCA4_fdd03185394cbaaa	fdd03185394cbaaaaee5573b89df3a9aeccc9efdf248f6d07fe5e763beedc8e3	False	
ABCA4_0b29c65b1fdc6352	0b29c65b1fdc63526cac8d601af9367285301a82e7c46c44d3fe6d8444e14b8f	False	
ABCA4_41f0b5a992bccc4c	41f0b5a992bccc4ce6a59ad33f656cdbe96da53bb67307d3f6e5eb100d4b30ec	False	
ABCA4_9eb81004a90cdf84	9eb81004a90cdf8482edbc861c1fe2008f4ab9b26d252daf5a1ddcf4b10ab860	False	
ABCA4_9ccd3171c0edf017	9ccd3171c0edf01719623a215058cbb1b3d23c942135e0a82cabbef2eb0d9bfd	False	
ABCA4_e315e5dac04ed83e	e315e5dac04ed83e81eeaca7a508f14a9b5e0ee79652bf59d19e417113dd38b6	False	
ABCA4_72f6a9e7dcf9ef34	72f6a9e7dcf9ef3452a9d60bd51763b940f44f41080466e120061ba03718ace6	False	
ABCA4_cad15df43729f666	cad15df43729f666503b554de210286b629ec8a1056619f80ea206a4b33f1ad6	False	
ABCA4_9dbb8629c4199559	9dbb8629c41995591f4d162bbc57c99000205c1f88c17f0d83945e646565424f	False	
ABCA4_e80f48bbcf7571a5	e80f48bbcf7571a50eab2ed351a15e9ad6ef29960f0af57bb166b41f6ae7470c	False	
ABCA4_67031672856c5f8f	67031672856c5f8fbcf9bb5642b8f9c79ee35492f42958cbfbab7ff6e7b42e03	False	
ABCA4_fd9314db0671670e	fd9314db0671670eb555668048b14689ab8a009781a56d0c2825e332c668dbc0	False	
ABCA4_bd907ec91335ccf4	bd907ec91335ccf484c8cf5c3fcee8619a59ff0ae3c8c7cca77484aaf092ce74	False	
ABCA4_a79dbcc6d517c893	a79dbcc6d517c89383eca63f23f45ee70d2d48a30f6881590d41099049f9c5cc	False	
ABCA4_de7d1a60fb525ec8	de7d1a60fb525ec836ce75f713dc26f7dac3c2f840a151a6cfc8dfcd1496822d	False	
ABCA4_30903e1f77956cc0	30903e1f77956cc0859108dcdbe10b34de147e1d0c277287b0616e26c164fba3	False	
ABCA4_5fc219ee65af215f	5fc219ee65af215f2529909b2ca4c78bae1f77158b68daba01cb293e7f7e75c2	False	
ABCA4_dc9c280e6ff14099	dc9c280e6ff140991036219ad22ca1936073c7de0dd38250a5e83c309032659a	False	
ABCA4_a62f54647af6e2da	a62f54647af6e2daeaf4d82b9f14102ccb21672973eb25cc1059c042a953007a	False	
ABCA4_7da514cddb743196	7da514cddb743196329faeada5855621ecf785730f98f216bc23b9f931a39cd5	False	
ABCA4_84e3481a945efb06	84e3481a945efb068d166ba0a56c112a1d3a4e9c228dc8bc00e12b140586a76c	False	
ABCA4_ea0dd15afd3e2b85	ea0dd15afd3e2b85cfefacfcd4a289951ef173184ed671c1709ba4044d432849	False	
ABCA4_910acfbbd01eb135	910acfbbd01eb135fc2cd9517623444a08164ed15a316967526d3928842a87d8	False	
ABCA4_7a26a5b54a8bfa55	7a26a5b54a8bfa55a6d017bdc46a428e59cf5ac194384218c16967705ac0fa9a	False	
ABCA4_0ec0b0a923a189f3	0ec0b0a923a189f3db956c92e7a13475fa1d3be0afa01a176c701964658df37b	False	
ABCA4_065ed845a944490b	065ed845a944490b2cddb30f308a14d0eaee70dc6699cac1331dd2b82e3987bd	False	
ABCA4_d43aa9ab12fe7a7f	d43aa9ab12fe7a7ff039181dde5627c271b908286b3e69a299b8d641e8166687	False	
ABCA4_3442c0cf717f7312	3442c0cf717f73129006819d364ada9cebb16060881d302a649bb5be328c86fe	False	
ABCA4_d711006a5f7ad404	d711006a5f7ad404bbbeeebda9d819c932465da6a60c84d16f9bb75201d03e61	False	
ABCA4_a7f6fb60a3c0b4a5	a7f6fb60a3c0b4a5eb5e4c8ccd8f2b96a1ba7db77962b6a485d3f94769ccbd8b	False	
ABCA4_799237e01c2519c0	799237e01c2519c00a4382fe4f5c474e712bfb7176915747c7d5faeda8fc3352	False	
ABCA4_7853a45f5fce46ee	7853a45f5fce46eea712fa7fa78c8100841e45dbba10879515dd780c97ca3a7d	False	
ABCA4_a0ab87e1a1a63b68	a0ab87e1a1a63b68ef335f90127d726ad2abc113a9ae7426132e68ca43805ad0	False	
ABCA4_c1e240c682efcb39	c1e240c682efcb39d97b2552f74b3fa0ec9278821e618d49eb94d8bf4fcaee13	False	
ABCA4_4e3efb6ddae0fefe	4e3efb6ddae0fefe2975e6930d0e76431c495b33d91c167caebd8c7852ae1bd6	False	
ABCA4_9fd8bc43a31ae781	9fd8bc43a31ae78139d17cd382f4a15dcb977748c74065ad4971f4a719425bf1	False	
ABCA4_0732f61af14364f3	0732f61af14364f3176edaceb3a6a631e74453f2bdedb8233508cd3e514777b5	False	
ABCA4_8141ef7cc8d190e5	8141ef7cc8d190e581981c240deba59047f3710cbfe033f92dec556ea457517a	False	
ABCA4_1af9510c5e3c795e	1af9510c5e3c795ef09fd88a6ce021da1cb587336c3ca5a5e5ccda892222b219	False	
ABCA4_5b419c00803751ec	5b419c00803751eca178f0ce04b5d6ca707cac1c89f80be92348aafff7d28871	False	
ABCA4_d1596cdb7afff3f9	d1596cdb7afff3f9ff93cf411eea45bdce599219f8e64511f9b6021f22d04aac	False	
ABCA4_0e633712b2798537	0e633712b2798537f3ce7d9c0d264792f73cb79b03b3c0a2a57380c5381569d9	False	
ABCA4_26542507441c6003	26542507441c6003e4b9def1a10192e629549bd89a71bc2392a69acc0e11d19c	False	
ABCA4_cf3a880407a518b7	cf3a880407a518b709f79c0131db62e531d3fe91971b6249df952767a53cf164	False	
ABCA4_4ee448c7e8331ae9	4ee448c7e8331ae9a0a7d47038041a27985759af2c48c59010fd01c46f452520	False	
ABCA4_329d37b9cd6e21fe	329d37b9cd6e21fe60e3f59f8107e3ec0ca08193f2b714ef685c373ef684fdeb	False	
ABCA4_bd0bc2df1581a794	bd0bc2df1581a7944219837e40352f7be3cffb9089d840a22db04d4ff04e7184	False	
ABCA4_704b40962fb11342	704b40962fb11342bc8308b83c353bd294bfa68297528bc9d13e7e088f7e57d1	False	
ABCA4_35550cc3e07887ee	35550cc3e07887ee18feef9b74bd68e2f5227df72145a37c276048a314ae4989	False	
ABCA4_17d99d7764e9c3b9	17d99d7764e9c3b91048883441918ac9e28ee432ff6fc1c603f6447da79dcff9	False	
ABCA4_a1d1e984f90440cc	a1d1e984f90440cc2323f40b45b80d98becef4b871b4885df2ed15ca29ac2d8f	False	
ABCA4_84dbdf2e6d0d0455	84dbdf2e6d0d04554c9ca75259a1dd4fcfba47af81a012fbcf491197b006a3b3	False	
ABCA4_5d2b24d73f245112	5d2b24d73f2451129e6a19af083aafb879a97b449090f4feb4b3e40caab5acd4	False	
ABCA4_25f70cc058fae7d5	25f70cc058fae7d52e8f4c1fa4100047bada21f0d6d5dc7aba5e44f279285827	False	
ABCA4_3bd6d375b5bc75f3	3bd6d375b5bc75f3511a1fdf7f610d14929deb21296a8199470185d842afb496	False	
ABCA4_922a8b2e03848553	922a8b2e03848553236f085a10b582d73f755e93f60608e64b6a8b353cacb2ba	False	
ABCA4_2641c96178eb5180	2641c96178eb5180c222723eefcd6203ed7415b28172ba2732e729d988f28cca	False	
ABCA4_50d637253f22e454	50d637253f22e454e164daa4f1e756758cd5a935691077c6677fb9a9e28988a5	False	
ABCA4_473058af71ac866c	473058af71ac866cb408f5eb011145967d3a9e4771444f4d748fb28e5d59bf59	False	
ABCA4_4e726fbf24922988	4e726fbf24922988a2642e315dbe44334c935d8676b33e600b763c879bf11b39	False	
ABCA4_7d0f2321cb9d0900	7d0f2321cb9d0900014f234a19e43b8782fca9e02cd08b3f010b43b7a668ca16	False	
ABCA4_430372f5bac56822	430372f5bac56822d5da0a1d274a52c7accd35360c91ddf7cbecd170467b362f	False	
ABCA4_5a85a2e2f0575afc	5a85a2e2f0575afc073debc017603e0f3425b74f8e252d47a28ab4314347d28f	False	
ABCA4_92c007d02b948ffa	92c007d02b948ffa38c791103be7131748d39405b52c9cb286420c09caee9539	False	
ABCA4_f0c0bff2629443d0	f0c0bff2629443d01924ba843aab8b7d6726d1ab88efe2b67f7cab7f136afd3f	False	
ABCA4_4887c7b466695403	4887c7b466695403cad12875a5fb6ae2c6f376caa16f5ef10a9ed004978f936b	False	
ABCA4_016a4ff48a3d4007	016a4ff48a3d4007c2894a2e403def0d7f5098988ba567a9ffcfe3e712f14c0d	False	
ABCA4_caf69e54674cbb5d	caf69e54674cbb5d33a448da31bd9b0b2e7741e94861870a03bb407afeca616e	False	
ABCA4_736b0628e14e3fd1	736b0628e14e3fd127e1c59be09b245d0dd7ea271ec0ef01c3627cdc42cee75e	False	
ABCA4_0bed70adb62cee90	0bed70adb62cee90476a5d8466548263dd6837121a3a5e870c9b7d1c3097b8b2	False	
ABCA4_30b7f0b8e72152a0	30b7f0b8e72152a05a7e740e582d3198233430051008e4654d30df97f53ebbc0	False	
ABCA4_8bcedcd67aefb5bc	8bcedcd67aefb5bcd86b4d39c38ef8dd7eb89541911d6d73f67498d04a6f9d84	False	
ABCA4_a46ba407df24558d	a46ba407df24558d57c2190a0fc9b7f37d3b45ed95dfefd4701e28c74c67bc2c	False	
ABCA4_4a4101973f7b9924	4a4101973f7b9924bf493b911539e2587573070ee2170091b5f5b0e93c269a35	False	
ABCA4_4f94ea9361e2f70b	4f94ea9361e2f70b597474515984a99fd15c8a4f70ac981bed36806812ab2719	False	
ABCA4_00390d3625128f49	00390d3625128f49df550837bbee02cba1e04a185462a2915cdf844aca746b68	False	
ABCA4_0042ad14ad53e30b	0042ad14ad53e30bc5d34f0e7d48951ce91d2bc06148fc7ab99cfa15379be188	False	
ABCA4_00447af66fd50e33	00447af66fd50e337cba15cca3e7e70633bd7e28b40019022d2c2c675a43ee06	False	
ABCA4_00529406a09ce878	00529406a09ce8781a64f81a521a4e5b69c0fa666f7d5979cb52c0dbc613b991	False	
ABCA4_005d9c17507c7622	005d9c17507c7622f868efd3d92937253b79dfde4c3b1e762f0a7ac4b5ab8d45	False	
ABCA4_008763282f44a984	008763282f44a984ebcd084f9684fd169935e5a8dc5d689c7b1d6adac1513b8b	False	
ABCA4_00ba5d672a00ce94	00ba5d672a00ce9442b149652a3ec66e7babc3bce3e92bbf4a30db8dc886bdb4	False	
ABCA4_00d8b7eb3fdea337	00d8b7eb3fdea337ec113699561113fcfa816a389fe225ac36f096591960eaa9	False	
ABCA4_00de87874914e072	00de87874914e07278cee5f17f6d6688998d42eb956bc3b2470c211bc9d0bf5d	False	
ABCA4_00edcb9a7703a3fe	00edcb9a7703a3fe4e3b92031234383f4467613845c0ec237a85e75c9c78b02e	False	
ABCA4_00ff3d3bd2d6f620	00ff3d3bd2d6f62080dddbccbe57a1dcb7dc2dd755b81e5856b61368c279b2db	False	
ABCA4_012768fcf69da85e	012768fcf69da85e8187b37825c408b80a4382a700eece4fdb4c36f131fcf6ae	False	
ABCA4_012bc97f9ae51bab	012bc97f9ae51babfa5b5d40a6701cc96088227cf0d5149c7b82c30535b9e360	False	
ABCA4_014d185fb940cb43	014d185fb940cb43cfa05d7f94a2071928231bef98f960cfd1ce82ec253ef705	False	
ABCA4_0167c92edb4599d7	0167c92edb4599d77c1fbfa5788c2c489352f6b9a2128af69802765850692861	False	
ABCA4_01890b2702119ad2	01890b2702119ad2a88ebddae4c1c8f632e323037c56d7f05415e993100af64d	False	
ABCA4_01fd60050c6d32aa	01fd60050c6d32aa93c4c7e9f49cb4ddfd35531967af4a3c637e7364f95c9b13	False	
ABCA4_02180dc82fd6c12f	02180dc82fd6c12f2362ab79ccaba0db138f37ad6b7f4cd944f57cc34a3fadd0	False	
ABCA4_022705d3f2b6bda6	022705d3f2b6bda6e2c478cfbc4d8d6f69b8cadb5951d9501e94b096c7b15150	False	
ABCA4_02435ae8461603d4	02435ae8461603d4581c71c35d17c85c17adb789794baed71afeb49a9681eb4d	False	
ABCA4_02610d265b577f19	02610d265b577f1958f518275e028d845a4e68babf0b661550ac2a34e41ee366	False	
ABCA4_02bcc5017e266491	02bcc5017e266491f0a3cf8160722ead4f3949ae7b3529daec2dde99a2f839f9	False	
ABCA4_02c2894e4cadbe1e	02c2894e4cadbe1e357895292ada25052e6358b46046a03ef1de960e3390c3ba	False	
ABCA4_02dd46fb8880b7da	02dd46fb8880b7dad5055dcfedd3fe5b5f7073bdc5e11efbcd55cca4b72872d1	False	
ABCA4_02fa8a7037b0420b	02fa8a7037b0420b4ad2e527ef860396572c67bca41efc204431621e7d848c89	False	
ABCA4_03390faaa4872c4a	03390faaa4872c4a847240b326eb60391e7b6662216062f9bc6a030f4d9120d4	False	
ABCA4_033c6dddb1544abc	033c6dddb1544abce21d50649cbeb30925df164a0727bacd43603cc27064d1ad	False	
ABCA4_03844c6c901847ac	03844c6c901847acb145b985773a391b655fa4a8be8f6bbce141b6543dc9bcca	False	
ABCA4_03894ccbd5425166	03894ccbd54251663bbc13b5c9042404e55ce7e5aba3ec8c22210f11e7f395f9	False	
ABCA4_03a3c70018f28eec	03a3c70018f28eece3122f627768ba078d8f6f0ce65c7f7821acd641a894c37c	False	
ABCA4_03c0ce3f26759921	03c0ce3f267599212ca0cba6a5413eac41df431cf6a00b54f41e47504f25f55f	False	
ABCA4_03d339362f69f6eb	03d339362f69f6eba3059f39569075145d7fd9928bf3634ba5a2b46acc16f309	False	
ABCA4_041e541dfab0f283	041e541dfab0f283b57df823e1249c36d378b15c9f3fe3626041e9374d58618f	False	
ABCA4_04277527a8b2a36e	04277527a8b2a36e08c4ef05d7c4563291d20cdabd06d82ee861aba7c0e59561	False	
ABCA4_043043490891c921	043043490891c92174806d1cdf52d002c17f5018dc27bfee2f32a918f589f888	False	
ABCA4_04570654cfd2a004	04570654cfd2a00429ebce575237744725153d5b3722236a5732f1d524e3af1a	False	
ABCA4_04a4e853f2c6ba2c	04a4e853f2c6ba2c1920f6f1fddb61ad14f5ebe26233060e6244c2c24d2e5cba	False	
ABCA4_04a769b474d3577b	04a769b474d3577bd5f53172d58c9d25a9a5d8a12f41fdbd21e2bc92f3e7e130	False	
ABCA4_04bf7dd5aa3efe43	04bf7dd5aa3efe43c47d5af4de90bd0bf2ca089ab94c2a1ed3cf14e5a499eb30	False	
ABCA4_04f7a51a33eeb3da	04f7a51a33eeb3da09789ce21fe0cbd7842770f4b483c09312e0222f7bca8296	False	
ABCA4_0515d6d3a070e83d	0515d6d3a070e83d0922b0bb700fa96485a4056e6f85ada75e04184dc44ab4b6	False	
ABCA4_05414e9598c4a26f	05414e9598c4a26ffa880fc8cc36ff06967bbe0409aafc930bcbfc37193931d3	False	
ABCA4_055252ad72d8ac69	055252ad72d8ac698a0308e9898cc8f3b990dbc00a76858afb8347079c7db4db	False	
ABCA4_05e259197c237c64	05e259197c237c6435f29362d65e306363286774b811cbea4bc4fea26625756f	False	
ABCA4_05eedf26a2287d23	05eedf26a2287d237e69fe826be5b3cb5fd86790900f9194337a09cfdc3be3fc	False	
ABCA4_06033b4d2f458c1a	06033b4d2f458c1af070fe9fe44ca49163c70abbb9fe0278d5e1a8ab5d2c1059	False	
ABCA4_062b8dd3d3f8571c	062b8dd3d3f8571c2e01624537e1d6ad3ee88799909fd8eb05111dd981a0678b	False	
ABCA4_062c8432631658f1	062c8432631658f198a911d3d996f0cbd814536bcb0be3284827e4db0bf6a8c2	False	
ABCA4_062fbc656c7f8574	062fbc656c7f857439e60969efba9afc5a42078999b3e335ccad7faa55ad4724	False	
ABCA4_06440aa5ce45c224	06440aa5ce45c224c9b5e2b9b0a428e1d283b3ae3f0d3fa246095beecd718cf7	False	
ABCA4_067b43a7502ccb9b	067b43a7502ccb9bfefe2eeb04ebc9edb10294ff414a71500ccd08404d634169	False	
ABCA4_0688305e77edf390	0688305e77edf39087e0a089e7451634d122ee5e62f396cbd219b79d8c41426f	False	
ABCA4_068d4e8aaa9924c0	068d4e8aaa9924c0c0726f395ae13d618004da16db3813d019b0283e3c6b5fe4	False	
ABCA4_069d5d16336b29ec	069d5d16336b29ec1ecacb2c6042c64e96a6df7ef1e0597b2b0b9668578c4f4b	False	
ABCA4_06f3ed13d3e77456	06f3ed13d3e77456ecb9bf7bc8bfa9d81c12ea86c0f59f8d41871b16a3423f63	False	
ABCA4_06f70a9c0d62a9f2	06f70a9c0d62a9f2e27805a91a48b29d968a410311ca6496bd21959d203080bf	False	
ABCA4_071fb8182db0ed37	071fb8182db0ed37eb1120354bba408d5db3c9c8ce264c6c012f2157c9d13270	False	
ABCA4_07225d835665b255	07225d835665b2554f15a99f70769fc76b3f913587111e8ba64b436025be9d2d	False	
ABCA4_0727c192efa76c5b	0727c192efa76c5bd28a646c862a439c53b17ab501b6d465d57cdd7b544c2c48	False	
ABCA4_072cb160e624dcdc	072cb160e624dcdc25b52e46df73d23ace6bd1c05809ae1a1665457aada72ca4	False	
ABCA4_0740dfc598624806	0740dfc598624806ed1c097f8d67d9ec21a087a92596bb84470ffc2addd4fe9a	False	
ABCA4_074d09fb81d445a4	074d09fb81d445a444f7ffb4a27b4aba7b2bf2dc77305e66a30586b40875e057	False	
ABCA4_0788e71d3153fc34	0788e71d3153fc34a8002f482405f7ff44b7ca191a7270d988ea1acd55fc98d4	False	
ABCA4_07a758c723067bde	07a758c723067bde6ffd3d5054d3260b742f37cb1434edea51814b641f3ac06e	False	
ABCA4_083dced178cedfd4	083dced178cedfd48e1e579672f07f8100a2bb0f89e2ffc3f459ee58a67d9a97	False	
ABCA4_0854588183ce5720	0854588183ce5720550f13f5e082120939d916524d21d36d40b0de9c255ed5dc	False	
ABCA4_08a12ea61c667c61	08a12ea61c667c61e4dbbe2f7e0ee2607edc1611eeeeac62373c0b78ea518626	False	
ABCA4_08cdc541f5a3a024	08cdc541f5a3a02414741aec9edc48d74cdb1ee1fc80a000f9b24e8c6d54bdb4	False	
ABCA4_08f1f5eac019c903	08f1f5eac019c903004d4a35cfb58b0a8e65d5f802dfb31544117bca0453a85e	False	
ABCA4_091d9d728f25af49	091d9d728f25af49d7e4045d9ca5087603273f813331c3ab979b9dffe2ad9980	False	
ABCA4_09235ee334e11abf	09235ee334e11abf3a0b85ac1755688297658a1a484c8719fe73070cd8378b3f	False	
ABCA4_094dcf06d5b9dc40	094dcf06d5b9dc401e2e7dd75aa81d8df9f65402864007b6dc6683f2989be19a	False	
ABCA4_0959e54da279b98d	0959e54da279b98d5282dbdcca97e91bf3d279884ca543cd91e342b0a829aa25	False	
ABCA4_09af3c37ab2cde8b	09af3c37ab2cde8bf2b388d3cb9a1846749b63be9a07038f217a396c2fc632cd	False	
ABCA4_09c25f6432d89328	09c25f6432d893282c2e63cee61b5466d8b4b3aa3b5e14c13521f8fd947bbb30	False	
ABCA4_0a40bc67ab34337e	0a40bc67ab34337ec1d9cec2598ac4860bf319c943a38c50852070210124da8f	False	
ABCA4_0a44507a7f37c3f6	0a44507a7f37c3f645da254afdd877f66f9f764fc155f7b83ad83adb88e4dd99	False	
ABCA4_0a759241d1987a17	0a759241d1987a17bd258741d6becf602bcdbe9036737c0cecd9edfda020f3bd	False	
ABCA4_0a7a2c72a20e67bd	0a7a2c72a20e67bd40639504d17d3108df2e372ff92f94d7b9de40c7c2050086	False	
ABCA4_0a84901f1f6d4b29	0a84901f1f6d4b290e8d3adf90878d0dacf9aa64282cd3f3830c93f041097507	False	
ABCA4_0adf04fd7d391025	0adf04fd7d391025bfce040752a23e556ef2ea6cd0ade90b1dd92b1c680d0b6a	False	
ABCA4_0aea7749645f689b	0aea7749645f689bbb625c41bdb14abf12d380044014d33cd3268c43747d446e	False	
ABCA4_0b04034145533369	0b04034145533369e5424177e0fb5bfb4a9246b581095b8f09d19b4e49f8dc1c	False	
ABCA4_0b90171a26bf0782	0b90171a26bf0782cef227131a9933af011c003249792ba532adc58f0bdf65af	False	
ABCA4_0be3988ede25e3f7	0be3988ede25e3f7edf2c6636367ef2c27bac2582b2a103e7e8c6647060070e0	False	
ABCA4_0c410b813aa8f92d	0c410b813aa8f92dcce8c176a3d01c7ef86e92d06bc057988fdc8abbb7eb121d	False	
ABCA4_0c9e232206b51e2c	0c9e232206b51e2c7aa7ff1984d6d422c34dfecf713e0ac663be520b0653b871	False	
ABCA4_0cc48e8bd464b1c9	0cc48e8bd464b1c9343d22780c86cea07ffc9a45d146a297c2aeba2d5b41a47c	False	
ABCA4_0ce617e05d787a4b	0ce617e05d787a4b1a9a667baaa435dc3286dffb0cc722aadd7a3d9e1cea9e91	False	
ABCA4_0d2f93451aa8a885	0d2f93451aa8a88599839b3c52a2a676535c821b1e94be80db787a5b08ce7d37	False	
ABCA4_0d33d006d89f50fc	0d33d006d89f50fcbc0c67e24c5b948587ac8b1de19e3814fc038501892d6f99	False	
ABCA4_0d3e66dccb728235	0d3e66dccb728235c21822ce18b2df34d353f3cebebd488b78a3ef9db4e7b7d5	False	
ABCA4_0d6d730b2266b35a	0d6d730b2266b35a9498eabe8e9c4bd86c301e3359fda49551004b4bb9986f29	False	
ABCA4_0db4aa55739c6914	0db4aa55739c6914babf7c5155699d81c533741f72d39c250c08a21e61b09afd	False	
ABCA4_0df043e6613c813e	0df043e6613c813eeec881989eda85d94cf4d3400e1bf492c2a111504d43ef50	False	
ABCA4_0e15ff16c8f3ef19	0e15ff16c8f3ef196b5c82c636f92c4214403fba4d0f099924a88a1c5e0b91ac	False	
ABCA4_0e17e080ec910e3a	0e17e080ec910e3aa57b41569451e63d66954207f9b5da98a9029d15cb7aec42	False	
ABCA4_0e2aed696a221435	0e2aed696a2214355792e54a470dac931c799e6a8a44c0d93b2261851713be0b	False	
ABCA4_0e535127bb95cc63	0e535127bb95cc637280e4dd687b60d66c5e70550c7e73b6750b79efb776cd06	False	
ABCA4_0e8599e576bd3330	0e8599e576bd33303c1a1aa14d5a150e175e84024ab83451a1b38313e1b0864e	False	
ABCA4_0e8604800bc33670	0e8604800bc3367072482c300573544044b3d1e92471dc6432c2b91baa486668	False	
ABCA4_0ea11935e71544c1	0ea11935e71544c1c85297191481a98aaf3359634f30cf7792a8a579a54bb83a	False	
ABCA4_0eb7a83704c30dc5	0eb7a83704c30dc5b9894f4afd0c4717485e718f0a379e7a0d3637ed8afa65a8	False	
ABCA4_0ebcead3fc319208	0ebcead3fc31920893f0a154e2833191d0cab112da85f9171ad2b6920175ae12	False	
ABCA4_0efe42979507b31c	0efe42979507b31c11a7c3b31a0ef4df61113fbadd1a9889bc51cd2b1ba1de8c	False	
ABCA4_0f51862470fc74a1	0f51862470fc74a1691c6f7072bd33b203ffc71b6a36e92b5f58f63163771a05	False	
ABCA4_0f58bab53aec7a2b	0f58bab53aec7a2bc08051adf0d42f7b7117c9a6563c35d8d1c82e425583a294	False	
ABCA4_0fe74e1922cbd142	0fe74e1922cbd1428075a1142dcafccfe809f985c59d7f94c69192826cf5cd7f	False	
ABCA4_0ff940542e1e73d1	0ff940542e1e73d16861f13047e2740266e78931db85b1c2e918f4f548967ff5	False	
ABCA4_1046c4cebe7f0c75	1046c4cebe7f0c7530d56aff58c0780d683b00f7cb3c7f8301a4f47045d4e973	False	
ABCA4_10a545ae79a8ec97	10a545ae79a8ec97cd0ea6e9208eef0ec6140882d3946c27462a6e2a88a2b30c	False	
ABCA4_10cee51d9c759746	10cee51d9c7597468641e9afa988321d8547c6f728cc6bba8cd7c0a810a31c77	False	
ABCA4_10e79a05ae6953d6	10e79a05ae6953d63e6876e2a79e9dd1b5a64e7cf9f29c2f8b4401d5d0e9e609	False	
ABCA4_10f1e5ce6b8def2f	10f1e5ce6b8def2f1bd3ad8a0be3aa6f9e145700ed008e3b6640a44c4fd4d511	False	
ABCA4_1122458570c28a07	1122458570c28a07de2c44f822d69904ab120b87c8fc1c694db0388dcb6ec650	False	
ABCA4_112f4d38e61e242d	112f4d38e61e242d7a7a9ea78cbe156fa1db3f974f9c0832d1973e32b4d072c2	False	
ABCA4_1167f4ffeba0f0a1	1167f4ffeba0f0a1fbf40a5cf3056b19c170b62677afed1ce40d6f13780d2db6	False	
ABCA4_11d275134536d8f6	11d275134536d8f6bdf21ffd1be1b3ecf56a2edb6f00d1919180e6578507cb9a	False	
ABCA4_11dff944c3410a8b	11dff944c3410a8be57667f77c58ac15fdb4024370ac43c353eca8b141cca91e	False	
ABCA4_11f7269f98967896	11f7269f989678961a98fa78be20612f791b6aea75847e3d328fff943cdf1a03	False	
ABCA4_1215a1bbdab4dd19	1215a1bbdab4dd195367805539864144de598f4c1fcb6f43cdaff5b7d5d6434d	False	
ABCA4_12192275360877e6	12192275360877e68138a06610830e2d0777aa39df2f26178b4a1fc19c1460b8	False	
ABCA4_1223f503dd065619	1223f503dd065619eee0d0eabea62600511b017c24ea73a6a36188ffcd32f6c8	False	
ABCA4_122ab3fbeda346e6	122ab3fbeda346e67f769cd21a9a4b5c2caaeed3fe220ef3f649e626534c4d4e	False	
ABCA4_1253ea6ae6419fa7	1253ea6ae6419fa762b11ce3c580280cdeb55583205ffe999a098f4b6137f714	False	
ABCA4_12c1cba83eb438cd	12c1cba83eb438cd4dd0e80ea80c7050028aa71a85a440ba71b7401af39d8d49	False	
ABCA4_12d0c94a44657c51	12d0c94a44657c51692bf07aa65b51978ec203b129d6d2e8add018f013c585fd	False	
ABCA4_12d573a821e555e1	12d573a821e555e15ce93e4c424b5b3edeed511c5d39e374efa187d9b3b16e1e	False	
ABCA4_12f1872bea2e929d	12f1872bea2e929def3d7abaff6debbac1317ed5cbd9bbb337c746a67a034a14	False	
ABCA4_13267c884ebb270a	13267c884ebb270a9718b6779887026f1cfe1b45af45ae02c24ccd1bbea36a7b	False	
ABCA4_132dc27b600f50e8	132dc27b600f50e8935aaee17f24d4fe9d1c525e5de28883917cfb0e25fd363e	False	
ABCA4_13ab76dba9b66832	13ab76dba9b668324df3b1f2e5deaf1a33d03a287daf54c53881ab9815361b7b	False	
ABCA4_13d14b167c8d1b7b	13d14b167c8d1b7b1c9ae2dde92610aeb311583cb8fe6e4f34a706f429de83e1	False	
ABCA4_1403c0429b2079de	1403c0429b2079de8cf5af0003dfb252ed6f489fdbe58f27d776d497c4b6277f	False	
ABCA4_147943b3c5544e71	147943b3c5544e71556616b22c9f3614b32ea08b28a14590a34314e74d883e53	False	
ABCA4_14d77089f9288118	14d77089f92881189c213d6823cc0cf7def538dc1197e5706b0788bdc4a0baec	False	
ABCA4_14f09ed79be6cad8	14f09ed79be6cad82171a96f233ca690f0da71cd0e48e69d01261a91b1de74b7	False	
ABCA4_14f1d5f5297c589a	14f1d5f5297c589a47f375cacd863d03c38837f2b2feda40373273d82fb85b98	False	
ABCA4_155d2e5b75c70cdd	155d2e5b75c70cddb133ee4acfa22ecdf31ee44c88d7184560e902b6e632bb06	False	
ABCA4_1580038d397e5470	1580038d397e547037a162b4ee7fb6671cb4332b7be601963285eeb2d1e7a935	False	
ABCA4_159dc06dbcde3522	159dc06dbcde35228cedb88d589d39a48cf5b4bd798725333a97cacd4f158922	False	
ABCA4_15d2ad6bad3ab5f7	15d2ad6bad3ab5f7cf469e7c7f239ce075e77c5063b3d51e017ebba0b2870f26	False	
ABCA4_15de4fdadc088b94	15de4fdadc088b9420cde688cfa4c987941de249f52583e01218281633bb2e81	False	
ABCA4_15f0fae6caf5ed74	15f0fae6caf5ed747c30a919af72f3403db33a4279f466c95a563ef33f21e60f	False	
ABCA4_1623b841a75554c8	1623b841a75554c8087ccd47c6db477e9a0dd49a596c1d40e343366c0a9ceb22	False	
ABCA4_16787a1a7d19c283	16787a1a7d19c283dfb6bec1c6f1b2d1d4a7b444d949bc46b110934838e904ba	False	
ABCA4_1684e7266e5a24fc	1684e7266e5a24fc38c5be5f2937023dba5649538e6a67bf61d7bc89935df73b	False	
ABCA4_16a7addba669ec21	16a7addba669ec21396493d5cc522b11037626ec6d8f811b80becf1d1b15424e	False	
ABCA4_16c7262561229f75	16c7262561229f75abda77d3d276048f88c8546043adf46614a334ce59321840	False	
ABCA4_16fc0232a05fc51d	16fc0232a05fc51d035bbed48daa7e4a33a39cc59d219d8b64f31b66f72003f7	False	
ABCA4_170fe78d08e3dee3	170fe78d08e3dee38094bc3e3976cfbc4e5a713a39f8696039a28b78801a43eb	False	
ABCA4_17155e1fdc21f945	17155e1fdc21f9457ec3c806eeb5d259263ea99d5e9ab90d6d1704b85220e88a	False	
ABCA4_171d57ca70257d28	171d57ca70257d286e6d6d2519fc06420aaebe0ece3c0d58d408fa067bec6be1	False	
ABCA4_172c2652e811a905	172c2652e811a90566ddee726ad6c496f4f59d4d8df33d408f42b24c59800906	False	
ABCA4_174bd3ca6f9a9802	174bd3ca6f9a98029cced8ba4520bde65f19a9cf23b67c70b79b936fb390b162	False	
ABCA4_17729153280bf712	17729153280bf712769f53426cc2267758407e3f82d28399607e155c2a159b41	False	
ABCA4_17880dde01808cb8	17880dde01808cb808321fc135fe53134a114b80a7cad96ced767180a13b3b8d	False	
ABCA4_179eab0cabd95faf	179eab0cabd95fafbdfa7abefac0ef93528389bfd322ca962426b2da19de7993	False	
ABCA4_17b25ec14b2cf510	17b25ec14b2cf5103fc84a35c4d475e0068d3b27cf9e4aed5f7e4dccf9463101	False	
ABCA4_17c0650d016bcc9c	17c0650d016bcc9cb6f59cfbf73dda88a76f04688cb16b7d5853aad5345819d1	False	
ABCA4_181c41b7ec139998	181c41b7ec139998a9ec1fd2384ba206cfdc3c0c6bba284df0a3daaf0d0a7bc0	False	
ABCA4_18363dd8ac13496b	18363dd8ac13496b0888b42833e782c39f018b381b4128cd7dacd8d92d64245d	False	
ABCA4_18c9639628161089	18c96396281610896de55d2934f4d1b13c977775ae12ed991096e31d71479822	False	
ABCA4_18cae963229941e0	18cae963229941e0e7621b223261c319c1b780115738f5eb7a7b620dabcc3079	False	
ABCA4_190833356a638ba7	190833356a638ba7fbc1d1435f33e9cd06ba164475960a18215fad14f9f2d37e	False	
ABCA4_191215ead80b8511	191215ead80b8511528c7eea89669dd7a37aea339ce754c60bcddae917bbc46a	False	
ABCA4_1952eaaf739a2b8d	1952eaaf739a2b8df0a43c1b872ce9044b9dbc242d22d12c1b390a19b8277870	False	
ABCA4_196e5a4a508599ed	196e5a4a508599ed1b7b2467f14bc017d3f5e62dfa8f049202dece209a2191a0	False	
ABCA4_1970467ea5d7996d	1970467ea5d7996d212838973f36651431fa839140c6ec89d85d4a094582e796	False	
ABCA4_1978237145478718	19782371454787181b54af21b782953bce35d655f17f4bbe2faad494e46f575c	False	
ABCA4_199ac8468645ff14	199ac8468645ff14ebda58b3a6cb44c3f6adc7df179b58b79ba85b924e0a615e	False	
ABCA4_19b0925c8a0475f2	19b0925c8a0475f233694abf96a4f78d50ddcbea850944434177e4d58af34696	False	
ABCA4_19c21e551cd8ffb2	19c21e551cd8ffb2a7c94b27c2adbfaccc43c572a3b4fac0b24cc4912fa457a5	False	
ABCA4_19e3883617be6f00	19e3883617be6f00c5ccbf2535f07514a49a19f99432287bd2bb597e979029f1	False	
ABCA4_19f8b573e24c0770	19f8b573e24c077055823d45d3406958547cebd7e46fa62de386b51564519d08	False	
ABCA4_1a12d992e8d60e59	1a12d992e8d60e59d53265a6280297eac03c3eb059f2acf859e96bf4d2505f64	False	
ABCA4_1a34769352c3a33b	1a34769352c3a33b39b855105d1113b7cb2e8115376fb3ad11ae7a3d7c7d9ef4	False	
ABCA4_1a5be6bca5fcf8fb	1a5be6bca5fcf8fbe6905d58b9f2978a6dfedfeebb7e1e13f4eb57daf4fd1ad5	False	
ABCA4_1a5c6463c6e6db82	1a5c6463c6e6db82e7aebf9460fb8f944cdb613ea404993db8751b1307aa1b8a	False	
ABCA4_1a5ff5b9fa30a524	1a5ff5b9fa30a524474c278e59b5b306331c595279b75c971cacdb054d923ccf	False	
ABCA4_1afbd5a2f3313ad4	1afbd5a2f3313ad4cb3412e3878f4c919cac486c4802aadbb5862019d73ca3e8	False	
ABCA4_1b9589a6d92cfe5d	1b9589a6d92cfe5d7975a4abcd5d5f11a359a754fe2ea57d67695222c271cc67	False	
ABCA4_1c798dd1125964d0	1c798dd1125964d0e7bbb69fe6ae0a27dc865e22902034893168dfe3a0b278da	False	
ABCA4_1c8660b365b1d358	1c8660b365b1d358e9db1cd957faef0aff331cbe890869eed6e65aec38e035be	False	
ABCA4_1c92ce3ebb0778eb	1c92ce3ebb0778eb2073bd0bca840c225ccf82d9e25dfab193d1dc2454d72b6b	False	
ABCA4_1cbc64adb848d784	1cbc64adb848d784fa22d1fe91f3c2cbb51f5d25b727c9a34a4bb26197acf40c	False	
ABCA4_1ccb9ff6f9114d10	1ccb9ff6f9114d10ff42a93c85e812e8387fda26627043c76376a12a28d9d1b8	False	
ABCA4_1cdada3f302c7503	1cdada3f302c7503f05cb1008d767f099869abeed5e06f8efd173bd1da196b20	False	
ABCA4_1d66327ea0a5ff7f	1d66327ea0a5ff7fb8fb7a7e71e7f8312e41a2fdecfd7f8fe0c290a17e4fbc1e	False	
ABCA4_1dbc02271e3f76ea	1dbc02271e3f76ea7b684662030916fed8a56d45b37802f77442c8ff45c7483e	False	
ABCA4_1dd9214de11ee557	1dd9214de11ee55706304b5387f0772f6444184b5d57e438cb4bd64d0b6347c3	False	
ABCA4_1e2790c8f73f0657	1e2790c8f73f0657eb4e520b78272ee1ccf8d1ff5416bb83c09e3135dbcf40d4	False	
ABCA4_1e8bfa12736ef007	1e8bfa12736ef007bbbdce263606283508674ac5ab8f371b29aeabefebfd265d	False	
ABCA4_1ead1ba76ed927d3	1ead1ba76ed927d3ecfe835991a153ee82ff3cf257a098ccca421c4591f47d71	False	
ABCA4_1ec2ccecfd03cfa0	1ec2ccecfd03cfa012517972002be8e467812c97d8454bc535b38a0a3d0dacc4	False	
ABCA4_1edb6811a2b006be	1edb6811a2b006be53d3c51efec5c41aaa896006c55f3a021bd4e8f1c20b7ba5	False	
ABCA4_1eec4498b96f2bc3	1eec4498b96f2bc3b58c5fddb88da29bd475aec624d12fa3332b85022bf82c93	False	
ABCA4_1ef63ac27470833e	1ef63ac27470833e96545eaf1ced0a417707447abcac3fd54564354687e1a33e	False	
ABCA4_202e52529da240eb	202e52529da240eb52dc4b376c7d13d2273f9e858a1b4c364c38fe87484a22df	False	
ABCA4_20458f6ecbaf3c3f	20458f6ecbaf3c3f54fdcf1c641241204c33e7a7824f8ee7ead7b0c1ae8edd27	False	
ABCA4_2062e018223b9806	2062e018223b9806603d8acc7a79d5ae3587cc11aef92b72338fc84254f0d6e5	False	
ABCA4_20780750304aa46e	20780750304aa46e42d68d488ebf1dad11d4878edb404e9d3130ca16805a4c94	False	
ABCA4_20864a7aecc0a6f5	20864a7aecc0a6f5bd2a256277e7180380668e98258f32f3551dc250cee30339	False	
ABCA4_20d1305ebfc457fa	20d1305ebfc457faf2d194172ebf69706c25110b31affa7b1484af66ef999486	False	
ABCA4_2148891e4f40368f	2148891e4f40368f2a4e403405a594a44850484d168e7d6f9d54b00961aa047c	False	
ABCA4_2182ddd44159aa7f	2182ddd44159aa7f3921649023cfcd4c07693a650725ffa182afe22d8ced587d	False	
ABCA4_21ae597155ea0d49	21ae597155ea0d49ceab9b5ddc92d7d10b5835b66793324fdbb4fd7ab454c8e1	False	
ABCA4_221975d7541877de	221975d7541877dec60a58f32f70dc773c5cdf5abd8c1e4dd4718ad3b30dbac2	False	
ABCA4_2239c983a3159afa	2239c983a3159afac98b4a4aaab114c20bf9284e6714f1ed49a20a873299caa1	False	
ABCA4_228d95b46571ab55	228d95b46571ab55ae3fe44adbda226cabe939b7011bcd071ae8239714100274	False	
ABCA4_22aca87021c450c0	22aca87021c450c00bb35d96af65551a05b6b09db604fb792faa8df436b6b3c2	False	
ABCA4_22d4d64751bac206	22d4d64751bac206d6feee4fc4a8f22725f0cb8e8231f27326f1e6822c2751b7	False	
ABCA4_22dc30ee08b893b5	22dc30ee08b893b5bf93b0fa607c7692399e48c048097d79e06395f4e73369ad	False	
ABCA4_22fbfcdee86a275c	22fbfcdee86a275c08dd7eb7dd8426e25a7329aa5f76ca871b876dc36c7fac98	False	
ABCA4_231867199328e4f2	231867199328e4f23f44716357a05e9ff0e328223b2e013de8bfd31788b0e015	False	
ABCA4_23c1cc9b01689749	23c1cc9b01689749369ec4562d0748541b6f53a4e3705844d4f567d4109f5b9f	False	
ABCA4_241adadb628d9f87	241adadb628d9f87799a2fe36b9cf0a2f6213fab8674d61e18329cec97189f2c	False	
ABCA4_242c14309234eeaa	242c14309234eeaaea0030d54a43603e3d7a240a5bee84c61a306d7a091fc40e	False	
ABCA4_2457e794fc5128ca	2457e794fc5128ca8922aae6f29f12b9161f3afd58a68aca2a5d3b3796de1e6f	False	
ABCA4_249dc3b92bb0717b	249dc3b92bb0717bdde6bde52dfbcc4f03b0adf1527b50ec96210e20f148e6eb	False	
ABCA4_24a2e5677073f36a	24a2e5677073f36ae6ce34aab3ab0b3140305bd3d9b6968f2447def1cfa272b8	False	
ABCA4_25008c23c94c1b3c	25008c23c94c1b3c17b7fa6462c82e1f18e1d4ecfc87082bff592231991c64f0	False	
ABCA4_250ca4b4e7d43748	250ca4b4e7d43748b2f9f218cf9b984e7710ae3fa7ef94853ae27ff28b735cff	False	
ABCA4_250fc1334392fee9	250fc1334392fee907c0e09730e37e0036b0328f4d0e89bc7c91bafc47f6896a	False	
ABCA4_2518068599710556	2518068599710556dafc54c5db6c36f475ea3c0e71909184410cc3b7fca07762	False	
ABCA4_25293450d032bfd6	25293450d032bfd630954eca3e014a3ef4d02de0c7316809c7dc38677f040554	False	
ABCA4_25351d8f8eaf45a1	25351d8f8eaf45a1f22ab2abcc5170dd70f3e9ea123105752e227e6286dd8d4f	False	
ABCA4_25513e4919c2a763	25513e4919c2a763ab371f2c7386d03d636b192585fca49be0c4a45502bee610	False	
ABCA4_2595dc4dd6e72725	2595dc4dd6e727250e449401816fae92d635299bb8f3adb505e3288a874b6f0d	False	
ABCA4_25a9d2716d908a33	25a9d2716d908a33e19571d87dccd1e3d03b85aba7b513eb88aed1746790b3d4	False	
ABCA4_25f7307f12045a8c	25f7307f12045a8c8a086c3ecf47444ed2c208b8d37a861b670edceaa5fffd08	False	
ABCA4_261867fee70d4bc9	261867fee70d4bc9a13efe248f752aba3c43b1b0ae8b16971eede93f35fd1651	False	
ABCA4_26350caf16654a14	26350caf16654a14a00f7e3524753dd00cb1e9f754ec08dd8415a4f4374c73c7	False	
ABCA4_2681d01385314efc	2681d01385314efcab408ba1c9724096ffca04538e0338031948de01a0086820	False	
ABCA4_268c9afb07e5ea45	268c9afb07e5ea45370beb6ffa0569769fb7930670897d7d1f97faec1295e065	False	
ABCA4_26c2c571d4fd3d2b	26c2c571d4fd3d2b4a12d1a02ca9264242d3742afa101c71cce08466f155b627	False	
ABCA4_26e461ec2ae34083	26e461ec2ae34083669be69dc7ce74ed951c1f97af27ec8006b4c9dde2e09105	False	
ABCA4_26ed4cb8124f68d3	26ed4cb8124f68d3a769e4b5a4327f11816a75f8f291fde57bc67e3c81a2a205	False	
ABCA4_2735310f286cbb07	2735310f286cbb0785ec1e3b034b5eed493f924942762c97269888bfcc541996	False	
ABCA4_27c547fe49e583b1	27c547fe49e583b14c0f4ebc6adf5c415e31871aabfc7805aac3d41443027cc8	False	
ABCA4_27e84369a0efe7fd	27e84369a0efe7fdc9853c11174be5572961b2426db6651c494ddee8c19219b8	False	
ABCA4_27f4111562c32934	27f4111562c32934ea0620a5c5cc8bdad3fceb43267b185a5e07f614e3b0d6ce	False	
ABCA4_2810ecfd803de259	2810ecfd803de2599a897837a565373d3ab159efe2e2437ee92cc12cf12e2432	False	
ABCA4_28323f90816d80db	28323f90816d80db2f4658814a36339dc67b3258686ee15a91b66816f7250afa	False	
ABCA4_2847dcc1f41acbbc	2847dcc1f41acbbc2ec3061c231f026a03a2e003cb1170aac7745f8f2e06af52	False	
ABCA4_2870802540f29354	2870802540f2935402e520b5f587e30420666e69606582e23ee6983a1a2fbd31	False	
ABCA4_28967f3107e494a8	28967f3107e494a88ccdcdb0c2a0ffa7e2d71cf475b40051fb7bf27ce5ac128d	False	
ABCA4_28efc22e683cc255	28efc22e683cc255114a6ff24e4b422aca39372b3166c11fd324d978bd34bf6b	False	
ABCA4_28f4102c7ba10229	28f4102c7ba10229c5684df92d9ab63d5560f328efc1c5f234e1c75398b45c98	False	
ABCA4_29385dd9f8716dfd	29385dd9f8716dfd318dd62b826e318a496dfa5ab5478a75a531029199edc834	False	
ABCA4_295c55d025e90e91	295c55d025e90e911888863ea4e6202b1376718bf5e153248e88af8297da3747	False	
ABCA4_298604121bb1b658	298604121bb1b65892e2980eb885f9af4071fd6da7096c28ad365e886f8253da	False	
ABCA4_298cec313e74ac5f	298cec313e74ac5f63692885d5534fa6fa308f4156bbd39e0cbb7504e19daf35	False	
ABCA4_29db00fac6aab71d	29db00fac6aab71d818f5bc8b44bd6a19f846b041363f40e8f0572c92ef030e2	False	
ABCA4_29e47106425d442e	29e47106425d442efe2f61924e2ebe5b8d3a170b6fa9db597bc4564eb39d3b60	False	
ABCA4_29eb312e2e71c06d	29eb312e2e71c06d6377d62b77d70e2fd4bce9b855455a26f604c7d542438125	False	
ABCA4_29fde0907a90ce52	29fde0907a90ce52e3652dc862f79e25929d15d5d1c7e7f1dc85f719d787baeb	False	
ABCA4_2a67c1fdf7258210	2a67c1fdf725821037f07849070524c31456601b7caa5c518c63db18e910d5b3	False	
ABCA4_2a87964d198d66b5	2a87964d198d66b573000e995d7b4eea58688c1a4007190663355d3cde4fac16	False	
ABCA4_2a967e1781af952b	2a967e1781af952b0d5c9d6b6355a476172e2f5bfcda8fad33d52a6a042f06fe	False	
ABCA4_2acdd1ec042633ae	2acdd1ec042633ae3e76d1124d7997399c7e5ee224575fb3b55cafed057f5c4d	False	
ABCA4_2ad907e952b902b3	2ad907e952b902b3bb7155803fc1339cb35ad46b9634d85593b3cefc52b40ae4	False	
ABCA4_2adc1fd407994fc5	2adc1fd407994fc5cb647989c37df569553d92e551937eb7ed3c64192c9fb883	False	
ABCA4_2b2372b74e15cba1	2b2372b74e15cba1c1d034ad9ef16bbab5761be4ba819495b159aee7524811ac	False	
ABCA4_2b38a564b2e9ef9f	2b38a564b2e9ef9fbb356a27df8a240a645a3095e788ce87476bd03030541e6d	False	
ABCA4_2b9115346d115640	2b9115346d115640dd649b8a9a19451e7d9503c1c80e079f5b106dd25498eee8	False	
ABCA4_2bcbc0b30c961d20	2bcbc0b30c961d20e44edefbf67d68ddd8f7dc1e7b4827ec6883824def50335f	False	
ABCA4_2c348bd531d84d16	2c348bd531d84d1628328fa4419e51dabcec0b29afbe1bf9a4a74f921cd78a40	False	
ABCA4_2c7109c9b6a957b7	2c7109c9b6a957b76ba9f4a4f17b3b1010a42ba10c4a0542b4e5e07d295bdf93	False	
ABCA4_2ca46938e63f7b6f	2ca46938e63f7b6fa3bdb37e332648c26a895eb6f96393e68c9a32104e71039d	False	
ABCA4_2ccbf199882c9f0f	2ccbf199882c9f0ff07606fffe2a6e5f9694c021a57824edaed95075ee782d99	False	
ABCA4_2d29d024fb6738bf	2d29d024fb6738bfda96d70bd390227337813ff6cfb6ec3ace50e6496d7ff47c	False	
ABCA4_2d2ad9a90f10589f	2d2ad9a90f10589f5c946d2977c17dc98c5be8712beffd21aa0e38c36f4dd788	False	
ABCA4_2d38b93f91dc75fa	2d38b93f91dc75fadb794676531240a54eae9d6b6e3d60291184d3ed554f03d5	False	
ABCA4_2d76c4f3366d6f0e	2d76c4f3366d6f0e290f8b565ee15e9174fbfc0bbecc7e694e0ff4357ed7a8c7	False	
ABCA4_2dc39349c249fc58	2dc39349c249fc58ab6cc32b8e53924a721e30a1326e2e9ac365c3c19e4f4a03	False	
ABCA4_2eca492f00a05f14	2eca492f00a05f14798bb7081b4de3d2c510cee9da0bbd32f8a10a8a7ceb0928	False	
ABCA4_2ee24254b212555b	2ee24254b212555b678f0c459a90945df47196198ffd813a9c34553d805c3331	False	
ABCA4_2f022f42d24cac56	2f022f42d24cac5621c70d8f4b523f096d7b73181f466dfc54cb41f054bbaf64	False	
ABCA4_2f0beb174d2e48b4	2f0beb174d2e48b403949fdad26529a48053cfc5e2300785a9ef70e31ffa50f7	False	
ABCA4_2f14d8800299897b	2f14d8800299897bdab4bdddf3387463656e1054cc49a1ccd25bb0e960e6cbd9	False	
ABCA4_2f16ce22bfd49343	2f16ce22bfd493433ef2588f53dac0709c99a1af465cd680d993c4a680f5bf65	False	
ABCA4_2f260b8f0fc88b97	2f260b8f0fc88b97f0ec2388f7c6553f2fb8687519a01cac113cd8564d9b173a	False	
ABCA4_2f4ab91e2c3c6631	2f4ab91e2c3c6631b85efe3c68263734c6cf32044b520019e2c7a6b5df87580f	False	
ABCA4_2fcf02133069eadc	2fcf02133069eadc46a736339c48b9d667fc35c90416bb3e40f68459f9c59f19	False	
ABCA4_304da9312191f50b	304da9312191f50bbe424b05f9bcde643e6890a84e54044f86582067694c1a54	False	
ABCA4_30552ad1939c193b	30552ad1939c193bfc9abb3a7bca9dbe28623b9c144e92f7f4b49a1021ea5efd	False	
ABCA4_3086aa4d35911663	3086aa4d3591166392d55ff7ab8bebad8c0182b46d54c8219d8e270b44f4d4c0	False	
ABCA4_3092a33dbc896b64	3092a33dbc896b648f43ee3c71c4bdd8c05b26d2c06ab493b6589ce764716733	False	
ABCA4_309fa4584f959fb7	309fa4584f959fb712b9ef05186e742bb3beba122f8d3bfa07f4ba8ff4df1b38	False	
ABCA4_315c426b5fe6f894	315c426b5fe6f894cfc45492b1353961b2ef15592d3f7aecfd44d5d8f9b32a3b	False	
ABCA4_317679c81b8f453a	317679c81b8f453a3653af62420f1b94d98fee0c8a6d8bbf1ce5c5d99b1ee710	False	
ABCA4_31797c3d6a1a2d05	31797c3d6a1a2d055ba5a1820dc23bf672f047277e9c3220abfb7ec8ee836b29	False	
ABCA4_318e1d60b2436993	318e1d60b243699339ab5bffd769beace2fc6e034676e74bf7ae13dd08946eea	False	
ABCA4_322a6e657c08d8ca	322a6e657c08d8caab292ec164300113307a49273e29f35d1acc139897850e0f	False	
ABCA4_3269a87d1d38fd50	3269a87d1d38fd50ad502a77c087b3e25f2db3d1dd1f353a64303c0f914187ea	False	
ABCA4_327206b2f49cc151	327206b2f49cc151b9b5bf38a4f868ab728258391db6af954ea7526a24d8f89c	False	
ABCA4_32c40ffa6b342f6e	32c40ffa6b342f6e4e1b250f676df59982996ee0b4334405132ff6d4e1954f11	False	
ABCA4_32fca9b9ed9900f1	32fca9b9ed9900f186758b0fdd1fc4ce76a31fc1383bce2e3f8a0c2a4137ced5	False	
ABCA4_3301a432ddadaa0b	3301a432ddadaa0baeea4f24f464b8c7414b3bd3190b277324ffd4e47b1e5288	False	
ABCA4_33c5df3e827a41e3	33c5df3e827a41e3abadf7f73175198fda5623b5b184d07052676076c2ba37f2	False	
ABCA4_33e6d539158f9845	33e6d539158f9845c3755d0cb0d52a2e984b914a495bd342c4b2507c9ac45809	False	
ABCA4_33f4fbafd7795718	33f4fbafd77957183dffbc60e8dcabad4afc9fbe39c0ae203e7aac07d79fd717	False	
ABCA4_33f88defde5e209b	33f88defde5e209b848f575dc279b054e604036d7dc0a312bcb6da5ac02b1c90	False	
ABCA4_341100fd171d40e2	341100fd171d40e2ccb85e540eb889dedb7883aed36e84b40764e3f18dd12676	False	
ABCA4_341fc709ff6c8496	341fc709ff6c8496acd871b6a04278f005a0cfc9ee41fdc91830cfd353901eff	False	
ABCA4_34488af2f408a14f	34488af2f408a14fdc325919ca4f91c8c3760524f392b58d654f2bd2ef282fcc	False	
ABCA4_34d99cf9ac13a9c0	34d99cf9ac13a9c0a80a10bf0cca378e8f5adf2be28e347007b34e30109538ac	False	
ABCA4_3504d9f461cdb697	3504d9f461cdb697cf31ea808348cf1ee745901f098567692fc4230b70ab3691	False	
ABCA4_35375a8f98e22570	35375a8f98e22570bc2a72190bec1ca9d35a1894d4c4cbd48a3443c18fddd876	False	
ABCA4_3563241509397a79	3563241509397a7994740bfcff25027d084cf3515788d52d0e5e19b89b065bb0	False	
ABCA4_357eed72538858e4	357eed72538858e4893a14273d75906e1eaf527e042d697fa5d2e8754a79d041	False	
ABCA4_35d10fd3e2c5e802	35d10fd3e2c5e8029012e2505c79ade43e3b5cee7f5e0c117b2ffe0baecfdd78	False	
ABCA4_362119648ff23acb	362119648ff23acb17ca38943f19298a31c2364e7f75d949b51255ff3e0717a6	False	
ABCA4_3669047c30753e5b	3669047c30753e5b65146b6b2ceee7fd8d06124663139cd33c2ae01a2b581f11	False	
ABCA4_366fb5426aab4e18	366fb5426aab4e184d0ea6c0783aa45327c43c9410a45d5360455c2de3bd8065	False	
ABCA4_369395a5bb059b76	369395a5bb059b76ccf673d736631b338bef14a862daf08a0743401adcfafd16	False	
ABCA4_36a31e435dd7c773	36a31e435dd7c77345e49e18c9a8f9f64c74f2d464ec3d86bc51925f5f742d4c	False	
ABCA4_36ac64d918da2a1a	36ac64d918da2a1a1afee330a7da1eff68a3e2ae11e297bfe4f46d0fcb43211c	False	
ABCA4_36e20fee4ccf04f5	36e20fee4ccf04f54fbc21c83de3a90b6ae3e08d5f8477578620ceddfe0efc31	False	
ABCA4_36e906af53c14e06	36e906af53c14e06fc3fbeccd16b8e7fa4521c628dd09ac5eb5a0109b11a87c8	False	
ABCA4_36fd58a257af98ab	36fd58a257af98ab5462b30f3fbed1268c54cddee9495ac4c277e72c09e04ca2	False	
ABCA4_370dfa0734ef24fc	370dfa0734ef24fc00815d33a9c79afc2d5c1cc7830a18ce92d63cf4a0e41d2c	False	
ABCA4_371f0d345e9f49d0	371f0d345e9f49d0b8596e421ccf0ace1c847d4886b2fe2844ef6d7e7b5c0c39	False	
ABCA4_374bbb5ecca19751	374bbb5ecca19751b13d8541a7f821c928c97bb5b46101c42e0813d67dadc687	False	
ABCA4_3750f2124f7d1775	3750f2124f7d17752f1424beb27c7174003e73e4ba683145c04e8441bdfc8957	False	
ABCA4_3753ef02bc14a8e3	3753ef02bc14a8e37dfd32c078d5568ac6f0e25075125e642b4b7402002abfaa	False	
ABCA4_3782b9daa881a290	3782b9daa881a290c215c4cb49173dc6856b191b795ba685e92fb9ac164fdea0	False	
ABCA4_37c6db7c879d5214	37c6db7c879d5214202706b02234354a10797707258a4e55ef2a86e8365c14ed	False	
ABCA4_37d7d05c6f8efbd1	37d7d05c6f8efbd123cdc968ca47ce15e66987a3853a8a35c04b0a867c5414db	False	
ABCA4_380832b477dc84b2	380832b477dc84b2ee681b5f07ab6de70a5aae4634116a48f3d30eac37f0b22f	False	
ABCA4_3888b4c5cd49b22b	3888b4c5cd49b22b207da201db704a041b43ebf3d7f4e7c2e6ea22ea131bbfad	False	
ABCA4_38c6492ec2c8cbe0	38c6492ec2c8cbe096b241c0af2267270e2341c427f2ccbcc134fd0d4fa60995	False	
ABCA4_38ee20da6619b6c9	38ee20da6619b6c92846b55b87c71a3b1cd52693db4c54c532e748bef2ea36eb	False	
ABCA4_3932726dad2104ae	3932726dad2104aed3a79147be4daf54e63d6dc13c39afc485774c64d6a7dca7	False	
ABCA4_3980a37303dfbd97	3980a37303dfbd976ae9ce8c715f434fadb5cfd1a9ab03227a22d61b0546d70e	False	
ABCA4_398f71972d7b8513	398f71972d7b8513fc442f85284aac9e49896f4c3792fe9c575ce3713201c157	False	
ABCA4_39c141f5ca6bc1b3	39c141f5ca6bc1b3f0dd093fb89dbf3efbc7a654581a7200a9a2258457eb487c	False	
ABCA4_39d4900d05cfbdad	39d4900d05cfbdad281c8df6b8c9a06c6ed8b153a505c2173cb1a3d1c7a4fc50	False	
ABCA4_39e32d1f59ab24bc	39e32d1f59ab24bc85601af319d172bdad2d1358280ad045d6e6150b10ef68e3	False	
ABCA4_39e3cb084950d35b	39e3cb084950d35b60776dc545e68dedc1c72c52db385449b8a77542349a3e65	False	
ABCA4_39f31d757cd67078	39f31d757cd67078b37cb905233f9b48d001431aec1f13ae76928ace7eebda40	False	
ABCA4_3a6052c674c6d90f	3a6052c674c6d90fb9e24c62ddf95c97de59923754c37bd1bf3f5ecaf63d2d32	False	
ABCA4_3a75a751a4e53c89	3a75a751a4e53c893cd6e1d8dd2d1a75314f1e6d30eef7d9eca8ef21b40515cb	False	
ABCA4_3ad3524eb1ba7da5	3ad3524eb1ba7da5afef9901dbf0542dbe92fc1bea99d32fab73da3146695859	False	
ABCA4_3aeb61928e406b42	3aeb61928e406b42765f1cad5193617e2024db9256b80d2118d3fc517f65f146	False	
ABCA4_3b0aed4c4dde9522	3b0aed4c4dde9522e34c455449c813dc477cdfc62b114979f2fe2e9785819e00	False	
ABCA4_3b1dde44fbec5223	3b1dde44fbec52237f96bd0b9ebaad5a64170ab3222fdd8fe403a21f0077ea33	False	
ABCA4_3b34f669b61f895e	3b34f669b61f895e907b5590c003f0176305ae7113733d1f1a94c34cef6d5c82	False	
ABCA4_3b7ac8912ed4c9ab	3b7ac8912ed4c9ab844140df61252290b8d5d287f312dbe50abee5c2436b74b8	False	
ABCA4_3bc4e1fdcb768df0	3bc4e1fdcb768df04577e5efd6e88f740039712ac08242089129735df057c0d3	False	
ABCA4_3be05f443efe68a0	3be05f443efe68a0c049ce0718ec094d5288bb18646560b7df87fca9e5a515c0	False	
ABCA4_3c001eacbef5a276	3c001eacbef5a2766d9543f52d428308810d06b52f1ad8cd9f332d9306bfc1ff	False	
ABCA4_3c0c092e2d926f64	3c0c092e2d926f64c82efd7dd83e1ed7fde3bf9b9408d16cb40252f7268d9295	False	
ABCA4_3c0e0124157af821	3c0e0124157af82115bb2969119a507e0eb061413139c7fe398f4021605d03cd	False	
ABCA4_3c9fd65ed7f8089b	3c9fd65ed7f8089b4270cf60f6e742d2277c7c50d561b68b72609160df2f7356	False	
ABCA4_3cf61ff4f8a55d15	3cf61ff4f8a55d15ff09273ec43a8db5995c5dadc2334ee9efdab0164c3e4b2c	False	
ABCA4_3d12d9ea2e41fdc3	3d12d9ea2e41fdc3860711aa6342e2e0b06230c55d3dbb4a5e0d1f6aa4d96e7d	False	
ABCA4_3d3cca926eba4507	3d3cca926eba4507b971050dcd8f2db9fec27972adcae1bf4aa640a443c9cf6a	False	
ABCA4_3d6dafdf7c77bd04	3d6dafdf7c77bd04290968633b3a5d7ace6a63432e8841671e887ea6bb09144b	False	
ABCA4_3d9c09472485107a	3d9c09472485107a7f6c73da3db13f0b7efaed94654dfccec966519269871e00	False	
ABCA4_3dccd14fec963570	3dccd14fec9635708240b185ae43dfff2641d5edcd5da1b1bcb25a74fb4a3f39	False	
ABCA4_3dd4d54ef4ecc321	3dd4d54ef4ecc321fb89311286c02adbf94fa5a66e0b9047bc6e7243cb7a079e	False	
ABCA4_3e1342a77b4726ca	3e1342a77b4726ca15a994d2db3247a203a3c1a42fafefad31f1e702399f8544	False	
ABCA4_3e18fe8c14a51a8a	3e18fe8c14a51a8a508bc5232a54e61d924a2414b44a45bebfc8c54fba99a6e3	False	
ABCA4_3e3446d3454b58f9	3e3446d3454b58f962db5f40b4dc3ac68c6dc3af20dcd818548696063cac8481	False	
ABCA4_3e708e1a91bf2dd6	3e708e1a91bf2dd6e6a53bc79af21b9decdac327242e98ff00e011efca5fe357	False	
ABCA4_3e82840a95052d79	3e82840a95052d798ffc0d4f341ab787df616ffb3f4d7c08dac7796f699dbb11	False	
ABCA4_3eb3dbe48b051303	3eb3dbe48b05130362b8fcdac088304ae4bbdaa29010a6212db30248c8846386	False	
ABCA4_3ebf288c8a7382dc	3ebf288c8a7382dc83c5292ac60c6e51784569bf4371c2d61f3573b7a195f5d1	False	
ABCA4_3ec63e3b6d5e8d29	3ec63e3b6d5e8d29af177231a1570a57697e623de79551754b3242b83bc293f8	False	
ABCA4_3f3ff3c50ade172c	3f3ff3c50ade172c80dac3285ee03c9f4da7ae214f191d63d6e715a0b8f4ddeb	False	
ABCA4_3feb7f121c5047e9	3feb7f121c5047e90d121c5fba8cd4b1fc1b6a92f3a021e1567f315b29bd9c31	False	
ABCA4_3ffe3c6ef69aabe3	3ffe3c6ef69aabe3dada7d0dbc4115926bb522209273cfc3840cf4d8d7076ca2	False	
ABCA4_4043eb9ee7517e0e	4043eb9ee7517e0ec0631e45f4720bdc7766535a3924a60b93d053376f5b29c3	False	
ABCA4_404aeb08b16f4a4b	404aeb08b16f4a4b166da4f8155c0f80c5d6cfeefa5a3ca80068888e907d0f26	False	
ABCA4_4090a4b589c2aee6	4090a4b589c2aee6c7060b3ec7b6736f7fb1aa9f6e1af72437e2aac0b09c8111	False	
ABCA4_40a7fdaec9467a1a	40a7fdaec9467a1aed53ac855edf8670216f1c4bd7384f6288b542bc116c7623	False	
ABCA4_40afcf339f471797	40afcf339f4717977dd87f09e29394a21a0e6f96db3f611db4b23a62c2c0349d	False	
ABCA4_40b7350aa7ea2f7c	40b7350aa7ea2f7c3f84cf7c5d8b9e1cbd49a2f6e9d45dabda9ba8804e2aad1c	False	
ABCA4_4113edf570f298c2	4113edf570f298c2e85073405843d7c89f74f4e0d928e18dba130db93941c9d0	False	
ABCA4_4133dc84a6b55399	4133dc84a6b55399aa0d73f5a5900e980581d78e162ebcb9e7044ee396ce83ad	False	
ABCA4_413d6cd8c01f6474	413d6cd8c01f6474703ff71e2a121693a7d9a94adcc6d9b7ebdcbc0de6d57652	False	
ABCA4_415a42e78d019c18	415a42e78d019c18c8bc4359a56cac6c22f4d32de386061d893669a57756769b	False	
ABCA4_418c2821eb1432b9	418c2821eb1432b9493113530fc2fa9d7f31a96e568d8269f6849c855cd4cee2	False	
ABCA4_4191aafa4d048762	4191aafa4d048762a2a7c913c09f3d87e4cb308d4c6c38b41491a1253acb1e7a	False	
ABCA4_41c205f1f2a60335	41c205f1f2a60335b9712b1bca792d7adb223f4ba76f31d00c9082731b19061f	False	
ABCA4_4214164945f14a0f	4214164945f14a0fc1f391e05e1b036883dc604c55d7a99aa113f804e2c9579e	False	
ABCA4_421e809a8274ea0a	421e809a8274ea0a9e2da39abcbf33aa274e288b122c7fbf47a918b7814aa15f	False	
ABCA4_4228d7c2ba264919	4228d7c2ba2649191f1a89ce5eae1da012fc661560d1c5b0949c7cb9c3966141	False	
ABCA4_4256eebc4eba5249	4256eebc4eba524971652aff353b08c24f9fd7759f54d564e6dc272b81c1bad9	False	
ABCA4_42743c036778184a	42743c036778184a43e5ed4edf7278f37dc3032a53df7d37f5e5f4fa71eeed01	False	
ABCA4_427dee503ea15960	427dee503ea159605b46f816bfd51b68dc350dfaff1c78e012f09000a2372b59	False	
ABCA4_4289b8c3443271d6	4289b8c3443271d6f182bb1076deaa639409653a0a68797fe8192450a1eae970	False	
ABCA4_42bee50329a47be3	42bee50329a47be3ed8549b14260f931452475d94f5211a11ceb86ad174a68e1	False	
ABCA4_43025658c7653726	43025658c76537266ac1bc20d06e6d23cbec5dc77906a632851060ce503aa38a	False	
ABCA4_431ce296a54739dc	431ce296a54739dc4d43348358959de9848653f0acb4b1ffc527fa1fed887b98	False	
ABCA4_432054cecfef3c9c	432054cecfef3c9cadd659ea95a38c76960f619cffb67e31096e94e684bf2c6e	False	
ABCA4_43306d94a0d25528	43306d94a0d255288f0bce3679e6602bc031333b1ca7bf5e503e3b3775703da1	False	
ABCA4_43ccc587ef323063	43ccc587ef323063df85ff7020d99dcdc5e895dcb2b0093bece4115a1717f13b	False	
ABCA4_43d791971b33caa7	43d791971b33caa79259bf88974136bf04e110f26e63f1fb6eb97fbb795ebbf1	False	
ABCA4_43ddf9ff13471895	43ddf9ff13471895f2947823967fb45958104859d98a9152405c8b530fce72d9	False	
ABCA4_43fe12df8b3d41f0	43fe12df8b3d41f0ded5d9eacc806caa9a3163cf4bf30a62ac58dfab42579d7f	False	
ABCA4_4400deb73c689eb3	4400deb73c689eb3e8075536a791634d919630bfa1f17550a2447ccdcfd4a4f0	False	
ABCA4_44755c0d498c3e0b	44755c0d498c3e0bb3369d8de5e5907a1898c531637b6ba116d6c5dbdd4ea731	False	
ABCA4_44929260da39db25	44929260da39db25caaa71be5525d0fd0ec6168b33f77680fff2fe43c4689ba5	False	
ABCA4_44a933b2ebd27474	44a933b2ebd27474d639eaa6f3b4c6489477d0267c9a5485e708bfd841058486	False	
ABCA4_44c16bc293ec8885	44c16bc293ec88854c2d238af01cfb6cf4335bfe72e293b98a79a1c7d796e4d0	False	
ABCA4_44ebb56ef4b1220f	44ebb56ef4b1220f65f30dc525cfd8d4f336880416c78728e755cd2f3dd38f5b	False	
ABCA4_450cc6ef87979b78	450cc6ef87979b78d8af4aeed9f431b0d2a18f1393ff4a2a9100ff8a6b0ec19e	False	
ABCA4_457a4e879d0a766d	457a4e879d0a766de2978b110a70c56abfc969accd0d19267039a3317e0642b7	False	
ABCA4_458624ce0f7e1c83	458624ce0f7e1c83762d04c2afc8f5470ae88ee51951283d5c2cc7886979a843	False	
ABCA4_461a83cc82311fca	461a83cc82311fcaaebb73b97056deae3b8e09b2bc57481b40ec54dd8cf36fb3	False	
ABCA4_4643725a4b6e340c	4643725a4b6e340ca59b8786adf19148a57be47d05151b39d20c7108ab8c0cb0	False	
ABCA4_4684ab1677fcea64	4684ab1677fcea647d752ff4327b3e4b4e1285e8a86b703f7945f1a1199cd382	False	
ABCA4_46ccbec62a3eaed2	46ccbec62a3eaed28968f93938d5f5f6e726e1dcdbd8c0a824d8d9d33ae18308	False	
ABCA4_46e20271f30de414	46e20271f30de414abc9f21cc1b63fb13b67f7137f8850a9402e3ffe3036d81d	False	
ABCA4_4733b0e0d55dfd07	4733b0e0d55dfd07563891ef0fda6b96956c9890aa8037357df6747722fc3e73	False	
ABCA4_4782b9f39a403fac	4782b9f39a403fac824c3cbd7d127cb2ac74e0c83401bba0955675e9e817ff67	False	
ABCA4_47a9a9678f97098d	47a9a9678f97098dbe48ab4e5773729c96304d93d25b2848d96356de40bb4565	False	
ABCA4_47b0e3f661b9be2c	47b0e3f661b9be2cdfb8227d4d049c48ff482ec8cf8bba8592c3f5f6a8b163b5	False	
ABCA4_47d169b2f809973a	47d169b2f809973ac4fc124a606aaf5ad58fdd059c2a92689fa2afe6b4e23cd7	False	
ABCA4_47e7a98b87008afc	47e7a98b87008afcbc9d92ae837a3a91d9ea80f4a909550dc334592f184f6360	False	
ABCA4_4828f939f2b67e9b	4828f939f2b67e9bb8a2da5ee36ebbe521c07dfae0c217b79cb980b47328534f	False	
ABCA4_483f36ff03f4c886	483f36ff03f4c886474c07a1b7faac94c5f533b6ebd922bb7414700cc48b88ff	False	
ABCA4_48e3a9c5507ae3a8	48e3a9c5507ae3a8529e2b76863741c8fefd8bc05dd03610666a98dda960f598	False	
ABCA4_48f015d3158a3e94	48f015d3158a3e94a19fcec75ac585793629f6d2362ea76c0c74b3d2c971bc75	False	
ABCA4_492edbe3b771ef56	492edbe3b771ef561958b6e92afefc96b65ab617ce313624e26daf717b9c4903	False	
ABCA4_49476035f0c8144f	49476035f0c8144f45c4f95a76196cc2b8083747e16c057c1e71d8dadcd99a39	False	
ABCA4_498b162b9fe222fd	498b162b9fe222fd19bcc07b60ecefd1f4e80392a28f8a185213e04a0ece8ed0	False	
ABCA4_499238893205cbfc	499238893205cbfc4edffdb3dc08c296302ef043adcba42d0079f32a6d3c25aa	False	
ABCA4_49b0b3b74855327e	49b0b3b74855327e14e62620893b1013a1597dce350b96699a2799565121e318	False	
ABCA4_49d1165025a42491	49d1165025a424914c2285f1f40ca5302b19e3162c6c30db040562caf74d2932	False	
ABCA4_4a1388b60526954c	4a1388b60526954cddda4cd5feaf2db9c221e548d9d2f309ae8e3fd5fb20db5d	False	
ABCA4_4a1d670c329747fc	4a1d670c329747fcd2c74f63e89920ad4a5bce20a91d48dc6ef8d4264820fd0c	False	
ABCA4_4a576397ddb61210	4a576397ddb61210bb2b8e138743112685955bc132926e21dfef3b90504163d8	False	
ABCA4_4a98497aa6fcdd81	4a98497aa6fcdd8146cd3410310135ace782505d130e5838ae8036a3f50d88a2	False	
ABCA4_4a9a8a01cca86830	4a9a8a01cca86830f0ab1836510424e7e05450c682fc571771ff9025b3b068ef	False	
ABCA4_4a9faafb36fcce44	4a9faafb36fcce441c574a74821e43d866d039217f84d97e97e624b3fbe47508	False	
ABCA4_4af09584a0b48f70	4af09584a0b48f70dae0f9236a78735e196a0941ff840130b9f8685321b9be0a	False	
ABCA4_4b125febdabce621	4b125febdabce6212666e8250834423296e3e6d33a211b960eac605f7da364b9	False	
ABCA4_4b66ff4681e03834	4b66ff4681e03834fc425870244a531a54254d9a474c0dbbe21475629b614db1	False	
ABCA4_4ba6098fdcfd7531	4ba6098fdcfd75310d1160a2f7b505f71d5af64a1069b97705f8e6498ff021e8	False	
ABCA4_4baed427bf965123	4baed427bf965123eac74bf6b560b0879995f3f0c78b16e6ba41902c90bcc68d	False	
ABCA4_4bf66da2035c0b2c	4bf66da2035c0b2cea79b391377873fefa49fa0aa27fb537c48d4cd31ae392de	False	
ABCA4_4c19fdf8090d8768	4c19fdf8090d8768d6b6b04f5bad81ce709d419f36ac8319fb24f20a57ba5227	False	
ABCA4_4c31777f779622ae	4c31777f779622aeb604539f65e3eed345b524770344dcfcc7a6bb8a1a383d96	False	
ABCA4_4c42db4d7454453b	4c42db4d7454453b7e03f9f96dfd4c570dcbc1b24345ab18c2cd94202c5d0452	False	
ABCA4_4cdb7bc3eeba935d	4cdb7bc3eeba935dee80d4b74242c9f1b21448b61cd7cf5fcc531bbac25d1b22	False	
ABCA4_4cdf10d02aed111d	4cdf10d02aed111d4b84451b5dd69bb51ccf2801e9f42af81208f5c786b2421f	False	
ABCA4_4cea3b5d4b8fb454	4cea3b5d4b8fb4546561d5ad5603b9e107f8521c765e8255295d7936cdc28203	False	
ABCA4_4d1c0c4997ddc3b3	4d1c0c4997ddc3b3a7f33b4ca8a112dc02b3d45bbe744b26df4ff4b6ce0e0ff8	False	
ABCA4_4d377cae653d765f	4d377cae653d765f6d3ea70a843546d8d2d3001d4f4a4f0c4c4a9c42e500a659	False	
ABCA4_4d466f11f05ea395	4d466f11f05ea39508fd74077d97e7d2413735709149faed645f61ba9db2082d	False	
ABCA4_4d93654c4107dcbc	4d93654c4107dcbca3b0569c5cb47b883320bde5178492f7dceab11ee7899247	False	
ABCA4_4dbddebe10967e83	4dbddebe10967e8339e8dd3dc210e748f9e3d22e3af2d1c3c9305de11a695cfc	False	
ABCA4_4dbdfdf4b2db59b4	4dbdfdf4b2db59b4aae6e265b076ec6dd0e7f983994ae90954c13f1c612fe735	False	
ABCA4_4dd9b4fcf892b7b1	4dd9b4fcf892b7b18a3da05fa5db84970401dbdf1af29bcc9692c74136c81ad2	False	
ABCA4_4de4afd7fc089ab5	4de4afd7fc089ab53bb71caf0afc24675a3f28c7c103fe2838a568d9c309a25a	False	
ABCA4_4df44785ff3e30b1	4df44785ff3e30b182eea1800018c2009d6bef324b374bacc91638e681ea46ca	False	
ABCA4_4e20723ed7cecc3b	4e20723ed7cecc3b9709c0721ef2baf5390c44fd5df09a4fa40a2cf1e1c80595	False	
ABCA4_4e25291ab8bac070	4e25291ab8bac070a114d4773c6d5ed5389a02f096da7325112ec6c70c43f89e	False	
ABCA4_4e5a7596f700e4ed	4e5a7596f700e4eda2a30d053d0f4cb98fe76175f552f227245ac9e6a33c7f8e	False	
ABCA4_4ea4b7dd5832977f	4ea4b7dd5832977ff67a2e1c9c69263839b9a3fb3b51572685654495ec359b26	False	
ABCA4_4eaf3597936e6908	4eaf3597936e69087ad2bf356d0175f393be78441718132dcd24df3fa9e56dde	False	
ABCA4_4ec59d71bd707077	4ec59d71bd707077d0394384abea907231d3bf44875375899147967d6b7ae061	False	
ABCA4_4ed3eb1322fc1075	4ed3eb1322fc10755c659b664ea6f15cea8b9674df6d14b0f80703e1e450674d	False	
ABCA4_4ee1693038a5dd38	4ee1693038a5dd38ae56be272d7957a7bd87df48ae1c3a34e2c103b3b88cfe59	False	
ABCA4_4ef12b9209e1d491	4ef12b9209e1d49152f947947e7e3f1866bcfb16d346a93b54907dd8a4753538	False	
ABCA4_4f09506d6d1da96d	4f09506d6d1da96db49e0c9a0cd5064b3341a2a3500b6734f02a8f62ad42f61c	False	
ABCA4_4f19f6a934cebd95	4f19f6a934cebd95b0d17e5abd8054c71163d55cd9775f6444140f183eb85506	False	
ABCA4_4feb53990ec249b6	4feb53990ec249b6ce5b710700653d63ba4f945c84507230f5c9673ceddad260	False	
ABCA4_5084239dfe7724b1	5084239dfe7724b1c38968d9ff878d3ac5290e8e6bafce879771ded7602b30bc	False	
ABCA4_50c39efb777c3a51	50c39efb777c3a51d88ddff9d7bf1a02801f536f769d3e869a8be6ec5952d325	False	
ABCA4_50ce361210ad1e32	50ce361210ad1e320f7badca621be9cf5c6f8713743271f5e412adf03fcf9889	False	
ABCA4_50f02edff23cda4b	50f02edff23cda4b2e23e8a5c574847c9f05496bd98be6f8cd8ca1bd5243f114	False	
ABCA4_51000d7826c7a675	51000d7826c7a675b435736002a92abebaa5ffc4effebf1b65ef66c5a4f2fae4	False	
ABCA4_510a18e7dce43dcd	510a18e7dce43dcd4e9ff8cc9d86123d067f71131e88e6bba12b6aacf4d8c4f2	False	
ABCA4_513a92ba16b9a724	513a92ba16b9a724a000ed9988b7a4d3fa0c573d7ae3a978cf6534656f17de87	False	
ABCA4_514467eb166c03a8	514467eb166c03a82d041b253dc5a9cb947d18220a0fb133d3da5231e91e091c	False	
ABCA4_515310b4a675fea7	515310b4a675fea767fafc234fb0e316ff84568c664eb97d032ad4c8cdc33cb9	False	
ABCA4_518b49baa4105cea	518b49baa4105cea66be9b3a411f45c78d2a3c05f82c3803073e29eb866a6946	False	
ABCA4_51ea230173a7fe01	51ea230173a7fe015c34a687f8a49d7d75b8e29d6bbf9cd01daf3712c87f6413	False	
ABCA4_521943996d8b692e	521943996d8b692e0685f106f2b67a0b0cdfed582aadf791aab98c0010f0ab93	False	
ABCA4_5221f888819bdcaf	5221f888819bdcafa8d3d7264f802a66ebbf3861ef7b24b5e317438169b1c978	False	
ABCA4_5265f7cb8bcd085e	5265f7cb8bcd085e67c3f2e60b2126b6b660fb0f3050be2237a95b69fc5ec657	False	
ABCA4_52931dde46762345	52931dde46762345d545434248fac5b60bdd9bfb1e22f6c966de64ab2c145a4e	False	
ABCA4_52c737bd644b37be	52c737bd644b37be846341f92d406faa7251dc7d7d0a999988e8aeac4bde18c5	False	
ABCA4_52d5e2f50b551f9b	52d5e2f50b551f9bb0d256c068ce796db1ac51f4e092de138de4d6aa6d2a9ee8	False	
ABCA4_52f3e74a680f1af3	52f3e74a680f1af3bcf2bd44778140988f1159a47036311c64047996f0be80c2	False	
ABCA4_53263bf343fa271f	53263bf343fa271f0965cf0406970fc8a18cb33675111243e2cf5e7a33d30015	False	
ABCA4_5328e2c5cd5b22e1	5328e2c5cd5b22e16eea3fe277ed87403c5295e0ccb07abddc5ebeb1c7a6c712	False	
ABCA4_532d6117b609eaf8	532d6117b609eaf89c7f58af58092099c7d3b8e502f6653cb481f04bf9073fbf	False	
ABCA4_532ec320b0b975e0	532ec320b0b975e06d5e39e20db3fcacecf0860cea5fc25362bf1a6bee457f92	False	
ABCA4_534c42facef89d89	534c42facef89d8924ed97d59f363c5b7c7161576685506f5092ac893fed0d57	False	
ABCA4_534f8d20b1042a88	534f8d20b1042a88f99eaacc13899474c14279dbce7224ec4f8bcad26ff286dc	False	
ABCA4_53998f7a977c9761	53998f7a977c9761569c51aa124825963b8f48ea73e0c38a4ad6aa9a9455e982	False	
ABCA4_53abc839d2d1d5e8	53abc839d2d1d5e89101f5ab676b5f579c4a640337875f53a976e13397ba70fa	False	
ABCA4_53d853d4e58d723c	53d853d4e58d723c847386aece3a4675f3f0a705ffe49fb0fd26d73a450cc0a1	False	
ABCA4_53f79cb9a8351c54	53f79cb9a8351c5481b5bc3b31c0e7665540d82dbf850d3ff67a924c0b45c136	False	
ABCA4_5401e624afbaf927	5401e624afbaf9278aa4e777b48ae6acefb5897ab94ee8924c3977536d104f90	False	
ABCA4_542b30319a517ee0	542b30319a517ee0616078ac153a969add8c9db1ae8262f260fbfb68ddea897d	False	
ABCA4_544cffc5fa424883	544cffc5fa424883170cc8431b4696ac8f1ed8ca685dd28511a8c9b7b4b3e685	False	
ABCA4_5451a790134c77d1	5451a790134c77d1ec222671d0fc97b3d9283546d63fc9bf118fdd8bfd5f2d60	False	
ABCA4_5452f4299d429999	5452f4299d429999c2b1ee32e7d6eb1cb3fd65de5a8d07d40eaf2a33d8b80d3f	False	
ABCA4_545bfe3f60d9a9ef	545bfe3f60d9a9eff550475e9ebaf67dcc88a652b656ee007acbacda60aec070	False	
ABCA4_54ff615540a48d7f	54ff615540a48d7f9d3db2a3821fab30148f666576971ad469580ef3921fe092	False	
ABCA4_552175701aca85f9	552175701aca85f937c5707f93ddd71de60f5ef9813c225cb74e7e02072589d8	False	
ABCA4_55767839cf284f2b	55767839cf284f2bcd034b55ca96e83ad57615dd475014cc57fd1a9d4847b3a1	False	
ABCA4_55ebbb87a2a163bb	55ebbb87a2a163bbc950092e40d77c9f9eda78e9284bfbfd30f63bc76c367364	False	
ABCA4_55f85dcf940f07cc	55f85dcf940f07ccf655623f1605dabdaa75f4b04cc6dffa4c02ec1b9dc4093b	False	
ABCA4_560bde23a8b01c6d	560bde23a8b01c6dd939af2e4e07d941ef3957eb156d321c62764eed50d90557	False	
ABCA4_5635d667afa9ceec	5635d667afa9ceec4b42cc4bd92ec8a1bddd8b8d79c5ceeb382f67cb6d42846b	False	
ABCA4_56a15997676aabb8	56a15997676aabb887402283cd7438449f9478aa503f1e1d1b5b81fa79dddb25	False	
ABCA4_56b68ad38ea89fb1	56b68ad38ea89fb127f22d91f6427319dfa155d06571b0fa5f56dec03b6dc2a4	False	
ABCA4_56e59b01c594b94b	56e59b01c594b94b697837673170f79e8a26d62086e0222dadbbcdd83b033890	False	
ABCA4_56f9e1f8e8d151bb	56f9e1f8e8d151bb42d77ee35614f81bad3ea2757473dce18b6b1186de3ea5e9	False	
ABCA4_5714fd03457b6f13	5714fd03457b6f133f0cffb7c5bf922a10dd0af641b7684c86d7e6de9ae46d32	False	
ABCA4_574d1c6d4cab04c4	574d1c6d4cab04c4b8708fcdc66db8bfa7d595d03c602a8ca684ed5189384dbc	False	
ABCA4_577438703485e738	577438703485e738a986681e679390815f4b93c822e2d6e73e5a96f75d1f3b0d	False	
ABCA4_579b510fb12d6b5c	579b510fb12d6b5c741d86cae8f1928d5fb8de5c9624cae14fdd6b4a33b87abb	False	
ABCA4_57ca0505675c0703	57ca0505675c070307acd258a612bcd14ad83b2c2bf2790288497b5ffaab9c84	False	
ABCA4_57efc1770545c91f	57efc1770545c91f69f3c2eec76f98dc62653f288992c6bf6a3c4869fa3eec9e	False	
ABCA4_580863f20c785b07	580863f20c785b07373fb2ef1251ea3858691d525041d6bc1735d4610d2572fa	False	
ABCA4_5832aa18928e9a87	5832aa18928e9a87be9abb7952b4f5f75f5cfc2738cf52ebeb6d5e598f8a1609	False	
ABCA4_58392ba8d82c3500	58392ba8d82c3500ec2f4c3755a2cf70cd2445629703a359cbfdc32f6a5e6bd8	False	
ABCA4_584776b60ade69fc	584776b60ade69fc1a2c7c084b52391dbe9edb43e22a7da05c3a323952dc5713	False	
ABCA4_585463735d73cb5d	585463735d73cb5d92eddf7369e6441887b808b9f0686fba49faa53680aac5ee	False	
ABCA4_585b41ed48d1b40a	585b41ed48d1b40ab6485f849cc139828d962a699c74e3566af2a5455a28cb92	False	
ABCA4_5880e3ad21eee1e8	5880e3ad21eee1e8ffc860ebd8c13c6a5f970ce36a5d5aa0989444e23afbdf7a	False	
ABCA4_58b6d5033a3ea5e3	58b6d5033a3ea5e3bde476b6f6131db89bcc93684b4cca37e3dda2e590c72aa1	False	
ABCA4_58ca8a93896ff8be	58ca8a93896ff8bee93e35062b47a9d3ef901f9761d7b3e5fbb887f47a1741ea	False	
ABCA4_58d6de9bc86e6af9	58d6de9bc86e6af9d3285cb9981d754dcd356f61087b258384a21c9cf1b2e339	False	
ABCA4_59172567cc6fec28	59172567cc6fec28f5ffed274dd63b239a32d336e121d5125124107f67ddd90b	False	
ABCA4_59241a34b60ae173	59241a34b60ae173fb25df2ab8b58e93f01c2ab3284bd1e237ec172909fc7cdd	False	
ABCA4_5940742875e78281	5940742875e782810437d9f3ce05a8cb4d7010e580c9d52101f153761fb92b61	False	
ABCA4_59423d80946baf5f	59423d80946baf5f6822e7f770ebf3e3dbb34f56b495fb9cfcea155201ca76a9	False	
ABCA4_5972940fc4a7b1af	5972940fc4a7b1af5e3af267a0a208a178af5584dcb283edac8908c99e736450	False	
ABCA4_5996257738685555	5996257738685555ceafcc70445db7f0b8268c433c78f17e3727ed7f97a2436f	False	
ABCA4_59a0ad1c7906794d	59a0ad1c7906794d6b7352191379356681566ac7a4677c1375cbacf0e73c6ff0	False	
ABCA4_59cc3cd25495f685	59cc3cd25495f685de5600889a83b22f1a66c64b0738219ac01456db4779bec8	False	
ABCA4_5a30aafe764becf2	5a30aafe764becf27dadbf9b86e50d79ff9182cfc67626f4d9dea2f53527db5f	False	
ABCA4_5aa3852e140b35c8	5aa3852e140b35c83bec8109ef907f32cb4cc6c432b520cf6c12f6b7c3f314fb	False	
ABCA4_5ac0dc2d4712e473	5ac0dc2d4712e473d368623d136312086b4719781e58af734bd7cc8863a53bd3	False	
ABCA4_5adecaf5443acb70	5adecaf5443acb70b965d27efa3d437e6b4ce83f8d135f24fa5afd34839a9b7e	False	
ABCA4_5af047f21a118df3	5af047f21a118df359ef6db755b9aa61ba2e48c8136cd42cfadd1955baf02d62	False	
ABCA4_5b250ecca6d6d5d3	5b250ecca6d6d5d3e89372ab6c85d5a284042a20197463d5c14e02370e152146	False	
ABCA4_5b3e65bf16987dcc	5b3e65bf16987dcc0d17b4ca5ffbf81997f626b936907daeb6d05f979e1eb04d	False	
ABCA4_5b7793c54a28f015	5b7793c54a28f015eaecb3ba463e7566664513d0e0bc399161f475a4098e1943	False	
ABCA4_5b81c052431e608c	5b81c052431e608c027386cd06d156cd17c654907a5e639ec9e06294f1b6d9e8	False	
ABCA4_5bcf8d2cbf640821	5bcf8d2cbf640821c3e97ed0f67e51dbe7753667be0efaf51862da73408b3bec	False	
ABCA4_5c2e1344f0055c68	5c2e1344f0055c686a1bb149385db6c93c4ece5940576f9895488c1043ad8cc9	False	
ABCA4_5c8e59949349d60e	5c8e59949349d60e89346b38c71ada3a3e3c4871591eaa6c818f1f7362f2dca3	False	
ABCA4_5cabc6e658bb9308	5cabc6e658bb93085331252b517ede5fba3057b8e11d374960057323097654c9	False	
ABCA4_5cd4aedb7e2ce2bd	5cd4aedb7e2ce2bdaee6da669393f6286efeebca4f50beca998e5baba63be0e9	False	
ABCA4_5cf8b354067ca71a	5cf8b354067ca71a25a74fa42f5937d5b51dcba211a2321426b27dccb355ad52	False	
ABCA4_5d76837c2260f838	5d76837c2260f838e7ef25fd042255e132e9c8ada4db3a54c93f43cd4c7c13c6	False	
ABCA4_5d7c637655eb4da7	5d7c637655eb4da75f7cde2b367f3a4d1fc034ac1160688f4115a6ab4d1d66fb	False	
ABCA4_5dcec1de47e369a1	5dcec1de47e369a132d7bef964c73995631347ee71750ba5b4a312a9947d90da	False	
ABCA4_5de457d198658cfe	5de457d198658cfeac0be83788f7c250664c5f1595a0fb02024bb07318aa4807	False	
ABCA4_5deeed8276d2656a	5deeed8276d2656a30f793168e9465247de4a2f1bf121d89dbdbe5e4bb3c570a	False	
ABCA4_5e12d3357b809bb3	5e12d3357b809bb3c594ffb5b04316f4afd933501ec79a01e79a783fdc8729eb	False	
ABCA4_5e1914ba148fd264	5e1914ba148fd2649da5cd9e71565c22b48f55210b0593ade92b6d40476db436	False	
ABCA4_5e1a3af3e6398cd7	5e1a3af3e6398cd7345d19d58fa0cdf4bb166fc2f58e760949a68a7785f1eff9	False	
ABCA4_5e1e862b3d110653	5e1e862b3d1106531474dcbc52f97a70141308fb0e9ebd2a259f9b35fcf9916a	False	
ABCA4_5e37cf0714820fa9	5e37cf0714820fa94e3c734f9cb3f6ec37682bbc3381998e53f73cea4a8fc8fc	False	
ABCA4_5e4247410499d322	5e4247410499d3224b3322403f9e12aafa5a2e44e952e6a76efa336d627b67e0	False	
ABCA4_5e655b42d4dbde5b	5e655b42d4dbde5bee1c337f1cbd8b592030b1f3069463d023ab547190db2c35	False	
ABCA4_5e7efed75c817f0a	5e7efed75c817f0a6b3b373f6f852ae44c0cc384272a5695c429bee8054e28a0	False	
ABCA4_5e92c56aec6b4a1b	5e92c56aec6b4a1b4642e1dd68ffeced1386fd9e2ae9af5faea8c12dfe6e1b0e	False	
ABCA4_5e9d56f0529abfd9	5e9d56f0529abfd92fa3e85ed21bf63054af3d4e9e1b949c4cc44d1a49cd6a88	False	
ABCA4_5ea396e70862e812	5ea396e70862e812fc06e7b07e93af639a9358cf11f03eeda7fc16581ec948f4	False	
ABCA4_5f2d3c37c22c6e93	5f2d3c37c22c6e93096fbe892ca950c839070ec623f8c1d14e325ccf78271ffa	False	
ABCA4_5f54c8badaeb6581	5f54c8badaeb6581a3216a35dc0ed499b51a8838909cc2bab2406a3d09bd14f5	False	
ABCA4_5f7f637bde4a3a7b	5f7f637bde4a3a7bc0b65aca2740d18f0c7b7399b1e8f2c3cd2a5798dd8c1527	False	
ABCA4_5f9815febb2d4997	5f9815febb2d4997ad6213ac009c0c62a7b0d228a5fd0b7c885416cf7f093606	False	
ABCA4_5fb6c153fc14cd7f	5fb6c153fc14cd7f2af0d555265e717794856f547eb33961f7db4d651d6cea5a	False	
ABCA4_5fbc666246966b64	5fbc666246966b644e9a4af4853f07ce972a195700cda05b47c5b07400630c6b	False	
ABCA4_600393a0fd8c280d	600393a0fd8c280d0aaaec963d1ef9116b8e78d5984483cf6c2143dfa2256a65	False	
ABCA4_600b084bd2591083	600b084bd25910838cf11da61f36cc42b961c1747e7dde9eddfa7c88687000d2	False	
ABCA4_60109be534de11de	60109be534de11de553bc9019630b7963a2708f4e62aadfbe8c39e443e533ba1	False	
ABCA4_6029422b80727f90	6029422b80727f90651da6afa5fde10bea5adfb4d490ba4d9620a8fbb341ccef	False	
ABCA4_604c61561ae1e895	604c61561ae1e895d15b07605dfbc612c9121118d8105452d4c2174610248865	False	
ABCA4_6080159fbd3d967b	6080159fbd3d967bde73f3962b7e68a1377422179f7f17685cce70998dbd25e0	False	
ABCA4_608ced67a533bb0a	608ced67a533bb0af5904b29a0d5f0ca62d0e41ee3738354fbe6602cad9cb69e	False	
ABCA4_60c27c06c7630a3a	60c27c06c7630a3ac3002b491b22edd5a911c04393b7a341ba3abceccda93eb2	False	
ABCA4_60fa4cf98c1bb9c7	60fa4cf98c1bb9c76901f2c454d0542b4c8c2e15665b5c754ed0315086584c78	False	
ABCA4_6188512635062f20	6188512635062f2087b895f3672dbc64c999c2985519e65d0a4be4a8b88c8c04	False	
ABCA4_618bdb60e1850fc2	618bdb60e1850fc214cf3ae37a2e475b3050a343b91994a74d30de60db0f7487	False	
ABCA4_61a4d605ec879bc0	61a4d605ec879bc0b7be179625e433bd5fe664515c3f7592fa16b14118454eb8	False	
ABCA4_61d59372b6bd0077	61d59372b6bd007757ecdfd18f60bdf24def2ae9fd6ea928ba099477963cda68	False	
ABCA4_6211bf71f48d2375	6211bf71f48d2375c939c09807e081998ac9a76a8098685162ef45999887d26c	False	
ABCA4_622665725c5a0edc	622665725c5a0edcdc02a794a349995ec82e79f1de48827e0a9cfe1c51599958	False	
ABCA4_622dae3696b03247	622dae3696b0324756465d217b003b946add1cc857b7eda9a6e4133170f56a01	False	
ABCA4_6230a1892eda413f	6230a1892eda413f9ce781dcbcee2cbb4bf234ab6898d0403c7af551bfa1c4da	False	
ABCA4_62499715e69e692a	62499715e69e692a2da3e047b9a96e93ab596ed617616cc61423311687837da7	False	
ABCA4_62b979732d03d001	62b979732d03d001379ba9c6741d11ce81daa23d063923368e19800bced054da	False	
ABCA4_62de4b9fd45241e8	62de4b9fd45241e834e460aba7c19392a69b251da78d298ac694412f13e3c399	False	
ABCA4_62f4d042a37271b5	62f4d042a37271b568f28c28bce4bbbcad91408d33cf01e4e799013c45582e4c	False	
ABCA4_632d0ceb75028317	632d0ceb750283178a439c6df7cffedd5f8445ac7f60cc87d6b920960abea492	False	
ABCA4_637d68baf5fc431c	637d68baf5fc431ca31b000cf966be494f9fcb643bd3208b36c8d89b331fb732	False	
ABCA4_637ed495d454d04d	637ed495d454d04d9c8d51c8c76c144bf183177afd6fc8ff009a53bf8a569d7c	False	
ABCA4_6398f2b8fc2fb5be	6398f2b8fc2fb5beecfc2302d91aebe76e1d959afe8579e0173e1150e017c4a2	False	
ABCA4_63c24c186a4f3cc7	63c24c186a4f3cc7441235f0271cc419bacc6f2394c4c2978b88d801b05226d0	False	
ABCA4_6426af8e804cb3c8	6426af8e804cb3c8056f6a34e04c085ca359b1e2feb919a544549b41a2d88df7	False	
ABCA4_6447182fc34b4819	6447182fc34b4819910c4465ce52bbfc2114d713eb61cb43c622c4a52d042473	False	
ABCA4_645e4ba6d12fd65b	645e4ba6d12fd65b654c0f16e2311120cb91eea5e821a6774da63f5e440a0ce4	False	
ABCA4_64a996dff155dd06	64a996dff155dd06d20b078dd30a6ee53417c9de14395a93c8b4354d3f9f87a7	False	
ABCA4_65617cd392125599	65617cd3921255999722cd0561a6e91a35c33a7723790e2e169b6f3b3d938898	False	
ABCA4_657302ca2ac49566	657302ca2ac4956605c7329f5ca6dcef2473bf5f38633695b2de39a6b5bffe5e	False	
ABCA4_65785c8f3023f444	65785c8f3023f444b02a04959b3c7b6aa640576425d2d18809f1cd596c44b2dd	False	
ABCA4_659ffae7a917bf32	659ffae7a917bf32c072c3def025a9a49a559ea1bca0f1a7c967572a78f963fd	False	
ABCA4_65d2278ae2bd1ef7	65d2278ae2bd1ef74d429615af5a8798135e7c72fba44eea087b779474e09d2c	False	
ABCA4_65d31cc22471c3e1	65d31cc22471c3e105ffb804ee0d3c8e44fff383edcfdcf81efeeb7a4467f4e6	False	
ABCA4_65fd0ae727d874e9	65fd0ae727d874e93ccef6d8d505e5aa36ee80946d56ab0ff04417f42369fef2	False	
ABCA4_660010febbb5575a	660010febbb5575a26c9feea10dcc6170705b433634270358ad255cefa29dc1a	False	
ABCA4_660dd164b9bee0aa	660dd164b9bee0aad02018fc756b30cca9fe6e5a38cf0ba64e9fc5cb51877e2f	False	
ABCA4_661a99b4b7d697c3	661a99b4b7d697c37e8850aafbbf47b6e9392f13349f8911e28be85cf5ea839b	False	
ABCA4_666510fd5279df0d	666510fd5279df0d513ed9814311f53f921be77d9e190273f94f3d1f7059e5ff	False	
ABCA4_6674b8bf57e2c90d	6674b8bf57e2c90d66ca34c00150ab665d2836b38ed94bd3e80d4f082ddcdc7b	False	
ABCA4_667951eb0386641e	667951eb0386641ec5a7b341947a44a0fa987ed020c254d4dc4e1b6d27e92f96	False	
ABCA4_6685e8d7e5ffe3f9	6685e8d7e5ffe3f9697bf1605bea8c87da9339204025e3e71d6055fb918d1f2c	False	
ABCA4_669ecfb983c5864c	669ecfb983c5864c690cb553e0be0a1b00026e7beeb29294d57b2e38290f22c2	False	
ABCA4_66b42e28abf909b3	66b42e28abf909b35e026264d31da861385d10cde782bd1c2c60f347c4c2101a	False	
ABCA4_66d984ac3d2a9a1e	66d984ac3d2a9a1e517f98640f0a83d80857d4af4d67e7b6abfbf5d6fc62dfc5	False	
ABCA4_675fec7a4daf4720	675fec7a4daf47201edcd34eb7f9be02fee8852280da672e1749c4fac259d90e	False	
ABCA4_67650b18da8a6280	67650b18da8a6280d6b55d329983b8e366de81d926ec8e0b60080811dfdf0cfb	False	
ABCA4_679d2490ac6f8974	679d2490ac6f8974685d400692fd7374ee5d4c7d610e25c3843d37c189610c9d	False	
ABCA4_67a53a07ca95fd13	67a53a07ca95fd1376d901baf1d82969a118d921011515a7396e65076aabd999	False	
ABCA4_68043a74fe94a9b8	68043a74fe94a9b8f20df9119d90ce0e3ec8046e40f7e92ffcab99b93adfaed7	False	
ABCA4_680c364aa07d48f8	680c364aa07d48f86df797f86328584fc2dea10185b5b97bc5bb7ff79d8ee47c	False	
ABCA4_68443758c3e2f728	68443758c3e2f728239c081d3f1a77b88b2f0a1ab6ea9374fbaa5fb1bb84e0a1	False	
ABCA4_685ada7252531b7a	685ada7252531b7ae0aa151579aed280401358e12638d0b12cab4484528cb11b	False	
ABCA4_68703b26a439b624	68703b26a439b62450bc6b01c2a71ef60df183bd852b02787088d30dbd5da09d	False	
ABCA4_68b32bb12038c0ac	68b32bb12038c0aca120bdb981491c4e5c84da6bfbb832cc00602476146171a8	False	
ABCA4_6917004319b4a194	6917004319b4a194dfab4864101e679edf29ac6c6176bbcc3eb6a74f8924c307	False	
ABCA4_6933f6cfe7ab55a5	6933f6cfe7ab55a546c8a3c8cc06b18e7f97c157c0629c88677d2222cbd873d3	False	
ABCA4_694fe05a9c29940e	694fe05a9c29940eef138343832d8b08b0effbba138f31d6b80a6f1e6954332c	False	
ABCA4_6970932b7ac36bfc	6970932b7ac36bfc30ffa837ae4dae1fd51a7e9a3fc850af0c162c77970559b9	False	
ABCA4_69cdaa73d494c233	69cdaa73d494c233d44cf8f3a30f64ec2c6a5410d0380862d301e88bf8ab14a0	False	
ABCA4_69d7d76648504130	69d7d76648504130a0d308d21d3b32b4494e1c0dd0f25046400fb5f66ad8d7be	False	
ABCA4_6a300b8c16cd3c2c	6a300b8c16cd3c2c230fd0454e8bcf8e81bc1de55799f97882e8c2008eaa7bbf	False	
ABCA4_6a48a010751a498d	6a48a010751a498d47148eae16e3e0f6bb93e40718d36abc1196c697f46a3700	False	
ABCA4_6a565b27c759cb8c	6a565b27c759cb8cda08afea762ab019eeba3b770285b8b10e5b3c00858ceeaa	False	
ABCA4_6a8ff5896b07e67f	6a8ff5896b07e67f54be475bfcbcdebca62602255369c409f1a34424c7efe98e	False	
ABCA4_6aa400ee79da6295	6aa400ee79da629536421a3f66c6cdf252abce97be612889380649e679f4a6c1	False	
ABCA4_6ab1e9a8b5df5d9a	6ab1e9a8b5df5d9ada6dd91872071844b2cc19b3aa42f61978cf3a12d7a1becd	False	
ABCA4_6ab8dd2c74fecfd8	6ab8dd2c74fecfd81b0355c1d85eb5c586d57d8139edd94a29f4f158add55b80	False	
ABCA4_6ada840c1e5c033f	6ada840c1e5c033f8d9166ca383cd18ffc8ea555320b43bdd0ffb7594f55b9cc	False	
ABCA4_6b415715867f033b	6b415715867f033b37bd3bd39b20589e7e3c481246e963d5723114baa65fdd70	False	
ABCA4_6b4a090614a05f7a	6b4a090614a05f7a48667ca4fd8228b7662f577bbd7e1d1a68796fc4ff732d35	False	
ABCA4_6b8a254267af7b95	6b8a254267af7b959dd9658bb482c032b2fcd54c4e386ffc2f928718d204c446	False	
ABCA4_6bdf7df7b9b369a4	6bdf7df7b9b369a4aa7b014c53336970ad9bb1776707c64aa3638655ca238d61	False	
ABCA4_6bf3ef2e07b84897	6bf3ef2e07b84897be5844fff761c085979991d48aaf5ed8c49e63c001632e52	False	
ABCA4_6bff28f0f43699dd	6bff28f0f43699dd466c31c29f2242bb48a6e0ddba08206c9a95d606a887699f	False	
ABCA4_6c594289331c83de	6c594289331c83de0a99abe863ff5b781f1b9bb74c3b5105810d58de5a2424ba	False	
ABCA4_6c5986f54418cdc9	6c5986f54418cdc930a5157c44cac10fb6d01830147884c3425bcf28b6eb173f	False	
ABCA4_6c89d4b9d5e03791	6c89d4b9d5e037912b7a0b80a69a2e0df0f6ed385766ad3f77d764ab4b1a1f61	False	
ABCA4_6c9766afc3cfa819	6c9766afc3cfa819c8e4cd42e6db8c729b77ea20ec4dcc1f2f1722bfc71e3cda	False	
ABCA4_6ca5984553497639	6ca598455349763947a173415be4d9c4539d0b1288a23cf40578abfe3c0ebe58	False	
ABCA4_6cefff971d11e808	6cefff971d11e808d6cc67cbc84e2fbc6de5330c668b6aa921eee02ccae59d83	False	
ABCA4_6d397d0a1317e7d3	6d397d0a1317e7d33483139051ab2f1b736e8ba0c07a29958a2bcb993f48ec3c	False	
ABCA4_6d4cb7af35ed8b2a	6d4cb7af35ed8b2ad329161369843de547403b0ecbad9c1b8e3a650c9b8aeba4	False	
ABCA4_6d69872c56bc11fa	6d69872c56bc11faffc19a309df2cc7ab65a273229fd314cafacc36989935147	False	
ABCA4_6dd685cacfb88762	6dd685cacfb8876292d5f9e9fdd1b6053e07fe28b6fc53135900a9cb08a15fa6	False	
ABCA4_6de3470b3e151c77	6de3470b3e151c776091a5bfeae6ca9e4931ace6814fe257c2f6bf051d2f23c4	False	
ABCA4_6df607fd5419ea76	6df607fd5419ea76396e448761741a09546c1cdcecc17f50ab6976c9810adaf1	False	
ABCA4_6dfb5b41aed63d2f	6dfb5b41aed63d2f5a18bc04de4430f3a47cf886cc88b2cc90e46b79a77caa2b	False	
ABCA4_6dfcf3738c0e1865	6dfcf3738c0e1865eec1db4971d9c35003c3857cb38e4136cb9611cc132f3dec	False	
ABCA4_6e08623ed52fb988	6e08623ed52fb9881222732cb109f1d8e029a27fbc98442364e3bac239e148af	False	
ABCA4_6e317bb109e161eb	6e317bb109e161ebf3647b45fb28b68ec7622c945472a51010be96020cf43b1c	False	
ABCA4_6e6f492306ffa229	6e6f492306ffa229c8fa0f3feb2b61bcafe57d8caa04af76f4fa87b8845e5f40	False	
ABCA4_6e8e9dd5eeef517f	6e8e9dd5eeef517f5a59f54c68a66c56f9bebccd701771de334e950e31fdbe51	False	
ABCA4_6f0db35abbbf06ec	6f0db35abbbf06ecf68be22bbf6bff2c7e9abfa3768b2f87a3f633a35039fc07	False	
ABCA4_6f11795eafbb2b96	6f11795eafbb2b96a51b2cf75385491a723e069a09d37b5f41be7bd25415d346	False	
ABCA4_6f65511847adb21f	6f65511847adb21ffdc177dab11c9cc1b0b8f60ad01e29749134ccbf9a02921f	False	
ABCA4_6fa93000b2beca73	6fa93000b2beca73239c229d665459f432fb2e4a25d7c00c0e4d3dcca5f6cb53	False	
ABCA4_6fd4af3f47bec753	6fd4af3f47bec7538fac0ebdc9abc5ea180880e8c887fcbc79fc5357ff060d75	False	
ABCA4_700316d817f6e632	700316d817f6e6320bc1deb46d8840cde3ec6bfff3932d808d3ff23fe74db0c5	False	
ABCA4_7070e87f7d7dd041	7070e87f7d7dd041da581368bdbc8a44eeb672ee4c5d1ec7d57a67d1a3a06cb8	False	
ABCA4_70aacbde4568edc3	70aacbde4568edc31663888759b631af85089196c1cfac14a56387f9dca39df8	False	
ABCA4_70afc26978c9c9c6	70afc26978c9c9c697b0b9e3d8d4a445e17f81d970a8f43059ef35bfc0fb1fc3	False	
ABCA4_70c29d2a94957805	70c29d2a94957805873cec295248043504aba447a34b20083310b3dc2218652b	False	
ABCA4_70f7c0a5064e0597	70f7c0a5064e05977af16981bcd420fc5a7e0a7dbc04a37f8615d6e058ff7e45	False	
ABCA4_712fd4e78f8d4d77	712fd4e78f8d4d773df6204e095b03ab63ced8f2bdf81ba36d6bf342dab11f60	False	
ABCA4_713d7cb86f66b330	713d7cb86f66b330a73048662c85e52c942f5f877bc4ec39bcce96c37c22a4b5	False	
ABCA4_71ca77df4b392935	71ca77df4b3929352ca37fb5a2ec9bae0839c1d7af71ba6eddfd6e07bf8746d2	False	
ABCA4_71e4970990715317	71e497099071531710ee0a93dfae985204f0e8ef68ce1f14a4a278f58dac5220	False	
ABCA4_71e8b0e82bfe7396	71e8b0e82bfe73967356f2ce702784f4da5b31c222272c7067f004ca0b19e86a	False	
ABCA4_71ecd30f7e629ec2	71ecd30f7e629ec23b0d86cd93309ba9273b5b25078e2a516bcd06331d89ec57	False	
ABCA4_72317cd771d69d65	72317cd771d69d6576d23419f2fd740fd70045224cb6fd2e2b05b4447cb0eadf	False	
ABCA4_724ca1bfbeb02afd	724ca1bfbeb02afd84304230cf2285e7e7af2a2578ad97cbae68ac0db5dba06b	False	
ABCA4_725a79f51991bbeb	725a79f51991bbeb802dcd0e5ffa0e30f5f404b6401f13973cf9724ad29637e4	False	
ABCA4_72691326922e4f7f	72691326922e4f7f1bd661c5a948b3d199ed118004f586a964448cf44dab6b46	False	
ABCA4_72763723c750a6c7	72763723c750a6c7830b72a61cfb0a9053cd5adef255f6be18a51172b78e8f53	False	
ABCA4_7294f2a199b44134	7294f2a199b44134e413e0e195b1b0ea9ffcc14c749d1262a08224da8523d0f5	False	
ABCA4_72fad5d9d0eced9d	72fad5d9d0eced9d1ae929d8833be9b4e91de709e3d360d2639c37aa56c8dfc8	False	
ABCA4_7304969af5e53a91	7304969af5e53a9106f8d456e8b3ba4026cad8eb314041c4594b4ed34ae2bb03	False	
ABCA4_73202881fa00bbfb	73202881fa00bbfb71bb36bfb173111e57bc768e47dde6d4c8c8c7272744b855	False	
ABCA4_734147f2a8bfcd55	734147f2a8bfcd55b92756591b6f4774fb0e4f83b7ae9d6b7532833940a141d7	False	
ABCA4_73530e6914629cb6	73530e6914629cb64c97a664cf35887d53f80eb9d96a6d23bd60eeafb9239bd9	False	
ABCA4_7358182ce392558b	7358182ce392558b5fe06bfc70cf8e140e4344c5628fc508e8a8beaae2164d73	False	
ABCA4_7378f18905d428d4	7378f18905d428d43c17ece98002935b4880e20efaf933a6f49db7f9e97f02ca	False	
ABCA4_737cf754e2577bd0	737cf754e2577bd004ad0d1558be82f858b492706d500aec3b335a0609acd5b6	False	
ABCA4_73b67276cc486648	73b67276cc486648d8390d3104d9c5c9b430be6e2d6efa1e45c8633517a41ae5	False	
ABCA4_73e2523739328390	73e25237393283909b1d37fef8e731f78eb18e617d82e8f57a66b8d2989e43a1	False	
ABCA4_73ee583ae8816b20	73ee583ae8816b20fe67b7424077c3796145bbc284f8cea2d420b2f1dd422b3e	False	
ABCA4_73f25ba0dc726851	73f25ba0dc726851ce53678c1b163b40bb508a3ec6530a2aa55dd90cf50fc3e2	False	
ABCA4_7422f5cf1ae6e169	7422f5cf1ae6e169b7ab53456ca0e928dd7e222865c4ea3f6bd3ba240472a149	False	
ABCA4_74234b7afbd42664	74234b7afbd42664f60d59c5402153a4a897b6b39efa293e50505df742cc0dbb	False	
ABCA4_742cda409cfa0018	742cda409cfa00185172fee8390a3e3e80c534ebb64f32d5663006c8fc3b3022	False	
ABCA4_749d97aeee0188af	749d97aeee0188afaef8859a1841e5dc54e7e78147f16b0113d0e510db5723b2	False	
ABCA4_749f444f63453f29	749f444f63453f29727f690d95bf6b7b7ee1a70868ba46f81d45658a28634f16	False	
ABCA4_74d491c7a2df90f1	74d491c7a2df90f1c572403ca7d165554c7d37767cbf1f46501d62418af3e951	False	
ABCA4_74e1a70aab925f71	74e1a70aab925f71d7de4fcd149eec54b9756d2e2a17d5d7f9ace37adde7bd09	False	
ABCA4_74f4a9e95bb8f761	74f4a9e95bb8f7617a70911a346c33e82842814dc6fd1b3c17ffb8a3b67be11b	False	
ABCA4_75614ce7f682ec81	75614ce7f682ec81c1436fd88368b40016ade52eba57deea8a44920e962a4b4e	False	
ABCA4_757bc08c90c92d74	757bc08c90c92d74e31e2219fe94c9cf842fc1b78a8cd8363704d17776c35c8a	False	
ABCA4_75ab7dc0a358180b	75ab7dc0a358180b20a4f379f4813a6e0fa5a6b53a07bc1059458b58887fdf4e	False	
ABCA4_75abb350373a370e	75abb350373a370e052af35af76353b8a5047fb58d73f6d31802983c3c9076cc	False	
ABCA4_75bb85c8443e2219	75bb85c8443e2219d18801279ca80568b6dc5a900a51567c30fa364f6b0c72f9	False	
ABCA4_75e9d94b717ccc78	75e9d94b717ccc78286e2ef7fd4d8472dfb39e75c721dfa3bc18d8281a84044b	False	
ABCA4_75f2b30cd103df24	75f2b30cd103df2475984f0c4925a165911ef08430b3fc6189f34bd4b24700aa	False	
ABCA4_75f3347b3fefa102	75f3347b3fefa10233e198a522af53ead0f6d6dd062bf3611eb5b80ae1a21410	False	
ABCA4_75f8ae1611387d13	75f8ae1611387d131d116b5ff3be0151f2cae167b0ddd039008c68158c2e1389	False	
ABCA4_7617973803c0d24d	7617973803c0d24d695d48007ac2495062357e50261a26cb8210df04c82100be	False	
ABCA4_7679d4a44698788d	7679d4a44698788dc524fa9cc2b526eeb8d9ece17c17bc91d15cee3cf29ea075	False	
ABCA4_768dea4cb468fa05	768dea4cb468fa052e17c65ec344a4f97ec1d12766edff134abaeb7be3e7854d	False	
ABCA4_76af0040e46ef2ee	76af0040e46ef2eee61e6a012624a0cc8aed1ca965cd40f049bb1fda7bd8f85a	False	
ABCA4_76f07d6ba67c1cf1	76f07d6ba67c1cf103f40493dce4513481fa787ec1b8f235462326ba4dd1bca2	False	
ABCA4_772c70666f58fa35	772c70666f58fa357a8a2c3ba2f38ffa05cdfd09b69a96c9c0c51fc46fca34fe	False	
ABCA4_773c77e05c368954	773c77e05c368954cc491365fb16b8eecb739d3fae3b5be0153aa7630b3b1eda	False	
ABCA4_774ba9f77567f843	774ba9f77567f84348ed0c22ca1acdfaf881dee8c2924529dbea866b9b6992ef	False	
ABCA4_775e5a7d87936ea9	775e5a7d87936ea9842120221fd74e463222634fc4490378a907394cb65648f0	False	
ABCA4_775ec63bdedd76d5	775ec63bdedd76d58bf4468fa85375590e24f9d9ab223691fbebdd5a49ce5ddc	False	
ABCA4_77704837fab7e5e6	77704837fab7e5e6f5d3fb22366df73ba789efc2fa517c0deaa215e5160f7448	False	
ABCA4_777846d7af94c18b	777846d7af94c18bd9c646f7390a52c060cda4c5cbaec8174320ed59d8c6fd6e	False	
ABCA4_7783a12e3aa67e7b	7783a12e3aa67e7b68a1678c183062e133ddff9cf06c070af2e939cda8bd25be	False	
ABCA4_77b61c48f2a3b634	77b61c48f2a3b6341778cd94d539a6a57f867ebe7e7cb6ecd18b94c9367e4b51	False	
ABCA4_77c2beaaba74731c	77c2beaaba74731c7487cef2346f56ecf49fcee1f1b65f98b44c3f2779d7484a	False	
ABCA4_77d32656e7ec53cb	77d32656e7ec53cb9b1787aa0d4a0b11c785a3da5201c790e4b1e5934de21046	False	
ABCA4_77dde5fe77570a50	77dde5fe77570a506d1ab0fb7dbcc690967978d1a8bbaa45f260726331ab019c	False	
ABCA4_785829292d634b84	785829292d634b84a4f273c58834464e90977dc2af0a743f335e30d35a58baa7	False	
ABCA4_7875c9b1ffddf9e8	7875c9b1ffddf9e8aed123ca3f0b2c732e7e9ebaf76b84056ef4c7a262d3cdcc	False	
ABCA4_78d5fa05b3aa0ce9	78d5fa05b3aa0ce9f1a6c164a02db183264af39cb23348791ff983a7ae791a9e	False	
ABCA4_79444bdc9b26b7ab	79444bdc9b26b7abba4278b47eefa646f7fb943be5e764d201f1b662deca513f	False	
ABCA4_7947a4d837a42831	7947a4d837a4283141471f540eba3544c695390288d4dfb6fd97f6929b497359	False	
ABCA4_7955f6aabd69daac	7955f6aabd69daac403a1c1b8870718a62bd99c0734fda53fa39fc0227e02557	False	
ABCA4_79e6fd7ebce64b63	79e6fd7ebce64b63c3e7a576f9823cd634848bea8de44dd7219150e14a3f3a0e	False	
ABCA4_7a951e0df6de0dc8	7a951e0df6de0dc8c975dc2aaa90209ea5a5935b8ff4f7d92bceaf3290849c80	False	
ABCA4_7aa3bacb9bd2ac53	7aa3bacb9bd2ac53efcfe4291a5be051e65c05a975055bb08ea98b162b62f5a4	False	
ABCA4_7adbce1e8cb59982	7adbce1e8cb599820ab2f0ebc6dbb0724ef23dd5cc371baee50d8716acf50949	False	
ABCA4_7ade5e43b7bf4e4f	7ade5e43b7bf4e4f4bb94159da6988d8620bcaff711368315855192525f49cab	False	
ABCA4_7adeaf983db5ecef	7adeaf983db5ecefb1f6b857307899f04d89d913b7347bb37e544d7569748b9a	False	
ABCA4_7b43f02f188fbc19	7b43f02f188fbc19adc55176699ce82da495d0ae1316a133bfeb8bd6fa678097	False	
ABCA4_7b8065512bf5e082	7b8065512bf5e0823ca8128337ce64730388d13451c866a75802a284dac7a08e	False	
ABCA4_7ba2cb8594bdd737	7ba2cb8594bdd7371570beeb97310f810ea85a98d248690a7fdc0d32fd3a9af0	False	
ABCA4_7ba3e950d0bceac8	7ba3e950d0bceac8830345718e532836ae6217dd71be6807ae40b892afe7ef10	False	
ABCA4_7bc592df25122eb9	7bc592df25122eb93e190d39f45947782ddd82bcfb883ebb9f445f93703a7980	False	
ABCA4_7bf1846a0f426ee3	7bf1846a0f426ee374af327a8ed8807dd6bb3163c52a763edb23c3aac709d578	False	
ABCA4_7c2e6620e37a82d6	7c2e6620e37a82d68ad6d501b0a6b115ac97d1af998e62a7490cd0f8d1d14837	False	
ABCA4_7c37101dbfff5790	7c37101dbfff57900a31b9f9ebfbd91317ae61adb8aed642de6dbf3584e83d84	False	
ABCA4_7c44bf87249c2198	7c44bf87249c21987d91680013a60d4f61ffbb1408a96b859bdf2ccb10fde2ea	False	
ABCA4_7c6942e44a8280f6	7c6942e44a8280f621dca62aa8f73f08c701633c787f4bac4ac113e0d559a169	False	
ABCA4_7c72bbe5b30f1842	7c72bbe5b30f18426270947cd1e2841555c02a12bd634ccd00ad132c71c97c48	False	
ABCA4_7c8aab3fb369d61b	7c8aab3fb369d61bd7b0c646f0eddb3e52c30c78703d195e73e018f559dcac6c	False	
ABCA4_7c9c130777bc59c5	7c9c130777bc59c5497f925dc4c66ac15dcd3696bbaeab283612e53ecfb50a0d	False	
ABCA4_7cace35e094fced1	7cace35e094fced157865ac916f3936c71cdf3709ac4c9faf4a6dadc45bc652f	False	
ABCA4_7cbebab82cd89368	7cbebab82cd8936838d0810571f790e1e698a5655637d3aa68344e994f58e863	False	
ABCA4_7ce44b18b9e45bba	7ce44b18b9e45bbaa5b9f89130d7edbfa987ec259ed8ec6ddaebfeb97999fc1d	False	
ABCA4_7ced6ed61520be89	7ced6ed61520be899eca08484ba95cedbe72ffc2d0f91bcf17fb571a5c7dd64b	False	
ABCA4_7d038f58c1b94bd7	7d038f58c1b94bd75a669253200f917c2c8aa5aa15131b604a2844d6d9d62e28	False	
ABCA4_7d5b16b5535ea5a1	7d5b16b5535ea5a1c902eac7c987a77633e383344d11c7abf324a41e498a2718	False	
ABCA4_7d81ae61db1bdca8	7d81ae61db1bdca8482c577d606c27f22a88cde62428321fb11e463125119b9b	False	
ABCA4_7d85deb049a6ed3d	7d85deb049a6ed3d3c4bf745dc973192f1b731d21a1e59b26fc61dfbc2101203	False	
ABCA4_7dbcdc708586f387	7dbcdc708586f387040c45e1af86bff536bc15dc93987a9bf41881b98fb22eab	False	
ABCA4_7de986dcaade9442	7de986dcaade94428375d364d81e2c240b26935eb8991afcbe6c75e1a8bf1653	False	
ABCA4_7e259f5fb7710f02	7e259f5fb7710f028fe4b0130e7ff31156ae0c7c686fead96963b1bbc0ae7172	False	
ABCA4_7e3860bc8dc04645	7e3860bc8dc04645115e130f8c3c7b2eb2b8df90f58a736a1f763d2717b3e18f	False	
ABCA4_7e4a9f336ee14453	7e4a9f336ee1445356ea3d71a867bc40d3b0751dd77088c24c84b484b61ddb67	False	
ABCA4_7e85ff8045d25d93	7e85ff8045d25d93440c999f5e6ded3286fdcb94c3ba302edd1ef77318f65627	False	
ABCA4_7e86ed12dc219d82	7e86ed12dc219d824c2222e3d63e05fdddceb11d2bb19a187dbd345c38079cf1	False	
ABCA4_7e99e319b63b52f9	7e99e319b63b52f942f57e8338c8d4f04778d73c9dec527de99860db5c156420	False	
ABCA4_7edbce95a2c4e1c6	7edbce95a2c4e1c6f9b8b420b7156c5822eafd1d3f1a23beabe02987e4bd4bb2	False	
ABCA4_7f01684d43d8818d	7f01684d43d8818d1771c5cf556457d260acecbd3138206a66715e95737ab3a3	False	
ABCA4_7f02211ace69a8af	7f02211ace69a8af684997cfdbc78e897a68ff0df8e1ecdcd5ef62702c3d1d12	False	
ABCA4_7f0400e921eb4aec	7f0400e921eb4aecdbb8170cdc3c9a3071b05d0c52b2d2663b9940e72b13466b	False	
ABCA4_7f1a44ad3a2dbd17	7f1a44ad3a2dbd17169e8b20ffe355543e1418551b1694326b4479797e08207b	False	
ABCA4_7f3431268c17f183	7f3431268c17f1836307815b3b65863bbdaa726999e386b3a5b72526d3027ab1	False	
ABCA4_7f55f61b5d1cf6f7	7f55f61b5d1cf6f77aedcc05f2ce2aef25b3c5fad68806b055d5b9aa82660448	False	
ABCA4_7f8935281ee2ec10	7f8935281ee2ec108d281d648b6ebb8f2c3b0c7f9b66cd0ee9e4088fa8abdc17	False	
ABCA4_7f898e5ee57fbd17	7f898e5ee57fbd1713eca37964c6052854ae63d31963e0ccd3079d8c5fed34b7	False	
ABCA4_7f9787c4c60300af	7f9787c4c60300af90d5b30ade2714cbb3938ed4a884c6ebc74ae2cc3630aee4	False	
ABCA4_7fc62fca0b93db94	7fc62fca0b93db9432a36468f538e8d791c231f90cd51f2842f9ac4b3e795076	False	
ABCA4_7fddf0be570c949c	7fddf0be570c949ca5af1e68124b0bcf5f33dc66ff54cc9ad42704d2fea6a501	False	
ABCA4_7fe878fc6000197d	7fe878fc6000197de910dbb6af03c4e1e46319a0857c1b02ef0e416bf2e7be00	False	
ABCA4_7febc77a2c963a30	7febc77a2c963a30cfcd0860247562a7f356b2a3d944a009b74a4a2c963c42e5	False	
ABCA4_7fef6c84af38c21c	7fef6c84af38c21c3bf54345c6942b5764d092890407017c3a47a01ff7ce21cf	False	
ABCA4_80025ea85b3d3a14	80025ea85b3d3a14499ad0e2f2e1bb44f3ff63aac30e49a986583d784fe2f477	False	
ABCA4_804ff2f0808a51e9	804ff2f0808a51e941f2d43d9b03bd0a5708e7cb7e02c5de6a4a64913ad9d16e	False	
ABCA4_807518ca3fc1dee3	807518ca3fc1dee392dc4460b871ec83923c32fc78f399bb4ec28307eac96826	False	
ABCA4_80a51ff05c44e05b	80a51ff05c44e05bb54550e48a20d2fec7b2cdebab1edd9a41fd6ed47d20e86d	False	
ABCA4_8109271c66c11760	8109271c66c11760a6a037f8e7873ced105b86269c754db68a84d0a00c94379c	False	
ABCA4_8137389ffde61a55	8137389ffde61a554307e95834878b996881a6fb905c38185a1bf3a68536ba4b	False	
ABCA4_8161c1fd7ab9f80f	8161c1fd7ab9f80f58d231460f470af85a1d77dd0279c0c38a6bd4eaaac68814	False	
ABCA4_816d0a6dffca9b8f	816d0a6dffca9b8fae79e02791d6794e2d443e39a373ce648ec883c2b4f57bbf	False	
ABCA4_81706d6e886f6790	81706d6e886f679024fb9cc4f50e96fdff3d287ae99cc05ed9d7e59132d76991	False	
ABCA4_818e603f47477a2d	818e603f47477a2d25954d46d80393490fefbc9eb1229de5d287a3d3a1a40b79	False	
ABCA4_81bbc09f241bdbaa	81bbc09f241bdbaa2ad9deece9991dd5282f700e57abfb5161c32801df7d916c	False	
ABCA4_81c4243a8e7a34d7	81c4243a8e7a34d7844b2f946b30e2a10a6ec09948da50534c44aeef07af87f3	False	
ABCA4_81d0b218a6c74426	81d0b218a6c7442681f774e00336535e3c1c38ecfbb221c0a087fe17395f00c1	False	
ABCA4_81e0439cec2f20b5	81e0439cec2f20b50779e5d07b5397c5dc34b504928fe72f914f2c0a358234ed	False	
ABCA4_820d792bd2063eca	820d792bd2063eca4ecbd06b6b103f9aa27b5fc754539c9e4b183f41f3666ed9	False	
ABCA4_8210b50ce1eecfea	8210b50ce1eecfea3a6623647d8a08159881972d874bbb61482449412fb0040e	False	
ABCA4_8230a0c9972025fa	8230a0c9972025facda2bb945bcf26f042929119092020b6e72f5ac493f9b39b	False	
ABCA4_823e3110dc396f12	823e3110dc396f127ecf5b41b6c08f9ced4496eb8b2693b32b1a27e51de63705	False	
ABCA4_8278a38ea9398173	8278a38ea9398173d2f05d942dc91cfc1c4ee43dcf1264a09f751a82efc96a41	False	
ABCA4_8297105f9a9ffc92	8297105f9a9ffc92f9face234885cc94d55db8ef8529b244c086910b984f950c	False	
ABCA4_82a477b4c437a21f	82a477b4c437a21ff4b3558dafb777835ca33ef13f6f24067745f002c97db8e1	False	
ABCA4_82cf84da76e816f3	82cf84da76e816f391335c5dea22b6013433e6851aebe64113187c37baf0ab40	False	
ABCA4_82d04bac30770d95	82d04bac30770d95e58688e4b946bfb256d9d308e6655aa21a357ff7f16163d7	False	
ABCA4_82dd166a2b48b146	82dd166a2b48b14657e3766a09d468c0e8ba86cb655d2ffee65a158ee2eaf270	False	
ABCA4_83176e1bb00970e3	83176e1bb00970e368082d5a5a59c093dcfff2764cd019b0f70500e99a7d5e84	False	
ABCA4_83340e5b36ddad54	83340e5b36ddad543585f6361b0ede196e5976f828e106214a8d257a09670f6f	False	
ABCA4_838cdc35475c9159	838cdc35475c9159ebd46730a9188c5e85de413330560a06377cc835b158f22a	False	
ABCA4_838eca6165fc0b5a	838eca6165fc0b5aa0274c39b2029914c1880c8b936bbc9731cf1c38b32934b6	False	
ABCA4_83997ff86506a7b4	83997ff86506a7b42272d7d6aa14352ea62cca061ac321dab2061b6464167ed7	False	
ABCA4_839bafc11766b1d0	839bafc11766b1d094cc6797520eace5061ba80d733c9be26e71cb1f0b06e6bd	False	
ABCA4_83a95e69fea0972a	83a95e69fea0972a5b2bc7ce0592358933b4d3a7b50399b7ee53cd98a695016c	False	
ABCA4_83cf0e40e0bbc0fe	83cf0e40e0bbc0fea5fa49c18a6992d0ed3ac9ca5d22f3507dc8dd1a1ffaede9	False	
ABCA4_83f5dffe68db38fb	83f5dffe68db38fbb0f83a59b137c263c06b758a258ad728e01f4731dc7067a4	False	
ABCA4_8410f9fbff631a1f	8410f9fbff631a1f1419ba17043fb1714fe0ad683ba3cfb3c5a47fa7f327069e	False	
ABCA4_8424f7f0a7443869	8424f7f0a7443869f9d919b79249686586424a46579e28e1985b57dbdc82a25c	False	
ABCA4_844f60d2e555c3e0	844f60d2e555c3e0876d7469296598f3e307c029ef0dcd16f1db6f7802dc7ef5	False	
ABCA4_84514262bf2bcd25	84514262bf2bcd250163cb3cebbfebaf27b6bb7d319af47d325c6fe737b162d3	False	
ABCA4_848ad83ad9d2815e	848ad83ad9d2815ee8006ba2a7178b23632afb5eae485c8a578ca25b2f3bd94f	False	
ABCA4_849dfa49c2e72040	849dfa49c2e7204097681a5cdc39d3da620f7d772c9863c232d21220b57999ab	False	
ABCA4_84b99bd3b4ef5939	84b99bd3b4ef593944765f2fd4e1f2fc4255f90f1cd8dd26ffcfce7ce7eeb805	False	
ABCA4_84c46171801d150d	84c46171801d150d49b042402ab43febee145729968a61489a08b72ce8646fba	False	
ABCA4_84d0cb88bf267522	84d0cb88bf2675229105bc19f4e699227d62f444ee0298e297c1dc32830f3595	False	
ABCA4_84fa03927f241b75	84fa03927f241b757ef5918dcf1f77376276efe66aa43a6212b841adc9d59570	False	
ABCA4_85174a0ceecc2ba1	85174a0ceecc2ba150644bc6baf12d0b3d4698e3051039051d4fe551e0f688f7	False	
ABCA4_8534a96770944419	8534a967709444193c36f0dd3305b8170a068536aa3a39a43270ee51ea0a9aaa	False	
ABCA4_8553ed1abd1f65aa	8553ed1abd1f65aae5d4ec5c3edf04f8012956d64044fb286e463831d929ea07	False	
ABCA4_8563d73e3fee80bc	8563d73e3fee80bc3a3f6c7fffab2afbf399100f5175b3ec9293338d58f51804	False	
ABCA4_85bcd8b1a6345f4b	85bcd8b1a6345f4b7bb41f00284e567b783105dd49c1be6bc56a678440167e81	False	
ABCA4_85bdc5a3d6bc2e91	85bdc5a3d6bc2e91ae69e33c382401b63f62884f2f9a1bb464b9dec4a46b1083	False	
ABCA4_85cd3e1c5153e9d0	85cd3e1c5153e9d0e8578b2d3edd60bbdff3414b9c45da1c15a166fd7f63546d	False	
ABCA4_85da66ad3b9ab77e	85da66ad3b9ab77e93ece062319a6432646dd00985ac2e23e2597bd52f7ace64	False	
ABCA4_861b153c274b27f9	861b153c274b27f9717d66d8bde8e8bc90e041b1dc3ee476e8b9c53f5aff5e6c	False	
ABCA4_86246a400ae5f812	86246a400ae5f812a3e17cf0d928651d50abdf203ecbd17b0a3b8ff4efd8e696	False	
ABCA4_86292719b4e7e9cc	86292719b4e7e9ccd80a61a5a495938f184455100c12c01d0ac07f85233a31d5	False	
ABCA4_8637196a289d7f1d	8637196a289d7f1d4c7c0d15f9838c5e64d583dd6bb74435e1a6823d773d6437	False	
ABCA4_8648d2b88bb9a189	8648d2b88bb9a18903e6d8e972ac53d385af2af6476e48ce2b9189a51d692f75	False	
ABCA4_86ab6eb38d8497e9	86ab6eb38d8497e9e6c604bedad8837e63b3c8b4b9f6dcd44b85faee3d576f2d	False	
ABCA4_87088cfb28c8f4e5	87088cfb28c8f4e584a6b2eb74323da7cd0ecaeced40e79343bb9fe5cebee36e	False	
ABCA4_872348ea4ef639b8	872348ea4ef639b869e65c5d7166856fbdf675f98c02ba4b7273ca58442d9c96	False	
ABCA4_877c94f9fba7966d	877c94f9fba7966d9c7b73c41f3c384dc94986ceaa6bf4cbb5a91b639a5ff420	False	
ABCA4_8781d3d667de4f29	8781d3d667de4f29f16f05dcb2513c5a83591970a8305c79666833255dffd5cf	False	
ABCA4_879632ddaf104a69	879632ddaf104a69b4a6119c8b46f7a61b078704df52896e1823e2a5c7db993f	False	
ABCA4_87c5c0656423340c	87c5c0656423340c069056647ec1db0024107bb6130f363ceadecd0ca1b813c4	False	
ABCA4_87d035c4dbb2e751	87d035c4dbb2e7516d577e720779dbc2e47f958311672b68adf99fbff270f8a3	False	
ABCA4_87f8f56dd23ff994	87f8f56dd23ff994a24757ae5e7c851c53242d04a7b2b21d42cd1d23b9e71236	False	
ABCA4_87ffa823d79c3eef	87ffa823d79c3eef696bb8bd935906e44c75bcd1736b5a464c1ad58912c3a5b3	False	
ABCA4_880432550cf25e36	880432550cf25e36b80dee6da0d915e7c5db0dfebdfcb351be0c110e99820dde	False	
ABCA4_883939e26ee36fbd	883939e26ee36fbdcfcfd58af28e45ecd77bf11448586a276e520c10a4e7f074	False	
ABCA4_887c991a0ff7edf8	887c991a0ff7edf891693c1b9132d6d08f890e2b0fb13fee8c66c127014ce2a7	False	
ABCA4_88c3683a5053bcca	88c3683a5053bccabb92388328d20bf2bb49d0c0a6c8e8f2a0308c89e488d743	False	
ABCA4_893e0b8bbd9e96fa	893e0b8bbd9e96fa0adacb73675b797df531c8406de76e1b21441de553ab8324	False	
ABCA4_896f2e9f364acd37	896f2e9f364acd37b19a813fae3cb0b7abd80a2bf015f39a53b62a7678478543	False	
ABCA4_898fc993e91f50a2	898fc993e91f50a24715a2583a4a788b4de5b382bbe3fc981c5d13a639140805	False	
ABCA4_89921e75cc213565	89921e75cc213565bc7babd50e54bb9d576ed871e6d7e5164185601ce80d5865	False	
ABCA4_89928d8be2e7af7c	89928d8be2e7af7c462d675e5be93d7edaadd6a0f0af58a6cd7d933fb10719fc	False	
ABCA4_899a5492f65ce978	899a5492f65ce978e937cf610c398c0c5bca2659fcae9aa101da62b1a6870d49	False	
ABCA4_89e8e0969102f73c	89e8e0969102f73cf558cdf60c06a31233b5b60a7b27ee418ffbcbd00a27f2d0	False	
ABCA4_8a3129e4fa738b78	8a3129e4fa738b78c2af7180eca4c76b8e775749abdc1221463a97d5ee8b0d51	False	
ABCA4_8a436dc3dbc67bb5	8a436dc3dbc67bb559bb76d5d23d80cdbc9f43b60f2b66b3f0132eb94bbdd8dc	False	
ABCA4_8a4ff3a92049fe6c	8a4ff3a92049fe6c5a4fe03048d01684f178b80194adb85a91e40535ff119972	False	
ABCA4_8a64c9bd86481301	8a64c9bd86481301b080b0da880c79beee2ae3e27d5128c50f5b235e6c16c71d	False	
ABCA4_8ac0d8e62767283f	8ac0d8e62767283fbbffef4e09f8f1084f00e2b29aca3adc059dd8ad935ea367	False	
ABCA4_8acb9381d8f1f786	8acb9381d8f1f7868579ca32441527cf881532d0b72a3b52a1525711ef0ebc85	False	
ABCA4_8af1000449f16909	8af1000449f16909092ba56b5d58816c9ebbf753af95506701dcbd4429446bdf	False	
ABCA4_8afc9c394c3726cd	8afc9c394c3726cd183f93da7d99456e1ad0d076adc3fcdfa0ccb258d60d9913	False	
ABCA4_8b4107a4121ff5db	8b4107a4121ff5db75145751c4ecf819dd4a84d219b61e438a272645abf30668	False	
ABCA4_8b6b9d8adda920e3	8b6b9d8adda920e3f841fdbe2e55bd2699fc61885ae1b702cc4c60dd729c0213	False	
ABCA4_8b7f627a8d663f02	8b7f627a8d663f02c3256b3ec143ae920793735b7a26e6d96c5b8eeec0533751	False	
ABCA4_8b891624cf746177	8b891624cf74617746281ad992bb4226c96b8972262cd55ecdd2794522daf37f	False	
ABCA4_8bb1162b7b2e6175	8bb1162b7b2e61758fddb6c98b628a2d1239165e54c955a7d6b6b3574de92c4a	False	
ABCA4_8bbfc4f42ea7cd23	8bbfc4f42ea7cd236b78144ad64c98a15aa423282470cd3c10168666e7d66abf	False	
ABCA4_8c62035257ae019f	8c62035257ae019f9933371fae14d70ab301e3be673d89d71a7b3adf382ce4b1	False	
ABCA4_8ca6759468c4ba1c	8ca6759468c4ba1cc23b8cddcf8c8702a8bf34be3c8495c478299166b3903526	False	
ABCA4_8cad9e90c1d50c1e	8cad9e90c1d50c1e02aea4488e3b335dc70855859f19147020b1ab82759f3115	False	
ABCA4_8ccd315575714e26	8ccd315575714e263aacde9a99ff9823d7280a8dcdb2eaff1c3d4cdc0897db47	False	
ABCA4_8d430e7f1420938b	8d430e7f1420938b44d3b55d24ec5567b4ed582c636bb1c5a4588fb8e1d790f2	False	
ABCA4_8d607392d36c2a52	8d607392d36c2a524bcb929ce5b929fc3db74d2e847287d4a538d917cb77e14f	False	
ABCA4_8d6b79e8b1246a85	8d6b79e8b1246a85f0c8ee706a5117b5a3a8aa45f704fa480620cc644e397aff	False	
ABCA4_8d8188ce6bc980e2	8d8188ce6bc980e2e3c0fb29744d22c580424d832a32b6cd7431c35a75dd3deb	False	
ABCA4_8d839032ce9dfc5d	8d839032ce9dfc5df1f42342ebc6fcce3f4ed9dfbe0d6207f0470c50d9a200b8	False	
ABCA4_8d893f2aaab01799	8d893f2aaab01799bd29f4939a8a5b362f19bc5df43887d55abe02fcab7a574e	False	
ABCA4_8d8a2028433df2f6	8d8a2028433df2f6ff1be3af2d0ecbfd94f492679ede093a59b3c09f431ff0bb	False	
ABCA4_8dcdf9fac200aaa4	8dcdf9fac200aaa48ebb3a412f1c5f6850b2a256f5a17d389cb111771d5856c1	False	
ABCA4_8dd026b1c2dc9498	8dd026b1c2dc94985536d845ad1a2e08bc1eacf5be2d2393e474fdf42b74f7ef	False	
ABCA4_8e335001defc7063	8e335001defc706361a351f2a8c4da7556cfb063768a13efeab4c7e430fab4e2	False	
ABCA4_8e7739b6f4b132d4	8e7739b6f4b132d4dbc00e6285f35d03ce06c269240d90fe66c66b4774e5d9ec	False	
ABCA4_8ea791024a7f11c9	8ea791024a7f11c98a4f2b43f60d0c12d731a2eb3a729d05ece0deedc1ddffaa	False	
ABCA4_8ebc8513a27b96e5	8ebc8513a27b96e574843c03a8be1714dfaf61459d540da7a3ee6a377da9891d	False	
ABCA4_8efe2aae5f9babd7	8efe2aae5f9babd76b42ec875e33c37a7c4ac8e3d105692700b171ece8daa6a7	False	
ABCA4_8f1678bd4a1ebe16	8f1678bd4a1ebe16a9feb0c1953e8df28db14d830306f1a06c880ca433be7b17	False	
ABCA4_8f31f1614a50147b	8f31f1614a50147b9061d95437ed08b779240f68e554088de5dbb8de24205ef2	False	
ABCA4_8f3d22d6a84e2a71	8f3d22d6a84e2a71f60102d663968ee494e578fbed4d0dbcd5511efd18153e95	False	
ABCA4_8f3e3c787480b245	8f3e3c787480b24519d99d78b2efc1eb0c923fd1c64f14b64c66e0e2b20f3dd0	False	
ABCA4_8f4b32196ce54419	8f4b32196ce544196618ea20a9a3e162e65ef4efde499ba5e873cd0ddbda8067	False	
ABCA4_8f5b9b2cc487660c	8f5b9b2cc487660c53ff39aee5b7e7e2cd21d1d3c2c88533198eb86066cbfa0d	False	
ABCA4_8fa345043cec6f2c	8fa345043cec6f2ca95c2acddf7d7d30938c7522b8e569e04fa50b696a38fc4a	False	
ABCA4_8fa4db7e58eed89b	8fa4db7e58eed89b7a222e3cf5aeda14dd19f23dac6ad971491e7b4e76226a4f	False	
ABCA4_8ff4190c18379ba3	8ff4190c18379ba30ae9d1d3937e6a109fdac39a9d69185147172eb64e13a9a3	False	
ABCA4_9000cdde5c7c0d3c	9000cdde5c7c0d3c075a17dd7db29b3a09fa1aea77d1e40ab7dc17257acc7aac	False	
ABCA4_900ccdb9f260e9ca	900ccdb9f260e9ca0b077ef8cc219c1d61d48f14217ba81667a9fbc8daef21fe	False	
ABCA4_90347e5eda769c09	90347e5eda769c09fd7e63a21841ffc4a0999ff76aad53eb124f8c4fd8f5838f	False	
ABCA4_905246b3ddb3b311	905246b3ddb3b3116d94a5f275a52f2a9dcdbf3f2ab7edfde8d5458533af13ab	False	
ABCA4_90c349cd25113997	90c349cd25113997685b92dc5d9b669a799a037e2f7d3dba405311395adfce10	False	
ABCA4_90e9f7ea909c401b	90e9f7ea909c401b6a7603e23fde538009099573ea8596e365554aef7fcb458e	False	
ABCA4_910ca60569b84325	910ca60569b843253cbe85ad39520d77fc4d72bfe11bf8e5acb127d2a1a3de21	False	
ABCA4_9130ed287fa4e7e9	9130ed287fa4e7e996c514aef619dc4359b8c4308e02dad2f15bd17e78edb77d	False	
ABCA4_91a5118a5d40e4ce	91a5118a5d40e4ce4ebbd0ca281e3f1c9317cf67e4451f013e9d3f381813a99d	False	
ABCA4_91c420b0f234b56f	91c420b0f234b56fd70c018902585d93b20bb3e137849e50c38ec8e07c56c9ae	False	
ABCA4_92398d5bbb01ea27	92398d5bbb01ea27ae9af5de5c53106cdd0abce9eec14e5c83b050f26628ae5d	False	
ABCA4_925583df599917ff	925583df599917fff3f8276cdb3b022f7f1a458e7b9f199bbac6079381c0e4f4	False	
ABCA4_9256834a287e1fa3	9256834a287e1fa36dcbc4971e7611751d0f8ef18aa19b07a32e7f894edaa38f	False	
ABCA4_92654c559fd07eeb	92654c559fd07eebfec330e5a3f43c1366e0051ed3ccd6c3b1c937a50a279227	False	
ABCA4_928d76de614cda92	928d76de614cda92e5caa458f9ba1646470a0f74a6e14b173f04dee31210624f	False	
ABCA4_928e5c2fc02bc108	928e5c2fc02bc108ed1ab5273ed7b5646a12ca4ce038dacfc018443213bffb58	False	
ABCA4_929519a207fbac4a	929519a207fbac4ad8e0066d2a6391b3acab77da8e5cdf5cb5d4ccc2916ccd57	False	
ABCA4_92b29cd67c99c475	92b29cd67c99c475a52e72f32a4d8bcb7fa3d40b48c1f0882014458f1c101e42	False	
ABCA4_92bcd0ad1f7f3834	92bcd0ad1f7f3834888db9da6d60d4801c73f5e621389ac106b56bcf15600b82	False	
ABCA4_92c340a5f516070c	92c340a5f516070c18c2da11fa6cf928a2fa48a12002ffd3558c4d2c9a0187ba	False	
ABCA4_92e464445eca05ca	92e464445eca05ca416f78bfee1a9f27b8aeb23fa0e9ab36f726827293c6e1bf	False	
ABCA4_9348db11a2b63f61	9348db11a2b63f61665a635acf3dee129cb007b56d06bbf0ac8825b0b7dd1dbf	False	
ABCA4_937d3aaad36295db	937d3aaad36295db48dd29d118b52682b820663b48e3bb2e0dd7b343e87995aa	False	
ABCA4_93abc0bb2870f2c0	93abc0bb2870f2c0bd890f35c3a83e86ba1ac12ed3a600b57a81f67e11150e03	False	
ABCA4_93c1c291d3ec2670	93c1c291d3ec2670220a8cd7c6a6373718703ed974d4ba6e901a4afc84d0d4a7	False	
ABCA4_93d66fdfde436286	93d66fdfde436286b0ec93729f881a00527e9846fcca0c8006f794b8ea37e771	False	
ABCA4_93dfcb71c36e34c6	93dfcb71c36e34c6ef2f8089dae7479296c63d2af7b0b1b1d0766457323c582f	False	
ABCA4_93f4a7074ad99a1f	93f4a7074ad99a1fe6636601965cf3898ff0f47266d9adfb85aa7fc8ae63a174	False	
ABCA4_94652adf82c7bb0d	94652adf82c7bb0d9d1152337f18950910f00c682bd212a9782826c639c79a74	False	
ABCA4_947707adaf7e3a0d	947707adaf7e3a0dc7ba25a8a728f0c883f527325a7480695e657f90f788e62e	False	
ABCA4_948f29cc2242a57f	948f29cc2242a57faa216c9828afe4bc572bd0ef23c018f2cf75a816b2a0b541	False	
ABCA4_94b4aaabe1c4b007	94b4aaabe1c4b007bcdcea675c8b7147dcc1290bd09c7bea9f302391e9aa4c29	False	
ABCA4_94b7c3c84622aa5f	94b7c3c84622aa5f76a9e3e9be8ff53e6e09daabc0c65193f519f45196e950ec	False	
ABCA4_94f13c3d798e1d33	94f13c3d798e1d332a32ff8f0b44232f54ae8fd60907d8e9e6bdb0bffa7af75a	False	
ABCA4_94f7009fd5e445b5	94f7009fd5e445b58263b485f5c75bca6109c99c5de67de5a9447c4594f6ea63	False	
ABCA4_94f83075b5c5e579	94f83075b5c5e5791b85625621ac8d8197a0b85f408fec51f42493e88617050f	False	
ABCA4_950f3b40f56de8ac	950f3b40f56de8acf7da1e983c8d7d1f8056ea2309436b08265f4a233c688b52	False	
ABCA4_95345418a7790ec3	95345418a7790ec311e71b017035b0d8d03a4271c682b53e8e58f507b41a28ca	False	
ABCA4_9547b9c68e2472f3	9547b9c68e2472f3711c92ac0af6d98400f5d7d7bf111dda696dc00930fa62bc	False	
ABCA4_9563401f16dc99bf	9563401f16dc99bf8605659d773534aed2b88c0cf5ebca7a0cdf956793a29ea0	False	
ABCA4_95a9db52ecf26c43	95a9db52ecf26c43151da78c11e6f0df8b0e241dfd3e80f1ed6e172b81f6d489	False	
ABCA4_95fa25c1f748aaf5	95fa25c1f748aaf53e5f60b3cf4ba3cb28d16b205992ce04ea98660720866a9a	False	
ABCA4_9620ecaaaea8ee4e	9620ecaaaea8ee4ec647fa0586f420b299d209abd0d39b889391f908795a8d9e	False	
ABCA4_9629ce605e609cbe	9629ce605e609cbe0f77ee84597f4da7feefed68597f15e993883e1e45632405	False	
ABCA4_964369af5a1de8d8	964369af5a1de8d8d9d2a06181c08d1cd8c261c2f5d66285a18ae78bcad3b8c4	False	
ABCA4_965d0c7f1379e0d8	965d0c7f1379e0d893585114d7e28cacc9e7d9ba180e1b5c410b892f129c5304	False	
ABCA4_9662ffab5a4ab2b3	9662ffab5a4ab2b374f2427be096dbc8197cf2dec75c48a999ab794d7e050d25	False	
ABCA4_967ceefc2dbd83d8	967ceefc2dbd83d8362cff5df998e08489154e381f55e06bf9b847715cdb009b	False	
ABCA4_967e09c6ad08d40d	967e09c6ad08d40d2b53dd97686390b0e5505e4b15eb2660f2e11c2de5b7fa51	False	
ABCA4_96931cf5d405cab3	96931cf5d405cab32728edc41e36461e710e9e74c6a2cab4a016e9031a96aa7b	False	
ABCA4_969b6eb85471f58c	969b6eb85471f58c17b35a6589c4f58887d988cd9e481b724360fb2ca098e3f0	False	
ABCA4_969bb17c274cfdf7	969bb17c274cfdf7e60b97472bccc6eef89fc3146b33fd77e638fc32cce8c218	False	
ABCA4_969cbef1a17c95f7	969cbef1a17c95f7ca2076f63b00e866a1ab4372f244d2e029b46c7ed5bac8f3	False	
ABCA4_96e8832b79af6722	96e8832b79af67228a7d947e224d90e5731668c6de4dddc5c76d6ad61dc99dfb	False	
ABCA4_96f47be0354a296f	96f47be0354a296fbf81fd76b95aae6d5b69a0d00062debcffe22825d7c9b2cc	False	
ABCA4_97029888a900f6da	97029888a900f6da8952bda14871c63e139a980c37633c2c807c0461fdf73728	False	
ABCA4_971200b467160c4b	971200b467160c4b5741e6409d0fee72d0d2120ed28a851aacd895352965731e	False	
ABCA4_971471fd1d2ed488	971471fd1d2ed48858221a6d83a467b8a8146500875adfdeaf4f3181dd66e886	False	
ABCA4_97287f5327f5555b	97287f5327f5555b8f4ddb1e998057ee162677df8f7421b4e36a85370209c7e7	False	
ABCA4_972b0fc08a2275a6	972b0fc08a2275a612204665a70d69631eb63986c0dd90dbcee816e86422caa2	False	
ABCA4_973d4bf40722e4bd	973d4bf40722e4bdb1c4a088fbc38ef0c9e091812239d8923d48b871cb7de6f1	False	
ABCA4_975ef55e517168e8	975ef55e517168e84a8116c983492f52c06a7656a26a177a1ba9c663dd6de5c1	False	
ABCA4_976ee07a635bb341	976ee07a635bb341ae86cbbbc50445fa10d3abe6ea5df74085853adcc3b1f34f	False	
ABCA4_977bf8796867c5e7	977bf8796867c5e7a1055476a8777537a215447f7b845bc09347189136568ca1	False	
ABCA4_97a0d217f1d265f8	97a0d217f1d265f8dd9ba74664e9c09823a512d9657bfcad8d3b8c6b15a79cbd	False	
ABCA4_97d968f486040572	97d968f48604057211a5c6d99746cda8e3467b7b4230e11035270e6d2fe69ea4	False	
ABCA4_9891dda8e0006a10	9891dda8e0006a10a15bc8c3129931844fc6f00009c098a32b41b354934fec25	False	
ABCA4_98a0208835edffe3	98a0208835edffe36d7325c1190b8fbcc2fccc03fbdb46d6fea37d0fe590115a	False	
ABCA4_98bc4bdde253620d	98bc4bdde253620d039350a663bdbeac457c8e3808cb56c70815cfe44568f2d4	False	
ABCA4_98c2143cbf4ba8ce	98c2143cbf4ba8cec10d6845cde8e8a78e878ca6adef0a5d77248c262d5be1c7	False	
ABCA4_98c4df576ea1946e	98c4df576ea1946e9d8fc66b242555a575c132b34d48c38c2d57872b3986c764	False	
ABCA4_98f97e6873498b32	98f97e6873498b329c69d7231b8007a8111fdc7837100580da116b6b19418871	False	
ABCA4_9903288481a18261	9903288481a1826129ccefe25cfa7f59fc875a4b0bf23c7a07e2719556df6285	False	
ABCA4_9961688026f4ce00	9961688026f4ce0088fc03dca5f35fa5fdf8f333f1c31c619bee5925fce6bdba	False	
ABCA4_9962f7929df34a41	9962f7929df34a41d06b4bd6437daaadd9b08e0eb1b79ea143352cde8248f9fb	False	
ABCA4_99797f84a8572c1c	99797f84a8572c1caf9be4ff34a91adcd18b1bda3e1ca4152673d2b5b00fc4c4	False	
ABCA4_9a14dc66fab598eb	9a14dc66fab598eb0fc2d421d600083e48649e9f7859ff8e17d2baa02eecd541	False	
ABCA4_9a50e0d23f4db514	9a50e0d23f4db5149e2a3e0e9d117ecde646d350f4defdc7b07a5a0ed6005118	False	
ABCA4_9a6c1fb7a12e9781	9a6c1fb7a12e9781e9695246762fa12afca2fe35c6ea298ea5e959242aebd2c7	False	
ABCA4_9a6fe7090ea948e4	9a6fe7090ea948e4159df95ca96bebb4ec7ff2e309fdd6a1ab972699a3ed2d6a	False	
ABCA4_9a7225405e2f1a8e	9a7225405e2f1a8e4018d30c6803877e39da15ceffc6ac9032c600a529700a46	False	
ABCA4_9a9052a4421fa0de	9a9052a4421fa0de193df7433b3fe8adf0eabb6323090e86887ac869c7bafbf6	False	
ABCA4_9a968a77e3c3995a	9a968a77e3c3995a7f22894aa4b3e4f81f8815c1485f866ca27a3473074b201f	False	
ABCA4_9ace86c31f8e3b6f	9ace86c31f8e3b6fc3763bd36ffee7edaf1f1da1c2289e4a0b181e7104b92a86	False	
ABCA4_9acf908e8f013d75	9acf908e8f013d75307c2c73a645e2b4f8269cc310bc9c32fc06fba129500e51	False	
ABCA4_9ad40e4a12bde601	9ad40e4a12bde601e5f4a0e1cecbe9593fd4ad3dfb76515022fea9f5a64b6d1d	False	
ABCA4_9ad50823f4e8074a	9ad50823f4e8074aeddc6b99a61b369b05bba3b718456d4781b8bbe3e2255b9c	False	
ABCA4_9af98e1a4cfddfe7	9af98e1a4cfddfe77b345a5b0524ca3e5b9e9b493407fef666bb096e2db96711	False	
ABCA4_9afd18dd009de960	9afd18dd009de9600d3ece07f9c99df5af130ec57a3f8cabdc36a4c039ae1fca	False	
ABCA4_9b5c3adbcff5fabe	9b5c3adbcff5fabe6037fb25da4f66bf076e30b11a830ba73240ecd8337be784	False	
ABCA4_9b6979f254838261	9b6979f254838261e20ac8f338c8cfafa42631e4d44f1aa95e2e1a1be2ad07a5	False	
ABCA4_9b8d47c8a5271fc8	9b8d47c8a5271fc86dee706e905dc8744300e7b4f400ca433833f5a11e9e1445	False	
ABCA4_9bcdfe510afc6c57	9bcdfe510afc6c570ae5bd463dbabe73630166830dc83108f4dac7e674c383d4	False	
ABCA4_9bd6d654bad4c503	9bd6d654bad4c503e76427121def887154781020650094d72697712bf5ee9a30	False	
ABCA4_9be0bfee1cab04f5	9be0bfee1cab04f5c4e4043ac25936f7853fbeb3e327249fc7d4da4aa1d4909c	False	
ABCA4_9be79f7a3554c815	9be79f7a3554c81550d0c7b0b990142e38c8941c31baf33aebc1a96feb97beed	False	
ABCA4_9c12abe389ac4762	9c12abe389ac47628e67c35b54290ef1f5f5dfb529280f5ecc49422a40a764db	False	
ABCA4_9c750b39bcfb0a92	9c750b39bcfb0a92a195644810a898d40c39ae4e3c97d6c42f119185341929a0	False	
ABCA4_9c89bad291ee4438	9c89bad291ee443855a9e15820f7f9ee605a04fc2aef70da2ac03e88df9fc1c1	False	
ABCA4_9cc062bb54ae643d	9cc062bb54ae643d86f43c4170a29d22ce6a086dce0a7cc5fb02e32cb17e3601	False	
ABCA4_9ce46ebedbaf86dd	9ce46ebedbaf86dd0237b25860d273abc8b71e12870709ed6e43cef24b79cf8c	False	
ABCA4_9cf33ae17ace54f0	9cf33ae17ace54f087ee4960cf45e721ca79e85e261d053c4805f7b4595b6a4e	False	
ABCA4_9d226f9b8f4cf0c8	9d226f9b8f4cf0c85f1f1ea3a9a04c22ae185cfea468bee1c1a38fa01edb7dd6	False	
ABCA4_9d2aa548a05c751f	9d2aa548a05c751f759dc5951e701a8d33c6fe798106f80693751202cc59fe57	False	
ABCA4_9d4589f2b67351fd	9d4589f2b67351fdd591a962a3435f6effaf0dcb4d6aecc68e0c47b90cd98f6f	False	
ABCA4_9d6216d5d4d6283a	9d6216d5d4d6283a5f089fc19cd9983c2979c030d5f292015c752d491a0b92d8	False	
ABCA4_9d6e804e0b397dfd	9d6e804e0b397dfdd48ff2cf699a903f14c4f2113142d69c899c30d634bfe809	False	
ABCA4_9da02b61a0d18b98	9da02b61a0d18b98d3585118cc5dda0fc88b80dcf0719ad8c5d28be19c3db081	False	
ABCA4_9daa8cd54779e145	9daa8cd54779e145d7e943a51feac75b0779ab57c8f45c4bfc0b9481fce47d49	False	
ABCA4_9dabf517e4f3d582	9dabf517e4f3d5826ea11644b33d692c53acfff25c3b7bb04828e290d0af8890	False	
ABCA4_9ddd141c51588cce	9ddd141c51588cce780a61d01318e0e48ee7850d16d7e5db7b19b2800b7c16ee	False	
ABCA4_9e196ed6f290b0cd	9e196ed6f290b0cd4f7433554091c5d404fdfd45ccaa47115223b8931e0e0b06	False	
ABCA4_9e4df49ac41aac66	9e4df49ac41aac667a6b2b2a06111f30a80fec198897e0a7301e041a2731e3c7	False	
ABCA4_9e64c5fa768a2403	9e64c5fa768a2403304f5ea6d9ec7ffa2df3fad404e130235947652be7bf664f	False	
ABCA4_9e64c839da424ca9	9e64c839da424ca90a4bec67dea029358e2ddef78c5321cb9c2a65df627782ee	False	
ABCA4_9e9b8de3706c76ce	9e9b8de3706c76ce0504a505fd3ae2b9885318fea6df41b30cee54fc39025463	False	
ABCA4_9eb5496bd8df2c8e	9eb5496bd8df2c8ea5a572ca60f46d3431bc04edb6a78f6d6aa1b85113d12ad7	False	
ABCA4_9ec2a966379f42bd	9ec2a966379f42bd07d8c09f7dc00754f16b44bd6ab992f769baad733ca01133	False	
ABCA4_9edec8f9e834a67d	9edec8f9e834a67dd6e3ed6332c37ade28883f1ca2f431aaa13c018aeb76fb4b	False	
ABCA4_9f39ccb764b7a120	9f39ccb764b7a120d933857acf145242e191c7856bb74a5e3586e6c1d9d5cd42	False	
ABCA4_9f599b5978d71999	9f599b5978d7199918cfe92b5d9c0352c5978d1762b909727228f4afeda41662	False	
ABCA4_9f5b6a5c5288eade	9f5b6a5c5288eade965bbb1305e56191a711765d234fa02c3cdfafba4d65aaf2	False	
ABCA4_9f654a03c148481b	9f654a03c148481b41994aa05df8459261aaad1054d21337149951a6c6a4165b	False	
ABCA4_9f6af7609f5446ca	9f6af7609f5446ca2f1a132a3ad53028ee9a4cdd1130bf4fd8d6b25cf7d13f00	False	
ABCA4_9fde974b451cba14	9fde974b451cba144be8bf51ee96c202103423c0faefe9b9267cbd2f3b1a3fed	False	
ABCA4_9ffa38e65b6433fe	9ffa38e65b6433fe038dbaa72715ee21b9c82a848cdf7936b803ebe3bb3d68e8	False	
ABCA4_a01664a943f364ad	a01664a943f364ada2c94a3922260c087c6f54c2016e685a43c55f0e0d1f705a	False	
ABCA4_a0362f455fef7564	a0362f455fef7564a23a12d7cc605e9049daf8e5514c23adb80311e38195c5ff	False	
ABCA4_a06612695422c16a	a06612695422c16a24a1bfddc684e2d627403a42b9b4e4b29f6c1becf56a06c4	False	
ABCA4_a07fe8f5392ea66f	a07fe8f5392ea66f0f81230f3efdde28b53365d2dd9687999a4db0f5a4cb0142	False	
ABCA4_a0826fb40acf07e5	a0826fb40acf07e5283da59a68058e13112bd0966d1a26198a493cac80dc43cb	False	
ABCA4_a08924b9ae7a8922	a08924b9ae7a8922823e439f8486b96b1c630e143ab9a00e99d8342d85d39fdb	False	
ABCA4_a08dc17125640f9b	a08dc17125640f9b7b1e90cc1859512288b56035321f630308bbfedaaad7c633	False	
ABCA4_a08ee18f3c4765cb	a08ee18f3c4765cb3cea7e54ba7eab3a92b57ebf85d278b59cf6f64777a99408	False	
ABCA4_a17f0992a1857338	a17f0992a18573381daf22fa5a8171f8e3d5385816e79a670c78b0cb8959cb6b	False	
ABCA4_a185a68bea3581c5	a185a68bea3581c584744145a670211f33b339e26123354fa1689be000c97314	False	
ABCA4_a1a580ba9ee72b5b	a1a580ba9ee72b5b90b30d1d748741552761e78dc1bb95bc001d7342cfb87348	False	
ABCA4_a1a6c6b77b01f696	a1a6c6b77b01f6969f8cb554d72fb419fd05fbbfb6243f6860f6f8900775dbbb	False	
ABCA4_a220d13ae4748c0c	a220d13ae4748c0cac7df97f8e676a0b095b9d53b08ce0fd989a7867c9848a6a	False	
ABCA4_a264b43569d85a38	a264b43569d85a380ad0991d484a82ee8302363eed08275aae2f87d3a3ae8124	False	
ABCA4_a26e5e26abb9c15d	a26e5e26abb9c15d211d1ecde66a21079696210ee304f93c2aa885c41e00304c	False	
ABCA4_a26f4c89df4faab8	a26f4c89df4faab873f6e56dff93f649007e5b36f5a133b575f255bca2e1deaa	False	
ABCA4_a2b982d55a7abc69	a2b982d55a7abc6974bb5d79d93d11c55c2ee05e07f5e229e666a7cc8f96fa37	False	
ABCA4_a30217206d600ece	a30217206d600eceb0870bf23829bafa5bacf389ef31518090d2473dc79774cd	False	
ABCA4_a3453c0473252673	a3453c0473252673ae686fe15193ae58e869450c116dd551ebf12437dcb03b85	False	
ABCA4_a354f311f0a6cf1c	a354f311f0a6cf1ca375fa7cb351f313552cf0dbe6d28e9cbdffd31e38d48858	False	
ABCA4_a36ba9e59c9f1bec	a36ba9e59c9f1bec1ce1884a3a0dc7428f869eec2558ef4f2ce4a36db2edb1c7	False	
ABCA4_a39dae485e28bdfb	a39dae485e28bdfb22dc8ce63ba22042c4f77db2b9b9e338e40c3d223b607980	False	
ABCA4_a3be591a6aec4f6f	a3be591a6aec4f6fd8af6d337f581f98cb6dd81d6dd65fc8e66762233824a60f	False	
ABCA4_a3c53fd645fbe50c	a3c53fd645fbe50cbc6d1dd4c728778f3763305e9bc0a5cf057fdb22de0f8933	False	
ABCA4_a3ceedfde20c833d	a3ceedfde20c833dd19543592c15fa57d9f3dd6e465ef51ef44d4a7622fc1a72	False	
ABCA4_a4117b4b2f6ff8e0	a4117b4b2f6ff8e0705bd4ea8f45901366fd0bff032f5afe46705e09a856d1e6	False	
ABCA4_a43cabc59a1f9630	a43cabc59a1f9630610d73b7e099b1de309b5569086d8b6db11c6cb90e890819	False	
ABCA4_a4400739c33bddce	a4400739c33bddcebdb4a59f58ef28026407617619d2d002148c1a9573d5adbe	False	
ABCA4_a47c9905c7ec4938	a47c9905c7ec49385feb48a2e36680cc9bc2babe2674b47beb01403b2f92f926	False	
ABCA4_a487e502aa516fe2	a487e502aa516fe2c772c08b334b255b5b279ee570d89075fc4d00fa6edd7da5	False	
ABCA4_a48ae0a50224d8a5	a48ae0a50224d8a542c1fc862bf8a057906d780e07ba91b4ebb18acc387dcd11	False	
ABCA4_a4d4d114daa15221	a4d4d114daa152216cffe0e88d9a9cabe6855e48701575477c45612bacff3e0c	False	
ABCA4_a4eb86df72896031	a4eb86df72896031fc22508de46095c6ec943dfa4f1962b3b6e17c74cd2d65b9	False	
ABCA4_a4f806bee820d61d	a4f806bee820d61dbfeaa3276806f75b96845e0d4b6dc92613b60ea3f08f5151	False	
ABCA4_a4fc6daa082000e3	a4fc6daa082000e316c1266610289a3715a9264f81cd97a7386bf32f9d36383c	False	
ABCA4_a500f5e12d2b43f8	a500f5e12d2b43f82f65c476b7b17be8ef909cda420e1845c89b545b494b1177	False	
ABCA4_a5306236166f9f34	a5306236166f9f34082f391a2c4f0bcb064a72e06d316deedafbaa1e39a4feb7	False	
ABCA4_a535886f3b8295bc	a535886f3b8295bc9f60318c8a25a13020c2521127fe26e7e492e0f01b53ce43	False	
ABCA4_a5448cb0bf8fd2df	a5448cb0bf8fd2dfc72049185fc7ecdceabf54ce3f779f4712fe176caf581aee	False	
ABCA4_a55ae46ea51dd132	a55ae46ea51dd132f479f24dddd22a41ebf39d937255c1cfca0cffde6c224a5b	False	
ABCA4_a59781e2f2cf6c1e	a59781e2f2cf6c1ee2c1c535db51df2480ab4d6ee3ff3e2e39a76a8ad46bf329	False	
ABCA4_a59d5149590893ae	a59d5149590893ae47a08944c582d45e44409cf3e642db954d2af6079528d746	False	
ABCA4_a59f1371ab9cf9ce	a59f1371ab9cf9ceea7e5cb93c1b19db49485286fe01878b5c45be17823f790f	False	
ABCA4_a5ab7230129a6fa9	a5ab7230129a6fa94d0a20ed3a8aa0f00dd6b17cbc698833cb4b988b9c528bd9	False	
ABCA4_a5ab959bf25878aa	a5ab959bf25878aae6c5deb0159a479a9c87519ac9f9182ac0f8294772cabcc4	False	
ABCA4_a5bfa76315cb9b54	a5bfa76315cb9b5474a5f3bde12ad2ff2b5f1858f7d212a7afb623c9ea1aec1d	False	
ABCA4_a5fcc6c625701f9d	a5fcc6c625701f9d8605f1a7407978284c3420702ad50a555a78b9fc2e4a8330	False	
ABCA4_a5fec7390de0bb73	a5fec7390de0bb731913a19eaf8a0531b4e33e821ea38034994d2ddf87e891ea	False	
ABCA4_a652453af91ec241	a652453af91ec241f3758ef67504817e8d7dc136589b0e80bc11af5d634ec1ec	False	
ABCA4_a699ca3000f28025	a699ca3000f280252e3196cea20628a4d6d3154a529215cac14f654dfed5ebe7	False	
ABCA4_a6a2020604d92f04	a6a2020604d92f04a9c728ba7c49c28c711f4b0638faae9d2f318f70c8a1a94b	False	
ABCA4_a70ba9ea7a0425a2	a70ba9ea7a0425a26abe39f4d3941654319777cd488a8ec1f410be21b2a6c861	False	
ABCA4_a72365eb794bf178	a72365eb794bf17874d4db71f662f2166589304685266b5c8b4a650a9c605e63	False	
ABCA4_a7895bb6e09ad26a	a7895bb6e09ad26a798d72df209731146057cd088797f243877eaabcb9bf579b	False	
ABCA4_a78a3db4016ab062	a78a3db4016ab062baccae1368bfd47268c03baf6f49a1ae2d05d86cec2805c7	False	
ABCA4_a78c79a1dd694067	a78c79a1dd694067e592b7a5b0731e8eff59083ed4b6f9337cec0ad75bb20cad	False	
ABCA4_a79b4fea2ea3920e	a79b4fea2ea3920e873c1ef0247fc6c4b0cd790e3804894422f2158ccd5bd058	False	
ABCA4_a7a7f17f95c9efab	a7a7f17f95c9efab07ff4bb7ebb4e900fb9b03658dea247c719e08bc203987c8	False	
ABCA4_a7a8430826daa8b6	a7a8430826daa8b6a8c6b32d7b07f100133aa9b06d7eb97503b39336118ad437	False	
ABCA4_a7f2ac9b67e305d8	a7f2ac9b67e305d8f38445ef92d7d718f57afbdbbf6fbff0f910562b51787645	False	
ABCA4_a80ec57aa5a8134f	a80ec57aa5a8134f7b6c1d54531a31bd1e26afe2a297d5d7dae891aa8c98dc0b	False	
ABCA4_a8219b47f0150a56	a8219b47f0150a56b202e5880e18fd7ab0500f46965c6d90a6860bf66599e1b8	False	
ABCA4_a86e9d30700c5d80	a86e9d30700c5d8052f53b8b3297a2a947cc8c2783c77360f66aa1f108918cc3	False	
ABCA4_a888fd187ab56702	a888fd187ab56702e889f7b30fc6139524c16e1a5c3cf2139b8c0ecf717f4bd5	False	
ABCA4_a88fdcee88016269	a88fdcee88016269345f913ca0b87de954d22b7b57f6c06e4164f1c2f6c997b6	False	
ABCA4_a8ed525f8249db24	a8ed525f8249db24fa8dd6845d2f17a1b57020eeee9f4f637884396c1eaedeb4	False	
ABCA4_a95bc8b3d5669b17	a95bc8b3d5669b17b70f0faa7bc64ae676a36f86771912606df21adf8b6aa569	False	
ABCA4_a95eb7c6fa776c70	a95eb7c6fa776c70cda67bbc3864ec1859ce4b03c0863e43d2de781739f7efde	False	
ABCA4_a95ff4263e47c1cf	a95ff4263e47c1cfbd149df087908b1b82a4b677f6b6a46b5764d57260af6537	False	
ABCA4_a98cb500c1fac556	a98cb500c1fac55672792cd4e09011ad17cc63b46f85d88e135aa5d402eb3552	False	
ABCA4_a9a79bb1f8dc3258	a9a79bb1f8dc3258358d0a1ee29435c1d536a675ba29125a6499a7ec90996e38	False	
ABCA4_a9b9477676f18f7d	a9b9477676f18f7d4437cfc22c68517ce56d454616a339b9ed63ce18a47cb6f7	False	
ABCA4_a9fd5e278729299b	a9fd5e278729299b5b0b3f46c450ef23375c213be3c9c694dcd3c1348364462a	False	
ABCA4_aa09a9663a5b29b1	aa09a9663a5b29b13e050bb2c0271ac84499abe42471f24713c4840f9f186fcb	False	
ABCA4_aa21f1c8ca3c784c	aa21f1c8ca3c784cbd08223c23022f298e0970546c3577e36171c90ed31df2bb	False	
ABCA4_aa2403e507e7473d	aa2403e507e7473d31e21e025c0bd6ad7de893c78ec9d770c1f9968490df444f	False	
ABCA4_aa28b81faf9b987e	aa28b81faf9b987e12f144b50b9fa150105ac7d532347a6373c1f434f7c3471c	False	
ABCA4_aa7947ddfc1d47ed	aa7947ddfc1d47ed5be35c39bcf8a313ca6a830cd0e62ed08e3361dbc225aa63	False	
ABCA4_aa86ab6bfe3a57ee	aa86ab6bfe3a57eef8dc9fde16889358759d2c4a707ee4d6704eab946ac32064	False	
ABCA4_aa8b97d81c5985ec	aa8b97d81c5985ecf898088cb9fcb25f9c9174be759cbfae445ccf4f042ab120	False	
ABCA4_aada4a1fbf0283a5	aada4a1fbf0283a5490ab5e468fb9fbb0a493447795215369bf77fa0e853f1e2	False	
ABCA4_ab65d3aa558a924f	ab65d3aa558a924f8d52f73cd28d9d8dcf606d2d894f9f1e06c2699953675d5b	False	
ABCA4_ab8fb972d95b587b	ab8fb972d95b587bfdede8203920a470eb0fa32a81cc342f4469a1d973cb6b09	False	
ABCA4_abbec84c07d9a53a	abbec84c07d9a53a0ed1705a2667e9503fd9af1511c9a1e81e892e2001e4304d	False	
ABCA4_abc198161b2e8dd1	abc198161b2e8dd1c750825879288824a257b405a4cb330d89b5651e45407c9e	False	
ABCA4_abeef242a2f458a6	abeef242a2f458a613d18a0a3545c9d85f84cedeb5fe33205fbbb4280058b4f6	False	
ABCA4_ac1580e3777a3bca	ac1580e3777a3bcabd031ab0b16a612d51828d2102b0f10dd20e3dd90a4d5d77	False	
ABCA4_ac35c48ebe79d3d7	ac35c48ebe79d3d7579e37320fe1183912d23216903bf209e050d6a1b8ecbf20	False	
ABCA4_ac544b7416b43919	ac544b7416b43919a33a11f2e21964d462bd785264d830b2ba1f2667314717c6	False	
ABCA4_ac78d180f606991f	ac78d180f606991f611f08d6b962d94121ea595c7525b59812789af98b575a91	False	
ABCA4_aca74d21da900f91	aca74d21da900f912d2e42a271babf964b2728c0d51314d54a4c70691125cecc	False	
ABCA4_acb5b0e9cd23a3a6	acb5b0e9cd23a3a6cab2e2563c21fabc13497c91db35747ded4a4ae9d1a6f134	False	
ABCA4_accc45c7487fdb2c	accc45c7487fdb2c52f12154ce54ff04cd222cc9139c9ab72019c12685a2b7b9	False	
ABCA4_ad2e36683a04f37d	ad2e36683a04f37d388eb29c1dc57bcf0c06bb462e9220e4a1abc6ff3e81d5d9	False	
ABCA4_ad3a9bdc05bae203	ad3a9bdc05bae203b2288fc824d69e4e429a2deb45fc08bd64558eb1b2d6e899	False	
ABCA4_ad635ecc8dc19c86	ad635ecc8dc19c86703d7d264b7564b043e140261648c582dd7bd391c755e31d	False	
ABCA4_ad6c74ddabac1824	ad6c74ddabac182469dd92e8e7ce802d2278b5879647c96d1c955a28b554109e	False	
ABCA4_ad72b9222b523446	ad72b9222b5234463515f030fd0315c9566af1f002b8eb15a4e6b108be83b8de	False	
ABCA4_adad36e34dcabc4f	adad36e34dcabc4f376496feb56d7f32df07e0348bfa300881c2806f288e763f	False	
ABCA4_add2fa7081369c50	add2fa7081369c50b54196340a5aeae2a3290e2b9f3e5b1da7c0c708260f85ba	False	
ABCA4_adda001543516634	adda001543516634c83d2e7da8e00cc028f082870c4cb0e33d98ace20d8a723d	False	
ABCA4_ae2058f1df70f182	ae2058f1df70f18299881a2fe153a4a6c22a4f3888836e5406b61581f68f0668	False	
ABCA4_ae30d2eb7a8aeac0	ae30d2eb7a8aeac00e0ec10f6e439c01a3f5c330972f41ef44515d31b7c2598f	False	
ABCA4_ae41f297494245c2	ae41f297494245c20fab297d0afc6798d214c0d31427fa71ff4084ec1c0f3510	False	
ABCA4_ae49d825fdad6ca6	ae49d825fdad6ca6523bd65160d56be04cb1bbc872e7a3d02e8d8366ccb83fce	False	
ABCA4_ae76238892fa1573	ae76238892fa15732844c3ffdc5c8d6ea32f90eaafe8c25e4386ef492ab00fe4	False	
ABCA4_ae9a11fd6115d79e	ae9a11fd6115d79e6f533fd4c40978be555d3de8edab6298cf5919a082b1a621	False	
ABCA4_aeceae1d45797988	aeceae1d4579798865e3e7dd28a9530af5b81ce4bed3b31ab5598eacf5bdee77	False	
ABCA4_aed66989e689bf28	aed66989e689bf28bc1363b30f00123d0df0a294ab577ad6302f1c0cd617b6ba	False	
ABCA4_aedc8fe3591141dc	aedc8fe3591141dc83025d8a26338ab9119721d711f7c2db33643e0f65acc79e	False	
ABCA4_aeec4e384f071301	aeec4e384f0713019a12009ba95fa315c46f115ced0c742cef4a3833676895ef	False	
ABCA4_af1b93689682c3be	af1b93689682c3beb1b1f56876bbef1fc7c8199eb3718d81493e4b37ed8c68f8	False	
ABCA4_af1d8dc1dd222554	af1d8dc1dd2225542eab9228d18b460dce71b00c3d564e9b51ef94d01d7c4249	False	
ABCA4_af584c2b6e4d25cf	af584c2b6e4d25cfbf4338f128e3385933f567b0861dff409ca9ee34bc988b89	False	
ABCA4_af5d31d1051138bf	af5d31d1051138bfe6045ca981f3a8367837c1b0136a4af114fa669cb4b2c570	False	
ABCA4_afbbb9dec54d0274	afbbb9dec54d0274c5ffe88361d8ce3e21795ad95c847ebe24c06376c768c140	False	
ABCA4_afd22d986c9a7384	afd22d986c9a73846e6ebcbc8b800fafb21dab378776a3ac76a1006877f861e9	False	
ABCA4_afe875330b4b0bb2	afe875330b4b0bb268266b848fb10928e088cb852cdf2452f4b79c44510baf7e	False	
ABCA4_b01b11fb485901d6	b01b11fb485901d6a4e6f2f42e55e3f6389eed98f33f5805cd23f93417778e2a	False	
ABCA4_b09fd85ab5ae5953	b09fd85ab5ae59539c53238b3a869d1a19e4858470172852fabef38587ec7871	False	
ABCA4_b0a02e4b1d7e80fc	b0a02e4b1d7e80fc1b9aa268c1592daf57bff026ea78f951923a823d7d3e29a4	False	
ABCA4_b0b5ffeec925b20e	b0b5ffeec925b20e3676400de372d3be64e91d8c94c6862ae03657bf791a461c	False	
ABCA4_b0da872427ea97ad	b0da872427ea97add1dc64b30c2ee01d2c123356b635068e8b631b85c37ecf4b	False	
ABCA4_b14ae347e9570fd8	b14ae347e9570fd8170493a0263334a9423ababbbf9f0f588c86f6a7ce742d00	False	
ABCA4_b16c6aaf0cf31307	b16c6aaf0cf31307db9a06ab3cd1453cade9155c57889659753355fc811db2bb	False	
ABCA4_b1897f247898db09	b1897f247898db090078c3e99df4a11d620171e09f0c932b9ed519b437bd4c9a	False	
ABCA4_b1946ff63e64d711	b1946ff63e64d711fe19e820482892b0c2be86412d64dec90c2b75090f7f1564	False	
ABCA4_b1abdc13684ba5e4	b1abdc13684ba5e49418a743c27bb74a3d2c947c5cdf9c65348ae5ae46e95dca	False	
ABCA4_b1d8e68a651538b2	b1d8e68a651538b288587cfb23db3edd17ce829726a41be92e76c9ec067aac78	False	
ABCA4_b1fc9361387efaaa	b1fc9361387efaaa7767e01a17fd6871ecbad4fce71ce14c8a5e00ce7869ad84	False	
ABCA4_b2045b0ce5ea329e	b2045b0ce5ea329e56bed1974d95ccad24d79edb08dcdea250fc4c3989b656d7	False	
ABCA4_b21c2a22aa4775c3	b21c2a22aa4775c34661161ad860b6e10b158c57c6d60df509a522adf52d6661	False	
ABCA4_b21fcf08ab87e931	b21fcf08ab87e9310e91c02318f351f093caad734dc0905c4fffea2662fff847	False	
ABCA4_b2424b1b35df6b8f	b2424b1b35df6b8fe5a3c0e1d6886dc97702fb67f6080beb628efb88af41d372	False	
ABCA4_b25ede41244aae82	b25ede41244aae826358444b58e3abdaafb06f1f5702e5223b1c965ef491fa83	False	
ABCA4_b308adbc391585e1	b308adbc391585e1108bfad1d8169f1f9b3f860887b7c1b14577dcf30544e39b	False	
ABCA4_b355367ac1be7d7d	b355367ac1be7d7d95459033669e8b0c903d2ccb45f9a004ab49385a9660ad12	False	
ABCA4_b35d3ecf0781afd4	b35d3ecf0781afd40edaaf869109aef3be7afb30f4d974180120516c46607e15	False	
ABCA4_b3b2f63459cc26b0	b3b2f63459cc26b0b18d947570288b2e7ec188b2397826466b0e60b73fd4eb5b	False	
ABCA4_b3ba5c403a224a73	b3ba5c403a224a73bb64935450897290e32b4d111a44dd04beba8294721dae98	False	
ABCA4_b3c650e9dcafd985	b3c650e9dcafd985d0460c64252c57be8415b7aa674c7498fc9b0454d9732e11	False	
ABCA4_b3dd2185950c80d2	b3dd2185950c80d248d30cc4f4fd80e93dbdcc19eaf140058b59770f729a3902	False	
ABCA4_b3e9dd58def8923c	b3e9dd58def8923cd22981f34170d616704accdf9e4457c533f15a1975b2cd52	False	
ABCA4_b4771b752a4e6e99	b4771b752a4e6e994b8de72e35ed7a86a3ff1d263c0a33e86a5def3f340df5cb	False	
ABCA4_b50627fd8dd45fe3	b50627fd8dd45fe368e34e55dc946d9719765f1536fd73ecd518b3c2558d4af2	False	
ABCA4_b50864e1f37ed202	b50864e1f37ed202435868dbbaa21ced67ed3863686f337a080a1ba631081ed5	False	
ABCA4_b5213ef52bc3ad2b	b5213ef52bc3ad2ba07d4d24591034b7d24b9f26bc763a8b497a41b4fde0c206	False	
ABCA4_b544d6a9441ef90b	b544d6a9441ef90b419e712b49045d072fad9f247c1ce03360f98b9dbff28c5e	False	
ABCA4_b5602324149ac34e	b5602324149ac34e64bba04ecbf93a942cda354912422da606048eae9026b5d1	False	
ABCA4_b5aedac18504030d	b5aedac18504030d288a96688e8746c5f2bedeb6767eebc503a63ee455db17e7	False	
ABCA4_b68eb42a193b540c	b68eb42a193b540cbb60c8f6107c6fe695ddc39d50733746f3860222c90b99dc	False	
ABCA4_b6a24f8815505e80	b6a24f8815505e803e8275cee4bc326dea59216f176195487e31a12e3143a9d6	False	
ABCA4_b6c4b7d92222be18	b6c4b7d92222be18168017ee34a430472c3c385c97d652cddff1662fb1e7840e	False	
ABCA4_b6e7f8121244949a	b6e7f8121244949af927cf646e92489f78557b93a4a76b7cf3514802063e3f23	False	
ABCA4_b6f3f3b0d32abea2	b6f3f3b0d32abea25613fa7857d22e14a5b42b88a468348cb51ced5fefbbbeca	False	
ABCA4_b70cdbbedf1653ff	b70cdbbedf1653ff8b8e1e4067dda12774567e74fc3bade4210a56bbdba10ee3	False	
ABCA4_b71ec569a3807790	b71ec569a3807790b440aad7127da3e9c85b7ff7f6a440bd96ea2b3adfb73448	False	
ABCA4_b722b75e3cefec8f	b722b75e3cefec8f0bdad37f3c130f3fd57d7c01b0aeaccbf2862ec777b5d1db	False	
ABCA4_b76fd8aad4381006	b76fd8aad43810067d9871d2a31c13bf09f9582cdcaa287307616c2502a91e17	False	
ABCA4_b7af520a397a903d	b7af520a397a903da7486f9542ba5e4c08cf892e3c760ed97e04eb8edb6aa72c	False	
ABCA4_b7d3009f27f6758c	b7d3009f27f6758c6242b9480de69d09882d90030c5f5e75d80a4d0d586b9226	False	
ABCA4_b7fab3536b423434	b7fab3536b423434c5323604a48cab7c724485ccab898c33a4bc6313d93ec59f	False	
ABCA4_b851f9b1122af5a9	b851f9b1122af5a9705a0e0e787c0f158793e37f009a1679952f431b078c985f	False	
ABCA4_b89cf90718464825	b89cf9071846482538496077fd70bcb835d0e85db1765bf9a452b36684142529	False	
ABCA4_b89e7e9a438305c3	b89e7e9a438305c3b3ae1eb84227046b72c63071d48c07561de56ce585a9a4de	False	
ABCA4_b89fee79c2b10ef0	b89fee79c2b10ef034425ed251c3e317f869661bba8621d16fec54c6f3cc7fc0	False	
ABCA4_b8a01619f4e49b8a	b8a01619f4e49b8af90aac08a7b900ece57ac1f5a954d0df0c956140a73edcef	False	
ABCA4_b8b1113a046bd8e3	b8b1113a046bd8e3c99beffe29f812a5deffaa3431c8de52168710a831804f47	False	
ABCA4_b8b90fa41e82b1d1	b8b90fa41e82b1d16dfedf31e07f24c449ef53f674de218ef65a817bc43074c8	False	
ABCA4_b8c75ea4301e26f3	b8c75ea4301e26f36d6feb1e5ada86343da305ab8e7aa6a9f07b150d206f947b	False	
ABCA4_b8ea6f9379545fdc	b8ea6f9379545fdc82bc740c247fa671ec5d479c1628e5bfe64ddd6e84937694	False	
ABCA4_b90d5c2e86b1b9f5	b90d5c2e86b1b9f5f62430e4acfbf0acdba10eab892297769223249b3a95dcd0	False	
ABCA4_b95eab34d091a58a	b95eab34d091a58a3cfa844c7949ca79bdce382a3a9c213a32f5cf9881ae8f15	False	
ABCA4_b98f0987e5d999db	b98f0987e5d999db5125e7981ca4ea5c8e3d17197c100b90102261fd7c3e1c06	False	
ABCA4_b9a6a8d30f90c7c3	b9a6a8d30f90c7c3d1c4c53de36aefb78dea9e7c5a81ca0d0693a0597679f1d8	False	
ABCA4_b9c7c3cf28e67dc5	b9c7c3cf28e67dc5ee9f3d394580b98c210f138b641bfa2870beb3712144e87a	False	
ABCA4_b9e5e96756a3dc37	b9e5e96756a3dc37add64e3674f9f72f59bf683376e1a373da2554c13fd8d701	False	
ABCA4_ba6abca9b757a791	ba6abca9b757a7912f6437aedfa4f3e4c51ea377c548900f5fc5542f4a22a6c6	False	
ABCA4_ba76e0ead6fe3299	ba76e0ead6fe3299f25af0b04c20ef586d428ad5c9d80db6ef2ebe209b0dd03e	False	
ABCA4_bac43db3f02bb5b8	bac43db3f02bb5b8462e23cb331015bf91fc8044f09569ca09abd03a7d914c17	False	
ABCA4_bac70513b5620408	bac70513b562040844daad713d703f950764cf220d57fccab49e1238bd1473d1	False	
ABCA4_baf804ed2530f396	baf804ed2530f3969f7f1bdbec63c96a231652e66bb87e9112c2d9f323b0a595	False	
ABCA4_bb224d05466abb42	bb224d05466abb4207a7390e577091decba0e4a470c8ff59f84b8ddea3b25faf	False	
ABCA4_bb6bb9448acae506	bb6bb9448acae506933634304d61fdf6ff9ac7d57e163214cde6977bff24734c	False	
ABCA4_bb7f1b742767af90	bb7f1b742767af90e197907f6c9b5ec1fbeb5b7f371f15c3b97c7b6408a2f07f	False	
ABCA4_bba140a0930ed0f0	bba140a0930ed0f029fe08b9e81bdb56f16946605fa1ce35078b65b01bf9cc71	False	
ABCA4_bbc472a975a3307e	bbc472a975a3307ecdfec722d38571bd8c5691285cb409b2e2197cdc5e43941b	False	
ABCA4_bbde9c69ac8c026e	bbde9c69ac8c026e0974ec69ab3c41d86d9188682b079214cd58e1141ef4af7c	False	
ABCA4_bbeded682cc4db0a	bbeded682cc4db0a43a31dd0938bb195e028eff518c618c48c9b99c6468d9f29	False	
ABCA4_bc07944e46cd633b	bc07944e46cd633be78c9cb55846139d822ca56c2f771d884de4518b2fd92fb2	False	
ABCA4_bc0f17d29fbb99a4	bc0f17d29fbb99a4bbd2558efbe2909a90521197c25e57ac8cc6812b12bb53a7	False	
ABCA4_bc31bec8e1bbd934	bc31bec8e1bbd93420d795ce6fc80be3e8ed9984a3cdfd630675115cac4d61a5	False	
ABCA4_bc38ed270d8b9bb7	bc38ed270d8b9bb77c365f0a6e50eb75e852e7335f9fda53eafd21cf5a97a37b	False	
ABCA4_bc97ca4dac9b29ad	bc97ca4dac9b29ad470e5f5ea4d1470e99557c63cd9899c84e5929bcb931cca3	False	
ABCA4_bcfcd32a061610f6	bcfcd32a061610f67f1ea3a3bef02a6e5ba573250e886b1c311ab2f69a751b94	False	
ABCA4_bd1702f9010f267b	bd1702f9010f267b3093964c879afa6487c9dd702c719473a54bcc1c223facc4	False	
ABCA4_bd2c272a88f76a72	bd2c272a88f76a72e0351011a4516a7ea1c9700f09f2e8e365c1426e387265ba	False	
ABCA4_bd7d475ae1cf506d	bd7d475ae1cf506d33c41a62e26c5b70ba53c960b895018ff14e293508e915cf	False	
ABCA4_bd8aa4be2e7da5b2	bd8aa4be2e7da5b295d2525de5befd1481f8d060a6cf41b7281ab210db647e9d	False	
ABCA4_bdbb91edf6c6d6f3	bdbb91edf6c6d6f34396099658a8d7cc30fd3b74338d17ec8424eed15d7cbe7d	False	
ABCA4_bdd110dcb1fabe5a	bdd110dcb1fabe5a85cb17a75ec1a5096cd923caf7f7dadc913f7ad6c23199c4	False	
ABCA4_be24896c6f2fb903	be24896c6f2fb903e3d638fe84a421899e3633278a7675c7040fc16eeb6e72dc	False	
ABCA4_be2b90b7697101da	be2b90b7697101dadd025bd5664e4268df3a1254679d0f59dee432815baf2b0d	False	
ABCA4_be2d2782401492f1	be2d2782401492f132756bd508397b452bb8296ec2edf1dae925070aba969cc0	False	
ABCA4_be549a48a56f63c0	be549a48a56f63c0234b1833389dfdc5ebd9cf743cc7d527b7a47837b28f2b14	False	
ABCA4_be5c62654af9e50d	be5c62654af9e50d6f1b1f7e32c652cd9d15119ac97ed2c6f2ecbfb32f4d0827	False	
ABCA4_be85b82001d04aa1	be85b82001d04aa1ca6764b761ca23852256edfa5931658ba4bb3a858b371c5f	False	
ABCA4_be9052bdd1454fc1	be9052bdd1454fc184bae589e7c30e490eb430510d70a8ce9c5d1e23c453d0e6	False	
ABCA4_be9e617d55493e0e	be9e617d55493e0eae1ed37577af0c91914b55f45dbabe1be94c261c51b9f350	False	
ABCA4_bea908de44acf5a2	bea908de44acf5a26270d95eb673982d0fcbb636e145cc6385adbabf72dc1b2e	False	
ABCA4_bedd74514b717a10	bedd74514b717a104c689774322f49b896f14f5a744dd78925ef82ae6850c3b1	False	
ABCA4_bf09c27f05ef01d2	bf09c27f05ef01d2523470b18d5929fe711004a97e576cfe626e3cf74b72783c	False	
ABCA4_bf359615b325b52c	bf359615b325b52c5b98b350157ccc7e2b61105f019a880723ffe5c2dc67067a	False	
ABCA4_bf4e4d25e024aee0	bf4e4d25e024aee0858ce1ceb922accd01f6002a655ddf6152af48f1b4595003	False	
ABCA4_bfa36f84082b6e14	bfa36f84082b6e145006d1b459c04c5b40bb7a07fec44c59fc628258682c0aed	False	
ABCA4_bfbb92e26b44f4fe	bfbb92e26b44f4fe7485a6f141a08aa41825a7d5e99829b95de23006872d6372	False	
ABCA4_bfc15b4c1ed9612b	bfc15b4c1ed9612b2af8aadce2d16e17c461df327366a716bb5b107c0ea4069d	False	
ABCA4_bfcdaab909cafbe5	bfcdaab909cafbe5d4aca2ef047b423e3bd3ab6c0ec7e1374c67b66f921477ff	False	
ABCA4_bfdc980c525f33b6	bfdc980c525f33b6382b9e851fdaf2a83d67f50a2ec62ff069498ba02e90b38c	False	
ABCA4_c0226dfd9d0bec01	c0226dfd9d0bec0159116db4c425ec89386294d1a72c5a68e98c630eab212855	False	
ABCA4_c03ee96cd0bb0511	c03ee96cd0bb0511b05de640b9a7d09156987852be7a62284d46ee3b7297fab9	False	
ABCA4_c074141845d758d4	c074141845d758d43fc0b0de79b7046bf01e918ad8d54f2d562ee75fbe98af3b	False	
ABCA4_c0862286aebf7a2d	c0862286aebf7a2dce6daa2688b4492b1577bf2f37c60f65f6579e1bcbc8ee3d	False	
ABCA4_c086261c1a08528e	c086261c1a08528e56988ee27e72496ed8c719fc8c3ba82cbbd72de41c281f02	False	
ABCA4_c0bc4ca82e8990a7	c0bc4ca82e8990a70326f9b8a512726b46aa484a1a35715960cbb77a980f955d	False	
ABCA4_c0db17c3f6eb75e4	c0db17c3f6eb75e45f1bf068f0ab8df75a910b7baf56b74a19730328c610992b	False	
ABCA4_c0e51a8face1621e	c0e51a8face1621e6ff094d12b4a6b1e815706bed5bdbdaddf12584cd69699ab	False	
ABCA4_c0f40a5f64b7a7ee	c0f40a5f64b7a7ee82e2dcfbdbfae9e71fbe88077e7c0b4c747b8586200983b2	False	
ABCA4_c0fe6fc68b28643a	c0fe6fc68b28643a7d16151da2b651df017c3b3ad2f7ffaf95bafd7ffa026916	False	
ABCA4_c16396a29d9b7d90	c16396a29d9b7d9074b55bef6dc06b9a655fda8e8d8a179d849f003d3ac39ecc	False	
ABCA4_c1685431fe70dc63	c1685431fe70dc63047f2ef90bfef6478eb55a0b4b22ecfc67dec45f1ee17c46	False	
ABCA4_c171cd2f2bd2f4b6	c171cd2f2bd2f4b6211e73f136f7131394b36bfaea86702c9b5f84fc93a3998f	False	
ABCA4_c197b6f78e501b3d	c197b6f78e501b3de5e21d964f278cfa369f90d0eff3c76f7ecf6d00b0a6d563	False	
ABCA4_c1b4ddc5d5cfbf12	c1b4ddc5d5cfbf121b5f82fe8894842d630ba1024cb1cb17479d9f0c3f843fdf	False	
ABCA4_c1d6393543811480	c1d63935438114807711338c1e604e3c2430c4a423fdec8c668c4bd453e2c17f	False	
ABCA4_c1fb9e4050f3c24a	c1fb9e4050f3c24aedc52560b5caa5a5db3a6eab41c7a0bc05821cac742f4629	False	
ABCA4_c26205c375a6357e	c26205c375a6357e7a42c7ccb96065ee30567bf5208eba92a7b70959ae9330c0	False	
ABCA4_c2ef844fa32c2750	c2ef844fa32c275087df78a9b6c0ce6d3e9c15f6efcc855f31e22dca57cc6d0b	False	
ABCA4_c315971a3afc6508	c315971a3afc6508deb510bf2af11f74a1481d3d34add6d40ad05ad3f24825d8	False	
ABCA4_c3322363d9ab3f64	c3322363d9ab3f6452a6a7ed054dcc2b2c3ba1ae6b11a28fb19efb321e843e67	False	
ABCA4_c372c52d83c99a6e	c372c52d83c99a6eb31fb5e4e3dad332fc748a6c626e490642ceac3e223b1abd	False	
ABCA4_c3a851d83b14d87b	c3a851d83b14d87b13bb71772f5f916e4a7a6407fa190c1bc2bee4f60d080fc3	False	
ABCA4_c3a88a8819db033f	c3a88a8819db033fa988d9d6eb04359d064481bb653cd596c727706b2d9626f8	False	
ABCA4_c3abd4b9e656ce95	c3abd4b9e656ce95244364030181b48749336903e6e87cd8b02b1b55a9746bbe	False	
ABCA4_c3b3c17b463e43db	c3b3c17b463e43db86fd03270e0266883243df5022587ce46bff8e8e012e8dd5	False	
ABCA4_c3d8b362d10ccfef	c3d8b362d10ccfef2d2b1747f75158159e2d5a590e4509010fa5f44c7fe6b71f	False	
ABCA4_c3e1436120d39810	c3e1436120d398107bb9afdfa4e094e166166f59d380a5f7607b1630a84628de	False	
ABCA4_c3e79ddbe121f28a	c3e79ddbe121f28ae10f64c1a664d4a42fdff24f4f2ab937aa8072f745f3b3e4	False	
ABCA4_c41181225d84db01	c41181225d84db01cc8b01eaabd3fe0c8a98903dde53002a2465fed2c4cb7cf0	False	
ABCA4_c425e84e1848c589	c425e84e1848c5895197446c8d6924eba077c28d0d79c408c3e984ed7f02f111	False	
ABCA4_c42ea602377d6bf5	c42ea602377d6bf590cf6b3e01f7892d1ece0a1bd25ce53a18865f589778ae12	False	
ABCA4_c475f457ccfeac11	c475f457ccfeac115b4c6a2fc096b3f31e349f1d5002026e1ec4afa551c523a6	False	
ABCA4_c49b460cc396b5f5	c49b460cc396b5f5d06e373f2c7ef74bb9eee6cf8e6ffcda671c44d0d2b8c500	False	
ABCA4_c4a8499ee3431428	c4a8499ee34314281581888c0defc53a17cbc72056b3b5490c6b6b7f01140895	False	
ABCA4_c4b04317617a0c4c	c4b04317617a0c4c325d69a21e843fea19ba11a6d0caf42d9c17510cec861638	False	
ABCA4_c4b3a6c0da25831e	c4b3a6c0da25831e0fff7b761163c871c09c40eb965ff471dbed68e161cfe567	False	
ABCA4_c4c6d2f4101e1bbf	c4c6d2f4101e1bbf8c33c01f3c5b6e948d3b34ab76ca2d882fbc9bf586eaa9d6	False	
ABCA4_c4e0861ab8c7f627	c4e0861ab8c7f627c37f07d1d8a14d0da708829c74b3670a9e95dc97665788d5	False	
ABCA4_c510e9fdebdf5e0f	c510e9fdebdf5e0f8622756a9cb358f3929488a64116794227e4709a0a6592ed	False	
ABCA4_c535c20c2f38b5be	c535c20c2f38b5be4094e91712a29063fe0091464e91e3d8805f5f8a64cd715e	False	
ABCA4_c564b347591c49a5	c564b347591c49a5a212e25dc8f1361d474b228bca90c210e40cccb744d605a3	False	
ABCA4_c56ab66d09198ad2	c56ab66d09198ad254305bb3f5d8754fe296f73f4bf095484f36a5083cb7ee3d	False	
ABCA4_c5b0481e5ad6b632	c5b0481e5ad6b632dbdbf7db3011d1f5ae8ab026c2913e6b433ce479cfc23817	False	
ABCA4_c60a8c01155991ef	c60a8c01155991efab835f943ab29842df85519874d10daab13f1a330cfeea5c	False	
ABCA4_c626c6e1d4dc19d5	c626c6e1d4dc19d566303c728bc299d092f51dfe6abb80acb59690120935518e	False	
ABCA4_c62d2f76c9e6d4e9	c62d2f76c9e6d4e9bea294cdcb3c8341d713ee82d298a9566707bf7a488b2702	False	
ABCA4_c65185e341ebe5b9	c65185e341ebe5b995a2bebd1145950c0274be09fc8a959ff7b0c5b122db9ccd	False	
ABCA4_c6563c386d41a545	c6563c386d41a545d0c897cc0daad4511345cbe746872f42d1bb3879f905c7b0	False	
ABCA4_c68a762d87c433f6	c68a762d87c433f61264cbfe5ca9ce76b81506903e8eaa795b7266dfa99f477b	False	
ABCA4_c694a3373bec7460	c694a3373bec7460c51c7c0d8c9f7736b466f4c6c6299bd175085bc2f30e5870	False	
ABCA4_c69a15759ca342ef	c69a15759ca342ef6f95688f83c21024f9cee2ce9f5f0d3245cddda8c6aa28d2	False	
ABCA4_c6bf6adea6f449f1	c6bf6adea6f449f1ea4333e676906eaab45c47c3372957ab18be5d382998be11	False	
ABCA4_c76b37883507858c	c76b37883507858cd3966851b56a17f9abbd48a62ad23603ad00e8d32deb6466	False	
ABCA4_c7727caa1d0e6a42	c7727caa1d0e6a4281303b570d8669129b91a95b6311dcf2b53d314d6db9c483	False	
ABCA4_c7c2e0b2b3e17315	c7c2e0b2b3e173150eeab6dbf53e47fe36d7fbc79ae4fba94c1fa60162467d7c	False	
ABCA4_c7cd33455502ff2c	c7cd33455502ff2cda33f18110268561493ca964967743e7ac98c18b084bf868	False	
ABCA4_c821fc01698df165	c821fc01698df165e7d86153e7cb2f5ca4024ae293b922797f84276bcd2ff302	False	
ABCA4_c8827372696501e9	c8827372696501e9374e71c53ccc77a300a698b08b157e558c853d4d1fa65c0b	False	
ABCA4_c8cb0644d3a50ffd	c8cb0644d3a50ffd9139a0d2293e2f2414e3dad08db571bd93a90483c0e88002	False	
ABCA4_c93a1b0f54ba6980	c93a1b0f54ba6980d0f0c6794a96235d56b4695055412a8307efd42bea5d7469	False	
ABCA4_c95db0f259fcb3cc	c95db0f259fcb3cce232dfb036f8e4ce138654d63d89ef3e38f762efb8917b08	False	
ABCA4_c97ba7fe848b665f	c97ba7fe848b665fa9a1f94d5c7da2b845fc98c638769ff0782f01254028ebbc	False	
ABCA4_c985c607c9b24734	c985c607c9b247340425e082da904d5be8cd05eb83ea96594e97c4e023001988	False	
ABCA4_c9876e765e10e2e2	c9876e765e10e2e22745161e9564efd61400c3524650f283e890c400b261fe2a	False	
ABCA4_ca8e83ccb0ab549f	ca8e83ccb0ab549f3f010ae6e2e35d61245a4a1aed9230e55ade9335132bdc14	False	
ABCA4_ca903724593507c4	ca903724593507c4f3c0b8564dc7c1fc3aca31a000405d69a07a1dd3ac3c7140	False	
ABCA4_cb058cb3e4f1eebb	cb058cb3e4f1eebba720bf4e6f61e26b401c6fe5476fce6a8124e88fca0cc3e0	False	
ABCA4_cb0912d57318570d	cb0912d57318570dc01f1dddc6a6869a188b77f862b49c4d996d148dd453aa73	False	
ABCA4_cb2424e8d70f41f3	cb2424e8d70f41f3c8286028ac18d550f18fadf0efe84028d012762cc2c7f209	False	
ABCA4_cb26df522de86892	cb26df522de86892005bc4cb2be6f719d05ca500f2903652561519eb44c43e6a	False	
ABCA4_cb326b48eed29480	cb326b48eed29480e103867658f3386ffbdcb818b4f599c8d0b2e51fe313a605	False	
ABCA4_cb50c1b99e6bc7a2	cb50c1b99e6bc7a2cad58eb6e6df83880e831bdb77fe92e300b2d994bb427f82	False	
ABCA4_cb5798f5e51c63af	cb5798f5e51c63af4b6fceac54abbc469e45d101965b339d72eae7e9f408239d	False	
ABCA4_cb5b6065de08463f	cb5b6065de08463f23e6edc78d472f3ca962c0984e56f67b5b55816c14f4c823	False	
ABCA4_cb68fe59ef7d6902	cb68fe59ef7d6902d865210e1f644b684b50896235e3ab6eaed0284bcb8f9c43	False	
ABCA4_cb738a949150bbba	cb738a949150bbbaa7c06d312b281c0784661a643600724119d45cc2409c484d	False	
ABCA4_cb8c6627376260ad	cb8c6627376260adf176b1347d7a952e0c91dd8f68d853e637baa23a4cbfb626	False	
ABCA4_cb933c9cf30790b0	cb933c9cf30790b0268b793dd7a1aee19a43c36f874b3abad385764eb6ddd91f	False	
ABCA4_cbcfa337e8515bd2	cbcfa337e8515bd2d488cf96340e1f89f6c72a71b413eee35b56ccff952c47ea	False	
ABCA4_cc450bc17f6ba1b6	cc450bc17f6ba1b67110f987524fa747dd4ae6f037d3f84a5d508eeebc7b780b	False	
ABCA4_cc4fcca6be35ac10	cc4fcca6be35ac10cf9f3eeaf92c9cdcf1479c9bfa901b3d1e1997a3f7a0bda2	False	
ABCA4_cc5148c89b0c9a6a	cc5148c89b0c9a6a2d1a695f0692cf0bfa666719a7794a692a836056eeb9029d	False	
ABCA4_cc9d85df2a2bb95a	cc9d85df2a2bb95a68f31a5569123113a56867dc6b9df62a788ce2d13fc95a22	False	
ABCA4_cca33b8b99b94239	cca33b8b99b942398d849ee7ad7dde75f52d68cdb0f9d358191cbdcef489bead	False	
ABCA4_ccc8744157fc3992	ccc8744157fc3992bc1c55c46fcd93905a0393c93f3ff1a8ec872776725bd067	False	
ABCA4_cce395f572dc1cba	cce395f572dc1cbaa5fbd508c28dbdd9e12e5d9a874296da4e6ad0afb08221e1	False	
ABCA4_cd0486660044adf9	cd0486660044adf90f49b5166e2960a17b890d24fc3dfaaaabe3499661bf5b85	False	
ABCA4_cd6a15971c1aa791	cd6a15971c1aa7911b509687d3725695ae9bee8e7538281a6d905afd69c5c5d6	False	
ABCA4_cd74c380cddd2a10	cd74c380cddd2a102436107bb17c1548d98f4d90ac7e2cc761f28e10a250c909	False	
ABCA4_cd92c533dcc7cdec	cd92c533dcc7cdec3779432256446ab47fb3faddd18a0618c5195f044058f032	False	
ABCA4_cd9c7f6034f44df1	cd9c7f6034f44df1a75da3ec845f43433ae011d4181f279769554a0f046f7c1c	False	
ABCA4_cdadb168c4b120d3	cdadb168c4b120d35de162c94a429609b3ca7114c1ef0f59c4a7812f6853feab	False	
ABCA4_cdbd297c3248fec1	cdbd297c3248fec15eedd06aa9d1e13e891668a0b668af82f9dd2ed779a78b4a	False	
ABCA4_cde43d376ae16ff9	cde43d376ae16ff9573c5810dc1f000295109741499e56c98bbb88a782c4f90b	False	
ABCA4_ce054312ac122fb6	ce054312ac122fb68a7d8a55196deca2cf83f975d84045bee0e80215ef71d58e	False	
ABCA4_ce091ad00915b19d	ce091ad00915b19db540b48a4a25bca5a0ff5a233faaaa276cba66dcada50c43	False	
ABCA4_ce0e251ffa9025c5	ce0e251ffa9025c59e0164068b5e8f066ec762ce971478496c58f4cb3859d947	False	
ABCA4_ce3ad09887add462	ce3ad09887add4628b3244517ccb739cd6fca2fd91722e4bb93527fe0dcce40e	False	
ABCA4_cf82bad5dbdf7c27	cf82bad5dbdf7c27fcd768c91575dd91dd21c1a29df86e154aed6267f09e2426	False	
ABCA4_cfa13780499b993f	cfa13780499b993fc36ec58149170ee8fd695940a2308a20acef9072adf5309e	False	
ABCA4_cfc619e990d64caa	cfc619e990d64caab6eaea0d54ba78139c81c254abf161a742a6cf93a40c6d7e	False	
ABCA4_cfd54cace51e38ee	cfd54cace51e38eeae544e9b691cc16d89e4d2a58ca67e80a897472b6cdece46	False	
ABCA4_d01b64a69dee16fc	d01b64a69dee16fca88a54325456c24942afa1821fbfc6ffcde3105b642b7c87	False	
ABCA4_d037f16f0a26ad51	d037f16f0a26ad51d5389ec1ee6f9d05414e37e253b878c77d12018589fd9ce9	False	
ABCA4_d06b0163cf78cc01	d06b0163cf78cc01f1a00de5de682a9736dc7a17c5e034850ec97a3b34d8ab85	False	
ABCA4_d096b4e8e3dac3b2	d096b4e8e3dac3b29dd6fa771431536cacb6ed61471704684c808dc0fa7d23f3	False	
ABCA4_d0c996cbde7b651f	d0c996cbde7b651fde262bc8a1bc4bb08e43e1217c29fdcf03d733f26bf49d1a	False	
ABCA4_d122ff924f53d1d9	d122ff924f53d1d9d9be8fbf21cf590be85b2743dd6f1821871dac36488f6eff	False	
ABCA4_d12d71c003679674	d12d71c003679674e997d4b7ac734c556b975978486d3b5d27a20d4b469d64b7	False	
ABCA4_d1382909f47770ab	d1382909f47770ab95cfe2cacb9bc90ccc5eb3fccfc2f916859c27f1e58f35fd	False	
ABCA4_d197ba80fbda5b1a	d197ba80fbda5b1a7a522fc12a9a822341f7542c5838631e53b70a07f61dce76	False	
ABCA4_d1fcdf86b9279f0f	d1fcdf86b9279f0f61f3a23d8ece052c1a32b1f36a027dfe8a752dfd2a1a70bb	False	
ABCA4_d259dd32e2cec2a8	d259dd32e2cec2a8ea84b7cfacd4ab830b6691b79d6125a0c2686777e7f9975f	False	
ABCA4_d285ed36fc77778e	d285ed36fc77778ef910d15bd75d5b1b302ac7e7b557c6201e7c68e714d080be	False	
ABCA4_d29b91d9e2b98a71	d29b91d9e2b98a71116db4080df261c5a116aa59453797ca06c9a335fc9294f8	False	
ABCA4_d2c98376b2abee0d	d2c98376b2abee0d5811f37c014e860c5a9ec6dc8b9980216c5f2bd41c0964e1	False	
ABCA4_d2ddc249aac0d96d	d2ddc249aac0d96dd0b2eff643d74ec2d0aadc29093e3476c02493113ec4df21	False	
ABCA4_d2f919dec3ffc141	d2f919dec3ffc1416abdf98a6b46d1d5379cff50d15995c0cc4809db18989a98	False	
ABCA4_d31091d5cf500576	d31091d5cf500576e35d2ec13e19bb2baf223242b34c7f62f4088859e1f18f73	False	
ABCA4_d320bbee55350c8a	d320bbee55350c8a88d12611997a0d839f142ecf099710524279a3006fd5d057	False	
ABCA4_d37744801df39b7a	d37744801df39b7a197b240e6659413242bae10863f35deb9f03f17dc9cb3dcd	False	
ABCA4_d38b0cec9e182a57	d38b0cec9e182a57a3dec78bac5876cea988ac9a20c17d0a4c83a59976d81574	False	
ABCA4_d39ab8524cfece10	d39ab8524cfece104ac25fcb5fb1f42fa6c69919a3d3f88954ba28cab7c4849a	False	
ABCA4_d3aa629e1c0a0b55	d3aa629e1c0a0b55dbf90d543ffb4536eaef2973c9d7fd3a7d26c4cbdd8dd7cb	False	
ABCA4_d3bdb7a856f104cb	d3bdb7a856f104cb07e5c21db75c5dee5eec4f8e8c7bdc0cd741cc0256c582ef	False	
ABCA4_d3f886c91e049155	d3f886c91e049155cfa450f437407897dc4f9ec04509bc292f6c3632c1ff643d	False	
ABCA4_d44c1d2d4b8b655f	d44c1d2d4b8b655faa73315229648b17b476ad35af168b09a124f8502c5f5dde	False	
ABCA4_d46588bae62c7ee6	d46588bae62c7ee6ff7b37bb71cdbb8003bf21ba3fd06288057e2411f2375547	False	
ABCA4_d472f2e38ea95d5e	d472f2e38ea95d5e03fb78a0dfb2d303058f6799ce095df90344af6faf8d8805	False	
ABCA4_d477018fb117b74c	d477018fb117b74c2d13fac17944e1c02b66d6be77057b2530796a7dea51f2b2	False	
ABCA4_d47b39f7061022a1	d47b39f7061022a139184b2a544f819d4525ae197c590af6b79b486fc3ac4821	False	
ABCA4_d49643e88f9a5f53	d49643e88f9a5f537bba09a5895d1ad1575b0a25467ebf2930a19a2e19dfa5c6	False	
ABCA4_d4dd32cd7926314b	d4dd32cd7926314b4dc77fa50ab7dbd913e96e8707863c739492462a3014dc14	False	
ABCA4_d4e0d1a8a2538123	d4e0d1a8a2538123fad2f6a94c245a4975131a24a9a29598737b178d028bdbf0	False	
ABCA4_d51804aaadb115c9	d51804aaadb115c9f08cf940491ae1c7434cc16f4e6d3506f0503a2f154110c3	False	
ABCA4_d5408998e23f583d	d5408998e23f583dc94a7744995cbcee3e92e7cded99189902fe5dccf1e2b89f	False	
ABCA4_d5633bd1c6d27578	d5633bd1c6d27578937a16a6b4489ace1437699b7937f69712c099f9c4ed5ef3	False	
ABCA4_d5721b161711111a	d5721b161711111afaae1ddef35359c334a0fe923b6dd04daae823e8baec1104	False	
ABCA4_d5728dd9a61243a5	d5728dd9a61243a5ec1577f47dc9f16652a3403cdaa3abca327c5f762e3332b4	False	
ABCA4_d5a9a580d799f2c9	d5a9a580d799f2c9d44e2c15c3ade130ba433a35593d930b996bab72bad3830f	False	
ABCA4_d5f6ccf5bf7edf95	d5f6ccf5bf7edf953d085c64f2059ef5af16b994d3141b4bf8aa656100083b80	False	
ABCA4_d5ffd10f7e46e0aa	d5ffd10f7e46e0aaf5f111f6b9374fa5e352477be0e8f18237ccd7058a2f8b28	False	
ABCA4_d634bba989464e4d	d634bba989464e4dbaa7d953e6d22172c737edd7440521de9dd74fde84899632	False	
ABCA4_d64e217fe5ff0ddd	d64e217fe5ff0ddd7c019435bb704487d5cd085504d4278cc99c9748b34324e3	False	
ABCA4_d6c85e027093755f	d6c85e027093755fc660682318c0ebbffd907c49d4668086df44f60cd958dc01	False	
ABCA4_d6d9bf981131d85a	d6d9bf981131d85ad117cbba63777bedd00d3bcd639334127f3e61f24b4a2eea	False	
ABCA4_d6e0208598e812ac	d6e0208598e812ac80cd31e1cc00d887af4e564c35b9c54235b0f0b2336c86b9	False	
ABCA4_d700de3f0b76b2c0	d700de3f0b76b2c01e683728a249c308400b80072fc0ed57b467d1aebb7b5511	False	
ABCA4_d73bb377d1854a15	d73bb377d1854a15287cc9b2fc554de027db3a8eee30acbb3d719a05199f11c5	False	
ABCA4_d75679951657650f	d75679951657650f5090bf8dfbbf0a5fa3a04e07bd23b85498b4eed28b1e481a	False	
ABCA4_d79507a86851f787	d79507a86851f7872d60bd6c3946db884485fc10d2f06f88f6a91c74fae2eb52	False	
ABCA4_d864d8a989e678af	d864d8a989e678af2622e3e705a2fe7eefef39594be5415c3990bc37dd6de854	False	
ABCA4_d8a8e3d56fdfbd0d	d8a8e3d56fdfbd0db7335537ac5a7439ec3cf6a33a06301ed6b57586176f9726	False	
ABCA4_d8b2b7569bb02709	d8b2b7569bb027094c99960c1ef50da98785fccd579dd208170cb0c83db5a466	False	
ABCA4_d8cb2a58f9769a4e	d8cb2a58f9769a4ec2bb069839854fa9a85fe30992a826689b325b4145ad04b9	False	
ABCA4_d8db3fff01856424	d8db3fff01856424297f61670baff15eed391b090ef3f68e1408626a319ba840	False	
ABCA4_d93a80fcb6629ae9	d93a80fcb6629ae952a52a7af756a6816cfc044fc4ac136425ad0199b7634748	False	
ABCA4_d9902c7b7ea8a4f9	d9902c7b7ea8a4f9b4c77c0416356b89dfe79714571b799f55ff657c15018547	False	
ABCA4_d99b7fc4e3b2cf56	d99b7fc4e3b2cf568d58a0d3c3689dde74b82f864f4f527200df76b3ca6c49b1	False	
ABCA4_da1f56ed1fd5c5ce	da1f56ed1fd5c5ce2756062754a15db26bfd967f14d3c345e201253c38f7eab2	False	
ABCA4_da879dce21d68541	da879dce21d68541d78f481f24a40ad469c102474eeac7618ca8d6e22338bc70	False	
ABCA4_dae702228f64107b	dae702228f64107b381c68d057f3a525a3011ae1b57b79aa34335f82bcf49a9b	False	
ABCA4_db2f09d7dbb8a5dd	db2f09d7dbb8a5ddceec8ba6af85880feddff070236709c9886f8e159499c55a	False	
ABCA4_db432773caf6d3a7	db432773caf6d3a73d9947eafe1ef41a5da0c1d9571898dc7125baa214db4d6b	False	
ABCA4_db4940bc00fd6d41	db4940bc00fd6d41b556d3edcb821dfaa9ccf9ddf64c450c3afa4ed346295962	False	
ABCA4_db66f9584f4e492e	db66f9584f4e492ec8538f118be5b0b1518b18d9553dad9e8c7e8eec3d6b0766	False	
ABCA4_db76ca94149fe253	db76ca94149fe2533e63288602d17c1e654174209e84565f35d36d9c808ef5eb	False	
ABCA4_dbf610f3bd77ed00	dbf610f3bd77ed00ae5dbd8685e6afe42107d6d29cb8f6f7edf7fe4ca1623820	False	
ABCA4_dc0f92d66c016060	dc0f92d66c01606058537b78fd95229778eaf08659794fbc796294f4cb600e71	False	
ABCA4_dc6621ad9bede34b	dc6621ad9bede34b1b4d138ed4ac52192e7d3daff952e50eaa4c99eccb63ade6	False	
ABCA4_dc8a4ae07aa52ce7	dc8a4ae07aa52ce7144922fcc72b261edb97172668f47a7d64679d1e279e4d5f	False	
ABCA4_dcc9a31b02573f82	dcc9a31b02573f82ad77342a93f70b943158c7cfbde4c454595991d56c33b9e4	False	
ABCA4_dcd686467f39d254	dcd686467f39d2549cafca3d25d0821279e47905db8f851e8f40639312e2e541	False	
ABCA4_dd0c2037e264755c	dd0c2037e264755c10e99e77da9904af5d3891303b7e1f3ce5aea58e2165739b	False	
ABCA4_dd1a2df4df5c2c2c	dd1a2df4df5c2c2c1bc06f118fc63102fa2884364d1204366ed60fdfca96f172	False	
ABCA4_dd475ff7702f1087	dd475ff7702f108746ab964785a8ede1767d477acfc1cc0685a9cf516e1b9b71	False	
ABCA4_dd51788322bda19c	dd51788322bda19ccfb1fb309e107ae9dd20cbb875458f4c383a7b6604da7605	False	
ABCA4_dd530800190ea7b4	dd530800190ea7b4e5d0f5fafcc4ee22c5a021c01e29b107cf399ca43aef77f5	False	
ABCA4_dd8769d8c0cd0c63	dd8769d8c0cd0c630f16ab3eef04cee45e94f920a4dae26c865e21b38954d5cc	False	
ABCA4_dd8a1a180a70812d	dd8a1a180a70812d0e98a549a036cf54ae2e7281bd9d1ce690bbc71d60b86401	False	
ABCA4_ddd623d637e6f6dd	ddd623d637e6f6dd488cccd083855d4264d93dfe8515e965b32bb3ac596c5af3	False	
ABCA4_de3d578d42c69099	de3d578d42c6909943aac1021b43a10f6f36e253ebef9eba83004890d5fd52bb	False	
ABCA4_de7017c27c730f03	de7017c27c730f03753be04b300ba2e96d63702cdd1b98183abb94b30d021d33	False	
ABCA4_def4ce0afe3aa5f3	def4ce0afe3aa5f38b06a82c7068540907a8176a15a556ff7f0da07abbb2e509	False	
ABCA4_df0e023d2806c5db	df0e023d2806c5dba5d91ddf3ad3d00ab88f9bcfcecaed495804963568e6b13f	False	
ABCA4_dfaf22fb9aa9fe88	dfaf22fb9aa9fe888c565bfe3e76839b1606da0b1b7f507098765998cb140432	False	
ABCA4_dfb83f660445d79e	dfb83f660445d79e924c911cf6500828b14e18822306114709354054384e78ff	False	
ABCA4_dfc07098f0b69d27	dfc07098f0b69d279963c22a8e5fee1b01f6475cafb1d94ea35b40d57522bcca	False	
ABCA4_dfc9df479863c988	dfc9df479863c988154f95645f705e364f01999ab2dd66a9edad8866574a2b7c	False	
ABCA4_dfe6ad4abf89e04b	dfe6ad4abf89e04beb896b2eb1710ff07b40ec3ab30bedeb88eb66cae775f4d2	False	
ABCA4_e03a910ca5ab69fa	e03a910ca5ab69fa92ecf6116fed1481c93789766a10933d3133d2e54bdfab7a	False	
ABCA4_e081bda63a757a11	e081bda63a757a11581f251a7f5475905329849f16d41492e3a1e553ee40149b	False	
ABCA4_e0af174867b1b541	e0af174867b1b5416d10454eab56533a5965b949f7628642800b4b6857af512d	False	
ABCA4_e0c08ff1970ba8c4	e0c08ff1970ba8c417e04e9455f73de647531a5a407da9a61b03c7abc63af39c	False	
ABCA4_e0ee64b53b070dec	e0ee64b53b070decbf7466eb7dd4c5412148a1c1c86fe3aab0cda03f29de1507	False	
ABCA4_e0fdb3aa75a61296	e0fdb3aa75a612960b63aea45bb2e73abf869b25effab5d18ced3a3d6bb03d49	False	
ABCA4_e11c8f1a6fa4ff4e	e11c8f1a6fa4ff4ea59493d318380577fc7c46762703ffa1e9ad66f8b1eaac67	False	
ABCA4_e14e68c2c49a14dd	e14e68c2c49a14dd2d73e99f6ce9d0a303c6726d5df9bc3f260528c031a39d56	False	
ABCA4_e16610b368c371fc	e16610b368c371fc0c8f9ef37f5adea61a75dba582a9c3b371cdd6f48f18b747	False	
ABCA4_e19bd0b1b35a8161	e19bd0b1b35a8161546ff9f32d66af464a96af3c20d56f630d0aaa4033c809fe	False	
ABCA4_e1a404ff97caf69c	e1a404ff97caf69c59493cbb81ecc955c4ba547476e4379903b0af90b6f0c5ba	False	
ABCA4_e1b6db2a5e3c497f	e1b6db2a5e3c497f7aac1dfd966e11333f652ac3e9c82bb8925d8098021feddf	False	
ABCA4_e1b8f8636fe29a5e	e1b8f8636fe29a5e8123e25ddf527fdc80c287f5508143be00a0dc2623a9811c	False	
ABCA4_e20c027bca94cf97	e20c027bca94cf97402728801953b3d31f4ae6f52ac14900202f535f9d57ad46	False	
ABCA4_e20fdc082f7cac4f	e20fdc082f7cac4f3bf160befb5d7004aa078cc445638670fd787fbfe9b1f69e	False	
ABCA4_e271cd0fab3f9b01	e271cd0fab3f9b0106427fe97a1691ab08771dc9729c2cd8ebccf461c029f9e6	False	
ABCA4_e2807ce321309c71	e2807ce321309c71b6b73040903856df33bba3760d1941f176b7e4cacd5ef1f6	False	
ABCA4_e2a24d27be3e3d3e	e2a24d27be3e3d3e98e28fa14115c16f38502662394c43527cbc9a4e9846b43a	False	
ABCA4_e2a60d76112a88c6	e2a60d76112a88c6764ba793e6fa86e474fa9cdbc4120210cc60ee534e6fc044	False	
ABCA4_e2dd303e465b8ab8	e2dd303e465b8ab8082f1f8c522eeac948dbd678d801e1e2cd3b8aa743a8d625	False	
ABCA4_e32c99bafc78bd67	e32c99bafc78bd675e0455152ca1933dcb74aca8867d9640b32ad26ad4235017	False	
ABCA4_e376e453f05e7a40	e376e453f05e7a40574adc71173908675e19e9b9dd274ccd506cd72d504d9d62	False	
ABCA4_e39d668ad160d493	e39d668ad160d4935f7f7520397d9d241603118e669cf3dfcd47b98ac20b87b3	False	
ABCA4_e39dd1ac9c91937a	e39dd1ac9c91937a00c14e758cbf3d93355869338d95b8916ac59078483e09b3	False	
ABCA4_e3bba996abf7a108	e3bba996abf7a108372a605fc2785df587d522b4d2560582647487b3464995d8	False	
ABCA4_e3c6977d69f0308c	e3c6977d69f0308c9ab4ed608c1e2f1afd8f0fcbb61af5c957090abaf8de1a51	False	
ABCA4_e4081c76c0dbb46e	e4081c76c0dbb46e533bfe3129dd96cc445cf398f41bbcd90c34841aed938527	False	
ABCA4_e4202576a288dc93	e4202576a288dc93ed1307f215e6bb66589ef075253f63802da4aef4c74ab000	False	
ABCA4_e42b7f2e5ec92c30	e42b7f2e5ec92c3095bafcb262211580c62476ef7a764b0cd749484a9b1d8054	False	
ABCA4_e435735f21c0e53e	e435735f21c0e53e5deaf82ba6353454256e651e2fc6bf647e792c9cb9c693b3	False	
ABCA4_e464fd91a22e8c25	e464fd91a22e8c258f4a76f54ceec81d934e5ee9eeed90b9c4f93d83fc53eda0	False	
ABCA4_e46d50728a876479	e46d50728a876479ffaed3788f430e266eb1fde43a9b28d61608ea416023aaff	False	
ABCA4_e47099cbefdc05f0	e47099cbefdc05f033001138274f6b1e3957227eb6dc9d9ae710135eabafa73b	False	
ABCA4_e4ccecbdac2b3402	e4ccecbdac2b34021843510cd5ec9de19c0330dfd597446f4af0c8d31cf801c8	False	
ABCA4_e523507f1ce0b60e	e523507f1ce0b60ee969376362a661423e7d6ad7aede4a4416d77449ac508766	False	
ABCA4_e5ac91a55bca0702	e5ac91a55bca070259f1f4687301071468ef1e0a8c9e2d5ff1594e337629c9bf	False	
ABCA4_e5c95d1ed1f56c06	e5c95d1ed1f56c06d9edecd5135eb7f3068eba1eba8f531a4e14167112d032ca	False	
ABCA4_e5cdcc50516b0a91	e5cdcc50516b0a91c63b122f29d8c4a0fb821bb8dd51cd4764d08a9037c507c5	False	
ABCA4_e5e1ee3ade5cd8d8	e5e1ee3ade5cd8d8c66d7196fb8c92f55ae10e81b6f82fc946b0a60faafcf975	False	
ABCA4_e5e3b98b59e24548	e5e3b98b59e24548332a5c7a7b557c7ba50073ae293f6abac1c629e653b2cca3	False	
ABCA4_e5edebdfe1c6e106	e5edebdfe1c6e10651804efb9227d6a1866244153601563c1717772529657f57	False	
ABCA4_e5fb59af149c550e	e5fb59af149c550edba5897f694964abd756498f28803f2e459ddae6e53b3b79	False	
ABCA4_e605df3af282ffaf	e605df3af282ffafc498422f3ab3e6b632023bd021cb25bf787497e9f7d16cf8	False	
ABCA4_e61166af08ca05b7	e61166af08ca05b7f7da22f390db1a64655c1f34b7b8951fbbabc345df52ce67	False	
ABCA4_e6275d0d6ac6bd8f	e6275d0d6ac6bd8f9e6c33d02463655924e29c3f2b43161b2436a680bf307073	False	
ABCA4_e689076c625d7dc5	e689076c625d7dc50c88ab28bec80c29b6764f61272f3423d4c0bfabb12966d2	False	
ABCA4_e68d3ccf0f00031b	e68d3ccf0f00031be899496be16c935c9953a28099111e56f3c08ab4ee14376c	False	
ABCA4_e695de81ceb4f469	e695de81ceb4f469f7fa325042ea3694cb519b450a6eac96febc38e5ef0a9fb9	False	
ABCA4_e6b81784aa79d911	e6b81784aa79d9115f3aa1bc0ed640d0465ef92259e1d0788a86311a9138c877	False	
ABCA4_e6bfe5b639a7cf1c	e6bfe5b639a7cf1c05de008c243cce9280f8741f45070d97908eb3f740e8ba68	False	
ABCA4_e74a565fc544b4a3	e74a565fc544b4a3fe02496ba411f5a7e5a2449e71487a794b2c88054c1e5e0c	False	
ABCA4_e74ade033293c597	e74ade033293c597ce26fb6e04a348126dc6eeee8d679be37b19bbbc692d65c7	False	
ABCA4_e7b93de4144aa1cd	e7b93de4144aa1cdeedb2b2fe2b44584b3f35f5d5174139bedd762d90b580a87	False	
ABCA4_e7c3d05175eee588	e7c3d05175eee58898aa12f5de8dcfd447d4bc6fd2a67583984ba2abc8c182c3	False	
ABCA4_e801b879ffa3c217	e801b879ffa3c217d6ab7af150b53fb899e4ac9d5cfbf857005c3c92f5f2bd93	False	
ABCA4_e8297d9ac74dbbb1	e8297d9ac74dbbb1e36ea0ec7ef44f7248cae3064bc4eaace5a4b56211f575a7	False	
ABCA4_e859edff1a40160c	e859edff1a40160ccb4ef9b956496b86916f15705905ea20e4eedec7173b0824	False	
ABCA4_e87f10e6bee27517	e87f10e6bee27517d703d32e4b9e10e2129feeec12f4bc367cf27560b08f416d	False	
ABCA4_e89d6bb41f4f6d32	e89d6bb41f4f6d32e415adfd9e3682e7117299d8590e4d3eb5f125f41a00f888	False	
ABCA4_e922cfe8e003a3f8	e922cfe8e003a3f858cf691f16f7bf8a3d5f0ef80f514c0baf84322888dda2e6	False	
ABCA4_e946941eeb9208f5	e946941eeb9208f57944a02d6ae0deedba741a9720eeb4d18c61b8ae82a2e0af	False	
ABCA4_e94e02e1c65ee762	e94e02e1c65ee762b6be5b129f656e42f9c1c946cb781720b3f3f3ed70305a93	False	
ABCA4_e981026fe171748d	e981026fe171748d0bddadf4a4f3eeb2f33759143079aebe6fbf8f00e919a1d7	False	
ABCA4_e9ba5ac373ae4793	e9ba5ac373ae479350222ee26a459879891bc80a6b73772764bd45cd21884500	False	
ABCA4_e9da142b27d7a1cb	e9da142b27d7a1cbb9bf1327605d5a1100b078b39db8f495a4b2eff7ef283de2	False	
ABCA4_ea44909becb28895	ea44909becb2889527b730194d1effb407dd0ac785ad8a6fff9a681068308e59	False	
ABCA4_ea6982a5cc2b376f	ea6982a5cc2b376ff9d4e4860cc2420239cda8186dbf836c91a19717cc5f18c2	False	
ABCA4_ea7cdafaf89cb313	ea7cdafaf89cb3139761bdfe6e2bace51f8c10d52e1c3ca3199b2107d8b30d8f	False	
ABCA4_ea7e69515e351b10	ea7e69515e351b10e115c2dc5ad7b5a15b597956b8bb037d63569d5823dfae43	False	
ABCA4_ead2e8e8460eb8b9	ead2e8e8460eb8b91dd7317bc2db2374f6815346a3f37993e2ab6a43ff5806aa	False	
ABCA4_eae7f31d27ef6c33	eae7f31d27ef6c33b1fae6c83ee0342468cbcb67e66bffd87bcbb6fe1ceb4846	False	
ABCA4_eaf73747e0136977	eaf73747e01369775d790f8bf7d3486e524b59243011ce205116fc41a8c26105	False	
ABCA4_eaf9621fda60936f	eaf9621fda60936fbacf34631934f0e2ef3ee42f7f98b03f0b82e6d0a1c353a5	False	
ABCA4_eb121c986dd971f0	eb121c986dd971f0979422b315dbce9cc44b6cde2dcbbd6f88bf441289f867a1	False	
ABCA4_eb32db7be3b4c28e	eb32db7be3b4c28e5dff146f6157e1dcccabb29c681cb854258136754a989b88	False	
ABCA4_eb5f154a3c8f2c2b	eb5f154a3c8f2c2b8a3278d096da834e92116ef2e07d776b113e3d04e4957772	False	
ABCA4_eb6b0ef2e8f72e98	eb6b0ef2e8f72e9897a70a7c6323b2de9302a0931d58f3aad0ae60c338b28b06	False	
ABCA4_ebbbaa06d33dd06c	ebbbaa06d33dd06c1083b14dde141eaa8cb9cbd0be4df0c4fcd03d79453066cf	False	
ABCA4_ebe5592f2380125b	ebe5592f2380125b6d3ebd2e3758600f6cbbebcd3943f3a275768e39da1a9a49	False	
ABCA4_ec29311e65c30d3d	ec29311e65c30d3d527a4244f1d31cd1a8a95ba0d87a3914397721265e146aef	False	
ABCA4_ec2b1f73627b1f0e	ec2b1f73627b1f0e781d45f88e86d9921c8f4a97a010a48a85d786ada093ed68	False	
ABCA4_ec8691e781d6b5e9	ec8691e781d6b5e917d4455c52b7e6d6f1411c7162542116a54b64b462943014	False	
ABCA4_ec86d69c23089f30	ec86d69c23089f30f810eac05cf28855768cccde8e20b8a7d2e21fafc69968cb	False	
ABCA4_ec9a1d90cb573574	ec9a1d90cb5735743ca4c903d14c4c1a7263dadc46ecf9dd5670a467ffb049e1	False	
ABCA4_ecae42b2f20b02e1	ecae42b2f20b02e1efbec03be80c8b6bf7792f80d02abc154f6154fe56e93107	False	
ABCA4_ecd5870c70989f51	ecd5870c70989f51d6a17292ee94c05b91ab2fdef54e0e2def0f038bde6bcb5f	False	
ABCA4_ece53375192e604f	ece53375192e604f84d95a3ecd561388911fec7351fdf86cf7478b6a393ce958	False	
ABCA4_ecf2b605eb7d5a08	ecf2b605eb7d5a08eede115d0e9baeb97a994ecf16efde3781ebe4193ac29b9f	False	
ABCA4_ed49e9674804cda1	ed49e9674804cda1e8c823aa4c8a48ee18b1e2e552817efcc62b41e71fa935ec	False	
ABCA4_ed5a060d3660972a	ed5a060d3660972ade6757ba6cad4fe12f4c84fd3e779beb7b9c95fb1ce472b5	False	
ABCA4_ed6b4797e0837032	ed6b4797e08370322c078c06b349fa53eb3ed27f0865990948814fb44da7747e	False	
ABCA4_edb911e77295ed55	edb911e77295ed55d74371dfc9f61b781b3664fa06e66f55c64e53d6c08b5fe7	False	
ABCA4_edbae703547e328e	edbae703547e328e9e9dc410d0ed785ccd3c9a82c810a29daf7e1636ad03662a	False	
ABCA4_ede8db35812957be	ede8db35812957be9d78a36142c58a6a544b9cadf5366496700e66b6ffe3f1d3	False	
ABCA4_ee00bd8cfc065238	ee00bd8cfc0652381d6b4d109e5a0bd269eb5313a652b40abc07c90c693403cc	False	
ABCA4_ee04cc7e1a57513b	ee04cc7e1a57513b415540bfbf47164ed2667fb6fb7f724209ae93e4330ba446	False	
ABCA4_ee306d6b1f40c8e1	ee306d6b1f40c8e1556154f9d01cb4684c29784bcadbebba2eca5140a329a571	False	
ABCA4_ee4879bcffa4a3cb	ee4879bcffa4a3cb7f0349b189273c2dea7e342deac5830b3dd3e57218145448	False	
ABCA4_ee511309a4f4b609	ee511309a4f4b6097769cc6c315e7d0662c8b355d164e8b10ccb71dd31e7e630	False	
ABCA4_ee7310354e7d6915	ee7310354e7d691577ac106f8c5b551fae107d75723d6b7298295801a617bec1	False	
ABCA4_ee9f920593dbd782	ee9f920593dbd78259eb1e75146f4732fac746194809c9e4ac62678738ef896d	False	
ABCA4_eec0a187075b27f1	eec0a187075b27f1b8c2f4f4609f9a37b2a1cf0625a593fc8e482e6c88c2105b	False	
ABCA4_ef02072e4e1832cc	ef02072e4e1832cce2381b9d11666c551d2c03de1a8a3b6d63eb0c91ad80598d	False	
ABCA4_ef34164c3acc3569	ef34164c3acc3569a7d0fa2fa956ec31415a51e12c05aad36c205f09a58d7e04	False	
ABCA4_ef4b7d3b67f17576	ef4b7d3b67f175768a18b66f33f5a025c1c29ccbfc6acb943f7c57575787ad48	False	
ABCA4_ef6b69bd258bc55b	ef6b69bd258bc55b4ac44b32ba0a7842889437b626e7b40202f341cc749f2526	False	
ABCA4_ef792fe12a5cd36e	ef792fe12a5cd36e6b6d3ea6e0b49a2138b107bf8b126cd5d24f2760a85909b5	False	
ABCA4_efa4074a504c55f1	efa4074a504c55f125bf2457e2af9de5f4a2dd9ef8654be374114cb4884a2157	False	
ABCA4_efd10ea34d6c1dfe	efd10ea34d6c1dfe6ada62c460c98a52b6dc81b321469b139b69d9a0430692c5	False	
ABCA4_efe9011f1b1a2937	efe9011f1b1a2937fe253a35de5713cf1ff72ab6c9457b199f8b151bcefd4082	False	
ABCA4_f00b0da4f439d18e	f00b0da4f439d18ec47edf6bc5bbd13df94097a3858b1ce00bfd2705aa37cea9	False	
ABCA4_f05c40b1d841ca69	f05c40b1d841ca69cfb536ff523133fd526888a6d9d7065800f2d1509374ce9f	False	
ABCA4_f06b496262b3864f	f06b496262b3864f2a513b8a2390683373ef24e33a4d2948ddc1dc7875333032	False	
ABCA4_f0abd26379ba8cad	f0abd26379ba8cad2998263b0872d03ac1b51650168f236e58f4721349320e78	False	
ABCA4_f0bb413f460a5a12	f0bb413f460a5a1241001cb1d63f193d22ee8155ecd79c0dfbf63e4ed6cb9fe9	False	
ABCA4_f0d626b37dd25519	f0d626b37dd255192e5969f32aa4702a8a381369d28ae585b6787e2cf59a5718	False	
ABCA4_f0de717159f56423	f0de717159f56423841b194812ca899101b9f24d025eb1bb1169c5ca3a95b7aa	False	
ABCA4_f0fe84eba4b05c4d	f0fe84eba4b05c4d21032f4e31043f88e7bca3e04ec2e8905056ce4bbc184fc1	False	
ABCA4_f1540346ed03dded	f1540346ed03dded7efa7a776052054d4806fc23b0e5e599252604e12349d979	False	
ABCA4_f19228b6740ac4e0	f19228b6740ac4e0446a55b97ba2e03b4f03387014ae837e8fda9b412b96a10b	False	
ABCA4_f1a7eef364940bb2	f1a7eef364940bb22c7b38937c42754ec417f818ee6a0f7937e0c0742c6b6165	False	
ABCA4_f1d51828d7968cf0	f1d51828d7968cf0f6eb48d33347c6b0218d31003db512aed23af6c02a1b70ed	False	
ABCA4_f1db8ea34819c5a5	f1db8ea34819c5a53c496aad5c62362c74b734548fa6599d7a418dfe388c7e45	False	
ABCA4_f1eb9bc0e122f65a	f1eb9bc0e122f65a8ef4c9ee105ed2362d88d8034e6448721acb5aefba4fc692	False	
ABCA4_f1f260a57e519f34	f1f260a57e519f3436a86921a0d567a61b62acb17530b2a21c664ba879706740	False	
ABCA4_f1fd794886aceacf	f1fd794886aceacf9360fef77537a1470c720a26bbfecad37b02a596eb1aac96	False	
ABCA4_f21c9a18682948fd	f21c9a18682948fdf7d789b2097149646e898123b3275f838c863054116fc9a0	False	
ABCA4_f21ebd3e9fffed44	f21ebd3e9fffed443d44eb760a0cc25ad57594f45b684b720146b92228863654	False	
ABCA4_f266577c90e51be0	f266577c90e51be066cbc3fbd97647d6ce188580c1c76452be4b21c51872a8cf	False	
ABCA4_f270eaebd9e81578	f270eaebd9e81578d8ae0477a0d6e6a21f24c4d59ea593700ed1f41dcebe1bd3	False	
ABCA4_f27bade6030a036e	f27bade6030a036ef91890461374969e2e0f9d61b5f604033efe0092eb90137e	False	
ABCA4_f2d5e2801dc82a34	f2d5e2801dc82a349b5aaf597c0e7ab21ddeddc5283fc5721efe2217ad20f045	False	
ABCA4_f2e43380fd8a5672	f2e43380fd8a5672b74933a209d6f946fbd9d0e1246458fcebd7efe69e6d3d38	False	
ABCA4_f324f7510580fa56	f324f7510580fa5657718cefc0feec3f6b3c60fd9759ce502ee0534b4de93a92	False	
ABCA4_f34c48caebfe3d7e	f34c48caebfe3d7ecf272ca335c2e54f4a47ca9744913cc49be3e62bf33e5786	False	
ABCA4_f36d8b7f1eef2dee	f36d8b7f1eef2deed698b41dcc231d71ae853b7688d2aaa54e841279714a7947	False	
ABCA4_f381694c3609f1e8	f381694c3609f1e8ea7adae5ebea3ba2e098d1eb6f8efff2d9587a1dc58817d6	False	
ABCA4_f394606ae87c227a	f394606ae87c227acdc8ca86a291c04ac18fa747ce7894ed25cb0fba43d52b98	False	
ABCA4_f3e4243aa4e89597	f3e4243aa4e895971c1ee6a54bb458ab6088bc8275d37fbf9fe05ecd30f676af	False	
ABCA4_f3f0bfd0613ae361	f3f0bfd0613ae361bb891c5a1a7e05b4a9c76ae7857a2a9bbf2496863cccf252	False	
ABCA4_f4106b38efc7378a	f4106b38efc7378a0d4d61aa963a2bdd95817d636c7b5c1b0ef1983268ddae05	False	
ABCA4_f41df1017a4963de	f41df1017a4963de85f7cf9b1b59941fca391c5fa48d1707ffdb79189028b192	False	
ABCA4_f441820c77ab4515	f441820c77ab4515ac9c1d9f974c3d406df7e293e36d79f1a0e5f16e41030c48	False	
ABCA4_f47391d6f2f734c8	f47391d6f2f734c8255f1412d5881ac0c0973ca87852e0599a97ff2305d7adc0	False	
ABCA4_f48f4430fd03ea88	f48f4430fd03ea880e1626a456c796f2f6fe3bfdf093f758bd697890964a1f91	False	
ABCA4_f4a9696035922530	f4a9696035922530bc9c8e5388da3f2d4228f6aa48c0c65c37be49e16e474b49	False	
ABCA4_f4adb92dfb90763b	f4adb92dfb90763bcfe46565ba4fff35a728079afe84597757ea6e2e805ef5be	False	
ABCA4_f512c1294eb1d8af	f512c1294eb1d8af3534edb23894f2b85fb35b186b4dfc4a536529236a3aa3ec	False	
ABCA4_f594064b119dd815	f594064b119dd8156efd6183d36687b7f37c5ead10868b0cd699ac57afdf26a5	False	
ABCA4_f5ac9b735cf571fe	f5ac9b735cf571fe3e67f27a8ed5cbdcc9039fa135f940d6fb65e88e6e5c29a3	False	
ABCA4_f5ace0528d6f0039	f5ace0528d6f003959e84cf7a94402ce5955489dc4a4d6be54bed1e3aa456498	False	
ABCA4_f5b4f392766105ec	f5b4f392766105ecb6d3cfba0a67280d2192d9fb8925235108eb7abd311fd78a	False	
ABCA4_f5d9e89b78024107	f5d9e89b78024107c971a07dc52cf41fbb5dac192788d41cfab90168e0c1ec5f	False	
ABCA4_f5dd7edf7c5104cd	f5dd7edf7c5104cde4dbc669c9052d45db16c8f7e0e16bc3cc4b066b164b0419	False	
ABCA4_f61bfc0d7f9e0f20	f61bfc0d7f9e0f206e62cdca3d5232847bfa83ceabef62652ebb31b2b8fa2a02	False	
ABCA4_f6337ad626dec924	f6337ad626dec924f4c5ace44635a3b04739774ee809cc388326f5875ada7c1f	False	
ABCA4_f635df1cc7b0371e	f635df1cc7b0371eef2de7960f9cf238bd9c8b4e895f4900126c8f3fc7e56cde	False	
ABCA4_f676d0f38e1718f4	f676d0f38e1718f4b9e4f0dba1633de8fde43c878adfc7b2c9b4dfe1baf2e03a	False	
ABCA4_f6b720e38d684b9f	f6b720e38d684b9f0d7bd286b94b106861c33872361449fca36bc25dc358eee3	False	
ABCA4_f6c1f9c0b49ef8d0	f6c1f9c0b49ef8d0638e6da49ce0501af45d146299df9aec743d2144a8b5527f	False	
ABCA4_f6ca6d9256baf4c5	f6ca6d9256baf4c5ec98e34c6a3cdb0733a25910c6edbb98b99b61a0fee4e411	False	
ABCA4_f709d0b25f138a15	f709d0b25f138a15057c6b2c8add4965c1b2c2442785aaeac82922b71188d005	False	
ABCA4_f73884185e20f90d	f73884185e20f90d714c6cb29d5a488d5016e729ff2eee32380308290baae6a7	False	
ABCA4_f7703587427bb028	f7703587427bb028816a31cfb852d7e788de7a254c665a9cf646d2aec86ce1b0	False	
ABCA4_f78d239b581eb2fb	f78d239b581eb2fb51b8c99b249720eb8f025ae770bae15ffaffcdee1c0d6dda	False	
ABCA4_f7ae0f60f75a5678	f7ae0f60f75a56786e1d5129608af86c4eda7e0856cb8075f5d5df66174faad9	False	
ABCA4_f7e1c65c8a34ecc9	f7e1c65c8a34ecc9647df15e83eae853ee38469f4fcac2bc9ddda39160ec23e5	False	
ABCA4_f7e50932983a6d77	f7e50932983a6d774efc1a1a21b68777a4a9113600f4f461dc2c375b5eae1692	False	
ABCA4_f7e8026746912833	f7e8026746912833c10728ca139d15f9571a6e4a979566621796b56d973671de	False	
ABCA4_f7f40b0638665988	f7f40b06386659889c5ad914974e36a87c537c3d41cf5bd02a62e7cb6e75205c	False	
ABCA4_f807cadf444273c8	f807cadf444273c8d69acc398799f751cdae6dd2c3ba6344a43aee6deeb742f4	False	
ABCA4_f848862a41518a67	f848862a41518a67b61d71c7957c1537521272b4edde5799f1b9bf9d64bea92f	False	
ABCA4_f8a750b8a1bfce50	f8a750b8a1bfce508ed827280896711dfc07c8a91a030f129577baf8bc10db97	False	
ABCA4_f8a9508fed2d4e97	f8a9508fed2d4e97fe5ea3d680cd6d00f37e54b08ef2372280b67dea737e67e8	False	
ABCA4_f8d93428cf7c448f	f8d93428cf7c448f99d8237548f0da8d416179790025d179d70854adc8af998a	False	
ABCA4_f8fbaac250af700d	f8fbaac250af700db56490857faee663eb3f457e2f138794539c8ba9b968468f	False	
ABCA4_f9387acd6f63f4d4	f9387acd6f63f4d41a5166b5d699b83e1c06b85ca2a9cfcc14b1bd1c14a19764	False	
ABCA4_f95456d074c9c755	f95456d074c9c7559cb24f4490de08d10a492a4346c0b12129689544711b15b8	False	
ABCA4_f962cee91f6dcb5b	f962cee91f6dcb5be01deba05e8d10dedf3cb37291a82d63c7f166bcd1b87019	False	
ABCA4_f97dbc6853ab5fbf	f97dbc6853ab5fbfd26e1b0d2abe5622282507ed097eae6c5aee2fe413c50679	False	
ABCA4_f99762b143400aa3	f99762b143400aa30c110558b8a11522ed5952fcddd6c717579396004ddac041	False	
ABCA4_f9adfbdd47fb454c	f9adfbdd47fb454c9b4653c2d52ed679b40586268d91cec73540481a885fdb33	False	
ABCA4_f9f3daa1a4eba7e3	f9f3daa1a4eba7e318acd122b58f5f2df257f7af4347792b1234c23571f787ee	False	
ABCA4_fa3abfa8322b9d28	fa3abfa8322b9d284d32c5f88f671033e66ab69206504c3f1db84740be88dc40	False	
ABCA4_fa4edad4a98b7e57	fa4edad4a98b7e57199beebb52dcc2c56e9e8c178f08619bd5ffeb0ed511eca9	False	
ABCA4_fa5336cfbfd04f6e	fa5336cfbfd04f6e35349fb373c397ce72391f4e7a00c48721aede4644ea6bf1	False	
ABCA4_fa66e769f21965ff	fa66e769f21965ffa1a4f312dd2ee94c8362087c1ef6b80e92c010173b75affe	False	
ABCA4_fa6b4ab7544640f7	fa6b4ab7544640f743f1e688c3aeca8fdcd5a73fd02df5beb586e0d87a8587a0	False	
ABCA4_fa6b63a7eee2e929	fa6b63a7eee2e9299a480fdfd5979b9df28277b5c0a46aa4125e77bbade4022e	False	
ABCA4_fa824e13161f531e	fa824e13161f531e8c9718816a29b26987b4c74f021e1910b398efbb2ddb2839	False	
ABCA4_fa99ca2b3bf368da	fa99ca2b3bf368da5c1e477e80a99f9c6094f081cefdfeccd6b914562e14d599	False	
ABCA4_fadbe4d0843588ca	fadbe4d0843588cad9b545e9ba79f306a26c101fcc4d67765a6409d30bcd0358	False	
ABCA4_fb2bc2005f77a72c	fb2bc2005f77a72c2147f856167ec56bbe4f7ed3521a546edc0ff62f51d1d0fb	False	
ABCA4_fb358d6794f7d0a1	fb358d6794f7d0a1f0d1c1e9a03426cbcc5dba4180dd7abf25fbf3291bec1cf4	False	
ABCA4_fb4c6a1a7b1217e3	fb4c6a1a7b1217e3362a97f1edfedb078cc47c7d63f1a1fc6c22f9868719d676	False	
ABCA4_fb5e05149fefbfd5	fb5e05149fefbfd50b32eaede52d2dd4fb303eac5435cebd82f7179866f5437f	False	
ABCA4_fbb2dd19138f55c9	fbb2dd19138f55c9967c5ec068f762ff4bfdba48c3c5e66dd6c60a78583b3b17	False	
ABCA4_fbe30b97bbbe0cfa	fbe30b97bbbe0cfafd1905abad917044fb8161be22c27ecd74a61828490fe53d	False	
ABCA4_fc33ffd680ad8eb5	fc33ffd680ad8eb59d20815c3633dd3825528d975775d706ab1c16706f56efd0	False	
ABCA4_fc35ee24b9bce60b	fc35ee24b9bce60b14a34b6d160f212da2cea558daeda48d19e029de385ae555	False	
ABCA4_fcfb224ab4da970d	fcfb224ab4da970dc3d9b656c48458312d26567d9db2bdeae43305cee02bad47	False	
ABCA4_fd08e913811496e1	fd08e913811496e11069528b994338e15aa38d7698138f872dcdaab9adc3dc84	False	
ABCA4_fd1596ead60e94d2	fd1596ead60e94d204e38d01892354280e329a1644cdbea4c71030760c0b61fa	False	
ABCA4_fd1db4d462360dfd	fd1db4d462360dfd996b5f07ad7aacb9eabcdf27361b2db651bcae9c8080e459	False	
ABCA4_fd380a5150f607f0	fd380a5150f607f01b2be6505f7822ec9a4e610de6763ca18f7cca66e9c00a44	False	
ABCA4_fd3aa176a9d9a016	fd3aa176a9d9a0161e7864ad165518e7cec18a80a416d5a1492b522c8cf974ec	False	
ABCA4_fd5f49c12dfc732f	fd5f49c12dfc732f869599c46b171a1a56fec2e454ebc2944c55a431a74c0795	False	
ABCA4_fd872e3336b2e523	fd872e3336b2e523193e1627a54077092773afefd4755be5b46d6f33edc66995	False	
ABCA4_fdf07bae19e33e80	fdf07bae19e33e80ddf0c3a2db9bbb0f2fa8ef053798b6d49ee5b217ef8f854c	False	
ABCA4_fe0fb3929a5dae2a	fe0fb3929a5dae2ae969e8b215bdf90a343d6baffce890f226ab0a855922bccd	False	
ABCA4_fe2f5bb3a8f55492	fe2f5bb3a8f55492dd2d71b52ad58b6f1e89e560846a0c07f231bec7db7d4518	False	
ABCA4_fe5ea5d5174fa8c2	fe5ea5d5174fa8c2eb9eb7f9491a177a5697097bf06354556e419ff1c4df7e16	False	
ABCA4_fe7a3a1df4a8d8a4	fe7a3a1df4a8d8a42e42c11dbeeeeda7d1a97d1845fdfa28df9a3fb2e6159c8e	False	
ABCA4_feab594f890e2b1e	feab594f890e2b1e76e211c25e4cd6606fe0f1bf4a1dfb5292614002ccb25e73	False	
ABCA4_fede4b6583d41c18	fede4b6583d41c18dc77ae846adf17803ef7dae4e70d94e6ff6b3ed0cc8cf311	False	
ABCA4_ff039ee4f555f4ad	ff039ee4f555f4adf6bab609be95ce0fb23df37302529b04daf09881c5075121	False	
ABCA4_ff0f0a7d824f39f5	ff0f0a7d824f39f5c5e567e1f6823f0a83282779e2db80d0864d64fe5e315ff8	False	
ABCA4_ff1961f874d025a1	ff1961f874d025a1a3371f580e58095e109344109a8091edf50a79f03607270a	False	
ABCA4_ff21d1a80fc70ea2	ff21d1a80fc70ea28b489166628610dbc1537d0a1c0642040217e75a0afdc53c	False	
ABCA4_ff3acf07a7d0f9ae	ff3acf07a7d0f9aec560f507df0dedb4ed914e62c070df25203a528887603852	False	
ABCA4_ff5aacbb16ac3f87	ff5aacbb16ac3f877ad9d965d8f78d75c6bf8697087e8b4965e83465369ff2a0	False	
ABCA4_ff6374ae6a8336ee	ff6374ae6a8336eea07261f49eb4e3acaea1e017b17745deed9b6b5d27d9f614	False	
ABCA4_ff6f2ed3b2d74008	ff6f2ed3b2d74008a5390b0d879681aafc260b4574635cd5f0ea15622f661d8c	False	
ABCA4_ff87134948593e0a	ff87134948593e0a7004094cb0c816e4e4d10c1904fd06f9ad2922c36b51915b	False	
ABCA4_ff8e1e78866db24a	ff8e1e78866db24a10b46a9b81ff2f987b5d0f72f322ca8364db0c5d1bd0f70d	False	
ABCA4_ffd6b7166ce27499	ffd6b7166ce27499e9efd1db32be69c53d7979464d44b8ef6b7ff2d0b03d1d98	False	
ABCA4_ffdcca0fb484be75	ffdcca0fb484be755747c235a7c703f4b0cc2b3b4c8022c1dddeabfe8c1dff55	False	
ABCA4_ffde2c70b56a8a43	ffde2c70b56a8a43c7904b9e99446244c96f75a9dfda58bcfaf0b635d4b73547	False	
