sequence_id	high_confidence_partner_count	gained_partner_count	lost_partner_count	jaccard_distance	mean_absolute_score_change	maximum_absolute_score_change	mapped_variant_count	genomic_variants	protein_consequences	protein_effects	protein_position	clinical_class	avi_phred_median	avi_phred_max	best_global_q	max_abs_enrichment_log2_or	ranking_kind	changed_partner_count
ABCA4_d2f361666d498b0b	525	523	160	0.997080291970803	0.14727233350276947	0.9390218257904053	1	chr1:94113040:C>T	p.W31*	stop_gain	31.0	P/LP	37.35464727566288	37.35464727566288	3.5701505656342986e-26	7.740319713942366	global_fdr	683
ABCA4_d994867fe14e81b6	588	581	155	0.990578734858681	0.1366865634918213	0.9338383674621582	2	chr1:94113010:C>T;chr1:94113011:C>T	p.W41*	stop_gain	41.0	P/LP	37.7239673981222	38.690768457146795	2.9898191476518794e-22	7.4180996440357765	global_fdr	736
ABCA4_9669e9120936223e	628	612	146	0.979328165374677	0.1364830881357193	0.9381513595581055	1	chr1:94112976:C>A	p.E53*	stop_gain	53.0	P/LP	34.71136837042642	34.71136837042642	4.020215105434966e-20	7.238664535436934	global_fdr	758
ABCA4_818072595dac88f3	231	231	162	1.0	0.17295175790786743	0.9497235417366028	1	chr1:94120985:G>A	p.Q21*	stop_gain	21.0	P/LP	44.86732569602118	44.86732569602118	1.842487756696669e-19	7.513681079589103	global_fdr	393
ABCA4_dbf51afffc52766a	178	176	160	0.9940828402366864	0.07832896709442139	0.8985233902931213	1	chr1:94098862:G>A	p.Q234*	stop_gain	234.0	P/LP	37.375815204583624	37.375815204583624	1.1858650995455096e-08	5.6884738987872625	global_fdr	336
ABCA4_4a302328235d0100	155	152	159	0.9904458598726115	0.06545025110244751	0.8546504974365234	1	chr1:94083357:G>A	p.Q285*	stop_gain	285.0	P/LP	37.703324287885934	37.703324287885934	1.9872222581490407e-08	5.78135971352466	global_fdr	311
ABCA4_c5d310aa495273c8	156	154	160	0.9936708860759493	0.07979230582714081	0.8874143958091736	1	chr1:94098850:G>A	p.Q238*	stop_gain	238.0	P/LP	37.57407832954997	37.57407832954997	5.463122256739091e-08	5.842099349507638	global_fdr	314
ABCA4_ed01557f9e5b7cb1	163	161	160	0.9938080495356038	0.07955583930015564	0.8848473429679871	2	chr1:94098845:C>T;chr1:94098846:C>T	p.W239*	stop_gain	239.0	P/LP	36.915806063900426	37.608269069496416	5.463122256739091e-08	5.837851522825489	global_fdr	321
ABCA4_8198738def80f079	155	149	156	0.9807073954983923	0.06512852013111115	0.8422174453735352	1	chr1:94083392:C>T	p.W273*	stop_gain	273.0	P/LP	37.417034757914166	37.417034757914166	3.936160156374211e-07	5.547515069224982	global_fdr	305
ABCA4_79e663cdd760d3c7	172	163	153	0.9723076923076923	0.06517282873392105	0.8380321264266968	1	chr1:94083414:G>A	p.Q266*	stop_gain	266.0	P/LP	34.194229797775634	34.194229797775634	4.936371772062908e-07	5.372571381731749	global_fdr	316
ABCA4_b448fa79d7626c54	174	164	152	0.9693251533742331	0.07382381707429886	0.87489253282547	1	chr1:94098907:T>A	p.R219*	stop_gain	219.0	P/LP	33.54140435382864	33.54140435382864	1.7991568083822555e-06	5.1773773051460115	global_fdr	316
ABCA4_f4c005519ce623a8	171	164	155	0.9785276073619632	0.07468688488006592	0.8767359852790833	1	chr1:94098910:G>A	p.Q218*	stop_gain	218.0	P/LP	37.99511844796892	37.99511844796892	3.119230425145395e-06	5.205482642826365	global_fdr	319
ABCA4_0e765006d61f8741	343	327	146	0.967280163599182	0.13085266947746277	0.9127340316772461	1	chr1:94111534:C>T	p.W69*	stop_gain	69.0	P/LP	39.20229368162061	39.20229368162061	1.4253586312230292e-05	5.702579957161825	global_fdr	473
ABCA4_1eb17fcc9a04d0bf	133	121	150	0.9575971731448764	0.06347749382257462	0.7859656810760498	1	chr1:94098827:A>C	p.Y245*	stop_gain	245.0	P/LP	26.9567472516978	26.9567472516978	3.3663510257829546e-05	4.969279073425284	global_fdr	271
ABCA4_659946516a9204f6	258	258	162	1.0	0.17529195547103882	0.9803314805030823	2	chr1:94121010:C>T;chr1:94121011:C>T	p.W12*	stop_gain	12.0	P/LP	37.19317143395308	37.351832664534534	0.0001817369362369042	5.86365773525114	global_fdr	420
ABCA4_eeb62bec3b110ed0	141	126	147	0.9479166666666666	0.056678932160139084	0.7846348285675049	1	chr1:94080697:G>A	p.Q294*	stop_gain	294.0	P/LP	36.13634162520676	36.13634162520676	0.000517042227508046	4.887341335630624	global_fdr	273
ABCA4_3b734c13c39e2bc7	137	137	162	1.0	0.16710899770259857	0.9659043550491333	2	chr1:94121001:C>T;chr1:94121002:C>T	p.W15*	stop_gain	15.0	P/LP	41.20945526643012	41.65156478034281	0.0008819992382683484	5.533755348260471	global_fdr	299
ABCA4_80bb23a18ff03ad3	158	145	149	0.9576547231270358	0.07631679624319077	0.799860954284668	1	chr1:94103017:G>A	p.Q190*	stop_gain	190.0	P/LP	46.9708999506421	46.9708999506421	0.001109997398738425	4.725443724270987	global_fdr	294
ABCA4_646fa7dc17c45797	59	54	157	0.9768518518518519	0.05556429922580719	0.7043943405151367	2	chr1:94080491:A>C;chr1:94080491:A>T	p.Y362*	stop_gain	362.0	Mixed	22.141758498370255	22.190418606147034	0.0020044821515120014	5.129283016944966	global_fdr	211
ABCA4_afb3796ade3ca702	84	69	147	0.935064935064935	0.05203205347061157	0.7047750949859619	2	chr1:94080560:C>T;chr1:94080561:C>T	p.W339*	stop_gain	339.0	P/LP	38.729895144706575	38.84871112897911	0.0020044821515120014	4.91632617561813	global_fdr	216
ABCA4_c6fe23d467553d23	72	61	151	0.9506726457399103	0.05202636867761612	0.6972448825836182	1	chr1:94080541:T>A	p.K346*	stop_gain	346.0	Other	36.54761077838955	36.54761077838955	0.003188013746463703	4.88242663969506	global_fdr	212
ABCA4_b224cb1efe00088f	76	63	149	0.9422222222222222	0.05132943019270897	0.6874106526374817	1	chr1:94080592:C>A	p.G329*	stop_gain	329.0	P/LP	36.46195290660556	36.46195290660556	0.004991667162633176	4.813068573251998	global_fdr	212
ABCA4_6dfd8dca86b83ec9	88	67	141	0.9082969432314411	0.051185306161642075	0.6616812944412231	1	chr1:94080599:G>T	p.Y326*	stop_gain	326.0	P/LP	33.21629908943605	33.21629908943605	0.005433542506003245	4.902583455633734	global_fdr	208
ABCA4_0d87fb397ae3f92d	85	70	147	0.9353448275862069	0.05265364795923233	0.6888735294342041	1	chr1:94080595:C>A	p.E328*	stop_gain	328.0	P/LP	38.25219234620938	38.25219234620938	0.005583871629665302	4.893783606967042	global_fdr	217
ABCA4_bf628f97a510e0c5	146	126	142	0.9305555555555556	0.0544847808778286	0.7567790746688843	1	chr1:94080664:G>A	p.Q305*	stop_gain	305.0	P/LP	36.99545468100277	36.99545468100277	0.005638137737778171	4.835350020628004	global_fdr	268
ABCA4_1bfb09d0f5f9134d	212	185	135	0.9221902017291066	0.07861590385437012	0.8194422125816345	1	chr1:94103080:T>A	p.K169*	stop_gain	169.0	P/LP	34.68083787689701	34.68083787689701	0.0069635974851477945	5.098835400609735	global_fdr	320
ABCA4_b293d1e24868089a	191	170	141	0.9367469879518072	0.08673307299613953	0.806702733039856	1	chr1:94103131:G>A	p.R152*	stop_gain	152.0	P/LP	34.73286814116201	34.73286814116201	0.007527378529916017	5.040675831112344	global_fdr	311
ABCA4_32f83d0e71764f02	195	171	138	0.9279279279279279	0.08372687548398972	0.8037989735603333	1	chr1:94103137:C>A	p.G150*	stop_gain	150.0	P/LP	37.87762565266099	37.87762565266099	0.014116730815659848	4.653183991929843	global_fdr	309
ABCA4_29b35e88144a1de1	58	53	157	0.9767441860465116	0.055715084075927734	0.7006416320800781	1	chr1:94080511:T>A	p.K356*	stop_gain	356.0	P/LP	49.71866864955656	49.71866864955656	0.014886381536810605	5.158726794837448	global_fdr	210
ABCA4_dee45f5398d9f480	192	178	148	0.9588235294117647	0.09884007275104523	0.8415634632110596	1	chr1:94108691:G>A	p.Q110*	stop_gain	110.0	P/LP	36.32765340888813	36.32765340888813	0.020668131944849646	5.030879312883972	global_fdr	326
ABCA4_f340a84b5d7c291b	183	169	148	0.9577039274924471	0.09649915248155594	0.8335002660751343	1	chr1:94108700:G>A	p.R107*	stop_gain	107.0	P/LP	33.20166632958776	33.20166632958776	0.02715160586061414	4.956240511991216	global_fdr	317
ABCA4_8d3af4586753e26b	179	165	148	0.9571865443425076	0.0975235179066658	0.8394515514373779	1	chr1:94108701:A>C	p.Y106*	stop_gain	106.0	P/LP	32.91030186977654	32.91030186977654	0.029725580830307116	4.92178645566209	global_fdr	313
ABCA4_e4b486cb2e7d8cb6	171	159	150	0.9626168224299065	0.099941685795784	0.8464804887771606	2	chr1:94108641:C>T;chr1:94108642:C>T	p.W126*	stop_gain	126.0	P/LP	38.03700843967013	38.125954897622314	0.03194224323715346	4.847526637490406	global_fdr	309
ABCA4_7f9b8845c24bdadb	56	51	157	0.9765258215962441	0.056732483208179474	0.6561907529830933	1	chr1:94079429:C>A	p.E378*	stop_gain	378.0	P/LP	40.88951381367727	40.88951381367727	0.035152121079781974	4.899277411498643	global_fdr	208
ABCA4_a69d6de122f1d2bd	216	192	138	0.9322033898305084	0.08402550965547562	0.8063957095146179	1	chr1:94103115:A>T	p.L157*	stop_gain	157.0	P/LP	36.68658736926016	36.68658736926016	0.03518744786587426	4.819833861339295	global_fdr	330
ABCA4_ab4e63b29814b175	231	203	134	0.9232876712328767	0.08324985206127167	0.8071334958076477	1	chr1:94103107:C>A	p.E160*	stop_gain	160.0	P/LP	44.37968473789987	44.37968473789987	0.042920386445890864	4.945268943759061	global_fdr	337
ABCA4_eaf0cdf1a575bf62	31	27	158	0.9788359788359788	0.05587368458509445	0.6142248511314392	1	chr1:94078626:G>T	p.Y440*	stop_gain	440.0	P/LP	41.83722203512058	41.83722203512058	0.09118839641484924	5.923675179904082	global_fdr	185
ABCA4_342eabeae5f4d215	20	14	156	0.9659090909090909	0.05047212541103363	0.5740219354629517	2	chr1:94063195:C>T;chr1:94063196:C>T	p.W559*	stop_gain	559.0	P/LP	39.769199784892365	42.07686556636769	0.10982359334346788	5.120093845490306	global_fdr	170
ABCA4_20c8c9805d03a440	121	118	159	0.9892857142857143	0.11357775330543518	0.876239538192749	1	chr1:94111475:C>A	p.E89*	stop_gain	89.0	P/LP	44.5830704882315	44.5830704882315	0.1669047233559511	4.32802829442378	global_fdr	277
ABCA4_573a18979c6601eb	36	32	158	0.979381443298969	0.05768556520342827	0.6346153616905212	1	chr1:94078653:C>T	p.W431*	stop_gain	431.0	P/LP	41.24004809362467	41.24004809362467	0.18770044407354197	5.645374017416978	global_fdr	190
ABCA4_28f3f30bc47222cf	47	40	155	0.9653465346534653	0.05476905778050423	0.6101123094558716	1	chr1:94079350:G>C	p.S404*	stop_gain	404.0	P/LP	35.39964273826924	35.39964273826924	0.21546921029533822	4.859307001692326	global_fdr	195
ABCA4_ab308f8d7699862f	28	26	160	0.9893617021276596	0.05610641464591026	0.6047405004501343	1	chr1:94078607:G>A	p.Q447*	stop_gain	447.0	P/LP	44.22630638053816	44.22630638053816	0.2872912645921707	5.57919555750227	global_fdr	186
ABCA4_ce758c5f59671217	30	26	158	0.9787234042553191	0.05652247369289398	0.6142243146896362	1	chr1:94078629:C>T	p.W439*	stop_gain	439.0	P/LP	37.399930916368874	37.399930916368874	0.29365577696081413	5.561105100519374	global_fdr	184
ABCA4_15f46db8d455f120	106	105	161	0.9962546816479401	0.11176193505525589	0.8754245638847351	1	chr1:94111466:C>A	p.G92*	stop_gain	92.0	P/LP	42.10199357177625	42.10199357177625	0.33012326658328695	4.1437702821522935	global_fdr	266
ABCA4_b4e05fa50d9ae0fa	34	27	155	0.962962962962963	0.05294613540172577	0.5737916827201843	1	chr1:94078699:G>C	p.S416*	stop_gain	416.0	P/LP	38.05094535047806	38.05094535047806	0.36146319456759474	5.473415848072999	global_fdr	182
ABCA4_09ff33026127d665	35	28	155	0.9631578947368421	0.050579238682985306	0.5554642677307129	1	chr1:94079339:G>A	p.R408*	stop_gain	408.0	P/LP	33.27257757922486	33.27257757922486	0.3763622366322323	5.415700350216711	global_fdr	183
ABCA4_4e726fbf24922988	114	8	56	0.3764705882352941	0.015765203163027763	0.21310347318649292	1	chr1:94019606:C>T	p.W1724*	stop_gain	1724.0	P/LP	39.31799596335543	39.31799596335543	0.5293010752688172	6.168102265835494	global_fdr	64
ABCA4_3442c0cf717f7312	39	3	126	0.7818181818181819	0.041287560015916824	0.49007052183151245	1	chr1:94031849:G>A	p.Q1353*	stop_gain	1353.0	P/LP	38.14617819292688	38.14617819292688	0.6674676273627851	7.246027980528104	global_fdr	129
ABCA4_10ac21f469966717	21	20	161	0.9945054945054945	0.0615566112101078	0.6908625364303589	2	chr1:94060702:G>C;chr1:94060702:G>T	p.Y665*	stop_gain	665.0	P/LP	33.779384825898376	33.84551046694793	0.6929268126321533	5.447865083952338	global_fdr	181
ABCA4_0ec0b0a923a189f3	33	3	132	0.8181818181818181	0.044101059436798096	0.5152841210365295	1	chr1:94031963:G>A	p.Q1315*	stop_gain	1315.0	P/LP	34.798794991501694	34.798794991501694	0.7356962486848447	7.312882955284356	global_fdr	135
ABCA4_72f6a9e7dcf9ef34	26	2	138	0.8536585365853658	0.0341157466173172	0.4496493339538574	1	chr1:94042793:G>C	p.S1099*	stop_gain	1099.0	P/LP	37.738552035557824	37.738552035557824	0.7941223863265565	8.113742166049189	global_fdr	140
ABCA4_cad15df43729f666	34	2	130	0.8048780487804879	0.03135969862341881	0.41162627935409546	2	chr1:94042786:C>T;chr1:94042787:C>T	p.W1101*	stop_gain	1101.0	P/LP	37.24400143297207	38.018019151678864	0.7975349348406343	8.027905996569885	global_fdr	132
ABCA4_e93eb24eddd6ecbc	21	15	156	0.9661016949152542	0.05213780328631401	0.5797135829925537	1	chr1:94063158:G>A	p.R572*	stop_gain	572.0	P/LP	40.88316447801559	40.88316447801559	0.8069939011644202	5.017000352526202	global_fdr	171
ABCA4_4887c7b466695403	196	55	21	0.3502304147465438	0.022332997992634773	0.2797293961048126	1	chr1:94014565:A>T	p.L1813*	stop_gain	1813.0	P/LP	36.42883971877901	36.42883971877901	0.8873667071960643	4.392317422778761	global_fdr	76
ABCA4_dd965a96e04125db	36	32	158	0.979381443298969	0.05696164071559906	0.6319983601570129	1	chr1:94060656:G>A	p.R681*	stop_gain	681.0	P/LP	33.57665095458847	33.57665095458847	0.9733126650924034	4.6995297874638835	global_fdr	190
ABCA4_5b419c00803751ec	126	11	47	0.33526011560693647	0.017696015536785126	0.20237022638320923	1	chr1:94029561:G>A	p.Q1475*	stop_gain	1475.0	P/LP	39.879307965262555	39.879307965262555	0.9897451167342715	4.643856189774724	global_fdr	58
ABCA4_ee38dadae3826f18	9	1	154	0.950920245398773	0.036445967853069305	0.38170623779296875	1	chr1:94056638:C>T	p.W782*	stop_gain	782.0	P/LP	39.10431234988051	39.10431234988051	1.0	9.85642552862553	global_fdr	155
ABCA4_f4b856b9e5c2a4a5	10	1	153	0.9447852760736196	0.0372752919793129	0.3878440260887146	1	chr1:94056636:G>A	p.Q783*	stop_gain	783.0	P/LP	43.359789352526555	43.359789352526555	1.0	9.847057346091336	global_fdr	154
ABCA4_a73dc846c5d2c494	4	3	161	0.9939393939393939	0.056203022599220276	0.5861730575561523	1	chr1:94062680:G>A	p.Q612*	stop_gain	612.0	P/LP	38.48508045652876	38.48508045652876	1.0	7.598424760527719	global_fdr	164
ABCA4_396c4ec3d619899b	10	3	155	0.9575757575757575	0.03756144270300865	0.48332127928733826	1	chr1:94056773:A>T	p.L737*	stop_gain	737.0	P/LP	44.79645104353491	44.79645104353491	1.0	7.543805175964397	global_fdr	158
ABCA4_84dbdf2e6d0d0455	74	3	91	0.5696969696969697	0.021544648334383965	0.272878497838974	1	chr1:94021926:T>A	p.K1565*	stop_gain	1565.0	P/LP	36.18984002058802	36.18984002058802	1.0	6.778734244117836	global_fdr	94
ABCA4_6d80010363344c84	0	0	162	1.0	0.05486080422997475	0.558242678642273	1	chr1:94062665:G>A	p.Q617*	stop_gain	617.0	P/LP	35.451103241557924	35.451103241557924	1.0	6.750427853972769	global_fdr	162
ABCA4_705bf37ffdcdbeae	0	0	162	1.0	0.05497058108448982	0.5758284330368042	1	chr1:94062641:G>A	p.Q625*	stop_gain	625.0	P/LP	28.463765123607786	28.463765123607786	1.0	6.750427853972769	global_fdr	162
ABCA4_ef390290e2bd3e3a	0	0	162	1.0	0.05400818586349487	0.5741642117500305	1	chr1:94062611:G>A	p.Q635*	stop_gain	635.0	P/LP	37.98208634570973	37.98208634570973	1.0	6.750427853972769	global_fdr	162
ABCA4_9a9ff8557ff2dd6b	0	0	162	1.0	0.05231142044067383	0.5715199112892151	1	chr1:94062608:G>A	p.Q636*	stop_gain	636.0	P/LP	38.3608592658376	38.3608592658376	1.0	6.750427853972769	global_fdr	162
ABCA4_93b222202fc0cf94	0	0	162	1.0	0.05170899257063866	0.5590485334396362	1	chr1:94062597:G>T	p.Y639*	stop_gain	639.0	P/LP	32.909795964386134	32.909795964386134	1.0	6.750427853972769	global_fdr	162
ABCA4_2de9a3d96e847c1b	4	0	158	0.9753086419753086	0.04500359669327736	0.4590536952018738	1	chr1:94060607:C>T	p.W697*	stop_gain	697.0	Other	38.27475314925162	38.27475314925162	1.0	6.714245517666122	global_fdr	158
ABCA4_b3b6818b01636509	4	0	158	0.9753086419753086	0.04182186722755432	0.44690266251564026	1	chr1:94060598:C>T	p.W700*	stop_gain	700.0	P/LP	36.46309925604313	36.46309925604313	1.0	6.714245517666122	global_fdr	158
ABCA4_d42b13deb9345fa8	8	0	154	0.9506172839506173	0.03581051155924797	0.3835744261741638	1	chr1:94056646:G>T	p.C779*	stop_gain	779.0	Other	35.9195900745611	35.9195900745611	1.0	6.677132344649023	global_fdr	154
ABCA4_a79dbcc6d517c893	19	5	148	0.9161676646706587	0.042102403938770294	0.5273261070251465	1	chr1:94040086:A>T	p.C1188*	stop_gain	1188.0	P/LP	34.521048460863774	34.521048460863774	1.0	6.6293566200796095	global_fdr	153
ABCA4_bd907ec91335ccf4	21	5	146	0.9041916167664671	0.04170387238264084	0.5234596133232117	1	chr1:94040119:G>T	p.C1177*	stop_gain	1177.0	P/LP	37.43850972248381	37.43850972248381	1.0	6.6097943537010915	global_fdr	151
ABCA4_67031672856c5f8f	22	5	145	0.8982035928143712	0.03983749449253082	0.5143798589706421	1	chr1:94041263:G>C	p.Y1156*	stop_gain	1156.0	P/LP	35.16809230222443	35.16809230222443	1.0	6.599912842187128	global_fdr	150
ABCA4_9dbb8629c4199559	23	5	144	0.8922155688622755	0.039861615747213364	0.520458996295929	1	chr1:94041367:C>A	p.E1122*	stop_gain	1122.0	P/LP	37.187563779174226	37.187563779174226	1.0	6.589963181779522	global_fdr	149
ABCA4_e80f48bbcf7571a5	23	5	144	0.8922155688622755	0.04134336858987808	0.5291424989700317	1	chr1:94041328:G>A	p.Q1135*	stop_gain	1135.0	P/LP	35.51975697628949	35.51975697628949	1.0	6.589963181779522	global_fdr	149
ABCA4_9116e6bc21cb7cab	19	0	143	0.8827160493827161	0.03265844285488129	0.4086366593837738	1	chr1:94044724:A>T	p.L980*	stop_gain	980.0	P/LP	36.97993028620913	36.97993028620913	1.0	6.569855608330948	global_fdr	143
ABCA4_c6d2c38e51aff12d	19	0	143	0.8827160493827161	0.03331286832690239	0.4167475998401642	1	chr1:94044692:C>A	p.G991*	stop_gain	991.0	P/LP	44.0517596039368	44.0517596039368	1.0	6.569855608330948	global_fdr	143
ABCA4_703c9ed36ed8bdb3	19	0	143	0.8827160493827161	0.03495735675096512	0.44467878341674805	1	chr1:94043445:A>C	p.Y1027*	stop_gain	1027.0	P/LP	25.96392282375713	25.96392282375713	1.0	6.569855608330948	global_fdr	143
ABCA4_fd9314db0671670e	26	5	141	0.874251497005988	0.03935931250452995	0.509421706199646	1	chr1:94041261:A>C	p.L1157*	stop_gain	1157.0	P/LP	35.77728358458426	35.77728358458426	1.0	6.559695742110726	global_fdr	146
ABCA4_de7d1a60fb525ec8	26	5	141	0.874251497005988	0.04031157121062279	0.5005701780319214	1	chr1:94040055:G>A	p.Q1199*	stop_gain	1199.0	P/LP	41.727959798894425	41.727959798894425	1.0	6.559695742110726	global_fdr	146
ABCA4_b7ff9e33e60ebe0e	20	0	142	0.8765432098765432	0.033781930804252625	0.4484781324863434	1	chr1:94044635:G>A	p.Q1010*	stop_gain	1010.0	P/LP	43.485020553439064	43.485020553439064	1.0	6.559695742110726	global_fdr	142
ABCA4_7596f303176bc66b	21	0	141	0.8703703703703703	0.03296242654323578	0.4342433214187622	1	chr1:94044656:G>A	p.Q1003*	stop_gain	1003.0	P/LP	41.26422359440851	41.26422359440851	1.0	6.5494638194997705	global_fdr	141
ABCA4_bf7b3fdb9e44041b	21	0	141	0.8703703703703703	0.03464183583855629	0.4518997073173523	1	chr1:94043462:C>A	p.E1022*	stop_gain	1022.0	P/LP	43.25446708617945	43.25446708617945	1.0	6.5494638194997705	global_fdr	141
ABCA4_fdd03185394cbaaa	21	0	141	0.8703703703703703	0.03336810693144798	0.4307785630226135	1	chr1:94043441:G>A	p.Q1029*	stop_gain	1029.0	P/LP	42.01879285059021	42.01879285059021	1.0	6.5494638194997705	global_fdr	141
ABCA4_0b29c65b1fdc6352	22	0	140	0.8641975308641976	0.03293582797050476	0.41442421078681946	1	chr1:94043435:T>A	p.K1031*	stop_gain	1031.0	P/LP	37.09906600936263	37.09906600936263	1.0	6.539158811108031	global_fdr	140
ABCA4_30903e1f77956cc0	29	5	138	0.8562874251497006	0.03942285105586052	0.4944918751716614	1	chr1:94037339:C>A	p.E1207*	stop_gain	1207.0	P/LP	41.47351990651393	41.47351990651393	1.0	6.528779665328032	global_fdr	143
ABCA4_d43aa9ab12fe7a7f	33	5	134	0.8323353293413174	0.04695257917046547	0.5260235071182251	1	chr1:94031912:G>A	p.Q1332*	stop_gain	1332.0	P/LP	33.482133916696675	33.482133916696675	1.0	6.486499861835468	global_fdr	139
ABCA4_065ed845a944490b	36	5	131	0.8143712574850299	0.043513357639312744	0.5093425512313843	1	chr1:94031918:C>A	p.E1330*	stop_gain	1330.0	P/LP	27.42818848621024	27.42818848621024	1.0	6.453956488571146	global_fdr	136
ABCA4_2601fdc599ffd8a2	8	6	160	0.9880952380952381	0.05733807757496834	0.5982106328010559	1	chr1:94062700:C>T	p.W605*	stop_gain	605.0	P/LP	38.304433691677275	38.304433691677275	1.0	6.451960369206162	global_fdr	166
ABCA4_5fc219ee65af215f	39	5	128	0.7964071856287425	0.036740902811288834	0.47352874279022217	1	chr1:94037276:C>A	p.E1228*	stop_gain	1228.0	P/LP	49.55206951717632	49.55206951717632	1.0	6.420662048472722	global_fdr	133
ABCA4_dee7e4f43ee41edf	15	12	159	0.9827586206896551	0.054601527750492096	0.5737890005111694	1	chr1:94077845:G>A	p.Q467*	stop_gain	467.0	P/LP	34.49109447929188	34.49109447929188	1.0	6.247023285873471	global_fdr	171
ABCA4_4a4101973f7b9924	167	7	2	0.053254437869822535	0.0033144825138151646	0.036041051149368286	1	chr1:94005500:G>A	p.R2030*	stop_gain	2030.0	P/LP	32.46448054324914	32.46448054324914	1.0	6.22881869049588	global_fdr	9
ABCA4_7da514cddb743196	33	6	135	0.8392857142857143	0.04318373650312424	0.5272080302238464	1	chr1:94037150:C>A	p.E1270*	stop_gain	1270.0	P/LP	41.786151086895096	41.786151086895096	1.0	6.2076799234377305	global_fdr	141
ABCA4_35550cc3e07887ee	92	4	74	0.4698795180722891	0.02043403685092926	0.2428905963897705	1	chr1:94023414:T>A	p.K1547*	stop_gain	1547.0	P/LP	37.131038753664114	37.131038753664114	1.0	5.9967760991257135	global_fdr	78
ABCA4_17d99d7764e9c3b9	92	4	74	0.4698795180722891	0.019564324989914894	0.2353595495223999	1	chr1:94023400:C>T	p.W1551*	stop_gain	1551.0	P/LP	40.76425798500803	40.76425798500803	1.0	5.9967760991257135	global_fdr	78
ABCA4_0926be14abf9c736	11	8	159	0.9823529411764705	0.05508970841765404	0.5648446083068848	2	chr1:94062747:C>T;chr1:94062748:C>T	p.W589*	stop_gain	589.0	P/LP	38.856037429243656	39.19583576991909	1.0	5.995484518877507	global_fdr	167
ABCA4_5d2b24d73f245112	76	5	91	0.5748502994011976	0.022114666178822517	0.2880775034427643	1	chr1:94021899:C>A	p.E1574*	stop_gain	1574.0	P/LP	50.34388197765257	50.34388197765257	1.0	5.930737337562887	global_fdr	96
ABCA4_84e3481a945efb06	39	7	130	0.8106508875739645	0.04271319881081581	0.5157787799835205	1	chr1:94036770:C>A	p.E1278*	stop_gain	1278.0	P/LP	46.31433828915092	46.31433828915092	1.0	5.912428779149948	global_fdr	137
ABCA4_a1d1e984f90440cc	78	5	89	0.562874251497006	0.01963230036199093	0.2606574296951294	1	chr1:94021948:A>T	p.Y1557*	stop_gain	1557.0	P/LP	31.197550504077256	31.197550504077256	1.0	5.8988532765431	global_fdr	94
ABCA4_acd2d3feadcad4d3	18	15	159	0.9830508474576272	0.055834054946899414	0.5928990244865417	1	chr1:94077853:A>T	p.L464*	stop_gain	464.0	P/LP	33.66363190637775	33.66363190637775	1.0	5.884453206488764	global_fdr	174
ABCA4_8bcedcd67aefb5bc	189	29	2	0.16230366492146597	0.010169463232159615	0.12541663646697998	1	chr1:94008810:G>A	p.Q1926*	stop_gain	1926.0	P/LP	34.68997451032091	34.68997451032091	1.0	5.882643049361842	global_fdr	31
ABCA4_26542507441c6003	116	6	52	0.34523809523809523	0.017002156004309654	0.20002102851867676	1	chr1:94029504:C>A	p.E1494*	stop_gain	1494.0	P/LP	45.526220379998314	45.526220379998314	1.0	5.866248611111173	global_fdr	58
ABCA4_dc9c280e6ff14099	34	8	136	0.8470588235294118	0.041084010154008865	0.5173565149307251	1	chr1:94037229:A>T	p.Y1243*	stop_gain	1243.0	P/LP	24.194297794938898	24.194297794938898	1.0	5.77082904603249	global_fdr	144
ABCA4_a62f54647af6e2da	34	8	136	0.8470588235294118	0.04155965521931648	0.5241707563400269	1	chr1:94037204:C>A	p.E1252*	stop_gain	1252.0	P/LP	42.50668993142671	42.50668993142671	1.0	5.77082904603249	global_fdr	144
ABCA4_7a26a5b54a8bfa55	37	8	133	0.8294117647058823	0.04653741791844368	0.5459316968917847	1	chr1:94032008:G>A	p.R1300*	stop_gain	1300.0	P/LP	30.341360999583703	30.341360999583703	1.0	5.738767836800192	global_fdr	141
ABCA4_ea0dd15afd3e2b85	38	8	132	0.8235294117647058	0.045317649841308594	0.5426264405250549	1	chr1:94032035:G>A	p.Q1291*	stop_gain	1291.0	P/LP	36.618325146416694	36.618325146416694	1.0	5.727920454563199	global_fdr	140
ABCA4_910acfbbd01eb135	39	8	131	0.8176470588235294	0.045812588185071945	0.5423533916473389	1	chr1:94032032:G>A	p.Q1292*	stop_gain	1292.0	P/LP	34.58976854514504	34.58976854514504	1.0	5.71699089440494	global_fdr	139
ABCA4_985f918cff12a853	10	10	162	1.0	0.06285340338945389	0.6865823864936829	2	chr1:94060708:C>T;chr1:94060709:C>T	p.W663*	stop_gain	663.0	Mixed	40.25549687304509	42.54838252189049	1.0	5.681330895193388	global_fdr	172
ABCA4_dfb83f660445d79e	169	8	1	0.05294117647058827	0.0029395900201052427	0.039753735065460205	1	chr1:94098873:C>T	p.C230Y	missense	230.0	P/LP	26.641915862406425	26.641915862406425	1.0	5.672425341971495	global_fdr	9
ABCA4_704b40962fb11342	92	5	75	0.47904191616766467	0.020952749997377396	0.24600720405578613	1	chr1:94023416:A>C	p.L1546*	stop_gain	1546.0	P/LP	36.4356700396926	36.4356700396926	1.0	5.6534422386039225	global_fdr	80
ABCA4_25f70cc058fae7d5	82	11	91	0.5895953757225434	0.0242787953466177	0.3228912949562073	2	chr1:94021404:C>T;chr1:94021405:C>T	p.W1618*	stop_gain	1618.0	P/LP	48.171303308658395	49.280547056740176	1.0	5.589700419727819	global_fdr	102
ABCA4_7d0f2321cb9d0900	128	9	43	0.30409356725146197	0.01448714267462492	0.1904829442501068	2	chr1:94019588:C>T;chr1:94019589:C>T	p.W1730*	stop_gain	1730.0	P/LP	40.3827318781518	42.26024737623894	1.0	5.54985869976524	global_fdr	52
ABCA4_50d637253f22e454	79	12	95	0.6149425287356323	0.027804676443338394	0.3483475148677826	1	chr1:94019723:G>T	p.C1685*	stop_gain	1685.0	P/LP	25.671573430211673	25.671573430211673	1.0	5.507039500144351	global_fdr	107
ABCA4_2641c96178eb5180	71	7	98	0.6213017751479291	0.026940349489450455	0.3679512143135071	1	chr1:94021262:C>A	p.E1666*	stop_gain	1666.0	P/LP	38.6318092466627	38.6318092466627	1.0	5.50657460203644	global_fdr	105
ABCA4_f0c0bff2629443d0	135	8	35	0.2529411764705882	0.014189708977937698	0.16952261328697205	2	chr1:94014666:G>C;chr1:94014666:G>T	p.Y1779*	stop_gain	1779.0	Mixed	42.227353632375284	50.02003424787965	1.0	5.497670422924989	global_fdr	43
ABCA4_973d4bf40722e4bd	168	7	1	0.047337278106508895	0.0034605965483933687	0.0437052845954895	1	chr1:94011288:G>T	p.A1853D	missense	1853.0	P/LP	27.03987517603541	27.03987517603541	1.0	5.491853096329675	global_fdr	8
ABCA4_bc822bcdcb960b31	27	19	154	0.9558011049723757	0.05452728644013405	0.5647949576377869	1	chr1:94063275:G>A	p.Q533*	stop_gain	533.0	P/LP	43.89029324443123	43.89029324443123	1.0	5.464108105846771	global_fdr	173
ABCA4_922a8b2e03848553	69	8	101	0.6411764705882352	0.027199581265449524	0.36649322509765625	1	chr1:94021302:A>C	p.Y1652*	stop_gain	1652.0	P/LP	24.603569300375383	24.603569300375383	1.0	5.343407822297814	global_fdr	109
ABCA4_f2d5e2801dc82a34	167	6	1	0.04166666666666663	0.0021376998629420996	0.031872451305389404	1	chr1:94098949:A>C	p.C205G	missense	205.0	P/LP	24.902080918785828	24.902080918785828	1.0	5.285402218862249	global_fdr	7
ABCA4_473058af71ac866c	127	11	46	0.32947976878612717	0.01474294625222683	0.20257896184921265	1	chr1:94019609:G>C	p.Y1723*	stop_gain	1723.0	P/LP	35.203977551133136	35.203977551133136	1.0	5.2590508919152965	global_fdr	57
ABCA4_329d37b9cd6e21fe	120	13	55	0.38857142857142857	0.020346133038401604	0.22675496339797974	1	chr1:94025042:G>A	p.Q1516*	stop_gain	1516.0	P/LP	40.22231578875455	40.22231578875455	1.0	5.20945336562895	global_fdr	68
ABCA4_ea529ec8915d3769	22	13	153	0.9485714285714286	0.05241028219461441	0.5330557823181152	1	chr1:94077692:C>A	p.E518*	stop_gain	518.0	P/LP	41.71257291010093	41.71257291010093	1.0	5.203201156316611	global_fdr	166
ABCA4_7c6942e44a8280f6	163	3	2	0.030303030303030276	0.0024289025459438562	0.03197290003299713	1	chr1:94029504:C>T	p.E1494K	missense	1494.0	VUS	22.523550376023934	22.523550376023934	1.0	5.129283016944966	global_fdr	5
ABCA4_ce091ad00915b19d	161	2	3	0.030487804878048808	0.0011980042327195406	0.01367834210395813	1	chr1:94060661:T>A	p.E679V	missense	679.0	Conflicting	25.16103564767657	25.16103564767657	1.0	5.129283016944966	global_fdr	5
ABCA4_0e633712b2798537	114	10	58	0.39534883720930236	0.01711810566484928	0.21650171279907227	2	chr1:94029547:C>T;chr1:94029548:C>T	p.W1479*	stop_gain	1479.0	P/LP	42.19026880855061	42.59047924715442	1.0	5.104829973220427	global_fdr	68
ABCA4_ac335cb43883ac30	8	1	155	0.9570552147239264	0.036593832075595856	0.44927263259887695	1	chr1:94047063:C>T	p.W925*	stop_gain	925.0	P/LP	33.447643108128	33.447643108128	1.0	5.1015380264620624	global_fdr	156
ABCA4_9179d52c098aba81	8	1	155	0.9570552147239264	0.03575168922543526	0.4249305725097656	1	chr1:94047047:G>T	p.C930*	stop_gain	930.0	P/LP	26.815213102979023	26.815213102979023	1.0	5.1015380264620624	global_fdr	156
ABCA4_f220f5cd78084aeb	8	1	155	0.9570552147239264	0.0338628813624382	0.42247533798217773	1	chr1:94047014:A>T	p.C941*	stop_gain	941.0	P/LP	26.223126079222226	26.223126079222226	1.0	5.1015380264620624	global_fdr	156
ABCA4_5e336a6a2e1d890c	9	1	154	0.950920245398773	0.03238792344927788	0.40618762373924255	1	chr1:94046975:G>C	p.Y954*	stop_gain	954.0	P/LP	22.004148797658047	22.004148797658047	1.0	5.092169843927867	global_fdr	155
ABCA4_6db0ef914d8585bf	10	1	153	0.9447852760736196	0.03311850503087044	0.4074859321117401	1	chr1:94047022:C>A	p.E939*	stop_gain	939.0	P/LP	34.597222966506685	34.597222966506685	1.0	5.082740431007936	global_fdr	154
ABCA4_3bd6d375b5bc75f3	78	9	93	0.5964912280701755	0.02275174856185913	0.3027917146682739	2	chr1:94021386:C>T;chr1:94021387:C>T	p.W1624*	stop_gain	1624.0	P/LP	42.88010764191379	43.64981329738402	1.0	5.044394119358453	global_fdr	102
ABCA4_0d2f93451aa8a885	166	5	1	0.0359281437125748	0.0017379961209371686	0.021433353424072266	1	chr1:94098943:C>G	p.E207Q	missense	207.0	B/LB	10.906250633882573	10.906250633882573	1.0	5.044394119358453	global_fdr	6
ABCA4_83cf0e40e0bbc0fe	166	5	1	0.0359281437125748	0.0015517252031713724	0.021317124366760254	1	chr1:94014640:G>A	p.P1788L	missense	1788.0	VUS	25.86420372262603	25.86420372262603	1.0	5.044394119358453	global_fdr	6
ABCA4_8af1000449f16909	166	5	1	0.0359281437125748	0.001528147840872407	0.020280301570892334	1	chr1:94014559:A>G	p.L1815S	missense	1815.0	VUS	26.38155094151537	26.38155094151537	1.0	5.044394119358453	global_fdr	6
ABCA4_5c771d7ed1da3ab1	22	15	155	0.96045197740113	0.05400490015745163	0.5588169097900391	1	chr1:94063288:G>T	p.Y528*	stop_gain	528.0	P/LP	25.623398759193012	25.623398759193012	1.0	5.007752275724187	global_fdr	170
ABCA4_bfc15b4c1ed9612b	170	10	2	0.06976744186046513	0.003994582686573267	0.058614373207092285	1	chr1:94079419:G>C	p.P381R	missense	381.0	VUS	23.20437238289921	23.20437238289921	1.0	4.984893107609792	global_fdr	12
ABCA4_41f0b5a992bccc4c	21	1	142	0.8773006134969326	0.037172187119722366	0.4753674864768982	1	chr1:94043357:C>A	p.E1057*	stop_gain	1057.0	P/LP	43.05118872151438	43.05118872151438	1.0	4.97473324138957	global_fdr	143
ABCA4_9ccd3171c0edf017	21	1	142	0.8773006134969326	0.036043886095285416	0.4771413803100586	1	chr1:94042830:C>A	p.E1087*	stop_gain	1087.0	P/LP	38.457771973221114	38.457771973221114	1.0	4.97473324138957	global_fdr	143
ABCA4_bd0bc2df1581a794	120	10	52	0.36046511627906974	0.020729482173919678	0.21639320254325867	1	chr1:94025021:G>A	p.Q1523*	stop_gain	1523.0	P/LP	37.518172441318846	37.518172441318846	1.0	4.948710771303146	global_fdr	62
ABCA4_30b7f0b8e72152a0	188	33	7	0.20512820512820518	0.014508294872939587	0.18062588572502136	1	chr1:94010804:G>A	p.Q1904*	stop_gain	1904.0	P/LP	27.192714427483175	27.192714427483175	1.0	4.928585666707837	global_fdr	40
ABCA4_e315e5dac04ed83e	28	1	135	0.834355828220859	0.03383691608905792	0.444681316614151	1	chr1:94042800:T>A	p.R1097*	stop_gain	1097.0	P/LP	33.064273831801934	33.064273831801934	1.0	4.901537361114312	global_fdr	136
ABCA4_a46ba407df24558d	183	24	3	0.14516129032258063	0.009597434662282467	0.11998334527015686	1	chr1:94008762:C>A	p.E1942*	stop_gain	1942.0	P/LP	34.078822650335134	34.078822650335134	1.0	4.877744249949002	global_fdr	27
ABCA4_cf3a880407a518b7	115	6	53	0.35119047619047616	0.01594681479036808	0.18706762790679932	1	chr1:94029483:C>A	p.E1501*	stop_gain	1501.0	P/LP	37.22702681108401	37.22702681108401	1.0	4.866997868485006	global_fdr	59
ABCA4_44087fbce4f59774	21	17	158	0.9776536312849162	0.05522045120596886	0.5818212032318115	2	chr1:94077747:C>T;chr1:94077748:C>T	p.W499*	stop_gain	499.0	P/LP	38.03981157241452	38.23836680387186	1.0	4.84890741150211	global_fdr	175
ABCA4_a4400739c33bddce	205	43	0	0.20975609756097557	0.006696055643260479	0.07554882764816284	1	chr1:94029522:A>G	p.C1488R	missense	1488.0	P/LP	28.191003730921956	28.191003730921956	1.0	4.824428435416546	global_fdr	43
ABCA4_d1596cdb7afff3f9	122	11	51	0.35838150289017345	0.017078854143619537	0.21176749467849731	1	chr1:94029555:G>A	p.Q1477*	stop_gain	1477.0	P/LP	35.439312844288665	35.439312844288665	1.0	4.760501108626995	global_fdr	62
ABCA4_d5f6ccf5bf7edf95	203	41	0	0.20197044334975367	0.006157287862151861	0.0657426118850708	1	chr1:94029521:C>T	p.C1488Y	missense	1488.0	P/LP	31.444903710506814	31.444903710506814	1.0	4.754887502163468	global_fdr	41
ABCA4_00ba5d672a00ce94	165	4	1	0.030120481927710885	0.001482370076701045	0.0207081139087677	1	chr1:94037281:C>T	p.G1226D	missense	1226.0	VUS	27.868108603960504	27.868108603960504	1.0	4.754887502163468	global_fdr	5
ABCA4_0854588183ce5720	165	4	1	0.030120481927710885	0.0015706628328189254	0.021719157695770264	1	chr1:94044723:C>G	p.L980F	missense	980.0	VUS	18.412492309311364	18.412492309311364	1.0	4.754887502163468	global_fdr	5
ABCA4_42743c036778184a	165	4	1	0.030120481927710885	0.0012252074666321278	0.017577528953552246	1	chr1:94080490:C>T	p.D363N	missense	363.0	VUS	17.630143257743523	17.630143257743523	1.0	4.754887502163468	global_fdr	5
ABCA4_53abc839d2d1d5e8	165	4	1	0.030120481927710885	0.0013268853072077036	0.017636507749557495	1	chr1:94077767:C>T	p.D493N	missense	493.0	Conflicting	5.819753015634939	5.819753015634939	1.0	4.754887502163468	global_fdr	5
ABCA4_73530e6914629cb6	165	4	1	0.030120481927710885	0.002141790697351098	0.02570253610610962	1	chr1:94121036:C>T	p.V4M	missense	4.0	VUS	11.291178609564188	11.291178609564188	1.0	4.754887502163468	global_fdr	5
ABCA4_8210b50ce1eecfea	165	4	1	0.030120481927710885	0.0016412752447649837	0.021947503089904785	1	chr1:94005550:T>C	p.N2013S	missense	2013.0	Conflicting	5.285612129849673	5.285612129849673	1.0	4.754887502163468	global_fdr	5
ABCA4_a8ed525f8249db24	165	4	1	0.030120481927710885	0.0015009688213467598	0.021824419498443604	1	chr1:94031898:C>A	p.E1336D	missense	1336.0	VUS	6.470729037652879	6.470729037652879	1.0	4.754887502163468	global_fdr	5
ABCA4_a9b9477676f18f7d	165	4	1	0.030120481927710885	0.001341490657068789	0.01609426736831665	1	chr1:94011343:C>T	p.V1835I	missense	1835.0	B/LB	12.116613639344854	12.116613639344854	1.0	4.754887502163468	global_fdr	5
ABCA4_abeef242a2f458a6	165	4	1	0.030120481927710885	0.0017848532879725099	0.02254381775856018	1	chr1:94078627:T>C	p.Y440C	missense	440.0	Conflicting	18.695289923649955	18.695289923649955	1.0	4.754887502163468	global_fdr	5
ABCA4_b6f3f3b0d32abea2	165	4	1	0.030120481927710885	0.0010932107688859105	0.014117240905761719	1	chr1:94010861:C>T	p.E1885K	missense	1885.0	VUS	26.106456671895447	26.106456671895447	1.0	4.754887502163468	global_fdr	5
ABCA4_ffd6b7166ce27499	165	4	1	0.030120481927710885	0.0016413527773693204	0.023893281817436218	1	chr1:94113012:A>C	p.W41G	missense	41.0	VUS	21.26668321487837	21.26668321487837	1.0	4.754887502163468	global_fdr	5
ABCA4_573f31bfd08abeb0	27	18	153	0.95	0.05278637260198593	0.5388995409011841	1	chr1:94063315:G>T	p.C519*	stop_gain	519.0	P/LP	33.776410338698334	33.776410338698334	1.0	4.717774329146369	global_fdr	171
ABCA4_51ea230173a7fe01	162	2	2	0.024390243902439046	0.0009555079159326851	0.011825203895568848	1	chr1:94047019:G>A	p.P940S	missense	940.0	VUS	14.694336413005145	14.694336413005145	1.0	4.643856189774724	global_fdr	4
ABCA4_66d984ac3d2a9a1e	162	2	2	0.024390243902439046	0.0016045838128775358	0.01940333843231201	1	chr1:94060622:G>A	p.S692F	missense	692.0	VUS	24.345614489393093	24.345614489393093	1.0	4.643856189774724	global_fdr	4
ABCA4_700316d817f6e632	162	2	2	0.024390243902439046	0.00115099863614887	0.014976739883422852	1	chr1:94021848:C>T	p.G1591R	missense	1591.0	Conflicting	23.033768308692267	23.033768308692267	1.0	4.643856189774724	global_fdr	4
ABCA4_7955f6aabd69daac	162	2	2	0.024390243902439046	0.0010939700296148658	0.013066321611404419	1	chr1:94062581:C>T	p.D645N	missense	645.0	P/LP	25.608023483737554	25.608023483737554	1.0	4.643856189774724	global_fdr	4
ABCA4_7d85deb049a6ed3d	162	2	2	0.024390243902439046	0.0011790425051003695	0.011734634637832642	1	chr1:94078672:C>G	p.R425T	missense	425.0	VUS	19.74295013940789	19.74295013940789	1.0	4.643856189774724	global_fdr	4
ABCA4_81bbc09f241bdbaa	162	2	2	0.024390243902439046	0.001297474722377956	0.017343789339065552	1	chr1:94062725:G>A	p.P597S	missense	597.0	P/LP	24.417960120309814	24.417960120309814	1.0	4.643856189774724	global_fdr	4
ABCA4_877c94f9fba7966d	162	2	2	0.024390243902439046	0.001184316468425095	0.012991607189178467	1	chr1:94062692:A>T	p.F608I	missense	608.0	P/LP	25.661361805284862	25.661361805284862	1.0	4.643856189774724	global_fdr	4
ABCA4_87d035c4dbb2e751	162	2	2	0.024390243902439046	0.001565079903230071	0.019380033016204834	1	chr1:94056606:C>T	p.A793T	missense	793.0	VUS	11.386232135109841	11.386232135109841	1.0	4.643856189774724	global_fdr	4
ABCA4_91a5118a5d40e4ce	162	2	2	0.024390243902439046	0.0009484661277383566	0.013085722923278809	1	chr1:94108595:G>A	p.H142Y	missense	142.0	VUS	18.02359902335477	18.02359902335477	1.0	4.643856189774724	global_fdr	4
ABCA4_9bd6d654bad4c503	162	2	2	0.024390243902439046	0.0010368782095611095	0.013216733932495117	1	chr1:94111526:C>T	p.G72R	missense	72.0	P/LP	33.8662675748995	33.8662675748995	1.0	4.643856189774724	global_fdr	4
ABCA4_cd6a15971c1aa791	162	2	2	0.024390243902439046	0.00098931894171983	0.012044548988342285	1	chr1:94056607:C>G	p.K792N	missense	792.0	VUS	13.15907403109091	13.15907403109091	1.0	4.643856189774724	global_fdr	4
ABCA4_4ee448c7e8331ae9	123	12	51	0.3620689655172413	0.01797368936240673	0.23285317420959473	1	chr1:94029478:G>T	p.C1502*	stop_gain	1502.0	P/LP	34.381104232868886	34.381104232868886	1.0	4.6161111992918205	global_fdr	63
ABCA4_ff6f2ed3b2d74008	199	37	0	0.18592964824120606	0.005915846209973097	0.06589490175247192	1	chr1:94029521:C>A	p.C1488F	missense	1488.0	P/LP	31.3548616457015	31.3548616457015	1.0	4.6048620581588615	global_fdr	37
ABCA4_5a85a2e2f0575afc	135	9	36	0.26315789473684215	0.01473972573876381	0.18283778429031372	1	chr1:94015741:A>C	p.Y1770*	stop_gain	1770.0	P/LP	22.953111890351696	22.953111890351696	1.0	4.604862058158861	global_fdr	45
ABCA4_0732f61af14364f3	124	12	50	0.3563218390804598	0.017284829169511795	0.21988335251808167	1	chr1:94029625:G>C	p.Y1453*	stop_gain	1453.0	P/LP	36.37345723862483	36.37345723862483	1.0	4.587822154860397	global_fdr	62
ABCA4_1af9510c5e3c795e	128	11	45	0.32369942196531787	0.01689528301358223	0.19313675165176392	1	chr1:94029570:G>A	p.Q1472*	stop_gain	1472.0	P/LP	35.334615378024374	35.334615378024374	1.0	4.581795221642473	global_fdr	56
ABCA4_ba7e5d04c28f714b	29	20	153	0.9505494505494505	0.05518650636076927	0.5537258982658386	1	chr1:94063228:C>T	p.W548*	stop_gain	548.0	P/LP	39.41192531073855	39.41192531073855	1.0	4.561655127229088	global_fdr	173
ABCA4_8141ef7cc8d190e5	125	12	49	0.3505747126436781	0.017293307930231094	0.21322649717330933	1	chr1:94029601:C>T	p.W1461*	stop_gain	1461.0	P/LP	39.591945607164746	39.591945607164746	1.0	4.558967292188212	global_fdr	61
ABCA4_9fd8bc43a31ae781	127	12	47	0.3390804597701149	0.017019055783748627	0.2161875069141388	1	chr1:94029630:C>A	p.E1452*	stop_gain	1452.0	P/LP	47.128365349566735	47.128365349566735	1.0	4.49946628043955	global_fdr	59
ABCA4_92c007d02b948ffa	138	9	33	0.24561403508771928	0.014598130248486996	0.1772136092185974	2	chr1:94014687:C>T;chr1:94014688:C>T	p.W1772*	stop_gain	1772.0	P/LP	43.9036483665107	44.85939337451179	1.0	4.481126689736616	global_fdr	42
ABCA4_16443e7ad2282f1f	6	2	158	0.975609756097561	0.04991574212908745	0.536994993686676	1	chr1:94055210:C>A	p.E830*	stop_gain	830.0	P/LP	38.65074103261006	38.65074103261006	1.0	4.392317422778761	global_fdr	160
ABCA4_bd9375969f12cf65	6	2	158	0.975609756097561	0.048878733068704605	0.5401703119277954	1	chr1:94055177:G>A	p.Q841*	stop_gain	841.0	P/LP	32.18039968194723	32.18039968194723	1.0	4.392317422778761	global_fdr	160
ABCA4_3b7ac8912ed4c9ab	160	1	3	0.024539877300613466	0.0015170814003795385	0.019900858402252197	1	chr1:94077721:C>G	p.R508P	missense	508.0	P/LP	14.549542419980604	14.549542419980604	1.0	4.392317422778761	global_fdr	4
ABCA4_3d6dafdf7c77bd04	164	3	1	0.024242424242424288	0.0012055367697030306	0.013336509466171265	2	chr1:94063297:A>C;chr1:94063299:A>G	p.F525L	missense	525.0	Mixed	25.710147026376067	26.675015176817926	1.0	4.392317422778761	global_fdr	4
ABCA4_4828f939f2b67e9b	164	3	1	0.024242424242424288	0.000889747345354408	0.014981552958488464	1	chr1:94031783:C>T	p.A1375T	missense	1375.0	P/LP	23.341312282300613	23.341312282300613	1.0	4.392317422778761	global_fdr	4
ABCA4_4ee1693038a5dd38	164	3	1	0.024242424242424288	0.001236703246831894	0.015474796295166016	2	chr1:94111557:C>G;chr1:94111557:C>T	p.M61I	missense	61.0	P/LP	30.153411839732556	31.247976637386266	1.0	4.392317422778761	global_fdr	4
ABCA4_5bcf8d2cbf640821	164	3	1	0.024242424242424288	0.0013310350477695465	0.0178816020488739	1	chr1:94042766:C>A	p.R1108L	missense	1108.0	P/LP	25.231519108796213	25.231519108796213	1.0	4.392317422778761	global_fdr	4
ABCA4_5e12d3357b809bb3	164	3	1	0.024242424242424288	0.00125121942255646	0.013933420181274414	1	chr1:94011271:C>T	p.A1859T	missense	1859.0	P/LP	19.75083794652808	19.75083794652808	1.0	4.392317422778761	global_fdr	4
ABCA4_7cbebab82cd89368	164	3	1	0.024242424242424288	0.0012055744882673025	0.014957070350646973	1	chr1:94062722:C>T	p.V598M	missense	598.0	VUS	18.41003244464442	18.41003244464442	1.0	4.392317422778761	global_fdr	4
ABCA4_8297105f9a9ffc92	164	3	1	0.024242424242424288	0.0012038237182423472	0.013583064079284668	1	chr1:94021895:G>A	p.A1575V	missense	1575.0	VUS	18.530850490138647	18.530850490138647	1.0	4.392317422778761	global_fdr	4
ABCA4_967e09c6ad08d40d	164	3	1	0.024242424242424288	0.0016182629624381661	0.020436584949493408	1	chr1:94019665:G>C	p.R1705G	missense	1705.0	P/LP	23.146400342239865	23.146400342239865	1.0	4.392317422778761	global_fdr	4
ABCA4_971200b467160c4b	164	3	1	0.024242424242424288	0.0011813631281256676	0.015567898750305176	1	chr1:94021871:A>G	p.L1583P	missense	1583.0	P/LP	26.623913375090606	26.623913375090606	1.0	4.392317422778761	global_fdr	4
ABCA4_a3be591a6aec4f6f	160	1	3	0.024539877300613466	0.0007860345649532974	0.010413050651550293	1	chr1:94080594:T>A	p.E328V	missense	328.0	P/LP	22.335514345569933	22.335514345569933	1.0	4.392317422778761	global_fdr	4
ABCA4_a535886f3b8295bc	164	3	1	0.024242424242424288	0.0013448299141600728	0.01776006817817688	1	chr1:94041319:G>A	p.L1138F	missense	1138.0	P/LP	25.97989557355582	25.97989557355582	1.0	4.392317422778761	global_fdr	4
ABCA4_b8ea6f9379545fdc	164	3	1	0.024242424242424288	0.0011137104593217373	0.012299448251724243	1	chr1:94040044:A>T	p.D1202E	missense	1202.0	VUS	2.738413005688496	2.738413005688496	1.0	4.392317422778761	global_fdr	4
ABCA4_be2b90b7697101da	160	1	3	0.024539877300613466	0.0013432548148557544	0.01378023624420166	1	chr1:94077725:C>G	p.D507H	missense	507.0	VUS	23.101387619866806	23.101387619866806	1.0	4.392317422778761	global_fdr	4
ABCA4_de3d578d42c69099	160	1	3	0.024539877300613466	0.0012131213443353772	0.012946844100952148	1	chr1:94063227:C>T	p.A549T	missense	549.0	VUS	25.72976815519338	25.72976815519338	1.0	4.392317422778761	global_fdr	4
ABCA4_ecae42b2f20b02e1	164	3	1	0.024242424242424288	0.0012625177623704076	0.018314599990844727	1	chr1:94031929:G>C	p.A1326G	missense	1326.0	VUS	7.216126409687835	7.216126409687835	1.0	4.392317422778761	global_fdr	4
ABCA4_fd1db4d462360dfd	164	3	1	0.024242424242424288	0.0012414619559422135	0.014844954013824463	1	chr1:94008282:A>G	p.S1951P	missense	1951.0	VUS	17.252843921521897	17.252843921521897	1.0	4.392317422778761	global_fdr	4
ABCA4_1075781a42033659	8	2	156	0.9634146341463414	0.04412566125392914	0.47591152787208557	1	chr1:94055274:G>C	p.Y808*	stop_gain	808.0	P/LP	35.49399912596257	35.49399912596257	1.0	4.373880174522084	global_fdr	158
ABCA4_857417201cc27df6	8	2	156	0.9634146341463414	0.045283470302820206	0.48874151706695557	1	chr1:94055255:G>A	p.Q815*	stop_gain	815.0	P/LP	38.304433691677275	38.304433691677275	1.0	4.373880174522084	global_fdr	158
ABCA4_ac2b1f6b77641f04	8	2	156	0.9634146341463414	0.04403098672628403	0.5168361067771912	2	chr1:94055133:C>T;chr1:94055134:C>T	p.W855*	stop_gain	855.0	P/LP	38.048944076696166	38.20913285388126	1.0	4.373880174522084	global_fdr	158
ABCA4_d12bd4dc1e47499d	9	2	155	0.9573170731707317	0.04184930771589279	0.5013206601142883	1	chr1:94051673:C>T	p.W871*	stop_gain	871.0	P/LP	38.283461683990424	38.283461683990424	1.0	4.364572432295856	global_fdr	157
ABCA4_fb2b7ca2427658db	9	2	155	0.9573170731707317	0.04125606641173363	0.49231430888175964	1	chr1:94051670:G>C	p.Y872*	stop_gain	872.0	P/LP	33.776410338698334	33.776410338698334	1.0	4.364572432295856	global_fdr	157
ABCA4_08411f9bd1a10e20	9	2	155	0.9573170731707317	0.04129183292388916	0.5000182390213013	1	chr1:94051660:G>A	p.Q876*	stop_gain	876.0	P/LP	38.690768457146795	38.690768457146795	1.0	4.364572432295856	global_fdr	157
ABCA4_c820932b5260dfc7	9	2	155	0.9573170731707317	0.041884250938892365	0.505622386932373	1	chr1:94051653:G>T	p.S878*	stop_gain	878.0	P/LP	39.364706703635626	39.364706703635626	1.0	4.364572432295856	global_fdr	157
ABCA4_3ef6176971c69e19	9	2	155	0.9573170731707317	0.04219091311097145	0.5092398524284363	1	chr1:94051647:C>T	p.W880*	stop_gain	880.0	P/LP	39.0332861762386	39.0332861762386	1.0	4.364572432295856	global_fdr	157
ABCA4_24a19562dcfc61ee	9	2	155	0.9573170731707317	0.04166322946548462	0.5070793628692627	1	chr1:94048919:C>A	p.E898*	stop_gain	898.0	P/LP	41.79396917148892	41.79396917148892	1.0	4.364572432295856	global_fdr	157
ABCA4_c1e240c682efcb39	145	20	37	0.3131868131868132	0.018936194479465485	0.23512977361679077	1	chr1:94030471:T>A	p.K1437*	stop_gain	1437.0	P/LP	37.43994516947061	37.43994516947061	1.0	4.35434957257974	global_fdr	57
ABCA4_4e3efb6ddae0fefe	126	14	50	0.36363636363636365	0.018881628289818764	0.24228397011756897	1	chr1:94030434:C>T	p.W1449*	stop_gain	1449.0	Other	34.90560382691082	34.90560382691082	1.0	4.336283387864432	global_fdr	64
ABCA4_9eb81004a90cdf84	21	2	143	0.8841463414634146	0.03728321194648743	0.47988468408584595	1	chr1:94042890:G>A	p.Q1067*	stop_gain	1067.0	P/LP	36.429977359864495	36.429977359864495	1.0	4.247927513443585	global_fdr	145
ABCA4_ac1580e3777a3bca	164	5	3	0.04790419161676651	0.0028928921092301607	0.032654523849487305	1	chr1:94112993:G>A	p.P47L	missense	47.0	VUS	22.82275286237443	22.82275286237443	1.0	4.196397212803504	global_fdr	8
ABCA4_0bed70adb62cee90	178	25	9	0.18181818181818177	0.013867693021893501	0.17294925451278687	1	chr1:94010825:G>A	p.Q1897*	stop_gain	1897.0	P/LP	35.10725628274905	35.10725628274905	1.0	4.087462841250339	global_fdr	34
ABCA4_4e5a7596f700e4ed	167	7	2	0.053254437869822535	0.003175250254571438	0.046675145626068115	1	chr1:94014589:T>C	p.N1805S	missense	1805.0	P/LP	21.73443858401295	21.73443858401295	1.0	3.9068905956085187	global_fdr	9
ABCA4_637d68baf5fc431c	167	7	2	0.053254437869822535	0.0028819774743169546	0.04220488667488098	1	chr1:94080558:T>C	p.Y340C	missense	340.0	P/LP	25.925056336854837	25.925056336854837	1.0	3.9068905956085187	global_fdr	9
ABCA4_38ee20da6619b6c9	163	4	3	0.04216867469879515	0.0008902517147362232	0.014498770236968994	1	chr1:94014652:A>C	p.L1784R	missense	1784.0	P/LP	23.929908584266222	23.929908584266222	1.0	3.9068905956085187	global_fdr	7
ABCA4_03844c6c901847ac	161	1	2	0.018404907975460127	0.001187882968224585	0.01222449541091919	1	chr1:94046976:T>G	p.Y954S	missense	954.0	P/LP	24.746668618288155	24.746668618288155	1.0	3.9068905956085187	global_fdr	3
ABCA4_04bf7dd5aa3efe43	163	2	1	0.018292682926829285	0.0007920187199488282	0.01109224557876587	1	chr1:94062596:G>A	p.P640S	missense	640.0	P/LP	27.651766376551357	27.651766376551357	1.0	3.9068905956085187	global_fdr	3
ABCA4_0688305e77edf390	161	1	2	0.018404907975460127	0.0010116324992850423	0.012974530458450317	1	chr1:94044730:C>T	p.G978D	missense	978.0	P/LP	29.114222698486792	29.114222698486792	1.0	3.9068905956085187	global_fdr	3
ABCA4_06f70a9c0d62a9f2	161	1	2	0.018404907975460127	0.0016039625043049455	0.01961362361907959	1	chr1:94098822:T>A	p.N247I	missense	247.0	Other	23.879338758460342	23.879338758460342	1.0	3.9068905956085187	global_fdr	3
ABCA4_0cc48e8bd464b1c9	163	2	1	0.018292682926829285	0.0007419981411658227	0.00995558500289917	1	chr1:94111556:G>C	p.P62A	missense	62.0	P/LP	25.83424299299238	25.83424299299238	1.0	3.9068905956085187	global_fdr	3
ABCA4_0eb7a83704c30dc5	161	1	2	0.018404907975460127	0.001326792174950242	0.01658785343170166	1	chr1:94055201:C>T	p.E833K	missense	833.0	VUS	20.78511213056251	20.78511213056251	1.0	3.9068905956085187	global_fdr	3
ABCA4_0efe42979507b31c	161	1	2	0.018404907975460127	0.001746159396134317	0.019582480192184448	1	chr1:94113020:A>C	p.V38G	missense	38.0	VUS	19.222093112851006	19.222093112851006	1.0	3.9068905956085187	global_fdr	3
ABCA4_1046c4cebe7f0c75	163	2	1	0.018292682926829285	0.0011138791451230645	0.013235419988632202	1	chr1:94041318:A>T	p.L1138H	missense	1138.0	P/LP	26.64107965842554	26.64107965842554	1.0	3.9068905956085187	global_fdr	3
ABCA4_1223f503dd065619	163	2	1	0.018292682926829285	0.0012442264705896378	0.015138238668441772	1	chr1:94043378:C>T	p.G1050S	missense	1050.0	Conflicting	23.018647397236442	23.018647397236442	1.0	3.9068905956085187	global_fdr	3
ABCA4_159dc06dbcde3522	161	1	2	0.018404907975460127	0.0011588775087147951	0.014392673969268799	1	chr1:94021361:C>T	p.V1633M	missense	1633.0	VUS	24.270715620230902	24.270715620230902	1.0	3.9068905956085187	global_fdr	3
ABCA4_16787a1a7d19c283	161	1	2	0.018404907975460127	0.0014580382267013192	0.01665186882019043	1	chr1:94055300:C>G	p.V800L	missense	800.0	VUS	25.648987378798438	25.648987378798438	1.0	3.9068905956085187	global_fdr	3
ABCA4_170fe78d08e3dee3	161	1	2	0.018404907975460127	0.001875783666037023	0.022383779287338257	1	chr1:94080523:C>T	p.D352N	missense	352.0	VUS	20.375998131906975	20.375998131906975	1.0	3.9068905956085187	global_fdr	3
ABCA4_174bd3ca6f9a9802	161	1	2	0.018404907975460127	0.0009743854752741754	0.01264294981956482	1	chr1:94077715:A>G	p.L510P	missense	510.0	P/LP	25.30202442124392	25.30202442124392	1.0	3.9068905956085187	global_fdr	3
ABCA4_17c0650d016bcc9c	161	1	2	0.018404907975460127	0.0011399416252970695	0.013653814792633057	1	chr1:94063245:C>T	p.E543K	missense	543.0	VUS	22.09108691432036	22.09108691432036	1.0	3.9068905956085187	global_fdr	3
ABCA4_1978237145478718	163	2	1	0.018292682926829285	0.00143198121804744	0.015805065631866455	1	chr1:94111483:G>A	p.T86I	missense	86.0	VUS	29.814337498521027	29.814337498521027	1.0	3.9068905956085187	global_fdr	3
ABCA4_202e52529da240eb	163	2	1	0.018292682926829285	0.0009828099282458425	0.012008875608444214	1	chr1:94007658:C>T	p.G1994E	missense	1994.0	Conflicting	28.647516801096437	28.647516801096437	1.0	3.9068905956085187	global_fdr	3
ABCA4_2182ddd44159aa7f	161	1	2	0.018404907975460127	0.0014525395818054676	0.017328202724456787	1	chr1:94023394:A>T	p.N1553K	missense	1553.0	VUS	19.453724035248165	19.453724035248165	1.0	3.9068905956085187	global_fdr	3
ABCA4_22aca87021c450c0	161	1	2	0.018404907975460127	0.0014159190468490124	0.015722155570983887	1	chr1:94083363:T>C	p.R283G	missense	283.0	Conflicting	18.63602389087097	18.63602389087097	1.0	3.9068905956085187	global_fdr	3
ABCA4_22dc30ee08b893b5	163	2	1	0.018292682926829285	0.0011196201667189598	0.012073814868927002	1	chr1:94030467:G>C	p.P1438R	missense	1438.0	P/LP	26.433961452108157	26.433961452108157	1.0	3.9068905956085187	global_fdr	3
ABCA4_2518068599710556	163	2	1	0.018292682926829285	0.0009741546818986535	0.01232999563217163	1	chr1:94010822:G>A	p.R1898C	missense	1898.0	VUS	14.536323985986538	14.536323985986538	1.0	3.9068905956085187	global_fdr	3
ABCA4_2b2372b74e15cba1	161	1	2	0.018404907975460127	0.0012913841055706143	0.013708889484405518	1	chr1:94055146:C>T	p.G851D	missense	851.0	P/LP	28.00099567664894	28.00099567664894	1.0	3.9068905956085187	global_fdr	3
ABCA4_318e1d60b2436993	163	2	1	0.018292682926829285	0.0011572737712413073	0.011942148208618164	1	chr1:94024978:G>A	p.T1537M	missense	1537.0	Conflicting	22.518092438817142	22.518092438817142	1.0	3.9068905956085187	global_fdr	3
ABCA4_32fca9b9ed9900f1	163	2	1	0.018292682926829285	0.0010493852896615863	0.014324367046356201	1	chr1:94098901:C>T	p.G221R	missense	221.0	VUS	22.43912346597565	22.43912346597565	1.0	3.9068905956085187	global_fdr	3
ABCA4_37d7d05c6f8efbd1	161	1	2	0.018404907975460127	0.0011515795486047864	0.013647884130477905	1	chr1:94007734:C>T	p.G1969S	missense	1969.0	VUS	27.091771955734266	27.091771955734266	1.0	3.9068905956085187	global_fdr	3
ABCA4_3bc4e1fdcb768df0	163	2	1	0.018292682926829285	0.0008488358580507338	0.010682791471481323	1	chr1:94111561:G>T	p.A60E	missense	60.0	P/LP	29.325524651512556	29.325524651512556	1.0	3.9068905956085187	global_fdr	3
ABCA4_3c9fd65ed7f8089b	163	2	1	0.018292682926829285	0.001157070160843432	0.013692259788513184	1	chr1:94036745:A>G	p.F1286S	missense	1286.0	VUS	20.40897923830579	20.40897923830579	1.0	3.9068905956085187	global_fdr	3
ABCA4_3cf61ff4f8a55d15	161	1	2	0.018404907975460127	0.0013524212408810854	0.01457485556602478	1	chr1:94078702:T>C	p.N415S	missense	415.0	P/LP	22.370580990824834	22.370580990824834	1.0	3.9068905956085187	global_fdr	3
ABCA4_3e82840a95052d79	161	1	2	0.018404907975460127	0.0014989884803071618	0.018328607082366943	1	chr1:94044733:G>A	p.T977M	missense	977.0	Conflicting	23.415810638786482	23.415810638786482	1.0	3.9068905956085187	global_fdr	3
ABCA4_3f3ff3c50ade172c	163	2	1	0.018292682926829285	0.001585954101756215	0.017042994499206543	1	chr1:94080520:A>G	p.S353P	missense	353.0	VUS	12.638031610016878	12.638031610016878	1.0	3.9068905956085187	global_fdr	3
ABCA4_418c2821eb1432b9	161	1	2	0.018404907975460127	0.0012996192090213299	0.014997273683547974	1	chr1:94083371:A>T	p.M280K	missense	280.0	VUS	19.6437656250177	19.6437656250177	1.0	3.9068905956085187	global_fdr	3
ABCA4_4256eebc4eba5249	163	2	1	0.018292682926829285	0.0008584359311498702	0.010369956493377686	1	chr1:94062652:C>G	p.R621T	missense	621.0	VUS	16.100462093352196	16.100462093352196	1.0	3.9068905956085187	global_fdr	3
ABCA4_43fe12df8b3d41f0	163	2	1	0.018292682926829285	0.0012654525926336646	0.01577240228652954	1	chr1:94098966:G>A	p.A199V	missense	199.0	Conflicting	1.4077077721650444	1.4077077721650444	1.0	3.9068905956085187	global_fdr	3
ABCA4_47b0e3f661b9be2c	161	1	2	0.018404907975460127	0.0010628890013322234	0.013132601976394653	1	chr1:94056642:C>A	p.A781S	missense	781.0	VUS	13.024014229325466	13.024014229325466	1.0	3.9068905956085187	global_fdr	3
ABCA4_483f36ff03f4c886	161	1	2	0.018404907975460127	0.0013153088511899114	0.01627182960510254	1	chr1:94021363:T>C	p.N1632S	missense	1632.0	VUS	18.670556148500285	18.670556148500285	1.0	3.9068905956085187	global_fdr	3
ABCA4_4a1388b60526954c	161	1	2	0.018404907975460127	0.0011390020372346044	0.014078795909881592	1	chr1:94047009:C>A	p.R943L	missense	943.0	VUS	20.97628061778623	20.97628061778623	1.0	3.9068905956085187	global_fdr	3
ABCA4_4a576397ddb61210	163	2	1	0.018292682926829285	0.0009313737973570824	0.011924177408218384	1	chr1:94042871:G>A	p.A1073V	missense	1073.0	Conflicting	19.999331158084225	19.999331158084225	1.0	3.9068905956085187	global_fdr	3
ABCA4_4e25291ab8bac070	163	2	1	0.018292682926829285	0.0010322285816073418	0.016977176070213318	1	chr1:94019722:C>T	p.V1686M	missense	1686.0	Conflicting	23.66393279977303	23.66393279977303	1.0	3.9068905956085187	global_fdr	3
ABCA4_4feb53990ec249b6	163	2	1	0.018292682926829285	0.0007907520630396903	0.010156869888305664	1	chr1:94063250:A>G	p.L541P	missense	541.0	Conflicting	26.82168322595517	26.82168322595517	1.0	3.9068905956085187	global_fdr	3
ABCA4_545bfe3f60d9a9ef	161	1	2	0.018404907975460127	0.0008420465746894479	0.01132577657699585	1	chr1:94042790:A>T	p.I1100N	missense	1100.0	P/LP	26.993252014907743	26.993252014907743	1.0	3.9068905956085187	global_fdr	3
ABCA4_59241a34b60ae173	163	2	1	0.018292682926829285	0.0016510648420080543	0.019616037607192993	1	chr1:94083371:A>C	p.M280R	missense	280.0	VUS	20.107906174908067	20.107906174908067	1.0	3.9068905956085187	global_fdr	3
ABCA4_59cc3cd25495f685	161	1	2	0.018404907975460127	0.0008891393081285059	0.010780274868011475	1	chr1:94060753:C>A	p.M648I	missense	648.0	VUS	25.3670964294381	25.3670964294381	1.0	3.9068905956085187	global_fdr	3
ABCA4_5d76837c2260f838	163	2	1	0.018292682926829285	0.001546710031107068	0.019780725240707397	1	chr1:94079392:G>C	p.A390G	missense	390.0	VUS	22.26316688594212	22.26316688594212	1.0	3.9068905956085187	global_fdr	3
ABCA4_5e92c56aec6b4a1b	163	2	1	0.018292682926829285	0.0008828984573483467	0.010885894298553467	1	chr1:94080630:A>G	p.M316T	missense	316.0	VUS	7.232517400457132	7.232517400457132	1.0	3.9068905956085187	global_fdr	3
ABCA4_6080159fbd3d967b	161	1	2	0.018404907975460127	0.0007139314548112452	0.008057162165641785	1	chr1:94079357:G>C	p.P402A	missense	402.0	P/LP	25.486393025456838	25.486393025456838	1.0	3.9068905956085187	global_fdr	3
ABCA4_63c24c186a4f3cc7	163	2	1	0.018292682926829285	0.0013293484225869179	0.017240941524505615	1	chr1:94044736:A>G	p.L976P	missense	976.0	VUS	28.0113000039987	28.0113000039987	1.0	3.9068905956085187	global_fdr	3
ABCA4_68043a74fe94a9b8	161	1	2	0.018404907975460127	0.001074973028153181	0.013626694679260254	1	chr1:94056740:C>T	p.C748Y	missense	748.0	VUS	26.105083942933355	26.105083942933355	1.0	3.9068905956085187	global_fdr	3
ABCA4_68443758c3e2f728	163	2	1	0.018292682926829285	0.0013913974398747087	0.01801210641860962	1	chr1:94041374:G>C	p.H1119Q	missense	1119.0	VUS	25.066252893758826	25.066252893758826	1.0	3.9068905956085187	global_fdr	3
ABCA4_6a8ff5896b07e67f	163	2	1	0.018292682926829285	0.0017880178056657314	0.024621129035949707	1	chr1:94056638:C>G	p.W782S	missense	782.0	VUS	25.0340401532965	25.0340401532965	1.0	3.9068905956085187	global_fdr	3
ABCA4_6bdf7df7b9b369a4	163	2	1	0.018292682926829285	0.0013162835966795683	0.01577809453010559	1	chr1:94055297:C>T	p.A801T	missense	801.0	P/LP	24.79660726738137	24.79660726738137	1.0	3.9068905956085187	global_fdr	3
ABCA4_73e2523739328390	161	1	2	0.018404907975460127	0.0016452961135655642	0.017074480652809143	1	chr1:94098843:A>C	p.I240R	missense	240.0	P/LP	23.759151948837452	23.759151948837452	1.0	3.9068905956085187	global_fdr	3
ABCA4_757bc08c90c92d74	163	2	1	0.018292682926829285	0.0010571024613454938	0.01449325680732727	1	chr1:94041342:A>G	p.I1130T	missense	1130.0	P/LP	23.366584023170844	23.366584023170844	1.0	3.9068905956085187	global_fdr	3
ABCA4_775e5a7d87936ea9	163	2	1	0.018292682926829285	0.0011477110674604774	0.01771402359008789	1	chr1:94019719:T>A	p.I1687F	missense	1687.0	Conflicting	24.32825828649831	24.32825828649831	1.0	3.9068905956085187	global_fdr	3
ABCA4_7ba2cb8594bdd737	163	2	1	0.018292682926829285	0.00105338916182518	0.014747381210327148	1	chr1:94047079:G>A	p.R920C	missense	920.0	VUS	19.8685960013058	19.8685960013058	1.0	3.9068905956085187	global_fdr	3
ABCA4_7c2e6620e37a82d6	163	2	1	0.018292682926829285	0.0016181477112695575	0.01857924461364746	1	chr1:94098804:A>G	p.L253P	missense	253.0	VUS	23.177495033573944	23.177495033573944	1.0	3.9068905956085187	global_fdr	3
ABCA4_7c72bbe5b30f1842	161	1	2	0.018404907975460127	0.0016934192972257733	0.01712280511856079	1	chr1:94098933:A>T	p.L210Q	missense	210.0	P/LP	22.92357763344931	22.92357763344931	1.0	3.9068905956085187	global_fdr	3
ABCA4_7c9c130777bc59c5	161	1	2	0.018404907975460127	0.0009585124207660556	0.012709319591522217	1	chr1:94055113:G>A	p.P862L	missense	862.0	Other	23.892830011336905	23.892830011336905	1.0	3.9068905956085187	global_fdr	3
ABCA4_8109271c66c11760	163	2	1	0.018292682926829285	0.0016292572254315019	0.02527114748954773	1	chr1:94019712:G>A	p.S1689F	missense	1689.0	P/LP	26.864478602873376	26.864478602873376	1.0	3.9068905956085187	global_fdr	3
ABCA4_820d792bd2063eca	163	2	1	0.018292682926829285	0.0010590816382318735	0.014015436172485352	1	chr1:94021934:A>G	p.I1562T	missense	1562.0	Conflicting	20.747129919286795	20.747129919286795	1.0	3.9068905956085187	global_fdr	3
ABCA4_82a477b4c437a21f	163	2	1	0.018292682926829285	0.0007172414916567504	0.009310781955718994	1	chr1:94063121:A>T	p.I584N	missense	584.0	VUS	25.73151157069757	25.73151157069757	1.0	3.9068905956085187	global_fdr	3
ABCA4_839bafc11766b1d0	161	1	2	0.018404907975460127	0.0007591988542117178	0.009453415870666504	1	chr1:94077742:T>C	p.D501G	missense	501.0	VUS	18.646796417736688	18.646796417736688	1.0	3.9068905956085187	global_fdr	3
ABCA4_8553ed1abd1f65aa	161	1	2	0.018404907975460127	0.0011490383185446262	0.013687342405319214	1	chr1:94062709:C>G	p.R602P	missense	602.0	Conflicting	27.048394226138896	27.048394226138896	1.0	3.9068905956085187	global_fdr	3
ABCA4_8a436dc3dbc67bb5	161	1	2	0.018404907975460127	0.0020768423564732075	0.025665998458862305	1	chr1:94079388:C>A	p.K391N	missense	391.0	VUS	25.281975108583264	25.281975108583264	1.0	3.9068905956085187	global_fdr	3
ABCA4_8efe2aae5f9babd7	163	2	1	0.018292682926829285	0.001202496699988842	0.01604437828063965	1	chr1:94113015:T>A	p.I40F	missense	40.0	VUS	21.39647054804354	21.39647054804354	1.0	3.9068905956085187	global_fdr	3
ABCA4_90c349cd25113997	161	1	2	0.018404907975460127	0.0016491051064804196	0.018123865127563477	1	chr1:94098816:T>C	p.D249G	missense	249.0	Conflicting	25.488133005691644	25.488133005691644	1.0	3.9068905956085187	global_fdr	3
ABCA4_929519a207fbac4a	161	1	2	0.018404907975460127	0.0013578659854829311	0.016893386840820312	1	chr1:94083371:A>G	p.M280T	missense	280.0	VUS	18.177422352072035	18.177422352072035	1.0	3.9068905956085187	global_fdr	3
ABCA4_947707adaf7e3a0d	163	2	1	0.018292682926829285	0.0008484472637064755	0.010076820850372314	1	chr1:94021403:A>G	p.F1619L	missense	1619.0	P/LP	29.41803369140402	29.41803369140402	1.0	3.9068905956085187	global_fdr	3
ABCA4_975ef55e517168e8	161	1	2	0.018404907975460127	0.0011011944152414799	0.015701591968536377	1	chr1:94029461:C>A	p.G1508V	missense	1508.0	VUS	26.71455998065752	26.71455998065752	1.0	3.9068905956085187	global_fdr	3
ABCA4_97a0d217f1d265f8	163	2	1	0.018292682926829285	0.0010917938780039549	0.014145255088806152	1	chr1:94062706:T>A	p.Y603F	missense	603.0	Conflicting	22.518554709948315	22.518554709948315	1.0	3.9068905956085187	global_fdr	3
ABCA4_9891dda8e0006a10	163	2	1	0.018292682926829285	0.0009760471293702722	0.013993501663208008	1	chr1:94055138:C>T	p.A854T	missense	854.0	Conflicting	22.931857507127464	22.931857507127464	1.0	3.9068905956085187	global_fdr	3
ABCA4_9903288481a18261	163	2	1	0.018292682926829285	0.0008514790679328144	0.01229715347290039	1	chr1:94021292:C>A	p.V1656F	missense	1656.0	VUS	16.533348680955307	16.533348680955307	1.0	3.9068905956085187	global_fdr	3
ABCA4_9a6c1fb7a12e9781	161	1	2	0.018404907975460127	0.0014404647517949343	0.014341175556182861	1	chr1:94062710:G>A	p.R602W	missense	602.0	P/LP	23.40326737836981	23.40326737836981	1.0	3.9068905956085187	global_fdr	3
ABCA4_9ace86c31f8e3b6f	163	2	1	0.018292682926829285	0.0011198469437658787	0.012175321578979492	1	chr1:94098820:C>T	p.V248M	missense	248.0	VUS	17.170339988167882	17.170339988167882	1.0	3.9068905956085187	global_fdr	3
ABCA4_9eb5496bd8df2c8e	163	2	1	0.018292682926829285	0.0015064682811498642	0.016693711280822754	1	chr1:94007731:G>A	p.L1970F	missense	1970.0	Conflicting	25.589982275481518	25.589982275481518	1.0	3.9068905956085187	global_fdr	3
ABCA4_9f654a03c148481b	161	1	2	0.018404907975460127	0.0012647619005292654	0.014638662338256836	1	chr1:94048919:C>T	p.E898K	missense	898.0	VUS	23.03470535402695	23.03470535402695	1.0	3.9068905956085187	global_fdr	3
ABCA4_9f6af7609f5446ca	161	1	2	0.018404907975460127	0.0013546294067054987	0.018641918897628784	1	chr1:94077880:A>T	p.L455Q	missense	455.0	P/LP	22.493983984459042	22.493983984459042	1.0	3.9068905956085187	global_fdr	3
ABCA4_a07fe8f5392ea66f	163	2	1	0.018292682926829285	0.001409670920111239	0.01647341251373291	1	chr1:94103127:A>G	p.I153T	missense	153.0	P/LP	24.21727368708393	24.21727368708393	1.0	3.9068905956085187	global_fdr	3
ABCA4_a354f311f0a6cf1c	161	1	2	0.018404907975460127	0.0012189042754471302	0.018009215593338013	1	chr1:94044730:C>G	p.G978A	missense	978.0	P/LP	25.516897682148986	25.516897682148986	1.0	3.9068905956085187	global_fdr	3
ABCA4_a3c53fd645fbe50c	161	1	2	0.018404907975460127	0.0010419778991490602	0.010752320289611816	1	chr1:94042826:G>C	p.P1088R	missense	1088.0	P/LP	30.20871432189314	30.20871432189314	1.0	3.9068905956085187	global_fdr	3
ABCA4_a78c79a1dd694067	161	1	2	0.018404907975460127	0.0012022971641272306	0.014047205448150635	1	chr1:94007653:C>T	p.A1996T	missense	1996.0	VUS	25.599181444447872	25.599181444447872	1.0	3.9068905956085187	global_fdr	3
ABCA4_a80ec57aa5a8134f	161	1	2	0.018404907975460127	0.0009153092978522182	0.01173582673072815	1	chr1:94011333:T>C	p.H1838R	missense	1838.0	P/LP	26.326542255033015	26.326542255033015	1.0	3.9068905956085187	global_fdr	3
ABCA4_af584c2b6e4d25cf	163	2	1	0.018292682926829285	0.0005646520294249058	0.0078660249710083	1	chr1:94079348:G>A	p.P405S	missense	405.0	VUS	24.295353062531248	24.295353062531248	1.0	3.9068905956085187	global_fdr	3
ABCA4_b1abdc13684ba5e4	163	2	1	0.018292682926829285	0.0012530439998954535	0.017979204654693604	1	chr1:94112979:G>C	p.H52D	missense	52.0	VUS	23.34936533843305	23.34936533843305	1.0	3.9068905956085187	global_fdr	3
ABCA4_b1d8e68a651538b2	163	2	1	0.018292682926829285	0.0010593350743874907	0.015074551105499268	1	chr1:94098985:G>A	p.H193Y	missense	193.0	VUS	15.961000847895715	15.961000847895715	1.0	3.9068905956085187	global_fdr	3
ABCA4_b3dd2185950c80d2	163	2	1	0.018292682926829285	0.0014085321454331279	0.014665663242340088	1	chr1:94120993:C>T	p.R18Q	missense	18.0	P/LP	22.912326080868432	22.912326080868432	1.0	3.9068905956085187	global_fdr	3
ABCA4_b70cdbbedf1653ff	161	1	2	0.018404907975460127	0.0009552992414683104	0.010363370180130005	1	chr1:94025011:G>A	p.T1526M	missense	1526.0	P/LP	23.258850578672746	23.258850578672746	1.0	3.9068905956085187	global_fdr	3
ABCA4_bbeded682cc4db0a	161	1	2	0.018404907975460127	0.0009318235097452998	0.012018740177154541	1	chr1:94023386:C>T	p.R1556K	missense	1556.0	P/LP	37.546035427845446	37.546035427845446	1.0	3.9068905956085187	global_fdr	3
ABCA4_be9052bdd1454fc1	163	2	1	0.018292682926829285	0.0008376212208531797	0.014197200536727905	1	chr1:94108699:C>T	p.R107Q	missense	107.0	Conflicting	7.125114035310194	7.125114035310194	1.0	3.9068905956085187	global_fdr	3
ABCA4_c3a88a8819db033f	161	1	2	0.018404907975460127	0.00122640875633806	0.015469759702682495	1	chr1:94055258:C>T	p.E814K	missense	814.0	P/LP	25.42927093055605	25.42927093055605	1.0	3.9068905956085187	global_fdr	3
ABCA4_c475f457ccfeac11	163	2	1	0.018292682926829285	0.000903809501323849	0.011089116334915161	1	chr1:94011318:C>T	p.R1843Q	missense	1843.0	Conflicting	23.39364330816919	23.39364330816919	1.0	3.9068905956085187	global_fdr	3
ABCA4_c564b347591c49a5	163	2	1	0.018292682926829285	0.0008933776989579201	0.010799258947372437	1	chr1:94108585:C>G	p.R145T	missense	145.0	VUS	18.1006403302749	18.1006403302749	1.0	3.9068905956085187	global_fdr	3
ABCA4_c7727caa1d0e6a42	163	2	1	0.018292682926829285	0.0011587520129978657	0.014648795127868652	1	chr1:94042790:A>G	p.I1100T	missense	1100.0	P/LP	26.85355200189408	26.85355200189408	1.0	3.9068905956085187	global_fdr	3
ABCA4_c97ba7fe848b665f	163	2	1	0.018292682926829285	0.0015268418937921524	0.01871582865715027	1	chr1:94060712:G>T	p.A662E	missense	662.0	VUS	28.749568519475993	28.749568519475993	1.0	3.9068905956085187	global_fdr	3
ABCA4_c985c607c9b24734	163	2	1	0.018292682926829285	0.0011830191360786557	0.015530705451965332	1	chr1:94015740:C>T	p.G1771R	missense	1771.0	P/LP	30.276048148482822	30.276048148482822	1.0	3.9068905956085187	global_fdr	3
ABCA4_cb5798f5e51c63af	163	2	1	0.018292682926829285	0.0012003256706520915	0.016157865524291992	1	chr1:94098984:T>A	p.H193L	missense	193.0	VUS	13.017853835156226	13.017853835156226	1.0	3.9068905956085187	global_fdr	3
ABCA4_cfc619e990d64caa	163	2	1	0.018292682926829285	0.001064676558598876	0.011561781167984009	1	chr1:94077713:G>A	p.R511C	missense	511.0	P/LP	19.313794432868526	19.313794432868526	1.0	3.9068905956085187	global_fdr	3
ABCA4_d122ff924f53d1d9	161	1	2	0.018404907975460127	0.0011072508059442043	0.011966049671173096	1	chr1:94007731:G>T	p.L1970I	missense	1970.0	P/LP	24.005940620189996	24.005940620189996	1.0	3.9068905956085187	global_fdr	3
ABCA4_d1382909f47770ab	163	2	1	0.018292682926829285	0.0012778772506862879	0.017570286989212036	1	chr1:94007710:C>T	p.G1977S	missense	1977.0	P/LP	28.705538109041303	28.705538109041303	1.0	3.9068905956085187	global_fdr	3
ABCA4_d37744801df39b7a	163	2	1	0.018292682926829285	0.0015987670049071312	0.021980583667755127	1	chr1:94080709:G>A	p.R290W	missense	290.0	Conflicting	19.378078132454508	19.378078132454508	1.0	3.9068905956085187	global_fdr	3
ABCA4_d3f886c91e049155	161	1	2	0.018404907975460127	0.0011888784356415272	0.011961638927459717	1	chr1:94031953:T>C	p.N1318S	missense	1318.0	VUS	2.1218138301489313	2.1218138301489313	1.0	3.9068905956085187	global_fdr	3
ABCA4_d472f2e38ea95d5e	163	2	1	0.018292682926829285	0.000713067245669663	0.008788645267486572	1	chr1:94060601:G>A	p.T699I	missense	699.0	VUS	22.81616322040797	22.81616322040797	1.0	3.9068905956085187	global_fdr	3
ABCA4_d75679951657650f	163	2	1	0.018292682926829285	0.0010537394555285573	0.01338273286819458	1	chr1:94046925:G>T	p.T971N	missense	971.0	P/LP	31.576490398901782	31.576490398901782	1.0	3.9068905956085187	global_fdr	3
ABCA4_d8b2b7569bb02709	163	2	1	0.018292682926829285	0.0011747106909751892	0.012448132038116455	1	chr1:94014661:G>T	p.A1781E	missense	1781.0	P/LP	29.547402192902247	29.547402192902247	1.0	3.9068905956085187	global_fdr	3
ABCA4_dc0f92d66c016060	163	2	1	0.018292682926829285	0.0009590518311597407	0.010573387145996094	1	chr1:94021409:C>T	p.V1617M	missense	1617.0	Conflicting	31.80415376759634	31.80415376759634	1.0	3.9068905956085187	global_fdr	3
ABCA4_e2a24d27be3e3d3e	161	1	2	0.018404907975460127	0.001127016730606556	0.013225048780441284	1	chr1:94078692:A>T	p.F418L	missense	418.0	VUS	25.10759191741972	25.10759191741972	1.0	3.9068905956085187	global_fdr	3
ABCA4_e4081c76c0dbb46e	161	1	2	0.018404907975460127	0.0014681816101074219	0.018447905778884888	1	chr1:94044658:C>T	p.R1002Q	missense	1002.0	Conflicting	24.998544417601416	24.998544417601416	1.0	3.9068905956085187	global_fdr	3
ABCA4_e6bfe5b639a7cf1c	163	2	1	0.018292682926829285	0.0011800335487350821	0.01443713903427124	1	chr1:94111511:C>T	p.V77M	missense	77.0	B/LB	20.426220915607637	20.426220915607637	1.0	3.9068905956085187	global_fdr	3
ABCA4_e801b879ffa3c217	161	1	2	0.018404907975460127	0.001496403361670673	0.01740926504135132	1	chr1:94041346:G>C	p.R1129G	missense	1129.0	P/LP	25.97712685192647	25.97712685192647	1.0	3.9068905956085187	global_fdr	3
ABCA4_ead2e8e8460eb8b9	161	1	2	0.018404907975460127	0.0017248757649213076	0.018421471118927002	1	chr1:94055284:C>T	p.G805D	missense	805.0	VUS	30.537251938992487	30.537251938992487	1.0	3.9068905956085187	global_fdr	3
ABCA4_ee4879bcffa4a3cb	161	1	2	0.018404907975460127	0.0013395394198596478	0.020049303770065308	1	chr1:94007707:T>C	p.K1978E	missense	1978.0	P/LP	27.7787218577974	27.7787218577974	1.0	3.9068905956085187	global_fdr	3
ABCA4_ee511309a4f4b609	163	2	1	0.018292682926829285	0.001044764881953597	0.015955030918121338	1	chr1:94098829:A>G	p.Y245H	missense	245.0	VUS	21.321957455425775	21.321957455425775	1.0	3.9068905956085187	global_fdr	3
ABCA4_f5b4f392766105ec	163	2	1	0.018292682926829285	0.0009655602625571191	0.014301776885986328	1	chr1:94008762:C>G	p.E1942Q	missense	1942.0	VUS	17.247690183210388	17.247690183210388	1.0	3.9068905956085187	global_fdr	3
ABCA4_f6ca6d9256baf4c5	163	2	1	0.018292682926829285	0.0011719100875779986	0.015481114387512207	1	chr1:94019694:G>T	p.A1695D	missense	1695.0	P/LP	30.383286802400555	30.383286802400555	1.0	3.9068905956085187	global_fdr	3
ABCA4_fa6b4ab7544640f7	163	2	1	0.018292682926829285	0.0008232147083617747	0.011539489030838013	1	chr1:94042823:G>A	p.T1089I	missense	1089.0	P/LP	28.98609434964719	28.98609434964719	1.0	3.9068905956085187	global_fdr	3
ABCA4_fbb2dd19138f55c9	163	2	1	0.018292682926829285	0.0010959282517433167	0.013771206140518188	1	chr1:94044688:C>T	p.R992K	missense	992.0	VUS	21.053980094715715	21.053980094715715	1.0	3.9068905956085187	global_fdr	3
ABCA4_fdf07bae19e33e80	161	1	2	0.018404907975460127	0.0015307361027225852	0.01448523998260498	1	chr1:94007715:C>A	p.G1975V	missense	1975.0	P/LP	30.16493589999966	30.16493589999966	1.0	3.9068905956085187	global_fdr	3
ABCA4_ff6374ae6a8336ee	163	2	1	0.018292682926829285	0.0014042884577065706	0.017779618501663208	1	chr1:94055169:C>T	p.M843I	missense	843.0	VUS	25.273161727350608	25.273161727350608	1.0	3.9068905956085187	global_fdr	3
ABCA4_430372f5bac56822	167	19	14	0.18232044198895025	0.014751745387911797	0.16526579856872559	1	chr1:94015803:G>A	p.Q1750*	stop_gain	1750.0	P/LP	38.84672578274155	38.84672578274155	1.0	3.803533211105196	global_fdr	33
ABCA4_a0ab87e1a1a63b68	164	22	20	0.2282608695652174	0.0162228811532259	0.18906551599502563	1	chr1:94031012:G>A	p.Q1413*	stop_gain	1413.0	P/LP	39.84670123822901	39.84670123822901	1.0	3.6877006063104147	global_fdr	42
ABCA4_016a4ff48a3d4007	180	46	28	0.3557692307692307	0.0223076269030571	0.3180874288082123	1	chr1:94014559:A>T	p.L1815*	stop_gain	1815.0	P/LP	35.638544179316796	35.638544179316796	1.0	3.67408839119414	global_fdr	74
ABCA4_16a7addba669ec21	180	18	0	0.09999999999999998	0.004147339146584272	0.050928711891174316	1	chr1:94029516:A>G	p.C1490R	missense	1490.0	P/LP	28.925845379156264	28.925845379156264	1.0	3.5443205162238103	global_fdr	18
ABCA4_0e8604800bc33670	162	3	3	0.036363636363636376	0.001636530621908605	0.02814115583896637	1	chr1:94011319:G>A	p.R1843W	missense	1843.0	P/LP	24.212081554858674	24.212081554858674	1.0	3.5443205162238103	global_fdr	6
ABCA4_4d93654c4107dcbc	162	3	3	0.036363636363636376	0.0016101705841720104	0.022917956113815308	1	chr1:94113047:A>C	p.L29R	missense	29.0	P/LP	24.472133272906454	24.472133272906454	1.0	3.5443205162238103	global_fdr	6
ABCA4_33f4fbafd7795718	179	17	0	0.0949720670391061	0.0031398150604218245	0.039400190114974976	1	chr1:94029621:A>G	p.C1455R	missense	1455.0	Conflicting	26.24749537260843	26.24749537260843	1.0	3.4594316186372973	global_fdr	17
ABCA4_5e9d56f0529abfd9	159	2	5	0.04268292682926833	0.003338661277666688	0.04353916645050049	1	chr1:94079419:G>A	p.P381L	missense	381.0	VUS	23.332660716968668	23.332660716968668	1.0	3.4594316186372973	global_fdr	7
ABCA4_65d31cc22471c3e1	165	5	2	0.041916167664670656	0.0021090609952807426	0.025722861289978027	1	chr1:94080492:T>C	p.Y362C	missense	362.0	VUS	18.391547303447812	18.391547303447812	1.0	3.4594316186372973	global_fdr	7
ABCA4_736b0628e14e3fd1	171	20	11	0.17032967032967028	0.01330997422337532	0.16846811771392822	2	chr1:94010898:C>T;chr1:94010899:C>T	p.W1872*	stop_gain	1872.0	P/LP	40.828002761758974	43.83360425480694	1.0	3.4315525860618603	global_fdr	31
ABCA4_660dd164b9bee0aa	147	0	15	0.09259259259259256	0.002294368576258421	0.029384881258010864	1	chr1:94080705:G>A	p.P291L	missense	291.0	Conflicting	17.38004703931629	17.38004703931629	1.0	3.273018494406416	global_fdr	15
ABCA4_7853a45f5fce46ee	178	30	14	0.22916666666666663	0.017143866047263145	0.1963452398777008	1	chr1:94031015:G>A	p.Q1412*	stop_gain	1412.0	Conflicting	37.14711382995314	37.14711382995314	1.0	3.2102827390584534	global_fdr	44
ABCA4_13ab76dba9b66832	164	4	2	0.03614457831325302	0.0018844094593077898	0.02547752857208252	1	chr1:94056632:T>C	p.D784G	missense	784.0	VUS	21.867359464884217	21.867359464884217	1.0	3.1699250014423126	global_fdr	6
ABCA4_431ce296a54739dc	164	4	2	0.03614457831325302	0.0015763819683343172	0.01706451177597046	1	chr1:94098886:G>A	p.R226C	missense	226.0	VUS	16.250933297554703	16.250933297554703	1.0	3.1699250014423126	global_fdr	6
ABCA4_c41181225d84db01	164	4	2	0.03614457831325302	0.0007979876245371997	0.010341823101043701	1	chr1:94042811:T>A	p.D1093V	missense	1093.0	P/LP	27.64333288649341	27.64333288649341	1.0	3.1699250014423126	global_fdr	6
ABCA4_d320bbee55350c8a	164	4	2	0.03614457831325302	0.0012227101251482964	0.0178195983171463	1	chr1:94014599:T>C	p.I1802V	missense	1802.0	VUS	15.277574908407086	15.277574908407086	1.0	3.1699250014423126	global_fdr	6
ABCA4_f9adfbdd47fb454c	164	4	2	0.03614457831325302	0.0011614699615165591	0.015361785888671875	1	chr1:94030516:G>A	p.P1422S	missense	1422.0	VUS	23.06783981258205	23.06783981258205	1.0	3.1699250014423126	global_fdr	6
ABCA4_00390d3625128f49	162	1	1	0.012269938650306789	0.0008380137733183801	0.010413289070129395	1	chr1:94037288:A>C	p.C1224G	missense	1224.0	VUS	18.995512320658005	18.995512320658005	1.0	3.1699250014423126	global_fdr	2
ABCA4_00edcb9a7703a3fe	162	1	1	0.012269938650306789	0.0013203275157138705	0.012742966413497925	1	chr1:94025032:G>A	p.T1519M	missense	1519.0	B/LB	11.059229643792257	11.059229643792257	1.0	3.1699250014423126	global_fdr	2
ABCA4_0167c92edb4599d7	162	1	1	0.012269938650306789	0.0015794963110238314	0.017908692359924316	1	chr1:94113023:A>G	p.L37P	missense	37.0	VUS	25.013463289165642	25.013463289165642	1.0	3.1699250014423126	global_fdr	2
ABCA4_03894ccbd5425166	162	1	1	0.012269938650306789	0.0012115574209019542	0.015173345804214478	1	chr1:94044731:C>A	p.G978C	missense	978.0	Other	27.006744669858513	27.006744669858513	1.0	3.1699250014423126	global_fdr	2
ABCA4_10f1e5ce6b8def2f	162	1	1	0.012269938650306789	0.0009553365525789559	0.013672798871994019	1	chr1:94080678:G>T	p.T300N	missense	300.0	Other	18.033578594802467	18.033578594802467	1.0	3.1699250014423126	global_fdr	2
ABCA4_1215a1bbdab4dd19	162	1	1	0.012269938650306789	0.000994622940197587	0.010862529277801514	1	chr1:94040071:A>T	p.D1193E	missense	1193.0	VUS	13.256077505502358	13.256077505502358	1.0	3.1699250014423126	global_fdr	2
ABCA4_12f1872bea2e929d	162	1	1	0.012269938650306789	0.0009241183870472014	0.013420820236206055	1	chr1:94021857:T>A	p.N1588Y	missense	1588.0	Conflicting	24.399956473898303	24.399956473898303	1.0	3.1699250014423126	global_fdr	2
ABCA4_17155e1fdc21f945	162	1	1	0.012269938650306789	0.0006487877108156681	0.008184537291526794	1	chr1:94060668:C>T	p.E677K	missense	677.0	P/LP	25.912110427482027	25.912110427482027	1.0	3.1699250014423126	global_fdr	2
ABCA4_179eab0cabd95faf	162	1	1	0.012269938650306789	0.001470198854804039	0.018760502338409424	1	chr1:94098984:T>G	p.H193P	missense	193.0	VUS	14.369690442280795	14.369690442280795	1.0	3.1699250014423126	global_fdr	2
ABCA4_1a5be6bca5fcf8fb	162	1	1	0.012269938650306789	0.0007105857366696	0.008742958307266235	1	chr1:94042838:A>G	p.I1084T	missense	1084.0	P/LP	24.79590430432293	24.79590430432293	1.0	3.1699250014423126	global_fdr	2
ABCA4_25293450d032bfd6	162	1	1	0.012269938650306789	0.0009703351533971727	0.012410551309585571	1	chr1:94103119:T>C	p.I156V	missense	156.0	Conflicting	4.142893686682986	4.142893686682986	1.0	3.1699250014423126	global_fdr	2
ABCA4_2595dc4dd6e72725	162	1	1	0.012269938650306789	0.0008964178268797696	0.009955912828445435	1	chr1:94025014:A>G	p.L1525P	missense	1525.0	Other	28.759673366783325	28.759673366783325	1.0	3.1699250014423126	global_fdr	2
ABCA4_261867fee70d4bc9	162	1	1	0.012269938650306789	0.0007288801134563982	0.010486900806427002	1	chr1:94056741:A>G	p.C748R	missense	748.0	VUS	25.875304737867868	25.875304737867868	1.0	3.1699250014423126	global_fdr	2
ABCA4_2d38b93f91dc75fa	162	1	1	0.012269938650306789	0.0008645545458421111	0.009060978889465332	1	chr1:94055162:C>G	p.D846H	missense	846.0	Other	28.44400094172908	28.44400094172908	1.0	3.1699250014423126	global_fdr	2
ABCA4_2f260b8f0fc88b97	162	1	1	0.012269938650306789	0.0010571415768936276	0.014363348484039307	1	chr1:94062582:G>T	p.D644E	missense	644.0	VUS	22.00262963226428	22.00262963226428	1.0	3.1699250014423126	global_fdr	2
ABCA4_309fa4584f959fb7	162	1	1	0.012269938650306789	0.001268165186047554	0.013754665851593018	1	chr1:94080658:C>T	p.G307S	missense	307.0	VUS	9.261829438029972	9.261829438029972	1.0	3.1699250014423126	global_fdr	2
ABCA4_322a6e657c08d8ca	162	1	1	0.012269938650306789	0.0011902529513463378	0.012764215469360352	1	chr1:94024994:C>T	p.D1532N	missense	1532.0	P/LP	24.27986026965776	24.27986026965776	1.0	3.1699250014423126	global_fdr	2
ABCA4_3563241509397a79	162	1	1	0.012269938650306789	0.0009714082698337734	0.011860489845275879	1	chr1:94008833:T>C	p.D1918G	missense	1918.0	P/LP	25.080072274380317	25.080072274380317	1.0	3.1699250014423126	global_fdr	2
ABCA4_369395a5bb059b76	162	1	1	0.012269938650306789	0.0011867947177961469	0.015032410621643066	1	chr1:94098952:C>T	p.A204T	missense	204.0	VUS	21.21008515118548	21.21008515118548	1.0	3.1699250014423126	global_fdr	2
ABCA4_3aeb61928e406b42	162	1	1	0.012269938650306789	0.0009475019760429859	0.01277187466621399	1	chr1:94044738:G>C	p.I975M	missense	975.0	VUS	20.756578969341888	20.756578969341888	1.0	3.1699250014423126	global_fdr	2
ABCA4_4a1d670c329747fc	162	1	1	0.012269938650306789	0.000865195004735142	0.009197473526000977	1	chr1:94063295:T>G	p.E526A	missense	526.0	VUS	22.42552725081883	22.42552725081883	1.0	3.1699250014423126	global_fdr	2
ABCA4_4c42db4d7454453b	162	1	1	0.012269938650306789	0.0008038224186748266	0.008298903703689575	1	chr1:94079360:T>A	p.T401S	missense	401.0	B/LB	18.035900034754185	18.035900034754185	1.0	3.1699250014423126	global_fdr	2
ABCA4_5084239dfe7724b1	162	1	1	0.012269938650306789	0.0011334134032949805	0.013105720281600952	1	chr1:94077721:C>T	p.R508H	missense	508.0	VUS	5.261134613607989	5.261134613607989	1.0	3.1699250014423126	global_fdr	2
ABCA4_532d6117b609eaf8	162	1	1	0.012269938650306789	0.0007620485266670585	0.010249674320220947	1	chr1:94056818:C>G	p.G722A	missense	722.0	VUS	24.824976749939495	24.824976749939495	1.0	3.1699250014423126	global_fdr	2
ABCA4_544cffc5fa424883	162	1	1	0.012269938650306789	0.0010105904657393694	0.010231256484985352	1	chr1:94077691:T>G	p.E518A	missense	518.0	P/LP	22.696289288423053	22.696289288423053	1.0	3.1699250014423126	global_fdr	2
ABCA4_5832aa18928e9a87	162	1	1	0.012269938650306789	0.0013154305052012205	0.01796633005142212	1	chr1:94077722:G>A	p.R508C	missense	508.0	Conflicting	18.665888988006014	18.665888988006014	1.0	3.1699250014423126	global_fdr	2
ABCA4_58b6d5033a3ea5e3	162	1	1	0.012269938650306789	0.0010655116057023406	0.012069255113601685	1	chr1:94056799:G>T	p.S728R	missense	728.0	P/LP	24.053734118550956	24.053734118550956	1.0	3.1699250014423126	global_fdr	2
ABCA4_6211bf71f48d2375	162	1	1	0.012269938650306789	0.0009573179995641112	0.01351851224899292	1	chr1:94025007:G>C	p.D1527E	missense	1527.0	VUS	16.170751114106483	16.170751114106483	1.0	3.1699250014423126	global_fdr	2
ABCA4_637ed495d454d04d	162	1	1	0.012269938650306789	0.001092355465516448	0.011784523725509644	1	chr1:94056734:A>G	p.L750P	missense	750.0	P/LP	25.961368540915547	25.961368540915547	1.0	3.1699250014423126	global_fdr	2
ABCA4_65d2278ae2bd1ef7	162	1	1	0.012269938650306789	0.0008857404463924468	0.012524545192718506	1	chr1:94077715:A>T	p.L510H	missense	510.0	P/LP	23.641483316979624	23.641483316979624	1.0	3.1699250014423126	global_fdr	2
ABCA4_6674b8bf57e2c90d	162	1	1	0.012269938650306789	0.0011731376871466637	0.0130692720413208	1	chr1:94021671:A>G	p.L1606P	missense	1606.0	VUS	23.62481149391619	23.62481149391619	1.0	3.1699250014423126	global_fdr	2
ABCA4_6f11795eafbb2b96	162	1	1	0.012269938650306789	0.0009847296169027686	0.011690139770507812	1	chr1:94024990:A>G	p.F1533S	missense	1533.0	Conflicting	25.65555095272822	25.65555095272822	1.0	3.1699250014423126	global_fdr	2
ABCA4_71ecd30f7e629ec2	162	1	1	0.012269938650306789	0.0011303604114800692	0.011004328727722168	1	chr1:94098963:A>G	p.L200P	missense	200.0	Conflicting	24.265113649084608	24.265113649084608	1.0	3.1699250014423126	global_fdr	2
ABCA4_74234b7afbd42664	162	1	1	0.012269938650306789	0.0011950974585488439	0.013799011707305908	1	chr1:94111501:G>A	p.P80L	missense	80.0	VUS	24.657853058128467	24.657853058128467	1.0	3.1699250014423126	global_fdr	2
ABCA4_742cda409cfa0018	162	1	1	0.012269938650306789	0.00137042673304677	0.02103447914123535	1	chr1:94019708:C>T	p.M1690I	missense	1690.0	P/LP	26.43111529903491	26.43111529903491	1.0	3.1699250014423126	global_fdr	2
ABCA4_76af0040e46ef2ee	162	1	1	0.012269938650306789	0.001380526926368475	0.015574157238006592	1	chr1:94078603:A>T	p.M448K	missense	448.0	Conflicting	24.429932359170884	24.429932359170884	1.0	3.1699250014423126	global_fdr	2
ABCA4_775ec63bdedd76d5	162	1	1	0.012269938650306789	0.0007035353919491172	0.008548080921173096	1	chr1:94063172:A>G	p.V567A	missense	567.0	VUS	24.25772457447383	24.25772457447383	1.0	3.1699250014423126	global_fdr	2
ABCA4_77704837fab7e5e6	162	1	1	0.012269938650306789	0.0008437589858658612	0.010611265897750854	1	chr1:94063124:T>G	p.K583T	missense	583.0	VUS	25.838411172339306	25.838411172339306	1.0	3.1699250014423126	global_fdr	2
ABCA4_77b61c48f2a3b634	162	1	1	0.012269938650306789	0.0012851059436798096	0.017282694578170776	1	chr1:94021847:C>T	p.G1591E	missense	1591.0	VUS	23.54433066942957	23.54433066942957	1.0	3.1699250014423126	global_fdr	2
ABCA4_77d32656e7ec53cb	162	1	1	0.012269938650306789	0.00121249258518219	0.015652716159820557	1	chr1:94056660:G>A	p.P775S	missense	775.0	P/LP	26.22833657153174	26.22833657153174	1.0	3.1699250014423126	global_fdr	2
ABCA4_785829292d634b84	162	1	1	0.012269938650306789	0.000851786753628403	0.009634703397750854	1	chr1:94062694:C>A	p.G607V	missense	607.0	P/LP	28.85387728072043	28.85387728072043	1.0	3.1699250014423126	global_fdr	2
ABCA4_7dbcdc708586f387	162	1	1	0.012269938650306789	0.0011137183755636215	0.013799965381622314	1	chr1:94047004:C>T	p.A945T	missense	945.0	VUS	23.506731704233196	23.506731704233196	1.0	3.1699250014423126	global_fdr	2
ABCA4_7e86ed12dc219d82	162	1	1	0.012269938650306789	0.0008776732138358057	0.011915504932403564	1	chr1:94098839:T>A	p.E241D	missense	241.0	P/LP	23.527618699367302	23.527618699367302	1.0	3.1699250014423126	global_fdr	2
ABCA4_7f3431268c17f183	162	1	1	0.012269938650306789	0.0009883188176900148	0.012365847826004028	1	chr1:94007686:G>A	p.L1985F	missense	1985.0	VUS	25.22358300593733	25.22358300593733	1.0	3.1699250014423126	global_fdr	2
ABCA4_81e0439cec2f20b5	162	1	1	0.012269938650306789	0.0009042102028615773	0.011233508586883545	1	chr1:94077706:A>G	p.V513A	missense	513.0	Conflicting	14.067145056409338	14.067145056409338	1.0	3.1699250014423126	global_fdr	2
ABCA4_84b99bd3b4ef5939	162	1	1	0.012269938650306789	0.001015688176266849	0.0137176513671875	1	chr1:94015791:A>C	p.Y1754D	missense	1754.0	P/LP	27.710194225757764	27.710194225757764	1.0	3.1699250014423126	global_fdr	2
ABCA4_85bdc5a3d6bc2e91	162	1	1	0.012269938650306789	0.0008816737681627274	0.009761273860931396	1	chr1:94011313:G>A	p.L1845F	missense	1845.0	VUS	25.30035741546458	25.30035741546458	1.0	3.1699250014423126	global_fdr	2
ABCA4_87c5c0656423340c	162	1	1	0.012269938650306789	0.0021681601647287607	0.023512214422225952	1	chr1:94055296:G>A	p.A801V	missense	801.0	P/LP	26.15509799240901	26.15509799240901	1.0	3.1699250014423126	global_fdr	2
ABCA4_8d839032ce9dfc5d	162	1	1	0.012269938650306789	0.001063068164512515	0.013210147619247437	2	chr1:94055291:C>G;chr1:94055291:C>T	p.G803R	missense	803.0	VUS	30.748325890929667	34.788647007618195	1.0	3.1699250014423126	global_fdr	2
ABCA4_94b7c3c84622aa5f	162	1	1	0.012269938650306789	0.0007240789709612727	0.009760230779647827	1	chr1:94007689:T>A	p.M1984L	missense	1984.0	P/LP	25.045605925295916	25.045605925295916	1.0	3.1699250014423126	global_fdr	2
ABCA4_967ceefc2dbd83d8	162	1	1	0.012269938650306789	0.0013253401266410947	0.017177969217300415	1	chr1:94111525:C>T	p.G72E	missense	72.0	P/LP	32.63678678982237	32.63678678982237	1.0	3.1699250014423126	global_fdr	2
ABCA4_97029888a900f6da	162	1	1	0.012269938650306789	0.0012836522655561566	0.015327602624893188	1	chr1:94080609:A>G	p.L323P	missense	323.0	P/LP	24.741960734903074	24.741960734903074	1.0	3.1699250014423126	global_fdr	2
ABCA4_9be0bfee1cab04f5	162	1	1	0.012269938650306789	0.0009170523844659328	0.008808702230453491	1	chr1:94046922:G>T	p.T972N	missense	972.0	P/LP	32.57546472980009	32.57546472980009	1.0	3.1699250014423126	global_fdr	2
ABCA4_a06612695422c16a	162	1	1	0.012269938650306789	0.0010180851677432656	0.012611597776412964	1	chr1:94005478:G>A	p.A2037V	missense	2037.0	VUS	25.812869605562945	25.812869605562945	1.0	3.1699250014423126	global_fdr	2
ABCA4_a2b982d55a7abc69	162	1	1	0.012269938650306789	0.0015682853991165757	0.016790658235549927	1	chr1:94007716:C>G	p.G1975R	missense	1975.0	P/LP	29.385329789945107	29.385329789945107	1.0	3.1699250014423126	global_fdr	2
ABCA4_a30217206d600ece	162	1	1	0.012269938650306789	0.0011937066446989775	0.01574885845184326	1	chr1:94079334:C>A	p.R409S	missense	409.0	VUS	18.843372609214523	18.843372609214523	1.0	3.1699250014423126	global_fdr	2
ABCA4_a36ba9e59c9f1bec	162	1	1	0.012269938650306789	0.0008978507248684764	0.011089473962783813	1	chr1:94077716:G>A	p.L510F	missense	510.0	VUS	16.420339601655254	16.420339601655254	1.0	3.1699250014423126	global_fdr	2
ABCA4_a47c9905c7ec4938	162	1	1	0.012269938650306789	0.0008973110234364867	0.011092156171798706	1	chr1:94014682:A>G	p.V1774A	missense	1774.0	VUS	23.99189923445666	23.99189923445666	1.0	3.1699250014423126	global_fdr	2
ABCA4_a652453af91ec241	162	1	1	0.012269938650306789	0.0007628911407664418	0.01012362539768219	1	chr1:94044622:A>C	p.L1014R	missense	1014.0	P/LP	25.883523750110236	25.883523750110236	1.0	3.1699250014423126	global_fdr	2
ABCA4_a79b4fea2ea3920e	162	1	1	0.012269938650306789	0.0011883913539350033	0.015001118183135986	1	chr1:94111456:G>A	p.S95L	missense	95.0	VUS	25.273248900943663	25.273248900943663	1.0	3.1699250014423126	global_fdr	2
ABCA4_a95ff4263e47c1cf	162	1	1	0.012269938650306789	0.0009585035732015967	0.012241214513778687	1	chr1:94111453:T>A	p.N96I	missense	96.0	P/LP	26.8860354769047	26.8860354769047	1.0	3.1699250014423126	global_fdr	2
ABCA4_aada4a1fbf0283a5	162	1	1	0.012269938650306789	0.0006097861332818866	0.006580650806427002	1	chr1:94015853:A>G	p.M1733T	missense	1733.0	Conflicting	12.558593221035801	12.558593221035801	1.0	3.1699250014423126	global_fdr	2
ABCA4_abbec84c07d9a53a	162	1	1	0.012269938650306789	0.0009884516475722194	0.012662678956985474	2	chr1:94062695:C>G;chr1:94062695:C>T	p.G607R	missense	607.0	P/LP	29.846416042388654	29.98506775211441	1.0	3.1699250014423126	global_fdr	2
ABCA4_ad3a9bdc05bae203	162	1	1	0.012269938650306789	0.0006301361718215048	0.008036583662033081	1	chr1:94037152:A>C	p.L1269R	missense	1269.0	VUS	27.619626305555474	27.619626305555474	1.0	3.1699250014423126	global_fdr	2
ABCA4_ae30d2eb7a8aeac0	162	1	1	0.012269938650306789	0.0007462604553438723	0.008457869291305542	1	chr1:94063166:T>C	p.Y569C	missense	569.0	VUS	26.235402425767674	26.235402425767674	1.0	3.1699250014423126	global_fdr	2
ABCA4_ae49d825fdad6ca6	162	1	1	0.012269938650306789	0.0007959024515002966	0.011851370334625244	1	chr1:94060605:A>G	p.C698R	missense	698.0	VUS	24.067779045599668	24.067779045599668	1.0	3.1699250014423126	global_fdr	2
ABCA4_b5aedac18504030d	162	1	1	0.012269938650306789	0.0010551781160756946	0.013042449951171875	1	chr1:94098973:C>T	p.D197N	missense	197.0	VUS	17.03551726607708	17.03551726607708	1.0	3.1699250014423126	global_fdr	2
ABCA4_b8a01619f4e49b8a	162	1	1	0.012269938650306789	0.0010262426221743226	0.014803290367126465	1	chr1:94047015:C>T	p.C941Y	missense	941.0	VUS	8.665125575068602	8.665125575068602	1.0	3.1699250014423126	global_fdr	2
ABCA4_b9e5e96756a3dc37	162	1	1	0.012269938650306789	0.0010245208395645022	0.01222449541091919	1	chr1:94080568:A>G	p.F337L	missense	337.0	VUS	24.43682957314417	24.43682957314417	1.0	3.1699250014423126	global_fdr	2
ABCA4_bb6bb9448acae506	162	1	1	0.012269938650306789	0.000851278833579272	0.010515868663787842	1	chr1:94042827:G>A	p.P1088S	missense	1088.0	Conflicting	29.330181252055677	29.330181252055677	1.0	3.1699250014423126	global_fdr	2
ABCA4_c0f40a5f64b7a7ee	162	1	1	0.012269938650306789	0.0009905267506837845	0.013103663921356201	1	chr1:94031836:G>A	p.A1357V	missense	1357.0	P/LP	26.80639443348764	26.80639443348764	1.0	3.1699250014423126	global_fdr	2
ABCA4_c1d6393543811480	162	1	1	0.012269938650306789	0.0013316049007698894	0.01565888524055481	1	chr1:94055313:G>C	p.S795R	missense	795.0	P/LP	25.180703774282144	25.180703774282144	1.0	3.1699250014423126	global_fdr	2
ABCA4_c3322363d9ab3f64	162	1	1	0.012269938650306789	0.0007323441095650196	0.010417357087135315	1	chr1:94063197:A>G	p.W559R	missense	559.0	VUS	23.112027362265557	23.112027362265557	1.0	3.1699250014423126	global_fdr	2
ABCA4_c510e9fdebdf5e0f	162	1	1	0.012269938650306789	0.0012664395617321134	0.012555599212646484	1	chr1:94103122:C>T	p.D155N	missense	155.0	Conflicting	21.416008572453432	21.416008572453432	1.0	3.1699250014423126	global_fdr	2
ABCA4_cb738a949150bbba	162	1	1	0.012269938650306789	0.000958240358158946	0.01218944787979126	1	chr1:94042878:A>G	p.S1071P	missense	1071.0	P/LP	27.279424158965373	27.279424158965373	1.0	3.1699250014423126	global_fdr	2
ABCA4_cd92c533dcc7cdec	162	1	1	0.012269938650306789	0.0009975864086300135	0.012292444705963135	1	chr1:94046967:T>G	p.Q957P	missense	957.0	P/LP	29.02087184243325	29.02087184243325	1.0	3.1699250014423126	global_fdr	2
ABCA4_d0c996cbde7b651f	162	1	1	0.012269938650306789	0.0011588489869609475	0.014375746250152588	1	chr1:94005469:C>G	p.R2040P	missense	2040.0	VUS	28.561541105752166	28.561541105752166	1.0	3.1699250014423126	global_fdr	2
ABCA4_d31091d5cf500576	162	1	1	0.012269938650306789	0.0009754733182489872	0.01242278516292572	1	chr1:94077833:C>T	p.E471K	missense	471.0	Conflicting	20.007932488088194	20.007932488088194	1.0	3.1699250014423126	global_fdr	2
ABCA4_d51804aaadb115c9	162	1	1	0.012269938650306789	0.0010469364933669567	0.012105494737625122	1	chr1:94043409:C>G	p.Q1039H	missense	1039.0	VUS	19.507052950698608	19.507052950698608	1.0	3.1699250014423126	global_fdr	2
ABCA4_e4ccecbdac2b3402	162	1	1	0.012269938650306789	0.000699151714798063	0.009433329105377197	1	chr1:94063157:C>T	p.R572Q	missense	572.0	P/LP	22.953827274658316	22.953827274658316	1.0	3.1699250014423126	global_fdr	2
ABCA4_e5ac91a55bca0702	162	1	1	0.012269938650306789	0.0010357116116210818	0.01458740234375	1	chr1:94014679:A>T	p.I1775N	missense	1775.0	P/LP	23.00342387706039	23.00342387706039	1.0	3.1699250014423126	global_fdr	2
ABCA4_e9da142b27d7a1cb	162	1	1	0.012269938650306789	0.0010586199350655079	0.011904031038284302	1	chr1:94005475:C>T	p.R2038Q	missense	2038.0	P/LP	22.709940215519925	22.709940215519925	1.0	3.1699250014423126	global_fdr	2
ABCA4_f635df1cc7b0371e	162	1	1	0.012269938650306789	0.0009163882932625711	0.011104762554168701	1	chr1:94056615:G>C	p.L790V	missense	790.0	VUS	20.745992495624186	20.745992495624186	1.0	3.1699250014423126	global_fdr	2
ABCA4_fa3abfa8322b9d28	162	1	1	0.012269938650306789	0.0010839785682037473	0.012031793594360352	1	chr1:94111556:G>A	p.P62S	missense	62.0	P/LP	29.84145688917164	29.84145688917164	1.0	3.1699250014423126	global_fdr	2
ABCA4_fb5e05149fefbfd5	162	1	1	0.012269938650306789	0.0008842346142046154	0.010883986949920654	1	chr1:94041367:C>T	p.E1122K	missense	1122.0	P/LP	26.95661880210908	26.95661880210908	1.0	3.1699250014423126	global_fdr	2
ABCA4_ff3acf07a7d0f9ae	162	1	1	0.012269938650306789	0.0009861947037279606	0.009656131267547607	1	chr1:94043470:G>A	p.T1019M	missense	1019.0	P/LP	25.22798057584382	25.22798057584382	1.0	3.1699250014423126	global_fdr	2
ABCA4_ffde2c70b56a8a43	162	1	1	0.012269938650306789	0.0010407104855403304	0.01268470287322998	1	chr1:94078598:T>A	p.M450L	missense	450.0	VUS	13.209122876638373	13.209122876638373	1.0	3.1699250014423126	global_fdr	2
ABCA4_44755c0d498c3e0b	161	2	3	0.030487804878048808	0.0008971376228146255	0.011164665222167969	1	chr1:94044694:C>A	p.G990V	missense	990.0	VUS	23.190643072499103	23.190643072499103	1.0	3.0588936890535687	global_fdr	5
ABCA4_458624ce0f7e1c83	161	2	3	0.030487804878048808	0.0012622715439647436	0.015966743230819702	1	chr1:94024975:T>A	p.Y1538F	missense	1538.0	Conflicting	22.738489842024087	22.738489842024087	1.0	3.0588936890535687	global_fdr	5
ABCA4_47e7a98b87008afc	161	2	3	0.030487804878048808	0.0013013355201110244	0.017899930477142334	1	chr1:94041297:A>C	p.L1145R	missense	1145.0	VUS	21.948898766248902	21.948898766248902	1.0	3.0588936890535687	global_fdr	5
ABCA4_622665725c5a0edc	161	2	3	0.030487804878048808	0.001092156977392733	0.012664794921875	1	chr1:94098973:C>G	p.D197H	missense	197.0	VUS	17.998741798824277	17.998741798824277	1.0	3.0588936890535687	global_fdr	5
ABCA4_62499715e69e692a	161	2	3	0.030487804878048808	0.001747662085108459	0.019720852375030518	1	chr1:94031072:C>T	p.V1393I	missense	1393.0	P/LP	7.489345569076025	7.489345569076025	1.0	3.0588936890535687	global_fdr	5
ABCA4_62de4b9fd45241e8	161	2	3	0.030487804878048808	0.0006846448522992432	0.008729174733161926	1	chr1:94007730:A>C	p.L1970R	missense	1970.0	P/LP	29.099470833694937	29.099470833694937	1.0	3.0588936890535687	global_fdr	5
ABCA4_685ada7252531b7a	161	2	3	0.030487804878048808	0.0008810028666630387	0.011375069618225098	1	chr1:94021294:G>A	p.T1655I	missense	1655.0	VUS	25.58829474833088	25.58829474833088	1.0	3.0588936890535687	global_fdr	5
ABCA4_734147f2a8bfcd55	163	3	2	0.030303030303030276	0.0012930179946124554	0.015338808298110962	1	chr1:94021887:C>T	p.G1578R	missense	1578.0	VUS	19.509757474397297	19.509757474397297	1.0	3.0588936890535687	global_fdr	5
ABCA4_893e0b8bbd9e96fa	161	2	3	0.030487804878048808	0.0010974585311487317	0.013606518507003784	1	chr1:94043437:A>T	p.L1030Q	missense	1030.0	P/LP	24.86399235614519	24.86399235614519	1.0	3.0588936890535687	global_fdr	5
ABCA4_8cad9e90c1d50c1e	161	2	3	0.030487804878048808	0.0012507016072049737	0.021149635314941406	1	chr1:94011319:G>C	p.R1843G	missense	1843.0	P/LP	26.22214980748179	26.22214980748179	1.0	3.0588936890535687	global_fdr	5
ABCA4_8ea791024a7f11c9	163	3	2	0.030303030303030276	0.0013549320865422487	0.019390016794204712	1	chr1:94007727:A>C	p.L1971R	missense	1971.0	P/LP	28.720165368880007	28.720165368880007	1.0	3.0588936890535687	global_fdr	5
ABCA4_9acf908e8f013d75	161	2	3	0.030487804878048808	0.0012107136426493526	0.0135001540184021	1	chr1:94063277:G>A	p.T532I	missense	532.0	VUS	12.379669665797636	12.379669665797636	1.0	3.0588936890535687	global_fdr	5
ABCA4_9cf33ae17ace54f0	161	2	3	0.030487804878048808	0.001214793766848743	0.011803030967712402	1	chr1:94098822:T>G	p.N247T	missense	247.0	VUS	19.29018680160035	19.29018680160035	1.0	3.0588936890535687	global_fdr	5
ABCA4_db66f9584f4e492e	163	3	2	0.030303030303030276	0.0018232155125588179	0.02351701259613037	1	chr1:94062587:C>T	p.V643M	missense	643.0	Conflicting	24.375641720798967	24.375641720798967	1.0	3.0588936890535687	global_fdr	5
ABCA4_f6c1f9c0b49ef8d0	163	3	2	0.030303030303030276	0.0013931231806054711	0.01909571886062622	1	chr1:94056653:A>T	p.I777N	missense	777.0	VUS	24.038159865463573	24.038159865463573	1.0	3.0588936890535687	global_fdr	5
ABCA4_fa824e13161f531e	161	2	3	0.030487804878048808	0.0008898492669686675	0.010198235511779785	1	chr1:94083425:T>C	p.D262G	missense	262.0	VUS	19.517950664277684	19.517950664277684	1.0	3.0588936890535687	global_fdr	5
ABCA4_44ebb56ef4b1220f	165	6	3	0.0535714285714286	0.00343187153339386	0.04924291372299194	1	chr1:94029515:C>T	p.C1490Y	missense	1490.0	P/LP	36.39710616033088	36.39710616033088	1.0	2.963474123974886	global_fdr	9
ABCA4_341100fd171d40e2	150	0	12	0.07407407407407407	0.0020695440471172333	0.024490654468536377	1	chr1:94080543:T>G	p.Y345S	missense	345.0	Conflicting	24.092683371222073	24.092683371222073	1.0	2.938599455335857	global_fdr	12
ABCA4_64a996dff155dd06	174	12	0	0.06896551724137934	0.0023719214368611574	0.02843111753463745	1	chr1:94080495:G>C	p.S361C	missense	361.0	VUS	20.442585331170584	20.442585331170584	1.0	2.938599455335857	global_fdr	12
ABCA4_8b891624cf746177	150	0	12	0.07407407407407407	0.0020261856261640787	0.02554681897163391	1	chr1:94048957:C>T	p.G885E	missense	885.0	VUS	23.673029615639997	23.673029615639997	1.0	2.938599455335857	global_fdr	12
ABCA4_caf69e54674cbb5d	166	18	14	0.1777777777777778	0.015253040939569473	0.20245331525802612	1	chr1:94011292:G>A	p.Q1852*	stop_gain	1852.0	P/LP	38.754423684675935	38.754423684675935	1.0	2.8875252707415875	global_fdr	32
ABCA4_a7f6fb60a3c0b4a5	184	36	14	0.2525252525252525	0.01885557360947132	0.21030496060848236	1	chr1:94031049:G>T	p.Y1400*	stop_gain	1400.0	P/LP	27.453605631285768	27.453605631285768	1.0	2.8822285413742494	global_fdr	50
ABCA4_749d97aeee0188af	173	11	0	0.06358381502890176	0.0025244231801480055	0.0372222363948822	1	chr1:94011274:A>T	p.Y1858N	missense	1858.0	P/LP	23.819609254212786	23.819609254212786	1.0	2.807354922057604	global_fdr	11
ABCA4_b7d3009f27f6758c	151	0	11	0.0679012345679012	0.0017001813976094127	0.0234183669090271	1	chr1:94112978:T>C	p.H52R	missense	52.0	VUS	21.36059425301385	21.36059425301385	1.0	2.807354922057604	global_fdr	11
ABCA4_dcd686467f39d254	173	11	0	0.06358381502890176	0.002428492996841669	0.031128883361816406	1	chr1:94025039:G>A	p.R1517C	missense	1517.0	VUS	18.776026882477687	18.776026882477687	1.0	2.807354922057604	global_fdr	11
ABCA4_ece53375192e604f	151	0	11	0.0679012345679012	0.0012588859535753727	0.012820005416870117	1	chr1:94080706:G>C	p.P291A	missense	291.0	P/LP	14.76839861881389	14.76839861881389	1.0	2.807354922057604	global_fdr	11
ABCA4_11f7269f98967896	161	3	4	0.042424242424242475	0.001744127832353115	0.02290666103363037	1	chr1:94060592:A>G	p.L702P	missense	702.0	Conflicting	24.48265705453364	24.48265705453364	1.0	2.807354922057604	global_fdr	7
ABCA4_1edb6811a2b006be	159	2	5	0.04268292682926833	0.0014687241055071354	0.0204390287399292	1	chr1:94079357:G>A	p.P402S	missense	402.0	VUS	25.891959385301814	25.891959385301814	1.0	2.807354922057604	global_fdr	7
ABCA4_818e603f47477a2d	161	3	4	0.042424242424242475	0.0009564714855514467	0.017850816249847412	1	chr1:94031120:T>C	p.I1377V	missense	1377.0	VUS	17.184706449350227	17.184706449350227	1.0	2.807354922057604	global_fdr	7
ABCA4_3ec63e3b6d5e8d29	163	3	2	0.030303030303030276	0.0011476343497633934	0.016831278800964355	1	chr1:94077874:T>C	p.N457S	missense	457.0	VUS	19.872565901444002	19.872565901444002	1.0	2.807354922057604	global_fdr	5
ABCA4_421e809a8274ea0a	159	1	4	0.030674846625766916	0.0013361364835873246	0.01614677906036377	1	chr1:94111562:C>T	p.A60T	missense	60.0	P/LP	26.86221567021999	26.86221567021999	1.0	2.807354922057604	global_fdr	5
ABCA4_461a83cc82311fca	163	3	2	0.030303030303030276	0.0012687783455476165	0.017489805817604065	1	chr1:94040103:C>A	p.G1183C	missense	1183.0	Conflicting	13.368596386796305	13.368596386796305	1.0	2.807354922057604	global_fdr	5
ABCA4_85cd3e1c5153e9d0	163	3	2	0.030303030303030276	0.0007655487861484289	0.010711640119552612	1	chr1:94080502:T>C	p.I359V	missense	359.0	VUS	0.021880782011849974	0.021880782011849974	1.0	2.807354922057604	global_fdr	5
ABCA4_aa2403e507e7473d	163	3	2	0.030303030303030276	0.001301115145906806	0.016262412071228027	1	chr1:94108702:T>A	p.Y106F	missense	106.0	Conflicting	16.78729087568637	16.78729087568637	1.0	2.807354922057604	global_fdr	5
ABCA4_b6c4b7d92222be18	163	3	2	0.030303030303030276	0.001093848142772913	0.01654970645904541	1	chr1:94108600:C>T	p.R140Q	missense	140.0	VUS	7.5054866674282295	7.5054866674282295	1.0	2.807354922057604	global_fdr	5
ABCA4_c62d2f76c9e6d4e9	163	3	2	0.030303030303030276	0.0011777632171288133	0.016460150480270386	1	chr1:94031935:G>T	p.A1324E	missense	1324.0	VUS	7.46024285462882	7.46024285462882	1.0	2.807354922057604	global_fdr	5
ABCA4_d634bba989464e4d	163	3	2	0.030303030303030276	0.001241707825101912	0.017676740884780884	1	chr1:94029486:G>A	p.P1500S	missense	1500.0	VUS	25.866201810958774	25.866201810958774	1.0	2.807354922057604	global_fdr	5
ABCA4_dd8a1a180a70812d	163	3	2	0.030303030303030276	0.0012583360075950623	0.017042994499206543	1	chr1:94031054:C>T	p.E1399K	missense	1399.0	P/LP	23.19296427608711	23.19296427608711	1.0	2.807354922057604	global_fdr	5
ABCA4_e2dd303e465b8ab8	163	3	2	0.030303030303030276	0.001540082274004817	0.02290177345275879	1	chr1:94111498:C>G	p.C81S	missense	81.0	P/LP	31.617620618510387	31.617620618510387	1.0	2.807354922057604	global_fdr	5
ABCA4_ec8691e781d6b5e9	163	3	2	0.030303030303030276	0.0011592122027650476	0.017850816249847412	1	chr1:94021381:G>T	p.A1626D	missense	1626.0	VUS	31.57946858850523	31.57946858850523	1.0	2.807354922057604	global_fdr	5
ABCA4_f47391d6f2f734c8	159	1	4	0.030674846625766916	0.0015261697117239237	0.020925402641296387	1	chr1:94077736:A>G	p.F503S	missense	503.0	P/LP	24.34892495617996	24.34892495617996	1.0	2.807354922057604	global_fdr	5
ABCA4_02610d265b577f19	159	0	3	0.01851851851851849	0.0012473090318962932	0.01347920298576355	1	chr1:94062649:C>A	p.S622I	missense	622.0	VUS	19.31443545630392	19.31443545630392	1.0	2.807354922057604	global_fdr	3
ABCA4_713d7cb86f66b330	159	0	3	0.01851851851851849	0.0012055995175614953	0.013975560665130615	1	chr1:94080595:C>T	p.E328K	missense	328.0	P/LP	21.3016841452596	21.3016841452596	1.0	2.807354922057604	global_fdr	3
ABCA4_9ffa38e65b6433fe	159	0	3	0.01851851851851849	0.0010334101971238852	0.01122024655342102	1	chr1:94007680:C>T	p.G1987R	missense	1987.0	VUS	25.62784225019257	25.62784225019257	1.0	2.807354922057604	global_fdr	3
ABCA4_a3453c0473252673	159	0	3	0.01851851851851849	0.0017987018218263984	0.021746695041656494	1	chr1:94112977:A>C	p.H52Q	missense	52.0	VUS	17.833924562632376	17.833924562632376	1.0	2.807354922057604	global_fdr	3
ABCA4_c76b37883507858c	159	0	3	0.01851851851851849	0.0012879724381491542	0.01322627067565918	1	chr1:94021855:A>C	p.N1588K	missense	1588.0	VUS	24.839467947315747	24.839467947315747	1.0	2.807354922057604	global_fdr	3
ABCA4_d711006a5f7ad404	185	36	13	0.24747474747474751	0.01973363198339939	0.22081460058689117	1	chr1:94031054:C>A	p.E1399*	stop_gain	1399.0	P/LP	42.38844538627155	42.38844538627155	1.0	2.779135048410146	global_fdr	49
ABCA4_06033b4d2f458c1a	152	0	10	0.06172839506172845	0.0019370678346604109	0.028024226427078247	1	chr1:94029453:G>A	p.P1511S	missense	1511.0	VUS	25.151277265786618	25.151277265786618	1.0	2.662965012722429	global_fdr	10
ABCA4_f7e50932983a6d77	172	10	0	0.05813953488372092	0.002680088859051466	0.03637641668319702	1	chr1:94062593:A>G	p.C641R	missense	641.0	VUS	28.618605929768684	28.618605929768684	1.0	2.662965012722429	global_fdr	10
ABCA4_fede4b6583d41c18	172	10	0	0.05813953488372092	0.003288696054369211	0.04542994499206543	1	chr1:94019746:C>A	p.V1678L	missense	1678.0	VUS	22.606300557253167	22.606300557253167	1.0	2.662965012722429	global_fdr	10
ABCA4_069d5d16336b29ec	153	0	9	0.05555555555555558	0.0013389548985287547	0.01852518320083618	1	chr1:94080615:T>C	p.D321G	missense	321.0	VUS	17.921658672598056	17.921658672598056	1.0	2.5025003405291835	global_fdr	9
ABCA4_38c6492ec2c8cbe0	153	0	9	0.05555555555555558	0.0017353646690025926	0.01959913969039917	1	chr1:94079421:A>T	p.N380K	missense	380.0	Conflicting	21.751336546236985	21.751336546236985	1.0	2.5025003405291835	global_fdr	9
ABCA4_3c0c092e2d926f64	153	0	9	0.05555555555555558	0.00292498292401433	0.03192231059074402	1	chr1:94079423:T>G	p.N380H	missense	380.0	VUS	18.91046967858905	18.91046967858905	1.0	2.5025003405291835	global_fdr	9
ABCA4_749f444f63453f29	153	0	9	0.05555555555555558	0.0017002286622300744	0.021118253469467163	1	chr1:94044659:G>A	p.R1002W	missense	1002.0	Conflicting	23.385112717680514	23.385112717680514	1.0	2.5025003405291835	global_fdr	9
ABCA4_9da02b61a0d18b98	153	0	9	0.05555555555555558	0.001583523117005825	0.01777324080467224	1	chr1:94046937:G>A	p.A967V	missense	967.0	P/LP	29.435955864862734	29.435955864862734	1.0	2.5025003405291835	global_fdr	9
ABCA4_ccc8744157fc3992	153	0	9	0.05555555555555558	0.0015169839607551694	0.017722517251968384	1	chr1:94040073:C>T	p.D1193N	missense	1193.0	VUS	9.857103769905992	9.857103769905992	1.0	2.5025003405291835	global_fdr	9
ABCA4_e94e02e1c65ee762	153	0	9	0.05555555555555558	0.0015621575294062495	0.016368091106414795	1	chr1:94037284:A>G	p.I1225T	missense	1225.0	VUS	21.86660347468939	21.86660347468939	1.0	2.5025003405291835	global_fdr	9
ABCA4_fe5ea5d5174fa8c2	153	0	9	0.05555555555555558	0.002101072110235691	0.022605091333389282	1	chr1:94103015:C>G	p.Q190H	missense	190.0	Other	33.6229033982954	33.6229033982954	1.0	2.5025003405291835	global_fdr	9
ABCA4_0e15ff16c8f3ef19	171	9	0	0.052631578947368474	0.002618484664708376	0.03135073184967041	1	chr1:94031960:C>A	p.D1316Y	missense	1316.0	VUS	11.65763854651823	11.65763854651823	1.0	2.502500340529183	global_fdr	9
ABCA4_48f015d3158a3e94	171	9	0	0.052631578947368474	0.0031448351219296455	0.04306924343109131	1	chr1:94019727:A>T	p.I1684N	missense	1684.0	P/LP	26.292898153617568	26.292898153617568	1.0	2.502500340529183	global_fdr	9
ABCA4_72fad5d9d0eced9d	171	9	0	0.052631578947368474	0.0018269155407324433	0.021404772996902466	1	chr1:94103071:C>A	p.G172C	missense	172.0	P/LP	23.2474626879972	23.2474626879972	1.0	2.502500340529183	global_fdr	9
ABCA4_85174a0ceecc2ba1	171	9	0	0.052631578947368474	0.0021824596915394068	0.03093278408050537	1	chr1:94078678:T>G	p.H423P	missense	423.0	Other	22.05184059469246	22.05184059469246	1.0	2.502500340529183	global_fdr	9
ABCA4_d2f919dec3ffc141	171	9	0	0.052631578947368474	0.0022209465969353914	0.024142026901245117	1	chr1:94062592:C>G	p.C641S	missense	641.0	P/LP	29.872012913024413	29.872012913024413	1.0	2.502500340529183	global_fdr	9
ABCA4_f1540346ed03dded	171	9	0	0.052631578947368474	0.0029904760885983706	0.032096266746520996	1	chr1:94019698:G>T	p.P1694T	missense	1694.0	VUS	26.824672690756763	26.824672690756763	1.0	2.502500340529183	global_fdr	9
ABCA4_2a67c1fdf7258210	160	4	6	0.06024096385542166	0.0022354531101882458	0.03493797779083252	1	chr1:94046943:T>C	p.N965S	missense	965.0	P/LP	23.847832847039893	23.847832847039893	1.0	2.478047296804644	global_fdr	10
ABCA4_585b41ed48d1b40a	163	4	3	0.04216867469879515	0.0016325433971360326	0.02234560251235962	1	chr1:94015778:T>C	p.E1758G	missense	1758.0	VUS	9.387269358635615	9.387269358635615	1.0	2.4329594072761065	global_fdr	7
ABCA4_77c2beaaba74731c	161	3	4	0.042424242424242475	0.002221581758931279	0.02801370620727539	1	chr1:94029527:G>A	p.P1486L	missense	1486.0	P/LP	23.354798396016633	23.354798396016633	1.0	2.4329594072761065	global_fdr	7
ABCA4_83340e5b36ddad54	163	4	3	0.04216867469879515	0.0022135658655315638	0.03761966526508331	1	chr1:94011297:A>G	p.L1850P	missense	1850.0	P/LP	27.261474657148344	27.261474657148344	1.0	2.4329594072761065	global_fdr	7
ABCA4_d037f16f0a26ad51	157	1	6	0.042944785276073594	0.0013733130181208253	0.016338765621185303	1	chr1:94060598:C>A	p.W700L	missense	700.0	VUS	23.1626704821006	23.1626704821006	1.0	2.4329594072761065	global_fdr	7
ABCA4_799237e01c2519c0	192	41	11	0.2561576354679803	0.018312549218535423	0.21375545859336853	1	chr1:94031026:C>T	p.W1408*	stop_gain	1408.0	P/LP	43.37102595599813	43.37102595599813	1.0	2.321928094887362	global_fdr	52
ABCA4_23c1cc9b01689749	154	0	8	0.04938271604938271	0.0012743339175358415	0.011754631996154785	1	chr1:94047022:C>G	p.E939Q	missense	939.0	VUS	18.150825991493686	18.150825991493686	1.0	2.321928094887362	global_fdr	8
ABCA4_298604121bb1b658	154	0	8	0.04938271604938271	0.0018422792199999094	0.023337438702583313	1	chr1:94043336:C>T	p.G1064S	missense	1064.0	P/LP	30.003940596160636	30.003940596160636	1.0	2.321928094887362	global_fdr	8
ABCA4_3980a37303dfbd97	170	8	0	0.04705882352941182	0.002161706332117319	0.031396687030792236	1	chr1:94079365:A>G	p.L399P	missense	399.0	VUS	26.14965456806693	26.14965456806693	1.0	2.321928094887362	global_fdr	8
ABCA4_398f71972d7b8513	154	0	8	0.04938271604938271	0.0015959093580022454	0.018925458192825317	1	chr1:94043471:T>C	p.T1019A	missense	1019.0	P/LP	24.80215685791652	24.80215685791652	1.0	2.321928094887362	global_fdr	8
ABCA4_4289b8c3443271d6	154	0	8	0.04938271604938271	0.0013099146308377385	0.01690453290939331	1	chr1:94011262:C>G	p.G1862R	missense	1862.0	P/LP	32.977090269598975	32.977090269598975	1.0	2.321928094887362	global_fdr	8
ABCA4_44a933b2ebd27474	154	0	8	0.04938271604938271	0.001595239620655775	0.020258307456970215	1	chr1:94083404:T>C	p.N269S	missense	269.0	VUS	20.245016085710127	20.245016085710127	1.0	2.321928094887362	global_fdr	8
ABCA4_4733b0e0d55dfd07	154	0	8	0.04938271604938271	0.001321478746831417	0.017773419618606567	1	chr1:94048954:C>G	p.C886S	missense	886.0	VUS	24.27126929361618	24.27126929361618	1.0	2.321928094887362	global_fdr	8
ABCA4_48e3a9c5507ae3a8	170	8	0	0.04705882352941182	0.0027880952693521976	0.03573489189147949	1	chr1:94011268:G>A	p.R1860W	missense	1860.0	P/LP	20.495097001425084	20.495097001425084	1.0	2.321928094887362	global_fdr	8
ABCA4_5328e2c5cd5b22e1	170	8	0	0.04705882352941182	0.0019367989152669907	0.02626115083694458	1	chr1:94008287:C>A	p.G1949V	missense	1949.0	Other	22.833973280494597	22.833973280494597	1.0	2.321928094887362	global_fdr	8
ABCA4_58392ba8d82c3500	154	0	8	0.04938271604938271	0.0017342575592920184	0.021930992603302002	1	chr1:94010927:C>T	p.E1863K	missense	1863.0	VUS	22.51194890734492	22.51194890734492	1.0	2.321928094887362	global_fdr	8
ABCA4_5b250ecca6d6d5d3	154	0	8	0.04938271604938271	0.0014845211990177631	0.016506671905517578	1	chr1:94080699:A>C	p.M293R	missense	293.0	P/LP	23.941889659530197	23.941889659530197	1.0	2.321928094887362	global_fdr	8
ABCA4_82dd166a2b48b146	170	8	0	0.04705882352941182	0.002421096432954073	0.031579017639160156	1	chr1:94083411:C>A	p.G267C	missense	267.0	VUS	23.449017494010093	23.449017494010093	1.0	2.321928094887362	global_fdr	8
ABCA4_89e8e0969102f73c	154	0	8	0.04938271604938271	0.0017396346665918827	0.020871102809906006	1	chr1:94077788:G>A	p.P486S	missense	486.0	VUS	16.774499050635807	16.774499050635807	1.0	2.321928094887362	global_fdr	8
ABCA4_8fa4db7e58eed89b	154	0	8	0.04938271604938271	0.001586272264830768	0.018680334091186523	1	chr1:94062670:A>G	p.V615A	missense	615.0	Conflicting	22.13750352924545	22.13750352924545	1.0	2.321928094887362	global_fdr	8
ABCA4_977bf8796867c5e7	170	8	0	0.04705882352941182	0.0026390142738819122	0.03306838870048523	1	chr1:94014614:A>G	p.C1797R	missense	1797.0	P/LP	27.259132890001805	27.259132890001805	1.0	2.321928094887362	global_fdr	8
ABCA4_ac544b7416b43919	170	8	0	0.04705882352941182	0.0026518278755247593	0.035865604877471924	1	chr1:94019754:G>A	p.T1675I	missense	1675.0	VUS	24.71351356425568	24.71351356425568	1.0	2.321928094887362	global_fdr	8
ABCA4_ad6c74ddabac1824	160	3	5	0.048484848484848464	0.0010540110524743795	0.015079706907272339	1	chr1:94029447:G>T	p.Q1513K	missense	1513.0	VUS	22.570970478120266	22.570970478120266	1.0	2.321928094887362	global_fdr	8
ABCA4_b71ec569a3807790	170	8	0	0.04705882352941182	0.002177400281652808	0.02702707052230835	1	chr1:94078663:A>T	p.V428D	missense	428.0	VUS	22.913034777703857	22.913034777703857	1.0	2.321928094887362	global_fdr	8
ABCA4_b851f9b1122af5a9	154	0	8	0.04938271604938271	0.0013626659056171775	0.017733871936798096	1	chr1:94047067:C>T	p.G924R	missense	924.0	VUS	23.67840025373185	23.67840025373185	1.0	2.321928094887362	global_fdr	8
ABCA4_c1685431fe70dc63	154	0	8	0.04938271604938271	0.0011131768114864826	0.015992075204849243	1	chr1:94014665:G>A	p.P1780S	missense	1780.0	VUS	29.88611094348267	29.88611094348267	1.0	2.321928094887362	global_fdr	8
ABCA4_c197b6f78e501b3d	154	0	8	0.04938271604938271	0.004286173265427351	0.03780531883239746	1	chr1:94080534:A>C	p.F348C	missense	348.0	P/LP	26.27672247422484	26.27672247422484	1.0	2.321928094887362	global_fdr	8
ABCA4_c69a15759ca342ef	170	8	0	0.04705882352941182	0.0024498477578163147	0.033458441495895386	1	chr1:94011274:A>C	p.Y1858D	missense	1858.0	P/LP	25.162310098141752	25.162310098141752	1.0	2.321928094887362	global_fdr	8
ABCA4_d93a80fcb6629ae9	170	8	0	0.04705882352941182	0.0020197571720927954	0.02680879831314087	1	chr1:94056692:C>T	p.C764Y	missense	764.0	P/LP	25.093182998124814	25.093182998124814	1.0	2.321928094887362	global_fdr	8
ABCA4_e5cdcc50516b0a91	160	3	5	0.048484848484848464	0.0014884491683915257	0.01853734254837036	1	chr1:94044646:C>T	p.G1006D	missense	1006.0	Conflicting	35.33019687645387	35.33019687645387	1.0	2.321928094887362	global_fdr	8
ABCA4_efe9011f1b1a2937	170	8	0	0.04705882352941182	0.002007619943469763	0.025081515312194824	1	chr1:94019697:G>A	p.P1694L	missense	1694.0	VUS	28.944685060176397	28.944685060176397	1.0	2.321928094887362	global_fdr	8
ABCA4_04a4e853f2c6ba2c	160	2	4	0.03658536585365857	0.001776205375790596	0.03313612937927246	1	chr1:94041377:G>C	p.H1118Q	missense	1118.0	P/LP	25.36905660397887	25.36905660397887	1.0	2.321928094887362	global_fdr	6
ABCA4_04f7a51a33eeb3da	160	2	4	0.03658536585365857	0.0012182737700641155	0.015726357698440552	1	chr1:94078705:G>T	p.A414D	missense	414.0	VUS	30.610219500429796	30.610219500429796	1.0	2.321928094887362	global_fdr	6
ABCA4_09235ee334e11abf	160	2	4	0.03658536585365857	0.0013448414392769337	0.01726233959197998	1	chr1:94055128:A>G	p.L857P	missense	857.0	Conflicting	24.9007205601783	24.9007205601783	1.0	2.321928094887362	global_fdr	6
ABCA4_0d3e66dccb728235	160	2	4	0.03658536585365857	0.0014080990804359317	0.020034730434417725	1	chr1:94037170:C>T	p.G1263E	missense	1263.0	VUS	31.984727144577754	31.984727144577754	1.0	2.321928094887362	global_fdr	6
ABCA4_39e32d1f59ab24bc	160	2	4	0.03658536585365857	0.0015392390778288245	0.025248661637306213	1	chr1:94042898:C>T	p.G1064D	missense	1064.0	VUS	28.667469545986904	28.667469545986904	1.0	2.321928094887362	global_fdr	6
ABCA4_3e18fe8c14a51a8a	160	2	4	0.03658536585365857	0.0015184474177658558	0.020703762769699097	1	chr1:94019598:T>C	p.N1727S	missense	1727.0	VUS	14.77322072711982	14.77322072711982	1.0	2.321928094887362	global_fdr	6
ABCA4_4643725a4b6e340c	160	2	4	0.03658536585365857	0.0011998658301308751	0.018524765968322754	1	chr1:94040064:T>A	p.T1196S	missense	1196.0	VUS	16.489133912184172	16.489133912184172	1.0	2.321928094887362	global_fdr	6
ABCA4_53263bf343fa271f	160	2	4	0.03658536585365857	0.0012272614985704422	0.015767395496368408	1	chr1:94021313:G>A	p.P1649S	missense	1649.0	VUS	21.46839861580724	21.46839861580724	1.0	2.321928094887362	global_fdr	6
ABCA4_5401e624afbaf927	160	2	4	0.03658536585365857	0.0015218801563605666	0.019017428159713745	1	chr1:94010863:A>T	p.V1884E	missense	1884.0	Other	16.772836537977692	16.772836537977692	1.0	2.321928094887362	global_fdr	6
ABCA4_58ca8a93896ff8be	160	2	4	0.03658536585365857	0.0011573241790756583	0.019937127828598022	1	chr1:94044716:T>A	p.T983S	missense	983.0	VUS	20.8504226818661	20.8504226818661	1.0	2.321928094887362	global_fdr	6
ABCA4_5deeed8276d2656a	160	2	4	0.03658536585365857	0.0017330580158159137	0.02150365710258484	1	chr1:94014673:A>C	p.M1777R	missense	1777.0	P/LP	26.154777602042167	26.154777602042167	1.0	2.321928094887362	global_fdr	6
ABCA4_666510fd5279df0d	160	2	4	0.03658536585365857	0.0018526982748880982	0.02113628387451172	1	chr1:94079405:C>T	p.A386T	missense	386.0	VUS	20.89555429278594	20.89555429278594	1.0	2.321928094887362	global_fdr	6
ABCA4_6f65511847adb21f	160	2	4	0.03658536585365857	0.0011242872569710016	0.019228726625442505	1	chr1:94080480:G>A	p.T366I	missense	366.0	VUS	21.79291290796518	21.79291290796518	1.0	2.321928094887362	global_fdr	6
ABCA4_72691326922e4f7f	160	2	4	0.03658536585365857	0.0016176087083294988	0.021957486867904663	1	chr1:94014685:G>T	p.A1773E	missense	1773.0	P/LP	30.383852326826	30.383852326826	1.0	2.321928094887362	global_fdr	6
ABCA4_899a5492f65ce978	160	2	4	0.03658536585365857	0.001436999416910112	0.01793988049030304	1	chr1:94042812:C>T	p.D1093N	missense	1093.0	P/LP	29.642668783284623	29.642668783284623	1.0	2.321928094887362	global_fdr	6
ABCA4_8f5b9b2cc487660c	160	2	4	0.03658536585365857	0.0020935614593327045	0.03119148313999176	1	chr1:94029524:G>C	p.S1487C	missense	1487.0	VUS	23.322301537208485	23.322301537208485	1.0	2.321928094887362	global_fdr	6
ABCA4_964369af5a1de8d8	160	2	4	0.03658536585365857	0.0010156410280615091	0.013465970754623413	1	chr1:94021940:A>T	p.I1560N	missense	1560.0	VUS	31.154451577052534	31.154451577052534	1.0	2.321928094887362	global_fdr	6
ABCA4_bf4e4d25e024aee0	160	2	4	0.03658536585365857	0.0008571271318942308	0.010320276021957397	1	chr1:94056654:T>C	p.I777V	missense	777.0	VUS	9.425765183642898	9.425765183642898	1.0	2.321928094887362	global_fdr	6
ABCA4_cd0486660044adf9	160	2	4	0.03658536585365857	0.0016598214861005545	0.02647450566291809	1	chr1:94014674:T>C	p.M1777V	missense	1777.0	Conflicting	22.375006660275435	22.375006660275435	1.0	2.321928094887362	global_fdr	6
ABCA4_cf82bad5dbdf7c27	160	2	4	0.03658536585365857	0.001317549031227827	0.01602444052696228	1	chr1:94046968:G>T	p.Q957K	missense	957.0	Conflicting	24.498308372395826	24.498308372395826	1.0	2.321928094887362	global_fdr	6
ABCA4_dd8769d8c0cd0c63	160	2	4	0.03658536585365857	0.0012836828827857971	0.016379863023757935	1	chr1:94062622:C>A	p.G631V	missense	631.0	P/LP	28.039557584637574	28.039557584637574	1.0	2.321928094887362	global_fdr	6
ABCA4_e981026fe171748d	160	2	4	0.03658536585365857	0.001338520203717053	0.016087263822555542	1	chr1:94044647:C>G	p.G1006R	missense	1006.0	Conflicting	33.25391946057894	33.25391946057894	1.0	2.321928094887362	global_fdr	6
ABCA4_f3f0bfd0613ae361	160	2	4	0.03658536585365857	0.0011486992007121444	0.01863458752632141	1	chr1:94008795:C>T	p.G1931S	missense	1931.0	VUS	19.37727064765722	19.37727064765722	1.0	2.321928094887362	global_fdr	6
ABCA4_f78d239b581eb2fb	160	2	4	0.03658536585365857	0.0011829497525468469	0.016457736492156982	1	chr1:94014668:A>G	p.Y1779H	missense	1779.0	P/LP	28.89924473378775	28.89924473378775	1.0	2.321928094887362	global_fdr	6
ABCA4_041e541dfab0f283	162	2	2	0.024390243902439046	0.0009133185376413167	0.010425418615341187	1	chr1:94021400:T>G	p.N1620H	missense	1620.0	P/LP	25.009113490999653	25.009113490999653	1.0	2.321928094887362	global_fdr	4
ABCA4_04277527a8b2a36e	160	1	3	0.024539877300613466	0.001549320644699037	0.014899909496307373	1	chr1:94005539:A>G	p.C2017R	missense	2017.0	P/LP	27.9622873776003	27.9622873776003	1.0	2.321928094887362	global_fdr	4
ABCA4_04570654cfd2a004	162	2	2	0.024390243902439046	0.0012057300191372633	0.016819417476654053	1	chr1:94019645:G>T	p.H1711Q	missense	1711.0	VUS	23.508705558986552	23.508705558986552	1.0	2.321928094887362	global_fdr	4
ABCA4_05414e9598c4a26f	160	1	3	0.024539877300613466	0.0012239152565598488	0.015372201800346375	1	chr1:94010866:A>C	p.V1883G	missense	1883.0	VUS	18.043267706586906	18.043267706586906	1.0	2.321928094887362	global_fdr	4
ABCA4_0d6d730b2266b35a	160	1	3	0.024539877300613466	0.0010599106317386031	0.013142168521881104	1	chr1:94043467:A>C	p.V1020G	missense	1020.0	P/LP	26.7896757750157	26.7896757750157	1.0	2.321928094887362	global_fdr	4
ABCA4_0ff940542e1e73d1	162	2	2	0.024390243902439046	0.0011298861354589462	0.01830190420150757	1	chr1:94062706:T>C	p.Y603C	missense	603.0	P/LP	25.936415750611047	25.936415750611047	1.0	2.321928094887362	global_fdr	4
ABCA4_1ec2ccecfd03cfa0	160	1	3	0.024539877300613466	0.0012988087255507708	0.016642093658447266	1	chr1:94098886:G>T	p.R226S	missense	226.0	Conflicting	22.884072622733555	22.884072622733555	1.0	2.321928094887362	global_fdr	4
ABCA4_2239c983a3159afa	160	1	3	0.024539877300613466	0.0013760015135630965	0.016067534685134888	1	chr1:94029593:G>A	p.P1464L	missense	1464.0	VUS	21.332815745556758	21.332815745556758	1.0	2.321928094887362	global_fdr	4
ABCA4_250ca4b4e7d43748	160	1	3	0.024539877300613466	0.0008047377923503518	0.009766459465026855	1	chr1:94055225:C>T	p.G825R	missense	825.0	VUS	22.212636723244167	22.212636723244167	1.0	2.321928094887362	global_fdr	4
ABCA4_295c55d025e90e91	160	1	3	0.024539877300613466	0.0011095154331997037	0.012671619653701782	1	chr1:94077734:T>G	p.N504H	missense	504.0	Conflicting	17.749207155932897	17.749207155932897	1.0	2.321928094887362	global_fdr	4
ABCA4_2d2ad9a90f10589f	160	1	3	0.024539877300613466	0.0011117651592940092	0.013332366943359375	1	chr1:94030453:G>T	p.R1443S	missense	1443.0	VUS	24.633710016224054	24.633710016224054	1.0	2.321928094887362	global_fdr	4
ABCA4_34488af2f408a14f	160	1	3	0.024539877300613466	0.0011596849653869867	0.01231202483177185	1	chr1:94037209:A>G	p.L1250P	missense	1250.0	P/LP	28.971770640030265	28.971770640030265	1.0	2.321928094887362	global_fdr	4
ABCA4_362119648ff23acb	162	2	2	0.024390243902439046	0.0010670238407328725	0.013201147317886353	1	chr1:94055290:C>T	p.G803E	missense	803.0	P/LP	27.00479602495705	27.00479602495705	1.0	2.321928094887362	global_fdr	4
ABCA4_3669047c30753e5b	160	1	3	0.024539877300613466	0.0011579397832974792	0.015604525804519653	1	chr1:94042797:G>A	p.R1098C	missense	1098.0	P/LP	24.765473797235394	24.765473797235394	1.0	2.321928094887362	global_fdr	4
ABCA4_4113edf570f298c2	160	1	3	0.024539877300613466	0.000750961247831583	0.010281503200531006	1	chr1:94030491:A>G	p.L1430P	missense	1430.0	P/LP	24.20873728413777	24.20873728413777	1.0	2.321928094887362	global_fdr	4
ABCA4_457a4e879d0a766d	160	1	3	0.024539877300613466	0.001166568137705326	0.014103859663009644	1	chr1:94063146:C>G	p.D576H	missense	576.0	P/LP	26.270576123534667	26.270576123534667	1.0	2.321928094887362	global_fdr	4
ABCA4_498b162b9fe222fd	160	1	3	0.024539877300613466	0.0010146675631403923	0.012481242418289185	1	chr1:94014670:A>T	p.M1778K	missense	1778.0	P/LP	27.05758731485787	27.05758731485787	1.0	2.321928094887362	global_fdr	4
ABCA4_4baed427bf965123	162	2	2	0.024390243902439046	0.0011437236098572612	0.01471775770187378	1	chr1:94056642:C>T	p.A781T	missense	781.0	VUS	11.801436845576955	11.801436845576955	1.0	2.321928094887362	global_fdr	4
ABCA4_4d377cae653d765f	160	1	3	0.024539877300613466	0.0012489049695432186	0.01479405164718628	1	chr1:94030473:T>C	p.N1436S	missense	1436.0	VUS	17.83573275702684	17.83573275702684	1.0	2.321928094887362	global_fdr	4
ABCA4_4d466f11f05ea395	162	2	2	0.024390243902439046	0.001411615638062358	0.01913505792617798	1	chr1:94098944:G>C	p.S206R	missense	206.0	Conflicting	12.329088032087743	12.329088032087743	1.0	2.321928094887362	global_fdr	4
ABCA4_56f9e1f8e8d151bb	160	1	3	0.024539877300613466	0.0012012622319161892	0.013982802629470825	1	chr1:94111454:T>C	p.N96D	missense	96.0	P/LP	26.037410656219294	26.037410656219294	1.0	2.321928094887362	global_fdr	4
ABCA4_59423d80946baf5f	162	2	2	0.024390243902439046	0.0011409284779801965	0.013176441192626953	1	chr1:94121021:G>A	p.L9F	missense	9.0	P/LP	23.842499498931296	23.842499498931296	1.0	2.321928094887362	global_fdr	4
ABCA4_5cabc6e658bb9308	160	1	3	0.024539877300613466	0.0012431968934834003	0.01668757200241089	1	chr1:94063113:T>C	p.R587G	missense	587.0	VUS	27.793648218710793	27.793648218710793	1.0	2.321928094887362	global_fdr	4
ABCA4_5fbc666246966b64	162	2	2	0.024390243902439046	0.0024640776682645082	0.032894909381866455	1	chr1:94031090:C>T	p.A1387T	missense	1387.0	VUS	22.21155972685951	22.21155972685951	1.0	2.321928094887362	global_fdr	4
ABCA4_6029422b80727f90	160	1	3	0.024539877300613466	0.0010679214028641582	0.011514842510223389	1	chr1:94062599:A>G	p.Y639H	missense	639.0	VUS	27.88127939140779	27.88127939140779	1.0	2.321928094887362	global_fdr	4
ABCA4_6c89d4b9d5e03791	162	2	2	0.024390243902439046	0.0015176134184002876	0.01651287078857422	1	chr1:94047046:C>T	p.V931M	missense	931.0	Conflicting	24.201375319127443	24.201375319127443	1.0	2.321928094887362	global_fdr	4
ABCA4_724ca1bfbeb02afd	162	2	2	0.024390243902439046	0.0008921975968405604	0.014597088098526001	1	chr1:94111565:T>C	p.K59E	missense	59.0	P/LP	27.761372361912997	27.761372361912997	1.0	2.321928094887362	global_fdr	4
ABCA4_75614ce7f682ec81	160	1	3	0.024539877300613466	0.0007975721382535994	0.009877949953079224	1	chr1:94098972:T>G	p.D197A	missense	197.0	VUS	17.22579668933127	17.22579668933127	1.0	2.321928094887362	global_fdr	4
ABCA4_7adbce1e8cb59982	162	2	2	0.024390243902439046	0.0013830085517838597	0.015044420957565308	1	chr1:94063173:C>T	p.V567M	missense	567.0	Conflicting	20.30108438350812	20.30108438350812	1.0	2.321928094887362	global_fdr	4
ABCA4_7edbce95a2c4e1c6	160	1	3	0.024539877300613466	0.0014515743823722005	0.013105571269989014	1	chr1:94005499:C>T	p.R2030Q	missense	2030.0	P/LP	21.09195918985527	21.09195918985527	1.0	2.321928094887362	global_fdr	4
ABCA4_816d0a6dffca9b8f	160	1	3	0.024539877300613466	0.0012808877509087324	0.013960003852844238	1	chr1:94024993:T>A	p.D1532V	missense	1532.0	P/LP	26.750669052649894	26.750669052649894	1.0	2.321928094887362	global_fdr	4
ABCA4_83176e1bb00970e3	162	2	2	0.024390243902439046	0.0008739003678783774	0.01314796507358551	1	chr1:94030467:G>T	p.P1438Q	missense	1438.0	VUS	26.222583678939387	26.222583678939387	1.0	2.321928094887362	global_fdr	4
ABCA4_8410f9fbff631a1f	162	2	2	0.024390243902439046	0.0014392627635970712	0.015671640634536743	1	chr1:94011364:C>T	p.V1828M	missense	1828.0	B/LB	4.595543114189091	4.595543114189091	1.0	2.321928094887362	global_fdr	4
ABCA4_848ad83ad9d2815e	160	1	3	0.024539877300613466	0.0014101762790232897	0.013339787721633911	1	chr1:94030497:G>A	p.T1428M	missense	1428.0	B/LB	8.250383883682558	8.250383883682558	1.0	2.321928094887362	global_fdr	4
ABCA4_861b153c274b27f9	160	1	3	0.024539877300613466	0.00110530701931566	0.01064649224281311	1	chr1:94043461:T>C	p.E1022G	missense	1022.0	P/LP	26.335216803917973	26.335216803917973	1.0	2.321928094887362	global_fdr	4
ABCA4_8637196a289d7f1d	160	1	3	0.024539877300613466	0.001064011943526566	0.013941466808319092	1	chr1:94021351:T>C	p.N1636S	missense	1636.0	VUS	23.573879621068393	23.573879621068393	1.0	2.321928094887362	global_fdr	4
ABCA4_887c991a0ff7edf8	162	2	2	0.024390243902439046	0.0010115680051967502	0.014338016510009766	1	chr1:94005466:C>T	p.G2041D	missense	2041.0	P/LP	29.485109293306905	29.485109293306905	1.0	2.321928094887362	global_fdr	4
ABCA4_8dcdf9fac200aaa4	160	1	3	0.024539877300613466	0.0011908349115401506	0.01661863923072815	1	chr1:94063130:G>T	p.T581N	missense	581.0	P/LP	26.487473341878815	26.487473341878815	1.0	2.321928094887362	global_fdr	4
ABCA4_8f1678bd4a1ebe16	162	2	2	0.024390243902439046	0.0012982924235984683	0.01630789041519165	1	chr1:94077764:T>C	p.M494V	missense	494.0	VUS	1.7100389210529334	1.7100389210529334	1.0	2.321928094887362	global_fdr	4
ABCA4_90e9f7ea909c401b	160	1	3	0.024539877300613466	0.001161028048954904	0.013194352388381958	1	chr1:94055119:A>G	p.V860A	missense	860.0	P/LP	22.40507729174115	22.40507729174115	1.0	2.321928094887362	global_fdr	4
ABCA4_93f4a7074ad99a1f	160	1	3	0.024539877300613466	0.0008254534914158285	0.010732203722000122	1	chr1:94023410:C>T	p.S1548N	missense	1548.0	VUS	20.375179626975136	20.375179626975136	1.0	2.321928094887362	global_fdr	4
ABCA4_9d2aa548a05c751f	162	2	2	0.024390243902439046	0.0010423496132716537	0.013868987560272217	1	chr1:94019641:G>T	p.Q1713K	missense	1713.0	P/LP	25.652696005991807	25.652696005991807	1.0	2.321928094887362	global_fdr	4
ABCA4_9daa8cd54779e145	162	2	2	0.024390243902439046	0.0014745794469490647	0.016647160053253174	1	chr1:94056716:G>A	p.S756F	missense	756.0	VUS	22.320029409474348	22.320029409474348	1.0	2.321928094887362	global_fdr	4
ABCA4_a01664a943f364ad	162	2	2	0.024390243902439046	0.0012149043614044785	0.01775360107421875	1	chr1:94060573:C>A	p.M708I	missense	708.0	VUS	25.279966527679825	25.279966527679825	1.0	2.321928094887362	global_fdr	4
ABCA4_a4117b4b2f6ff8e0	162	2	2	0.024390243902439046	0.0010738304117694497	0.012805402278900146	1	chr1:94025044:G>C	p.T1515R	missense	1515.0	VUS	4.795621589043636	4.795621589043636	1.0	2.321928094887362	global_fdr	4
ABCA4_a6a2020604d92f04	162	2	2	0.024390243902439046	0.0012781030964106321	0.014857828617095947	1	chr1:94021366:A>G	p.L1631P	missense	1631.0	P/LP	27.943223045485816	27.943223045485816	1.0	2.321928094887362	global_fdr	4
ABCA4_a78a3db4016ab062	160	1	3	0.024539877300613466	0.000979317119345069	0.011176526546478271	1	chr1:94037215:C>T	p.R1248K	missense	1248.0	VUS	22.887191650990033	22.887191650990033	1.0	2.321928094887362	global_fdr	4
ABCA4_a86e9d30700c5d80	160	1	3	0.024539877300613466	0.0016939117340371013	0.01915690302848816	1	chr1:94113050:T>G	p.E28A	missense	28.0	VUS	25.00525976421219	25.00525976421219	1.0	2.321928094887362	global_fdr	4
ABCA4_adad36e34dcabc4f	162	2	2	0.024390243902439046	0.0012768397573381662	0.018987298011779785	1	chr1:94062602:G>A	p.P638S	missense	638.0	P/LP	29.58605846403873	29.58605846403873	1.0	2.321928094887362	global_fdr	4
ABCA4_af5d31d1051138bf	162	2	2	0.024390243902439046	0.0014418220380321145	0.01516413688659668	1	chr1:94077692:C>T	p.E518K	missense	518.0	VUS	23.146079833649242	23.146079833649242	1.0	2.321928094887362	global_fdr	4
ABCA4_b01b11fb485901d6	160	1	3	0.024539877300613466	0.0012632297584787011	0.016800731420516968	1	chr1:94063298:A>G	p.F525S	missense	525.0	P/LP	25.89869957504436	25.89869957504436	1.0	2.321928094887362	global_fdr	4
ABCA4_b21c2a22aa4775c3	162	2	2	0.024390243902439046	0.0012789402389898896	0.013962328433990479	1	chr1:94062676:T>A	p.D613V	missense	613.0	VUS	27.041970623050055	27.041970623050055	1.0	2.321928094887362	global_fdr	4
ABCA4_b9c7c3cf28e67dc5	160	1	3	0.024539877300613466	0.0010895496234297752	0.011907786130905151	1	chr1:94083384:T>C	p.I276V	missense	276.0	VUS	12.30872492879679	12.30872492879679	1.0	2.321928094887362	global_fdr	4
ABCA4_bac70513b5620408	162	2	2	0.024390243902439046	0.0016324601601809263	0.02252417802810669	1	chr1:94031110:G>A	p.P1380L	missense	1380.0	P/LP	26.95405060782411	26.95405060782411	1.0	2.321928094887362	global_fdr	4
ABCA4_be549a48a56f63c0	162	2	2	0.024390243902439046	0.0010228940518572927	0.017730504274368286	1	chr1:94042884:T>C	p.K1069E	missense	1069.0	P/LP	26.831156932531833	26.831156932531833	1.0	2.321928094887362	global_fdr	4
ABCA4_d5ffd10f7e46e0aa	162	2	2	0.024390243902439046	0.0010551350424066186	0.01303747296333313	1	chr1:94008251:C>T	p.G1961E	missense	1961.0	P/LP	27.81347370530669	27.81347370530669	1.0	2.321928094887362	global_fdr	4
ABCA4_d864d8a989e678af	162	2	2	0.024390243902439046	0.0012179913464933634	0.016522318124771118	1	chr1:94008830:T>A	p.D1919V	missense	1919.0	VUS	20.21749599728453	20.21749599728453	1.0	2.321928094887362	global_fdr	4
ABCA4_e0fdb3aa75a61296	162	2	2	0.024390243902439046	0.001448045251891017	0.019884049892425537	1	chr1:94111450:T>C	p.Y97C	missense	97.0	Conflicting	24.723487296737744	24.723487296737744	1.0	2.321928094887362	global_fdr	4
ABCA4_e74ade033293c597	162	2	2	0.024390243902439046	0.0008507081656716764	0.010947585105895996	1	chr1:94037235:T>G	p.R1241S	missense	1241.0	VUS	20.589030230133734	20.589030230133734	1.0	2.321928094887362	global_fdr	4
ABCA4_ec2b1f73627b1f0e	160	1	3	0.024539877300613466	0.0012050304794684052	0.012260377407073975	1	chr1:94103108:A>C	p.D159E	missense	159.0	VUS	10.995396501851946	10.995396501851946	1.0	2.321928094887362	global_fdr	4
ABCA4_f0bb413f460a5a12	162	2	2	0.024390243902439046	0.0008920336840674281	0.018692761659622192	1	chr1:94042784:T>A	p.D1102V	missense	1102.0	P/LP	26.027547048029724	26.027547048029724	1.0	2.321928094887362	global_fdr	4
ABCA4_f1f260a57e519f34	162	2	2	0.024390243902439046	0.0009342976263724267	0.011797964572906494	1	chr1:94047018:G>C	p.P940R	missense	940.0	VUS	17.597790003182865	17.597790003182865	1.0	2.321928094887362	global_fdr	4
ABCA4_f381694c3609f1e8	162	2	2	0.024390243902439046	0.0014146597823128104	0.01516491174697876	1	chr1:94121004:G>T	p.N14K	missense	14.0	P/LP	25.61216850416104	25.61216850416104	1.0	2.321928094887362	global_fdr	4
ABCA4_f8a9508fed2d4e97	160	1	3	0.024539877300613466	0.0013175404164940119	0.012749791145324707	1	chr1:94098811:A>G	p.F251L	missense	251.0	VUS	24.832846401676143	24.832846401676143	1.0	2.321928094887362	global_fdr	4
ABCA4_fa4edad4a98b7e57	160	1	3	0.024539877300613466	0.001238349243067205	0.013852745294570923	1	chr1:94007700:G>A	p.T1980I	missense	1980.0	VUS	30.015355750405085	30.015355750405085	1.0	2.321928094887362	global_fdr	4
ABCA4_0be3988ede25e3f7	160	0	2	0.012345679012345734	0.0013319299323484302	0.01532214879989624	1	chr1:94060588:G>C	p.D703E	missense	703.0	VUS	22.339460764290003	22.339460764290003	1.0	2.321928094887362	global_fdr	2
ABCA4_12d573a821e555e1	160	0	2	0.012345679012345734	0.0011275644646957517	0.015655517578125	1	chr1:94103121:T>A	p.D155V	missense	155.0	P/LP	21.39094001982493	21.39094001982493	1.0	2.321928094887362	global_fdr	2
ABCA4_298cec313e74ac5f	160	0	2	0.012345679012345734	0.0014945829752832651	0.016785621643066406	1	chr1:94098804:A>T	p.L253H	missense	253.0	P/LP	25.291944419661647	25.291944419661647	1.0	2.321928094887362	global_fdr	2
ABCA4_374bbb5ecca19751	160	0	2	0.012345679012345734	0.0011970975901931524	0.014972150325775146	1	chr1:94055302:G>A	p.P799L	missense	799.0	P/LP	22.84577104829483	22.84577104829483	1.0	2.321928094887362	global_fdr	2
ABCA4_4a98497aa6fcdd81	160	0	2	0.012345679012345734	0.0008946830639615655	0.008460074663162231	1	chr1:94080613:G>T	p.L322I	missense	322.0	VUS	21.582821494815562	21.582821494815562	1.0	2.321928094887362	global_fdr	2
ABCA4_4b66ff4681e03834	160	0	2	0.012345679012345734	0.0010210014879703522	0.01068204641342163	1	chr1:94042831:G>C	p.D1086E	missense	1086.0	VUS	21.41378553998539	21.41378553998539	1.0	2.321928094887362	global_fdr	2
ABCA4_52f3e74a680f1af3	160	0	2	0.012345679012345734	0.0010224711149930954	0.014616280794143677	1	chr1:94056614:A>C	p.L790R	missense	790.0	VUS	21.65459491813818	21.65459491813818	1.0	2.321928094887362	global_fdr	2
ABCA4_552175701aca85f9	160	0	2	0.012345679012345734	0.0009171428391709924	0.01065400242805481	1	chr1:94108690:T>G	p.Q110P	missense	110.0	P/LP	16.41637932274071	16.41637932274071	1.0	2.321928094887362	global_fdr	2
ABCA4_645e4ba6d12fd65b	160	0	2	0.012345679012345734	0.0008330954005941749	0.008883118629455566	1	chr1:94062676:T>C	p.D613G	missense	613.0	VUS	26.392591664270483	26.392591664270483	1.0	2.321928094887362	global_fdr	2
ABCA4_657302ca2ac49566	160	0	2	0.012345679012345734	0.0013437994057312608	0.01605159044265747	1	chr1:94042865:G>T	p.A1075D	missense	1075.0	P/LP	28.01506800177699	28.01506800177699	1.0	2.321928094887362	global_fdr	2
ABCA4_6a565b27c759cb8c	160	0	2	0.012345679012345734	0.0016383436741307378	0.018657922744750977	1	chr1:94098927:C>T	p.R212H	missense	212.0	Conflicting	14.713084440712123	14.713084440712123	1.0	2.321928094887362	global_fdr	2
ABCA4_71e8b0e82bfe7396	160	0	2	0.012345679012345734	0.0008363515371456742	0.010177552700042725	1	chr1:94021889:A>G	p.V1577A	missense	1577.0	VUS	17.500899375720515	17.500899375720515	1.0	2.321928094887362	global_fdr	2
ABCA4_7783a12e3aa67e7b	160	0	2	0.012345679012345734	0.0005573941743932664	0.006244063377380371	1	chr1:94041309:G>A	p.S1141L	missense	1141.0	VUS	18.38713469441334	18.38713469441334	1.0	2.321928094887362	global_fdr	2
ABCA4_8230a0c9972025fa	160	0	2	0.012345679012345734	0.0011134876403957605	0.015668049454689026	1	chr1:94025042:G>T	p.Q1516K	missense	1516.0	VUS	24.413595243407656	24.413595243407656	1.0	2.321928094887362	global_fdr	2
ABCA4_82cf84da76e816f3	160	0	2	0.012345679012345734	0.0009839457925409079	0.011713176965713501	1	chr1:94036740:C>T	p.G1288S	missense	1288.0	P/LP	27.527244939607264	27.527244939607264	1.0	2.321928094887362	global_fdr	2
ABCA4_87f8f56dd23ff994	160	0	2	0.012345679012345734	0.0008779594209045172	0.009058177471160889	1	chr1:94041348:T>C	p.D1128G	missense	1128.0	VUS	26.687673844877597	26.687673844877597	1.0	2.321928094887362	global_fdr	2
ABCA4_965d0c7f1379e0d8	160	0	2	0.012345679012345734	0.0007097145426087081	0.008581161499023438	1	chr1:94037200:G>A	p.T1253M	missense	1253.0	Conflicting	19.45438605038122	19.45438605038122	1.0	2.321928094887362	global_fdr	2
ABCA4_9962f7929df34a41	160	0	2	0.012345679012345734	0.0010986091801896691	0.015531450510025024	1	chr1:94062587:C>G	p.V643L	missense	643.0	VUS	25.73102721840587	25.73102721840587	1.0	2.321928094887362	global_fdr	2
ABCA4_a7f2ac9b67e305d8	160	0	2	0.012345679012345734	0.0009621420176699758	0.012880310416221619	1	chr1:94063127:T>C	p.N582S	missense	582.0	VUS	24.934212944756595	24.934212944756595	1.0	2.321928094887362	global_fdr	2
ABCA4_b7af520a397a903d	160	0	2	0.012345679012345734	0.0009434506064280868	0.010262072086334229	1	chr1:94047009:C>T	p.R943Q	missense	943.0	B/LB	20.04910160781027	20.04910160781027	1.0	2.321928094887362	global_fdr	2
ABCA4_bc38ed270d8b9bb7	160	0	2	0.012345679012345734	0.0010094805620610714	0.012634426355361938	1	chr1:94021932:C>T	p.G1563R	missense	1563.0	VUS	28.630109426972325	28.630109426972325	1.0	2.321928094887362	global_fdr	2
ABCA4_bf09c27f05ef01d2	160	0	2	0.012345679012345734	0.0008769987034611404	0.009397625923156738	1	chr1:94043405:C>G	p.E1041Q	missense	1041.0	VUS	20.841395812477103	20.841395812477103	1.0	2.321928094887362	global_fdr	2
ABCA4_bf359615b325b52c	160	0	2	0.012345679012345734	0.000884002132806927	0.008617937564849854	1	chr1:94063286:T>C	p.N529S	missense	529.0	VUS	16.148524045567296	16.148524045567296	1.0	2.321928094887362	global_fdr	2
ABCA4_bfcdaab909cafbe5	160	0	2	0.012345679012345734	0.0011766114039346576	0.01334691047668457	1	chr1:94062753:C>A	p.R587S	missense	587.0	VUS	25.053388834228585	25.053388834228585	1.0	2.321928094887362	global_fdr	2
ABCA4_d096b4e8e3dac3b2	160	0	2	0.012345679012345734	0.0010774887632578611	0.011106431484222412	1	chr1:94040043:C>T	p.G1203R	missense	1203.0	Conflicting	32.979659907458114	32.979659907458114	1.0	2.321928094887362	global_fdr	2
ABCA4_d38b0cec9e182a57	160	0	2	0.012345679012345734	0.0010763014433905482	0.012490466237068176	1	chr1:94063227:C>G	p.A549P	missense	549.0	Other	30.149904679193433	30.149904679193433	1.0	2.321928094887362	global_fdr	2
ABCA4_f266577c90e51be0	160	0	2	0.012345679012345734	0.0013559114886447787	0.0170554518699646	1	chr1:94063260:C>T	p.A538T	missense	538.0	P/LP	24.255724091576973	24.255724091576973	1.0	2.321928094887362	global_fdr	2
ABCA4_f848862a41518a67	160	0	2	0.012345679012345734	0.0005903920391574502	0.006348669528961182	1	chr1:94079378:T>C	p.M395V	missense	395.0	VUS	19.93990051357868	19.93990051357868	1.0	2.321928094887362	global_fdr	2
ABCA4_02c2894e4cadbe1e	169	7	0	0.041420118343195256	0.0021691566798835993	0.019886016845703125	1	chr1:94098895:T>G	p.K223Q	missense	223.0	Conflicting	15.257377315242769	15.257377315242769	1.0	2.115477217419936	global_fdr	7
ABCA4_1a5ff5b9fa30a524	169	7	0	0.041420118343195256	0.0014859024668112397	0.0213167667388916	1	chr1:94031104:G>A	p.T1382I	missense	1382.0	VUS	20.0813442239072	20.0813442239072	1.0	2.115477217419936	global_fdr	7
ABCA4_1d66327ea0a5ff7f	169	7	0	0.041420118343195256	0.001887240563519299	0.024953782558441162	1	chr1:94108591:G>A	p.P143L	missense	143.0	P/LP	23.405308156017437	23.405308156017437	1.0	2.115477217419936	global_fdr	7
ABCA4_20d1305ebfc457fa	169	7	0	0.041420118343195256	0.0015849829651415348	0.023139238357543945	1	chr1:94042817:C>A	p.G1091V	missense	1091.0	VUS	29.090853668355162	29.090853668355162	1.0	2.115477217419936	global_fdr	7
ABCA4_60fa4cf98c1bb9c7	169	7	0	0.041420118343195256	0.0019569306168705225	0.026675164699554443	1	chr1:94014570:G>T	p.F1811L	missense	1811.0	VUS	24.782413860055176	24.782413860055176	1.0	2.115477217419936	global_fdr	7
ABCA4_71e4970990715317	169	7	0	0.041420118343195256	0.0022973623126745224	0.03524118661880493	1	chr1:94046950:C>T	p.G963S	missense	963.0	P/LP	29.436410552066107	29.436410552066107	1.0	2.115477217419936	global_fdr	7
ABCA4_7fef6c84af38c21c	169	7	0	0.041420118343195256	0.0018335535423830152	0.022663116455078125	1	chr1:94015809:C>T	p.G1748R	missense	1748.0	P/LP	24.883632390171528	24.883632390171528	1.0	2.115477217419936	global_fdr	7
ABCA4_9c89bad291ee4438	169	7	0	0.041420118343195256	0.0013311016373336315	0.01606917381286621	1	chr1:94007709:C>A	p.G1977V	missense	1977.0	P/LP	30.117869042275345	30.117869042275345	1.0	2.115477217419936	global_fdr	7
ABCA4_e1b6db2a5e3c497f	169	7	0	0.041420118343195256	0.002042400883510709	0.025779306888580322	1	chr1:94060740:G>T	p.R653S	missense	653.0	P/LP	24.201375319127443	24.201375319127443	1.0	2.115477217419936	global_fdr	7
ABCA4_f00b0da4f439d18e	169	7	0	0.041420118343195256	0.001173169817775488	0.016644179821014404	1	chr1:94041316:A>C	p.Y1139D	missense	1139.0	VUS	22.65211053523455	22.65211053523455	1.0	2.115477217419936	global_fdr	7
ABCA4_f1d51828d7968cf0	169	7	0	0.041420118343195256	0.0016823580954223871	0.022922933101654053	1	chr1:94029601:C>G	p.W1461C	missense	1461.0	P/LP	30.70022102339161	30.70022102339161	1.0	2.115477217419936	global_fdr	7
ABCA4_f5dd7edf7c5104cd	169	7	0	0.041420118343195256	0.002329109236598015	0.03515052795410156	1	chr1:94098873:C>A	p.C230F	missense	230.0	P/LP	26.083284132922323	26.083284132922323	1.0	2.115477217419936	global_fdr	7
ABCA4_250fc1334392fee9	155	0	7	0.043209876543209846	0.0013580424711108208	0.013936340808868408	1	chr1:94044689:T>C	p.R992G	missense	992.0	VUS	22.41833847771245	22.41833847771245	1.0	2.1154772174199357	global_fdr	7
ABCA4_3dccd14fec963570	155	0	7	0.043209876543209846	0.001039339229464531	0.012900352478027344	1	chr1:94029578:T>C	p.N1469S	missense	1469.0	VUS	16.26976457748234	16.26976457748234	1.0	2.1154772174199357	global_fdr	7
ABCA4_40a7fdaec9467a1a	155	0	7	0.043209876543209846	0.001289088511839509	0.014959514141082764	1	chr1:94079347:G>C	p.P405R	missense	405.0	VUS	22.068521769720427	22.068521769720427	1.0	2.1154772174199357	global_fdr	7
ABCA4_54ff615540a48d7f	155	0	7	0.043209876543209846	0.004095804877579212	0.03796067833900452	1	chr1:94014580:G>C	p.A1808G	missense	1808.0	VUS	24.083194942878517	24.083194942878517	1.0	2.1154772174199357	global_fdr	7
ABCA4_94f83075b5c5e579	155	0	7	0.043209876543209846	0.0016091644065454602	0.023326337337493896	1	chr1:94041379:G>A	p.H1118Y	missense	1118.0	P/LP	29.718668649556555	29.718668649556555	1.0	2.1154772174199357	global_fdr	7
ABCA4_a08ee18f3c4765cb	155	0	7	0.043209876543209846	0.0020080346148461103	0.02490544319152832	1	chr1:94079408:T>C	p.I385V	missense	385.0	VUS	16.178239173812493	16.178239173812493	1.0	2.1154772174199357	global_fdr	7
ABCA4_a1a6c6b77b01f696	155	0	7	0.043209876543209846	0.0011411901796236634	0.014355674386024475	1	chr1:94010904:G>T	p.F1870L	missense	1870.0	VUS	25.0565390797162	25.0565390797162	1.0	2.1154772174199357	global_fdr	7
ABCA4_bbc472a975a3307e	155	0	7	0.043209876543209846	0.001600029063411057	0.019918709993362427	1	chr1:94044716:T>C	p.T983A	missense	983.0	P/LP	22.57040902353083	22.57040902353083	1.0	2.1154772174199357	global_fdr	7
ABCA4_d5a9a580d799f2c9	155	0	7	0.043209876543209846	0.0016570737352594733	0.020747780799865723	1	chr1:94077752:C>G	p.D498H	missense	498.0	VUS	7.959648927844055	7.959648927844055	1.0	2.1154772174199357	global_fdr	7
ABCA4_e47099cbefdc05f0	155	0	7	0.043209876543209846	0.0012329899473115802	0.015365242958068848	1	chr1:94031803:C>A	p.R1368L	missense	1368.0	P/LP	25.21050287374475	25.21050287374475	1.0	2.1154772174199357	global_fdr	7
ABCA4_e5c95d1ed1f56c06	155	0	7	0.043209876543209846	0.0015049452194944024	0.01429659128189087	1	chr1:94043460:C>G	p.E1022D	missense	1022.0	P/LP	23.88693430902839	23.88693430902839	1.0	2.1154772174199357	global_fdr	7
ABCA4_e5edebdfe1c6e106	155	0	7	0.043209876543209846	0.001731522148475051	0.017584681510925293	1	chr1:94029455:G>A	p.P1510L	missense	1510.0	VUS	22.46918581744739	22.46918581744739	1.0	2.1154772174199357	global_fdr	7
ABCA4_4f94ea9361e2f70b	162	3	3	0.036363636363636376	0.0021987291984260082	0.022558927536010742	1	chr1:94005470:G>A	p.R2040*	stop_gain	2040.0	P/LP	36.82018926487438	36.82018926487438	1.0	2.070389327891398	global_fdr	6
ABCA4_18363dd8ac13496b	158	1	5	0.036809815950920255	0.0014148484915494919	0.020998269319534302	1	chr1:94042785:C>A	p.D1102Y	missense	1102.0	P/LP	26.248695608606504	26.248695608606504	1.0	2.070389327891398	global_fdr	6
ABCA4_29eb312e2e71c06d	162	3	3	0.036363636363636376	0.0012321724789217114	0.016916662454605103	1	chr1:94055120:C>A	p.V860L	missense	860.0	VUS	24.288676743277883	24.288676743277883	1.0	2.070389327891398	global_fdr	6
ABCA4_971471fd1d2ed488	158	1	5	0.036809815950920255	0.001008317107334733	0.016067102551460266	1	chr1:94042791:T>C	p.I1100V	missense	1100.0	Conflicting	22.24928407333602	22.24928407333602	1.0	2.070389327891398	global_fdr	6
ABCA4_b722b75e3cefec8f	158	1	5	0.036809815950920255	0.0013613349292427301	0.01589295268058777	1	chr1:94011262:C>T	p.G1862S	missense	1862.0	P/LP	29.480283670905088	29.480283670905088	1.0	2.070389327891398	global_fdr	6
ABCA4_c0fe6fc68b28643a	158	1	5	0.036809815950920255	0.0007557300850749016	0.012471228837966919	1	chr1:94040117:C>T	p.S1178N	missense	1178.0	VUS	15.052452491323047	15.052452491323047	1.0	2.070389327891398	global_fdr	6
ABCA4_02435ae8461603d4	159	3	6	0.054545454545454564	0.0010031540878117085	0.01625838875770569	1	chr1:94031932:G>A	p.P1325L	missense	1325.0	VUS	9.2468143987079	9.2468143987079	1.0	1.9593580155026542	global_fdr	9
ABCA4_499238893205cbfc	167	7	2	0.053254437869822535	0.002426984952762723	0.037396758794784546	1	chr1:94046944:T>C	p.N965D	missense	965.0	P/LP	28.19390614132673	28.19390614132673	1.0	1.9593580155026542	global_fdr	9
ABCA4_8648d2b88bb9a189	159	3	6	0.054545454545454564	0.0013554112520068884	0.0192224383354187	2	chr1:94021404:C>A;chr1:94021404:C>G	p.W1618C	missense	1618.0	P/LP	35.049165920511925	35.234974116789914	1.0	1.9593580155026542	global_fdr	9
ABCA4_9c12abe389ac4762	156	3	9	0.07272727272727275	0.0015131989493966103	0.022536367177963257	1	chr1:94041387:A>T	p.M1115K	missense	1115.0	P/LP	27.04682022014678	27.04682022014678	1.0	1.9142701259741162	global_fdr	12
ABCA4_043043490891c921	168	6	0	0.0357142857142857	0.0015779354143887758	0.019999146461486816	1	chr1:94029517:C>A	p.R1489S	missense	1489.0	Conflicting	9.728710268498904	9.728710268498904	1.0	1.8744691179161412	global_fdr	6
ABCA4_0515d6d3a070e83d	168	6	0	0.0357142857142857	0.0013634321512654424	0.015508413314819336	1	chr1:94030453:G>A	p.R1443C	missense	1443.0	P/LP	22.436990578366945	22.436990578366945	1.0	1.8744691179161412	global_fdr	6
ABCA4_05e259197c237c64	168	6	0	0.0357142857142857	0.0009540676255710423	0.011767685413360596	1	chr1:94036742:G>A	p.A1287V	missense	1287.0	VUS	22.79266082976111	22.79266082976111	1.0	1.8744691179161412	global_fdr	6
ABCA4_071fb8182db0ed37	168	6	0	0.0357142857142857	0.001572578912600875	0.020382702350616455	1	chr1:94015816:G>C	p.I1745M	missense	1745.0	VUS	21.80666441250149	21.80666441250149	1.0	1.8744691179161412	global_fdr	6
ABCA4_09c25f6432d89328	168	6	0	0.0357142857142857	0.001551245804876089	0.023275792598724365	1	chr1:94021258:T>C	p.Q1667R	missense	1667.0	VUS	25.566696153738103	25.566696153738103	1.0	1.8744691179161412	global_fdr	6
ABCA4_15f0fae6caf5ed74	168	6	0	0.0357142857142857	0.0016953123267740011	0.022562623023986816	1	chr1:94078657:G>T	p.A430D	missense	430.0	P/LP	23.33004074080836	23.33004074080836	1.0	1.8744691179161412	global_fdr	6
ABCA4_1afbd5a2f3313ad4	168	6	0	0.0357142857142857	0.0009533716947771609	0.011906266212463379	1	chr1:94030456:T>C	p.N1442D	missense	1442.0	P/LP	22.76556427694937	22.76556427694937	1.0	1.8744691179161412	global_fdr	6
ABCA4_1b9589a6d92cfe5d	168	6	0	0.0357142857142857	0.0013980665244162083	0.01786363124847412	1	chr1:94029598:C>A	p.K1462N	missense	1462.0	VUS	20.429048809360744	20.429048809360744	1.0	1.8744691179161412	global_fdr	6
ABCA4_1c8660b365b1d358	168	6	0	0.0357142857142857	0.0010939296334981918	0.014718323945999146	1	chr1:94014685:G>A	p.A1773V	missense	1773.0	P/LP	29.77262200120737	29.77262200120737	1.0	1.8744691179161412	global_fdr	6
ABCA4_20458f6ecbaf3c3f	168	6	0	0.0357142857142857	0.001393493264913559	0.021207422018051147	1	chr1:94015746:G>T	p.L1769M	missense	1769.0	VUS	17.268217729975685	17.268217729975685	1.0	1.8744691179161412	global_fdr	6
ABCA4_26350caf16654a14	168	6	0	0.0357142857142857	0.0020873297471553087	0.025148212909698486	1	chr1:94014596:C>T	p.G1803S	missense	1803.0	VUS	25.265584315113067	25.265584315113067	1.0	1.8744691179161412	global_fdr	6
ABCA4_2a967e1781af952b	168	6	0	0.0357142857142857	0.0014472990296781063	0.01957288384437561	1	chr1:94041345:C>A	p.R1129L	missense	1129.0	P/LP	28.281370042521658	28.281370042521658	1.0	1.8744691179161412	global_fdr	6
ABCA4_3504d9f461cdb697	168	6	0	0.0357142857142857	0.0011072418419644237	0.013491928577423096	1	chr1:94056761:G>C	p.S741C	missense	741.0	VUS	20.482379476299574	20.482379476299574	1.0	1.8744691179161412	global_fdr	6
ABCA4_366fb5426aab4e18	168	6	0	0.0357142857142857	0.0013007869711145759	0.01530301570892334	1	chr1:94103140:T>C	p.R149G	missense	149.0	VUS	18.186244563186882	18.186244563186882	1.0	1.8744691179161412	global_fdr	6
ABCA4_3a6052c674c6d90f	168	6	0	0.0357142857142857	0.001194335171021521	0.017315387725830078	1	chr1:94055165:G>C	p.L845V	missense	845.0	VUS	12.979870685226299	12.979870685226299	1.0	1.8744691179161412	global_fdr	6
ABCA4_404aeb08b16f4a4b	168	6	0	0.0357142857142857	0.0009081052266992629	0.01081705093383789	1	chr1:94041351:C>T	p.G1127E	missense	1127.0	P/LP	29.275943344075685	29.275943344075685	1.0	1.8744691179161412	global_fdr	6
ABCA4_432054cecfef3c9c	168	6	0	0.0357142857142857	0.0010429717367514968	0.01319211721420288	1	chr1:94037145:C>G	p.E1271D	missense	1271.0	Conflicting	36.99156837665482	36.99156837665482	1.0	1.8744691179161412	global_fdr	6
ABCA4_43d791971b33caa7	168	6	0	0.0357142857142857	0.001526598702184856	0.019054770469665527	1	chr1:94031033:G>C	p.H1406D	missense	1406.0	VUS	23.06233474806114	23.06233474806114	1.0	1.8744691179161412	global_fdr	6
ABCA4_46ccbec62a3eaed2	168	6	0	0.0357142857142857	0.0008886355790309608	0.011081427335739136	1	chr1:94041324:C>T	p.G1136E	missense	1136.0	P/LP	29.469044693646836	29.469044693646836	1.0	1.8744691179161412	global_fdr	6
ABCA4_4c31777f779622ae	168	6	0	0.0357142857142857	0.0010593343758955598	0.012105464935302734	1	chr1:94060690:C>G	p.M669I	missense	669.0	Conflicting	24.881321868102482	24.881321868102482	1.0	1.8744691179161412	global_fdr	6
ABCA4_4dbdfdf4b2db59b4	168	6	0	0.0357142857142857	0.0013813580153509974	0.017079472541809082	1	chr1:94111579:C>T	p.C54Y	missense	54.0	P/LP	32.88759426946382	32.88759426946382	1.0	1.8744691179161412	global_fdr	6
ABCA4_57efc1770545c91f	168	6	0	0.0357142857142857	0.0016564708203077316	0.017722725868225098	1	chr1:94014598:A>G	p.I1802T	missense	1802.0	VUS	20.314895207821465	20.314895207821465	1.0	1.8744691179161412	global_fdr	6
ABCA4_5cd4aedb7e2ce2bd	168	6	0	0.0357142857142857	0.0017105129081755877	0.020163238048553467	1	chr1:94019752:T>A	p.T1676S	missense	1676.0	VUS	15.531518306691732	15.531518306691732	1.0	1.8744691179161412	global_fdr	6
ABCA4_5f9815febb2d4997	168	6	0	0.0357142857142857	0.0020448435097932816	0.026478707790374756	1	chr1:94042883:T>C	p.K1069R	missense	1069.0	Conflicting	22.292909305038414	22.292909305038414	1.0	1.8744691179161412	global_fdr	6
ABCA4_69d7d76648504130	168	6	0	0.0357142857142857	0.0014947388553991914	0.01762068271636963	1	chr1:94062593:A>C	p.C641G	missense	641.0	VUS	27.467598158210617	27.467598158210617	1.0	1.8744691179161412	global_fdr	6
ABCA4_6b8a254267af7b95	168	6	0	0.0357142857142857	0.0013543721288442612	0.017479658126831055	1	chr1:94060601:G>T	p.T699N	missense	699.0	VUS	22.281950900742608	22.281950900742608	1.0	1.8744691179161412	global_fdr	6
ABCA4_6dfcf3738c0e1865	168	6	0	0.0357142857142857	0.0018569412641227245	0.027866899967193604	1	chr1:94021259:G>T	p.Q1667K	missense	1667.0	Other	25.319610777808244	25.319610777808244	1.0	1.8744691179161412	global_fdr	6
ABCA4_6fa93000b2beca73	168	6	0	0.0357142857142857	0.0010645808652043343	0.016537070274353027	1	chr1:94041324:C>A	p.G1136V	missense	1136.0	P/LP	44.05834481341539	44.05834481341539	1.0	1.8744691179161412	global_fdr	6
ABCA4_75abb350373a370e	168	6	0	0.0357142857142857	0.0017394593451172113	0.023380935192108154	1	chr1:94063280:T>C	p.E531G	missense	531.0	P/LP	24.43682957314417	24.43682957314417	1.0	1.8744691179161412	global_fdr	6
ABCA4_774ba9f77567f843	168	6	0	0.0357142857142857	0.001317456946708262	0.018149256706237793	1	chr1:94031982:C>G	p.E1308D	missense	1308.0	VUS	14.91484099940987	14.91484099940987	1.0	1.8744691179161412	global_fdr	6
ABCA4_78d5fa05b3aa0ce9	168	6	0	0.0357142857142857	0.0018447594484314322	0.021759033203125	1	chr1:94079405:C>A	p.A386S	missense	386.0	VUS	21.9294395187109	21.9294395187109	1.0	1.8744691179161412	global_fdr	6
ABCA4_7ced6ed61520be89	168	6	0	0.0357142857142857	0.00165167183149606	0.02149420976638794	1	chr1:94055141:G>A	p.L853F	missense	853.0	VUS	17.876720635978703	17.876720635978703	1.0	1.8744691179161412	global_fdr	6
ABCA4_7e99e319b63b52f9	168	6	0	0.0357142857142857	0.0015173974679782987	0.020113348960876465	1	chr1:94021695:G>C	p.A1598G	missense	1598.0	P/LP	16.661721161046394	16.661721161046394	1.0	1.8744691179161412	global_fdr	6
ABCA4_81d0b218a6c74426	168	6	0	0.0357142857142857	0.0013528963318094611	0.018773198127746582	1	chr1:94077834:T>G	p.E470D	missense	470.0	VUS	14.380493793172672	14.380493793172672	1.0	1.8744691179161412	global_fdr	6
ABCA4_844f60d2e555c3e0	168	6	0	0.0357142857142857	0.0015642557991668582	0.02148205041885376	1	chr1:94015793:G>A	p.A1753V	missense	1753.0	VUS	23.942787969731768	23.942787969731768	1.0	1.8744691179161412	global_fdr	6
ABCA4_87088cfb28c8f4e5	168	6	0	0.0357142857142857	0.0012556256260722876	0.014914274215698242	1	chr1:94108613:T>C	p.M136V	missense	136.0	VUS	15.193651534642818	15.193651534642818	1.0	1.8744691179161412	global_fdr	6
ABCA4_896f2e9f364acd37	168	6	0	0.0357142857142857	0.0015448417980223894	0.021192073822021484	1	chr1:94008246:G>A	p.R1963C	missense	1963.0	VUS	22.863252735920987	22.863252735920987	1.0	1.8744691179161412	global_fdr	6
ABCA4_898fc993e91f50a2	168	6	0	0.0357142857142857	0.0015986186917871237	0.025855064392089844	1	chr1:94083393:A>G	p.W273R	missense	273.0	VUS	26.261591775127435	26.261591775127435	1.0	1.8744691179161412	global_fdr	6
ABCA4_8afc9c394c3726cd	168	6	0	0.0357142857142857	0.0013348818756639957	0.016067713499069214	1	chr1:94019586:T>A	p.D1731V	missense	1731.0	VUS	28.36156924537474	28.36156924537474	1.0	1.8744691179161412	global_fdr	6
ABCA4_8bbfc4f42ea7cd23	168	6	0	0.0357142857142857	0.001215288764797151	0.016377389430999756	1	chr1:94055226:G>C	p.I824M	missense	824.0	VUS	0.0016875752505290504	0.0016875752505290504	1.0	1.8744691179161412	global_fdr	6
ABCA4_8d430e7f1420938b	168	6	0	0.0357142857142857	0.0012006639735773206	0.016098082065582275	1	chr1:94098906:C>G	p.R219T	missense	219.0	Conflicting	11.3276537940256	11.3276537940256	1.0	1.8744691179161412	global_fdr	6
ABCA4_925583df599917ff	168	6	0	0.0357142857142857	0.0012274507898837328	0.01707082986831665	1	chr1:94015845:A>G	p.S1736P	missense	1736.0	P/LP	19.497865535769083	19.497865535769083	1.0	1.8744691179161412	global_fdr	6
ABCA4_928d76de614cda92	168	6	0	0.0357142857142857	0.0012947400100529194	0.019128531217575073	1	chr1:94056693:A>G	p.C764R	missense	764.0	P/LP	25.101386870960173	25.101386870960173	1.0	1.8744691179161412	global_fdr	6
ABCA4_a0362f455fef7564	168	6	0	0.0357142857142857	0.0011473558843135834	0.014214396476745605	1	chr1:94077712:C>T	p.R511H	missense	511.0	Conflicting	7.405527858714285	7.405527858714285	1.0	1.8744691179161412	global_fdr	6
ABCA4_a26e5e26abb9c15d	168	6	0	0.0357142857142857	0.0019671814516186714	0.02373790740966797	1	chr1:94060739:C>A	p.R653L	missense	653.0	P/LP	23.779437620739845	23.779437620739845	1.0	1.8744691179161412	global_fdr	6
ABCA4_a98cb500c1fac556	168	6	0	0.0357142857142857	0.0012126148212701082	0.016885995864868164	1	chr1:94021872:G>T	p.L1583I	missense	1583.0	VUS	20.75439185594525	20.75439185594525	1.0	1.8744691179161412	global_fdr	6
ABCA4_aa7947ddfc1d47ed	168	6	0	0.0357142857142857	0.001207201974466443	0.01634514331817627	1	chr1:94056705:G>C	p.L760V	missense	760.0	Conflicting	19.880566972321393	19.880566972321393	1.0	1.8744691179161412	global_fdr	6
ABCA4_b0da872427ea97ad	168	6	0	0.0357142857142857	0.0011860360391438007	0.01773172616958618	1	chr1:94015817:A>T	p.I1745N	missense	1745.0	VUS	25.505019503588485	25.505019503588485	1.0	1.8744691179161412	global_fdr	6
ABCA4_b25ede41244aae82	168	6	0	0.0357142857142857	0.0012979861348867416	0.01481771469116211	1	chr1:94112973:A>C	p.C54G	missense	54.0	P/LP	26.462984607482017	26.462984607482017	1.0	1.8744691179161412	global_fdr	6
ABCA4_b35d3ecf0781afd4	168	6	0	0.0357142857142857	0.002633738797158003	0.029313206672668457	1	chr1:94011273:T>C	p.Y1858C	missense	1858.0	P/LP	22.331438667454655	22.331438667454655	1.0	1.8744691179161412	global_fdr	6
ABCA4_b5602324149ac34e	168	6	0	0.0357142857142857	0.001292581669986248	0.014932483434677124	1	chr1:94056695:G>T	p.A763D	missense	763.0	P/LP	29.15878134674233	29.15878134674233	1.0	1.8744691179161412	global_fdr	6
ABCA4_bba140a0930ed0f0	168	6	0	0.0357142857142857	0.0029118398670107126	0.040614306926727295	1	chr1:94014568:A>T	p.I1812N	missense	1812.0	P/LP	25.26262661682058	25.26262661682058	1.0	1.8744691179161412	global_fdr	6
ABCA4_c0bc4ca82e8990a7	168	6	0	0.0357142857142857	0.001830273075029254	0.02637156844139099	1	chr1:94010921:G>A	p.H1865Y	missense	1865.0	Conflicting	18.12082978440604	18.12082978440604	1.0	1.8744691179161412	global_fdr	6
ABCA4_c3abd4b9e656ce95	168	6	0	0.0357142857142857	0.0014437930658459663	0.01631718873977661	1	chr1:94060739:C>T	p.R653H	missense	653.0	P/LP	21.119674737672298	21.119674737672298	1.0	1.8744691179161412	global_fdr	6
ABCA4_c4c6d2f4101e1bbf	168	6	0	0.0357142857142857	0.0016507647233083844	0.024600446224212646	1	chr1:94113038:G>A	p.P32L	missense	32.0	P/LP	27.061006853064722	27.061006853064722	1.0	1.8744691179161412	global_fdr	6
ABCA4_ca8e83ccb0ab549f	168	6	0	0.0357142857142857	0.0010361827444285154	0.013711810111999512	1	chr1:94043423:G>C	p.Q1035E	missense	1035.0	VUS	10.33665908559769	10.33665908559769	1.0	1.8744691179161412	global_fdr	6
ABCA4_cb058cb3e4f1eebb	168	6	0	0.0357142857142857	0.0015060538426041603	0.016993969678878784	1	chr1:94079395:G>A	p.A389V	missense	389.0	VUS	21.142615038194613	21.142615038194613	1.0	1.8744691179161412	global_fdr	6
ABCA4_ce3ad09887add462	168	6	0	0.0357142857142857	0.0016576993511989713	0.01946774125099182	1	chr1:94098904:G>A	p.R220C	missense	220.0	P/LP	13.626141693893546	13.626141693893546	1.0	1.8744691179161412	global_fdr	6
ABCA4_d5408998e23f583d	168	6	0	0.0357142857142857	0.0011803313391283154	0.013414472341537476	1	chr1:94019691:C>T	p.S1696N	missense	1696.0	P/LP	28.025405811944182	28.025405811944182	1.0	1.8744691179161412	global_fdr	6
ABCA4_de7017c27c730f03	168	6	0	0.0357142857142857	0.0016035230364650488	0.020159900188446045	1	chr1:94056695:G>C	p.A763G	missense	763.0	P/LP	24.08140574567428	24.08140574567428	1.0	1.8744691179161412	global_fdr	6
ABCA4_def4ce0afe3aa5f3	168	6	0	0.0357142857142857	0.0017403753008693457	0.02306574583053589	1	chr1:94019754:G>C	p.T1675S	missense	1675.0	VUS	22.535832664587424	22.535832664587424	1.0	1.8744691179161412	global_fdr	6
ABCA4_e11c8f1a6fa4ff4e	168	6	0	0.0357142857142857	0.0016373003600165248	0.022574007511138916	1	chr1:94019741:A>C	p.D1679E	missense	1679.0	VUS	21.294180089835884	21.294180089835884	1.0	1.8744691179161412	global_fdr	6
ABCA4_e1b8f8636fe29a5e	168	6	0	0.0357142857142857	0.0013063567457720637	0.01757526397705078	1	chr1:94019592:A>G	p.L1729P	missense	1729.0	P/LP	25.53630401310349	25.53630401310349	1.0	1.8744691179161412	global_fdr	6
ABCA4_e39dd1ac9c91937a	168	6	0	0.0357142857142857	0.0011548432521522045	0.013607800006866455	1	chr1:94043387:C>T	p.E1047K	missense	1047.0	VUS	22.288215722891117	22.288215722891117	1.0	1.8744691179161412	global_fdr	6
ABCA4_e61166af08ca05b7	168	6	0	0.0357142857142857	0.0015069355722516775	0.017902672290802002	1	chr1:94021304:A>C	p.Y1652D	missense	1652.0	P/LP	17.553486022757085	17.553486022757085	1.0	1.8744691179161412	global_fdr	6
ABCA4_e695de81ceb4f469	168	6	0	0.0357142857142857	0.0014332931023091078	0.01824098825454712	1	chr1:94040082:C>T	p.A1190T	missense	1190.0	Conflicting	16.055399238508805	16.055399238508805	1.0	1.8744691179161412	global_fdr	6
ABCA4_ede8db35812957be	168	6	0	0.0357142857142857	0.001695761689916253	0.02293163537979126	1	chr1:94055209:T>C	p.E830G	missense	830.0	VUS	21.192710276560504	21.192710276560504	1.0	1.8744691179161412	global_fdr	6
ABCA4_f34c48caebfe3d7e	168	6	0	0.0357142857142857	0.0014805628452450037	0.01850956678390503	1	chr1:94060683:T>C	p.K672E	missense	672.0	VUS	25.022011425109415	25.022011425109415	1.0	1.8744691179161412	global_fdr	6
ABCA4_f97dbc6853ab5fbf	168	6	0	0.0357142857142857	0.0012249122373759747	0.01849740743637085	1	chr1:94015832:C>T	p.G1740E	missense	1740.0	VUS	20.96220466678231	20.96220466678231	1.0	1.8744691179161412	global_fdr	6
ABCA4_ff039ee4f555f4ad	168	6	0	0.0357142857142857	0.0014348282711580396	0.01489245891571045	1	chr1:94103071:C>T	p.G172S	missense	172.0	Conflicting	21.471703154837552	21.471703154837552	1.0	1.8744691179161412	global_fdr	6
ABCA4_ff0f0a7d824f39f5	168	6	0	0.0357142857142857	0.0017984858714044094	0.02254462242126465	1	chr1:94008290:G>A	p.P1948L	missense	1948.0	B/LB	22.4568168429957	22.4568168429957	1.0	1.8744691179161412	global_fdr	6
ABCA4_01890b2702119ad2	156	0	6	0.03703703703703709	0.0010987301357090473	0.013197600841522217	1	chr1:94063218:C>T	p.V552I	missense	552.0	B/LB	22.444619341616693	22.444619341616693	1.0	1.874469117916141	global_fdr	6
ABCA4_062b8dd3d3f8571c	156	0	6	0.03703703703703709	0.0016998715000227094	0.017231464385986328	1	chr1:94037309:G>A	p.P1217S	missense	1217.0	VUS	24.36021358524794	24.36021358524794	1.0	1.874469117916141	global_fdr	6
ABCA4_18c9639628161089	156	0	6	0.03703703703703709	0.0011884304694831371	0.01239025592803955	1	chr1:94060720:C>T	p.M659I	missense	659.0	Conflicting	34.825448527118716	34.825448527118716	1.0	1.874469117916141	global_fdr	6
ABCA4_42bee50329a47be3	156	0	6	0.03703703703703709	0.0013679852709174156	0.014606595039367676	1	chr1:94042815:C>A	p.V1092L	missense	1092.0	VUS	27.210245230655516	27.210245230655516	1.0	1.874469117916141	global_fdr	6
ABCA4_60c27c06c7630a3a	156	0	6	0.03703703703703709	0.0011431971797719598	0.014792561531066895	1	chr1:94055207:C>A	p.G831W	missense	831.0	P/LP	23.605293142838658	23.605293142838658	1.0	1.874469117916141	global_fdr	6
ABCA4_660010febbb5575a	156	0	6	0.03703703703703709	0.0018508490175008774	0.0216122567653656	1	chr1:94014583:C>T	p.S1807N	missense	1807.0	VUS	25.253331688918138	25.253331688918138	1.0	1.874469117916141	global_fdr	6
ABCA4_9348db11a2b63f61	156	0	6	0.03703703703703709	0.0013663042336702347	0.016470730304718018	1	chr1:94080564:T>C	p.N338S	missense	338.0	VUS	21.800703999000064	21.800703999000064	1.0	1.874469117916141	global_fdr	6
ABCA4_94b4aaabe1c4b007	156	0	6	0.03703703703703709	0.0015274127945303917	0.015054821968078613	1	chr1:94021292:C>G	p.V1656L	missense	1656.0	VUS	11.619157451323387	11.619157451323387	1.0	1.874469117916141	global_fdr	6
ABCA4_9ddd141c51588cce	156	0	6	0.03703703703703709	0.0013999893562868237	0.016866028308868408	1	chr1:94005481:T>C	p.Y2036C	missense	2036.0	VUS	24.922296369494447	24.922296369494447	1.0	1.874469117916141	global_fdr	6
ABCA4_a7a7f17f95c9efab	156	0	6	0.03703703703703709	0.001526630250737071	0.016601860523223877	1	chr1:94030452:C>T	p.R1443H	missense	1443.0	P/LP	21.084509540750467	21.084509540750467	1.0	1.874469117916141	global_fdr	6
ABCA4_b544d6a9441ef90b	156	0	6	0.03703703703703709	0.001526626874692738	0.018781304359436035	1	chr1:94077785:G>A	p.R487W	missense	487.0	VUS	16.559586447082975	16.559586447082975	1.0	1.874469117916141	global_fdr	6
ABCA4_c425e84e1848c589	156	0	6	0.03703703703703709	0.0012560400646179914	0.013622701168060303	1	chr1:94037276:C>T	p.E1228K	missense	1228.0	VUS	29.112323220707943	29.112323220707943	1.0	1.874469117916141	global_fdr	6
ABCA4_dd530800190ea7b4	156	0	6	0.03703703703703709	0.0013130761217325926	0.01729622483253479	1	chr1:94051653:G>A	p.S878L	missense	878.0	VUS	23.498034215039837	23.498034215039837	1.0	1.874469117916141	global_fdr	6
ABCA4_e0c08ff1970ba8c4	156	0	6	0.03703703703703709	0.0016550455475226045	0.025097310543060303	1	chr1:94019695:C>T	p.A1695T	missense	1695.0	P/LP	28.461766487739048	28.461766487739048	1.0	1.874469117916141	global_fdr	6
ABCA4_2d76c4f3366d6f0e	159	2	5	0.04268292682926833	0.0014869001461192966	0.021419912576675415	1	chr1:94019710:T>C	p.M1690V	missense	1690.0	P/LP	19.965095184469547	19.965095184469547	1.0	1.8365012677171206	global_fdr	7
ABCA4_46e20271f30de414	159	2	5	0.04268292682926833	0.0025662744883447886	0.03339499235153198	1	chr1:94060628:C>A	p.G690V	missense	690.0	Conflicting	25.488041410402875	25.488041410402875	1.0	1.8365012677171206	global_fdr	7
ABCA4_51000d7826c7a675	159	2	5	0.04268292682926833	0.0015800411347299814	0.02093803882598877	1	chr1:94008776:A>C	p.I1937S	missense	1937.0	VUS	24.755171164877755	24.755171164877755	1.0	1.8365012677171206	global_fdr	7
ABCA4_6398f2b8fc2fb5be	159	2	5	0.04268292682926833	0.001090177334845066	0.016572296619415283	1	chr1:94040068:G>T	p.D1194E	missense	1194.0	Conflicting	14.22814258760533	14.22814258760533	1.0	1.8365012677171206	global_fdr	7
ABCA4_77dde5fe77570a50	159	2	5	0.04268292682926833	0.0010014120489358902	0.014444947242736816	1	chr1:94008794:C>G	p.G1931A	missense	1931.0	VUS	22.814529743494244	22.814529743494244	1.0	1.8365012677171206	global_fdr	7
ABCA4_7fddf0be570c949c	159	2	5	0.04268292682926833	0.001215087017044425	0.016187652945518494	1	chr1:94044620:A>G	p.F1015L	missense	1015.0	VUS	32.31415958016074	32.31415958016074	1.0	1.8365012677171206	global_fdr	7
ABCA4_7febc77a2c963a30	159	2	5	0.04268292682926833	0.0013590662274509668	0.015239357948303223	1	chr1:94029467:G>A	p.A1506V	missense	1506.0	VUS	25.468484326066374	25.468484326066374	1.0	1.8365012677171206	global_fdr	7
ABCA4_880432550cf25e36	159	2	5	0.04268292682926833	0.0013914568116888404	0.020644426345825195	1	chr1:94103032:G>C	p.Q185E	missense	185.0	VUS	20.73757867074537	20.73757867074537	1.0	1.8365012677171206	global_fdr	7
ABCA4_9bcdfe510afc6c57	159	2	5	0.04268292682926833	0.0016053933650255203	0.02216443419456482	1	chr1:94042785:C>T	p.D1102N	missense	1102.0	P/LP	24.470683716036792	24.470683716036792	1.0	1.8365012677171206	global_fdr	7
ABCA4_9e64c5fa768a2403	159	2	5	0.04268292682926833	0.001922581228427589	0.025249600410461426	1	chr1:94029570:G>C	p.Q1472E	missense	1472.0	VUS	18.796266356549957	18.796266356549957	1.0	1.8365012677171206	global_fdr	7
ABCA4_d5633bd1c6d27578	159	2	5	0.04268292682926833	0.00171166961081326	0.021159052848815918	1	chr1:94014585:G>T	p.S1806R	missense	1806.0	VUS	26.63010448644392	26.63010448644392	1.0	1.8365012677171206	global_fdr	7
ABCA4_e435735f21c0e53e	159	2	5	0.04268292682926833	0.001916420180350542	0.026414811611175537	1	chr1:94080586:C>T	p.G331S	missense	331.0	VUS	21.546968140724513	21.546968140724513	1.0	1.8365012677171206	global_fdr	7
ABCA4_f4106b38efc7378a	159	2	5	0.04268292682926833	0.0018955793930217624	0.025825321674346924	1	chr1:94010870:T>C	p.M1882V	missense	1882.0	VUS	20.77436314342982	20.77436314342982	1.0	1.8365012677171206	global_fdr	7
ABCA4_e7c3d05175eee588	148	1	15	0.09815950920245398	0.002143551828339696	0.025722086429595947	1	chr1:94063223:C>T	p.G550E	missense	550.0	P/LP	26.70194394817788	26.70194394817788	1.0	1.6880559936852597	global_fdr	16
ABCA4_13d14b167c8d1b7b	158	3	7	0.06060606060606055	0.0016097401967272162	0.019767075777053833	1	chr1:94062645:C>A	p.Q623H	missense	623.0	VUS	20.008918065039897	20.008918065039897	1.0	1.6698513983076693	global_fdr	10
ABCA4_2acdd1ec042633ae	157	1	6	0.042944785276073594	0.0008680902537889779	0.011034607887268066	1	chr1:94080603:C>A	p.G325V	missense	325.0	VUS	25.69043730203196	25.69043730203196	1.0	1.5849625007211563	global_fdr	7
ABCA4_76f07d6ba67c1cf1	157	1	6	0.042944785276073594	0.0014770511770620942	0.018114611506462097	1	chr1:94042802:G>A	p.S1096L	missense	1096.0	P/LP	24.805208244754514	24.805208244754514	1.0	1.5849625007211563	global_fdr	7
ABCA4_8bb1162b7b2e6175	161	3	4	0.042424242424242475	0.0011960685951635242	0.01840299367904663	1	chr1:94060548:T>C	p.I717V	missense	717.0	VUS	0.8361675570678297	0.8361675570678297	1.0	1.5849625007211563	global_fdr	7
ABCA4_a55ae46ea51dd132	157	1	6	0.042944785276073594	0.0014147097244858742	0.014241218566894531	1	chr1:94055266:C>T	p.R811H	missense	811.0	Conflicting	20.03926895520067	20.03926895520067	1.0	1.5849625007211563	global_fdr	7
ABCA4_bd1702f9010f267b	157	1	6	0.042944785276073594	0.0012687687994912267	0.012401372194290161	1	chr1:94047001:C>T	p.V946M	missense	946.0	VUS	23.797087235047204	23.797087235047204	1.0	1.5849625007211563	global_fdr	7
ABCA4_0042ad14ad53e30b	167	5	0	0.029940119760479056	0.0012913576792925596	0.016869723796844482	1	chr1:94113063:G>A	p.R24C	missense	24.0	P/LP	23.18897041592832	23.18897041592832	1.0	1.5849625007211563	global_fdr	5
ABCA4_00447af66fd50e33	167	5	0	0.029940119760479056	0.0011735421139746904	0.015689373016357422	1	chr1:94005511:A>G	p.L2026P	missense	2026.0	P/LP	24.987021520132963	24.987021520132963	1.0	1.5849625007211563	global_fdr	5
ABCA4_014d185fb940cb43	167	5	0	0.029940119760479056	0.000898490019608289	0.01161348819732666	1	chr1:94037255:T>C	p.N1235D	missense	1235.0	Conflicting	27.385587206310102	27.385587206310102	1.0	1.5849625007211563	global_fdr	5
ABCA4_06440aa5ce45c224	159	1	4	0.030674846625766916	0.001167357200756669	0.013620257377624512	1	chr1:94019662:C>A	p.V1706L	missense	1706.0	VUS	22.9145538033174	22.9145538033174	1.0	1.5849625007211563	global_fdr	5
ABCA4_072cb160e624dcdc	167	5	0	0.029940119760479056	0.001698019215837121	0.021924525499343872	1	chr1:94014544:C>T	p.R1820Q	missense	1820.0	VUS	0.040111703356166525	0.040111703356166525	1.0	1.5849625007211563	global_fdr	5
ABCA4_074d09fb81d445a4	167	5	0	0.029940119760479056	0.001276703434996307	0.016474395990371704	1	chr1:94019701:C>T	p.V1693I	missense	1693.0	VUS	8.260009407829514	8.260009407829514	1.0	1.5849625007211563	global_fdr	5
ABCA4_083dced178cedfd4	167	5	0	0.029940119760479056	0.0014334702864289284	0.016286075115203857	1	chr1:94014638:T>C	p.S1789G	missense	1789.0	P/LP	23.461464017875457	23.461464017875457	1.0	1.5849625007211563	global_fdr	5
ABCA4_0959e54da279b98d	167	5	0	0.029940119760479056	0.0015954815316945314	0.020512938499450684	1	chr1:94031779:T>G	p.Q1376P	missense	1376.0	P/LP	41.36583807234998	41.36583807234998	1.0	1.5849625007211563	global_fdr	5
ABCA4_0aea7749645f689b	167	5	0	0.029940119760479056	0.0009283713879995048	0.01136314868927002	1	chr1:94042830:C>T	p.E1087K	missense	1087.0	P/LP	30.037493084152604	30.037493084152604	1.0	1.5849625007211563	global_fdr	5
ABCA4_0d33d006d89f50fc	167	5	0	0.029940119760479056	0.0009608173277229071	0.013030141592025757	1	chr1:94005512:G>T	p.L2026M	missense	2026.0	P/LP	18.749879087528186	18.749879087528186	1.0	1.5849625007211563	global_fdr	5
ABCA4_0e17e080ec910e3a	167	5	0	0.029940119760479056	0.001706036040559411	0.019259631633758545	1	chr1:94080495:G>T	p.S361Y	missense	361.0	Conflicting	20.032169823878103	20.032169823878103	1.0	1.5849625007211563	global_fdr	5
ABCA4_0ebcead3fc319208	167	5	0	0.029940119760479056	0.0014120831619948149	0.014341235160827637	1	chr1:94056665:T>C	p.Y773C	missense	773.0	VUS	24.7933277461554	24.7933277461554	1.0	1.5849625007211563	global_fdr	5
ABCA4_0fe74e1922cbd142	167	5	0	0.029940119760479056	0.0008648334769532084	0.013053804636001587	1	chr1:94021300:C>T	p.G1653E	missense	1653.0	P/LP	30.91276798386451	30.91276798386451	1.0	1.5849625007211563	global_fdr	5
ABCA4_11dff944c3410a8b	167	5	0	0.029940119760479056	0.0008700121543370187	0.01089543104171753	1	chr1:94007682:G>T	p.T1986N	missense	1986.0	P/LP	28.963606823877463	28.963606823877463	1.0	1.5849625007211563	global_fdr	5
ABCA4_12192275360877e6	167	5	0	0.029940119760479056	0.001101343659684062	0.014027267694473267	1	chr1:94021260:C>A	p.E1666D	missense	1666.0	VUS	14.201572838556295	14.201572838556295	1.0	1.5849625007211563	global_fdr	5
ABCA4_1253ea6ae6419fa7	167	5	0	0.029940119760479056	0.0008389381691813469	0.012216746807098389	1	chr1:94098967:C>T	p.A199T	missense	199.0	VUS	6.10524864750095	6.10524864750095	1.0	1.5849625007211563	global_fdr	5
ABCA4_12c1cba83eb438cd	167	5	0	0.029940119760479056	0.0011406149715185165	0.015986919403076172	1	chr1:94060740:G>A	p.R653C	missense	653.0	P/LP	20.837470107039127	20.837470107039127	1.0	1.5849625007211563	global_fdr	5
ABCA4_155d2e5b75c70cdd	167	5	0	0.029940119760479056	0.00090822420315817	0.011857390403747559	1	chr1:94008261:G>C	p.L1958V	missense	1958.0	VUS	18.99118039007963	18.99118039007963	1.0	1.5849625007211563	global_fdr	5
ABCA4_181c41b7ec139998	167	5	0	0.029940119760479056	0.001405426999554038	0.019537925720214844	1	chr1:94005493:T>C	p.H2032R	missense	2032.0	P/LP	27.842201246821375	27.842201246821375	1.0	1.5849625007211563	global_fdr	5
ABCA4_1a34769352c3a33b	167	5	0	0.029940119760479056	0.0013601388782262802	0.019926488399505615	1	chr1:94079329:A>G	p.L411P	missense	411.0	P/LP	26.32110170679738	26.32110170679738	1.0	1.5849625007211563	global_fdr	5
ABCA4_1cdada3f302c7503	161	2	3	0.030487804878048808	0.0013938278425484896	0.016819417476654053	1	chr1:94021854:C>T	p.V1589M	missense	1589.0	VUS	22.85615168000941	22.85615168000941	1.0	1.5849625007211563	global_fdr	5
ABCA4_1eec4498b96f2bc3	167	5	0	0.029940119760479056	0.0016029456164687872	0.02152252197265625	1	chr1:94019683:G>A	p.L1699F	missense	1699.0	VUS	24.392761625548914	24.392761625548914	1.0	1.5849625007211563	global_fdr	5
ABCA4_20864a7aecc0a6f5	167	5	0	0.029940119760479056	0.001653663581237197	0.02320241928100586	1	chr1:94055204:C>T	p.D832N	missense	832.0	VUS	23.52266422639236	23.52266422639236	1.0	1.5849625007211563	global_fdr	5
ABCA4_21ae597155ea0d49	167	5	0	0.029940119760479056	0.0011186469346284866	0.01629704236984253	1	chr1:94005494:G>A	p.H2032Y	missense	2032.0	Conflicting	25.817412538590617	25.817412538590617	1.0	1.5849625007211563	global_fdr	5
ABCA4_228d95b46571ab55	167	5	0	0.029940119760479056	0.0010532381711527705	0.013246595859527588	1	chr1:94021695:G>T	p.A1598D	missense	1598.0	P/LP	18.828819320413757	18.828819320413757	1.0	1.5849625007211563	global_fdr	5
ABCA4_25008c23c94c1b3c	167	5	0	0.029940119760479056	0.0013676279922947288	0.019162148237228394	1	chr1:94063316:C>T	p.C519Y	missense	519.0	VUS	28.523787395332036	28.523787395332036	1.0	1.5849625007211563	global_fdr	5
ABCA4_268c9afb07e5ea45	161	2	3	0.030487804878048808	0.0010502961231395602	0.014696836471557617	1	chr1:94077881:G>T	p.L455M	missense	455.0	VUS	15.337003239367942	15.337003239367942	1.0	1.5849625007211563	global_fdr	5
ABCA4_26c2c571d4fd3d2b	167	5	0	0.029940119760479056	0.0009768528398126364	0.013859033584594727	1	chr1:94014667:T>A	p.Y1779F	missense	1779.0	VUS	24.562075881374792	24.562075881374792	1.0	1.5849625007211563	global_fdr	5
ABCA4_2810ecfd803de259	167	5	0	0.029940119760479056	0.0012676712358370423	0.014680370688438416	1	chr1:94062601:G>A	p.P638L	missense	638.0	P/LP	29.13474775057341	29.13474775057341	1.0	1.5849625007211563	global_fdr	5
ABCA4_2ad907e952b902b3	167	5	0	0.029940119760479056	0.00157267099712044	0.022618234157562256	1	chr1:94041345:C>T	p.R1129H	missense	1129.0	P/LP	23.470376282072294	23.470376282072294	1.0	1.5849625007211563	global_fdr	5
ABCA4_2b38a564b2e9ef9f	159	1	4	0.030674846625766916	0.0014643690083175898	0.019515156745910645	1	chr1:94080588:C>T	p.G330D	missense	330.0	Other	22.81849074868848	22.81849074868848	1.0	1.5849625007211563	global_fdr	5
ABCA4_2d29d024fb6738bf	167	5	0	0.029940119760479056	0.0015778732486069202	0.02148491144180298	1	chr1:94021648:T>A	p.N1614Y	missense	1614.0	VUS	24.35689450565365	24.35689450565365	1.0	1.5849625007211563	global_fdr	5
ABCA4_2f16ce22bfd49343	159	1	4	0.030674846625766916	0.001105051371268928	0.017163783311843872	1	chr1:94031965:G>A	p.P1314L	missense	1314.0	VUS	16.857191148552314	16.857191148552314	1.0	1.5849625007211563	global_fdr	5
ABCA4_33e6d539158f9845	167	5	0	0.029940119760479056	0.001156661077402532	0.01387244462966919	1	chr1:94046994:C>T	p.R948H	missense	948.0	VUS	6.9540159475887675	6.9540159475887675	1.0	1.5849625007211563	global_fdr	5
ABCA4_36ac64d918da2a1a	167	5	0	0.029940119760479056	0.0009060701704584062	0.010664582252502441	1	chr1:94056809:A>G	p.L725P	missense	725.0	VUS	26.777332946213708	26.777332946213708	1.0	1.5849625007211563	global_fdr	5
ABCA4_4043eb9ee7517e0e	161	2	3	0.030487804878048808	0.0009213166194967926	0.014981552958488464	1	chr1:94063257:G>C	p.L539V	missense	539.0	VUS	15.914029648612741	15.914029648612741	1.0	1.5849625007211563	global_fdr	5
ABCA4_40b7350aa7ea2f7c	159	1	4	0.030674846625766916	0.0012269607977941632	0.016174495220184326	1	chr1:94055125:T>C	p.D858G	missense	858.0	VUS	23.265653747874637	23.265653747874637	1.0	1.5849625007211563	global_fdr	5
ABCA4_4214164945f14a0f	159	1	4	0.030674846625766916	0.0012157282326370478	0.017730504274368286	1	chr1:94010869:A>G	p.M1882T	missense	1882.0	Conflicting	25.640820554743613	25.640820554743613	1.0	1.5849625007211563	global_fdr	5
ABCA4_44929260da39db25	167	5	0	0.029940119760479056	0.0012577635934576392	0.017080038785934448	1	chr1:94021390:C>A	p.G1623V	missense	1623.0	Conflicting	31.74494858051895	31.74494858051895	1.0	1.5849625007211563	global_fdr	5
ABCA4_4bf66da2035c0b2c	167	5	0	0.029940119760479056	0.0010432400740683079	0.01215505599975586	1	chr1:94060550:G>A	p.T716M	missense	716.0	Conflicting	21.048176662867306	21.048176662867306	1.0	1.5849625007211563	global_fdr	5
ABCA4_4df44785ff3e30b1	167	5	0	0.029940119760479056	0.001673440565355122	0.019420713186264038	1	chr1:94011267:C>T	p.R1860Q	missense	1860.0	VUS	17.658887344834433	17.658887344834433	1.0	1.5849625007211563	global_fdr	5
ABCA4_514467eb166c03a8	159	1	4	0.030674846625766916	0.0012227630941197276	0.0137442946434021	1	chr1:94078621:A>G	p.F442S	missense	442.0	VUS	24.145008237982005	24.145008237982005	1.0	1.5849625007211563	global_fdr	5
ABCA4_518b49baa4105cea	161	2	3	0.030487804878048808	0.0010250915074720979	0.012081891298294067	1	chr1:94111452:G>T	p.N96K	missense	96.0	Conflicting	26.16472071068425	26.16472071068425	1.0	1.5849625007211563	global_fdr	5
ABCA4_534f8d20b1042a88	167	5	0	0.029940119760479056	0.0013485586969181895	0.02023780345916748	1	chr1:94032017:C>T	p.V1297I	missense	1297.0	VUS	0.007525095166136414	0.007525095166136414	1.0	1.5849625007211563	global_fdr	5
ABCA4_5635d667afa9ceec	167	5	0	0.029940119760479056	0.0009894229006022215	0.012346863746643066	1	chr1:94078642:C>A	p.G435V	missense	435.0	VUS	24.348854494436015	24.348854494436015	1.0	1.5849625007211563	global_fdr	5
ABCA4_56a15997676aabb8	159	1	4	0.030674846625766916	0.0009300245437771082	0.011491507291793823	1	chr1:94062731:C>T	p.A595T	missense	595.0	P/LP	24.276879215701697	24.276879215701697	1.0	1.5849625007211563	global_fdr	5
ABCA4_577438703485e738	167	5	0	0.029940119760479056	0.0014661530731245875	0.01894894242286682	1	chr1:94021280:G>A	p.P1660S	missense	1660.0	Conflicting	27.67853042668088	27.67853042668088	1.0	1.5849625007211563	global_fdr	5
ABCA4_5c2e1344f0055c68	167	5	0	0.029940119760479056	0.001692606951110065	0.019081920385360718	1	chr1:94011309:A>G	p.I1846T	missense	1846.0	P/LP	23.011495017346626	23.011495017346626	1.0	1.5849625007211563	global_fdr	5
ABCA4_5c8e59949349d60e	161	2	3	0.030487804878048808	0.0015338391531258821	0.017934828996658325	1	chr1:94098975:G>C	p.P196R	missense	196.0	VUS	23.326921129208525	23.326921129208525	1.0	1.5849625007211563	global_fdr	5
ABCA4_5dcec1de47e369a1	161	2	3	0.030487804878048808	0.0009483632165938616	0.014105468988418579	1	chr1:94062646:T>G	p.Q623P	missense	623.0	P/LP	24.18886138330845	24.18886138330845	1.0	1.5849625007211563	global_fdr	5
ABCA4_5e1914ba148fd264	161	2	3	0.030487804878048808	0.001507325330749154	0.02601301670074463	1	chr1:94021240:A>G	p.V1673A	missense	1673.0	VUS	24.18723178594631	24.18723178594631	1.0	1.5849625007211563	global_fdr	5
ABCA4_5e1e862b3d110653	167	5	0	0.029940119760479056	0.0012931273085996509	0.016705751419067383	1	chr1:94037303:C>G	p.A1219P	missense	1219.0	P/LP	30.541355139963553	30.541355139963553	1.0	1.5849625007211563	global_fdr	5
ABCA4_5f54c8badaeb6581	159	1	4	0.030674846625766916	0.0017724817153066397	0.024336934089660645	1	chr1:94029452:G>T	p.P1511H	missense	1511.0	P/LP	28.58184877173177	28.58184877173177	1.0	1.5849625007211563	global_fdr	5
ABCA4_600393a0fd8c280d	167	5	0	0.029940119760479056	0.001836329814977944	0.02331295609474182	1	chr1:94111442:A>G	p.S100P	missense	100.0	P/LP	26.73147922261295	26.73147922261295	1.0	1.5849625007211563	global_fdr	5
ABCA4_60109be534de11de	159	1	4	0.030674846625766916	0.0011133475927636027	0.01609855890274048	1	chr1:94030461:A>G	p.F1440S	missense	1440.0	P/LP	26.02609535574329	26.02609535574329	1.0	1.5849625007211563	global_fdr	5
ABCA4_604c61561ae1e895	167	5	0	0.029940119760479056	0.001118333195336163	0.014531433582305908	1	chr1:94008758:A>G	p.L1943P	missense	1943.0	Conflicting	27.259270606062103	27.259270606062103	1.0	1.5849625007211563	global_fdr	5
ABCA4_659ffae7a917bf32	159	1	4	0.030674846625766916	0.0014057394582778215	0.019544124603271484	1	chr1:94025036:T>C	p.S1518G	missense	1518.0	Conflicting	22.075946963658595	22.075946963658595	1.0	1.5849625007211563	global_fdr	5
ABCA4_667951eb0386641e	167	5	0	0.029940119760479056	0.0012318192748352885	0.01572549343109131	1	chr1:94041355:G>C	p.L1126V	missense	1126.0	VUS	24.22171925654332	24.22171925654332	1.0	1.5849625007211563	global_fdr	5
ABCA4_6685e8d7e5ffe3f9	161	2	3	0.030487804878048808	0.0008928235620260239	0.013019293546676636	1	chr1:94019584:T>A	p.I1732F	missense	1732.0	VUS	18.61497263494644	18.61497263494644	1.0	1.5849625007211563	global_fdr	5
ABCA4_6933f6cfe7ab55a5	167	5	0	0.029940119760479056	0.0015047815395519137	0.018181443214416504	1	chr1:94103085:A>G	p.L167P	missense	167.0	VUS	26.011605059301118	26.011605059301118	1.0	1.5849625007211563	global_fdr	5
ABCA4_6ab1e9a8b5df5d9a	167	5	0	0.029940119760479056	0.0012462114682421088	0.015543758869171143	1	chr1:94021384:T>C	p.H1625R	missense	1625.0	P/LP	29.024178863205293	29.024178863205293	1.0	1.5849625007211563	global_fdr	5
ABCA4_6c5986f54418cdc9	167	5	0	0.029940119760479056	0.0014570736093446612	0.018204063177108765	1	chr1:94080651:G>T	p.P309Q	missense	309.0	P/LP	22.713130003756532	22.713130003756532	1.0	1.5849625007211563	global_fdr	5
ABCA4_6fd4af3f47bec753	161	2	3	0.030487804878048808	0.0011413911124691367	0.014928936958312988	1	chr1:94037200:G>T	p.T1253K	missense	1253.0	VUS	19.269221924431577	19.269221924431577	1.0	1.5849625007211563	global_fdr	5
ABCA4_7070e87f7d7dd041	159	1	4	0.030674846625766916	0.0010353720281273127	0.01568274199962616	1	chr1:94029579:T>A	p.N1469Y	missense	1469.0	VUS	16.33023238122287	16.33023238122287	1.0	1.5849625007211563	global_fdr	5
ABCA4_70afc26978c9c9c6	167	5	0	0.029940119760479056	0.0014032128965482116	0.018642127513885498	1	chr1:94108677:C>G	p.M114I	missense	114.0	VUS	11.476581034902267	11.476581034902267	1.0	1.5849625007211563	global_fdr	5
ABCA4_70c29d2a94957805	167	5	0	0.029940119760479056	0.0009762672707438469	0.012063562870025635	1	chr1:94083438:G>A	p.P258S	missense	258.0	VUS	21.08460922845793	21.08460922845793	1.0	1.5849625007211563	global_fdr	5
ABCA4_73202881fa00bbfb	159	1	4	0.030674846625766916	0.0009861221769824624	0.016526401042938232	1	chr1:94042810:G>T	p.D1093E	missense	1093.0	P/LP	24.90016053634506	24.90016053634506	1.0	1.5849625007211563	global_fdr	5
ABCA4_7422f5cf1ae6e169	159	1	4	0.030674846625766916	0.0012865096796303988	0.014139920473098755	1	chr1:94056677:T>C	p.Y769C	missense	769.0	VUS	23.0906684008626	23.0906684008626	1.0	1.5849625007211563	global_fdr	5
ABCA4_75ab7dc0a358180b	167	5	0	0.029940119760479056	0.0013609834713861346	0.015738993883132935	1	chr1:94031836:G>C	p.A1357G	missense	1357.0	VUS	23.443522558218554	23.443522558218554	1.0	1.5849625007211563	global_fdr	5
ABCA4_75f2b30cd103df24	167	5	0	0.029940119760479056	0.0013199439272284508	0.01731187105178833	1	chr1:94078679:G>A	p.H423Y	missense	423.0	Conflicting	22.628244222676983	22.628244222676983	1.0	1.5849625007211563	global_fdr	5
ABCA4_7617973803c0d24d	167	5	0	0.029940119760479056	0.0014528994215652347	0.01888805627822876	1	chr1:94046942:A>C	p.N965K	missense	965.0	P/LP	18.488570093893916	18.488570093893916	1.0	1.5849625007211563	global_fdr	5
ABCA4_773c77e05c368954	167	5	0	0.029940119760479056	0.001121391193009913	0.013891041278839111	1	chr1:94008252:C>T	p.G1961R	missense	1961.0	P/LP	28.664232875798135	28.664232875798135	1.0	1.5849625007211563	global_fdr	5
ABCA4_7875c9b1ffddf9e8	167	5	0	0.029940119760479056	0.0015132190892472863	0.024454981088638306	1	chr1:94031992:C>T	p.G1305D	missense	1305.0	VUS	6.699501403167913	6.699501403167913	1.0	1.5849625007211563	global_fdr	5
ABCA4_79e6fd7ebce64b63	167	5	0	0.029940119760479056	0.0012410496128723025	0.016679048538208008	1	chr1:94055161:T>C	p.D846G	missense	846.0	P/LP	25.165200237878622	25.165200237878622	1.0	1.5849625007211563	global_fdr	5
ABCA4_7a951e0df6de0dc8	159	1	4	0.030674846625766916	0.0012380180414766073	0.017968982458114624	1	chr1:94021713:C>A	p.G1592V	missense	1592.0	VUS	24.05775173550065	24.05775173550065	1.0	1.5849625007211563	global_fdr	5
ABCA4_7fe878fc6000197d	167	5	0	0.029940119760479056	0.0008445153362117708	0.011317133903503418	1	chr1:94098924:A>T	p.F213Y	missense	213.0	VUS	20.825401182563056	20.825401182563056	1.0	1.5849625007211563	global_fdr	5
ABCA4_804ff2f0808a51e9	167	5	0	0.029940119760479056	0.0014694357523694634	0.019190073013305664	1	chr1:94056704:A>G	p.L760P	missense	760.0	P/LP	25.045936828935762	25.045936828935762	1.0	1.5849625007211563	global_fdr	5
ABCA4_83a95e69fea0972a	167	5	0	0.029940119760479056	0.0012048721546307206	0.013441711664199829	1	chr1:94098831:A>G	p.L244P	missense	244.0	P/LP	26.010675192084413	26.010675192084413	1.0	1.5849625007211563	global_fdr	5
ABCA4_8563d73e3fee80bc	159	1	4	0.030674846625766916	0.001025017467327416	0.010795533657073975	1	chr1:94047078:C>T	p.R920H	missense	920.0	VUS	12.584828636210856	12.584828636210856	1.0	1.5849625007211563	global_fdr	5
ABCA4_85da66ad3b9ab77e	159	1	4	0.030674846625766916	0.0011239181039854884	0.017489805817604065	1	chr1:94029449:G>C	p.P1512R	missense	1512.0	VUS	21.555255641019887	21.555255641019887	1.0	1.5849625007211563	global_fdr	5
ABCA4_87ffa823d79c3eef	167	5	0	0.029940119760479056	0.0008587575284764171	0.011882185935974121	1	chr1:94021893:G>A	p.L1576F	missense	1576.0	VUS	18.706864078783358	18.706864078783358	1.0	1.5849625007211563	global_fdr	5
ABCA4_88c3683a5053bcca	167	5	0	0.029940119760479056	0.0012297732755541801	0.018135905265808105	1	chr1:94083357:G>C	p.Q285E	missense	285.0	VUS	21.890780656997656	21.890780656997656	1.0	1.5849625007211563	global_fdr	5
ABCA4_8acb9381d8f1f786	159	1	4	0.030674846625766916	0.0027794421184808016	0.03177922964096069	1	chr1:94019746:C>T	p.V1678M	missense	1678.0	VUS	20.719302614317172	20.719302614317172	1.0	1.5849625007211563	global_fdr	5
ABCA4_8b4107a4121ff5db	167	5	0	0.029940119760479056	0.0015530174132436514	0.018947601318359375	1	chr1:94056657:G>A	p.H776Y	missense	776.0	VUS	22.988820178866018	22.988820178866018	1.0	1.5849625007211563	global_fdr	5
ABCA4_8ca6759468c4ba1c	167	5	0	0.029940119760479056	0.0015487687196582556	0.019118189811706543	1	chr1:94078693:A>G	p.F418S	missense	418.0	P/LP	26.426110595426294	26.426110595426294	1.0	1.5849625007211563	global_fdr	5
ABCA4_8d607392d36c2a52	167	5	0	0.029940119760479056	0.0011768178083002567	0.015326142311096191	1	chr1:94111549:G>A	p.A64V	missense	64.0	P/LP	24.098532724602993	24.098532724602993	1.0	1.5849625007211563	global_fdr	5
ABCA4_8d8188ce6bc980e2	167	5	0	0.029940119760479056	0.0017086627194657922	0.02219367027282715	1	chr1:94041370:C>G	p.D1121H	missense	1121.0	VUS	29.878804464616344	29.878804464616344	1.0	1.5849625007211563	global_fdr	5
ABCA4_8f3e3c787480b245	167	5	0	0.029940119760479056	0.001135349739342928	0.01731693744659424	1	chr1:94031113:A>G	p.L1379P	missense	1379.0	VUS	25.795531690956853	25.795531690956853	1.0	1.5849625007211563	global_fdr	5
ABCA4_9000cdde5c7c0d3c	161	2	3	0.030487804878048808	0.0011615294497460127	0.016258984804153442	1	chr1:94041255:A>G	p.L1159S	missense	1159.0	P/LP	26.65771449957509	26.65771449957509	1.0	1.5849625007211563	global_fdr	5
ABCA4_91c420b0f234b56f	167	5	0	0.029940119760479056	0.0016707768663764	0.020458757877349854	1	chr1:94062728:C>A	p.D596Y	missense	596.0	VUS	25.146617953228315	25.146617953228315	1.0	1.5849625007211563	global_fdr	5
ABCA4_9256834a287e1fa3	161	2	3	0.030487804878048808	0.0011353971203789115	0.012928351759910583	1	chr1:94077701:G>T	p.Q515K	missense	515.0	Conflicting	17.162642490062584	17.162642490062584	1.0	1.5849625007211563	global_fdr	5
ABCA4_928e5c2fc02bc108	159	1	4	0.030674846625766916	0.0009464083123020828	0.011037558317184448	1	chr1:94019640:T>C	p.Q1713R	missense	1713.0	P/LP	24.752927968138	24.752927968138	1.0	1.5849625007211563	global_fdr	5
ABCA4_93abc0bb2870f2c0	167	5	0	0.029940119760479056	0.0006598278414458036	0.009174346923828125	1	chr1:94108665:C>G	p.E118D	missense	118.0	VUS	15.450213310593607	15.450213310593607	1.0	1.5849625007211563	global_fdr	5
ABCA4_94f7009fd5e445b5	167	5	0	0.029940119760479056	0.0011791866272687912	0.014582693576812744	1	chr1:94031048:G>C	p.P1401A	missense	1401.0	VUS	22.504477529535244	22.504477529535244	1.0	1.5849625007211563	global_fdr	5
ABCA4_9620ecaaaea8ee4e	167	5	0	0.029940119760479056	0.0010664555011317134	0.013097167015075684	1	chr1:94029558:T>C	p.K1476E	missense	1476.0	VUS	12.807878435384481	12.807878435384481	1.0	1.5849625007211563	global_fdr	5
ABCA4_9b5c3adbcff5fabe	161	2	3	0.030487804878048808	0.001272174995392561	0.016167908906936646	1	chr1:94021949:T>C	p.Y1557C	missense	1557.0	P/LP	27.499210771349176	27.499210771349176	1.0	1.5849625007211563	global_fdr	5
ABCA4_9dabf517e4f3d582	167	5	0	0.029940119760479056	0.0010901784989982843	0.012460291385650635	1	chr1:94031120:T>A	p.I1377F	missense	1377.0	VUS	20.716279332037733	20.716279332037733	1.0	1.5849625007211563	global_fdr	5
ABCA4_9ec2a966379f42bd	159	1	4	0.030674846625766916	0.001339880283921957	0.017728358507156372	1	chr1:94010911:T>A	p.N1868I	missense	1868.0	Conflicting	19.606698474191347	19.606698474191347	1.0	1.5849625007211563	global_fdr	5
ABCA4_a0826fb40acf07e5	167	5	0	0.029940119760479056	0.0014021731913089752	0.02002650499343872	1	chr1:94014626:C>T	p.V1793M	missense	1793.0	P/LP	24.11125565191908	24.11125565191908	1.0	1.5849625007211563	global_fdr	5
ABCA4_a08dc17125640f9b	159	1	4	0.030674846625766916	0.0011557054240256548	0.01504090428352356	1	chr1:94043450:A>G	p.F1026L	missense	1026.0	VUS	25.19412231224979	25.19412231224979	1.0	1.5849625007211563	global_fdr	5
ABCA4_a3ceedfde20c833d	161	2	3	0.030487804878048808	0.0012615156592801213	0.02025444805622101	1	chr1:94021696:C>T	p.A1598T	missense	1598.0	VUS	11.961600293899213	11.961600293899213	1.0	1.5849625007211563	global_fdr	5
ABCA4_a43cabc59a1f9630	167	5	0	0.029940119760479056	0.0009615268791094422	0.011071592569351196	1	chr1:94047033:A>G	p.V935A	missense	935.0	P/LP	23.054691665765677	23.054691665765677	1.0	1.5849625007211563	global_fdr	5
ABCA4_a500f5e12d2b43f8	159	1	4	0.030674846625766916	0.0011115039233118296	0.014512628316879272	1	chr1:94046962:T>C	p.T959A	missense	959.0	P/LP	24.430004148722485	24.430004148722485	1.0	1.5849625007211563	global_fdr	5
ABCA4_a59f1371ab9cf9ce	167	5	0	0.029940119760479056	0.0011515070218592882	0.015509188175201416	1	chr1:94008768:G>T	p.L1940I	missense	1940.0	VUS	16.44441713915454	16.44441713915454	1.0	1.5849625007211563	global_fdr	5
ABCA4_a5fcc6c625701f9d	167	5	0	0.029940119760479056	0.000988184823654592	0.01229715347290039	1	chr1:94056789:T>C	p.I732V	missense	732.0	VUS	15.288146387208174	15.288146387208174	1.0	1.5849625007211563	global_fdr	5
ABCA4_a88fdcee88016269	161	2	3	0.030487804878048808	0.0007025965605862439	0.010850101709365845	1	chr1:94108604:G>A	p.L139F	missense	139.0	VUS	18.852128048972375	18.852128048972375	1.0	1.5849625007211563	global_fdr	5
ABCA4_aa28b81faf9b987e	167	5	0	0.029940119760479056	0.0009999657049775124	0.01415342092514038	1	chr1:94031020:T>C	p.Y1410C	missense	1410.0	VUS	24.850051831898355	24.850051831898355	1.0	1.5849625007211563	global_fdr	5
ABCA4_accc45c7487fdb2c	161	2	3	0.030487804878048808	0.0012115695280954242	0.01714181900024414	1	chr1:94037348:C>T	p.D1204N	missense	1204.0	VUS	17.40030078657416	17.40030078657416	1.0	1.5849625007211563	global_fdr	5
ABCA4_add2fa7081369c50	167	5	0	0.029940119760479056	0.0013544257963076234	0.01712930202484131	1	chr1:94098970:G>T	p.L198M	missense	198.0	VUS	16.387011464577604	16.387011464577604	1.0	1.5849625007211563	global_fdr	5
ABCA4_af1b93689682c3be	167	5	0	0.029940119760479056	0.0011198301799595356	0.012677609920501709	1	chr1:94021919:G>A	p.P1567L	missense	1567.0	VUS	18.290144252861616	18.290144252861616	1.0	1.5849625007211563	global_fdr	5
ABCA4_afd22d986c9a7384	167	5	0	0.029940119760479056	0.0012470412766560912	0.017629683017730713	1	chr1:94030494:A>G	p.V1429A	missense	1429.0	Other	6.259440482260198	6.259440482260198	1.0	1.5849625007211563	global_fdr	5
ABCA4_b4771b752a4e6e99	161	2	3	0.030487804878048808	0.0012985127978026867	0.015944719314575195	1	chr1:94014608:T>C	p.N1799D	missense	1799.0	P/LP	26.74075797926986	26.74075797926986	1.0	1.5849625007211563	global_fdr	5
ABCA4_b6e7f8121244949a	167	5	0	0.029940119760479056	0.0016198246739804745	0.018629640340805054	1	chr1:94056718:G>C	p.F755L	missense	755.0	P/LP	26.226924779152434	26.226924779152434	1.0	1.5849625007211563	global_fdr	5
ABCA4_bac43db3f02bb5b8	167	5	0	0.029940119760479056	0.0011059598764404655	0.013649582862854004	1	chr1:94062606:C>A	p.Q636H	missense	636.0	P/LP	25.242931081682553	25.242931081682553	1.0	1.5849625007211563	global_fdr	5
ABCA4_bc31bec8e1bbd934	167	5	0	0.029940119760479056	0.0020609181374311447	0.027743399143218994	1	chr1:94019755:T>G	p.T1675P	missense	1675.0	P/LP	24.147092878433753	24.147092878433753	1.0	1.5849625007211563	global_fdr	5
ABCA4_bc97ca4dac9b29ad	167	5	0	0.029940119760479056	0.0013957873452454805	0.016859054565429688	1	chr1:94019664:C>A	p.R1705L	missense	1705.0	P/LP	24.952149341241594	24.952149341241594	1.0	1.5849625007211563	global_fdr	5
ABCA4_bd7d475ae1cf506d	167	5	0	0.029940119760479056	0.00171465496532619	0.026723027229309082	1	chr1:94098948:C>T	p.C205Y	missense	205.0	P/LP	27.998382593044816	27.998382593044816	1.0	1.5849625007211563	global_fdr	5
ABCA4_bdbb91edf6c6d6f3	167	5	0	0.029940119760479056	0.0012755010975524783	0.015562593936920166	1	chr1:94056629:C>A	p.R785L	missense	785.0	VUS	11.549326988119299	11.549326988119299	1.0	1.5849625007211563	global_fdr	5
ABCA4_be5c62654af9e50d	167	5	0	0.029940119760479056	0.0011916812509298325	0.01792466640472412	1	chr1:94077752:C>T	p.D498N	missense	498.0	VUS	5.2665460009238885	5.2665460009238885	1.0	1.5849625007211563	global_fdr	5
ABCA4_c171cd2f2bd2f4b6	167	5	0	0.029940119760479056	0.0010420039761811495	0.014359384775161743	1	chr1:94005479:C>T	p.A2037T	missense	2037.0	Conflicting	24.625667036319538	24.625667036319538	1.0	1.5849625007211563	global_fdr	5
ABCA4_c1fb9e4050f3c24a	167	5	0	0.029940119760479056	0.0018316680798307061	0.019977569580078125	1	chr1:94120989:T>A	p.K19N	missense	19.0	P/LP	23.48519381267241	23.48519381267241	1.0	1.5849625007211563	global_fdr	5
ABCA4_c3a851d83b14d87b	159	1	4	0.030674846625766916	0.0017913479823619127	0.02532857656478882	1	chr1:94078610:T>C	p.T446A	missense	446.0	VUS	15.458192874908255	15.458192874908255	1.0	1.5849625007211563	global_fdr	5
ABCA4_c7c2e0b2b3e17315	167	5	0	0.029940119760479056	0.0014354520244523883	0.018472790718078613	1	chr1:94098870:G>A	p.S231F	missense	231.0	VUS	21.575560133327052	21.575560133327052	1.0	1.5849625007211563	global_fdr	5
ABCA4_c95db0f259fcb3cc	161	2	3	0.030487804878048808	0.0015138317830860615	0.020017683506011963	1	chr1:94055245:C>G	p.G818A	missense	818.0	P/LP	26.404112916613535	26.404112916613535	1.0	1.5849625007211563	global_fdr	5
ABCA4_ca903724593507c4	167	5	0	0.029940119760479056	0.0014279360184445977	0.0184175968170166	1	chr1:94024963:A>G	p.I1542T	missense	1542.0	VUS	25.893165814723623	25.893165814723623	1.0	1.5849625007211563	global_fdr	5
ABCA4_cb8c6627376260ad	159	1	4	0.030674846625766916	0.001238925033248961	0.014049768447875977	1	chr1:94030468:G>C	p.P1438A	missense	1438.0	P/LP	23.887757958417005	23.887757958417005	1.0	1.5849625007211563	global_fdr	5
ABCA4_cc5148c89b0c9a6a	167	5	0	0.029940119760479056	0.001301598735153675	0.018284261226654053	1	chr1:94024954:C>T	p.S1545N	missense	1545.0	VUS	29.29394748892845	29.29394748892845	1.0	1.5849625007211563	global_fdr	5
ABCA4_cce395f572dc1cba	167	5	0	0.029940119760479056	0.0009138808236457407	0.012394130229949951	1	chr1:94021644:A>G	p.I1615T	missense	1615.0	VUS	25.136807398161473	25.136807398161473	1.0	1.5849625007211563	global_fdr	5
ABCA4_d2ddc249aac0d96d	167	5	0	0.029940119760479056	0.0013835508143529296	0.01577576994895935	1	chr1:94010903:G>A	p.H1871Y	missense	1871.0	VUS	22.262425928990424	22.262425928990424	1.0	1.5849625007211563	global_fdr	5
ABCA4_d47b39f7061022a1	161	2	3	0.030487804878048808	0.0006325230351649225	0.007562518119812012	1	chr1:94111540:A>C	p.L67R	missense	67.0	VUS	25.09259759978702	25.09259759978702	1.0	1.5849625007211563	global_fdr	5
ABCA4_d4e0d1a8a2538123	167	5	0	0.029940119760479056	0.0013125595869496465	0.018271327018737793	1	chr1:94014620:A>C	p.L1795V	missense	1795.0	VUS	19.55484895711063	19.55484895711063	1.0	1.5849625007211563	global_fdr	5
ABCA4_d8db3fff01856424	167	5	0	0.029940119760479056	0.001262541045434773	0.016446322202682495	1	chr1:94055161:T>A	p.D846V	missense	846.0	P/LP	26.29808270628354	26.29808270628354	1.0	1.5849625007211563	global_fdr	5
ABCA4_dbf610f3bd77ed00	167	5	0	0.029940119760479056	0.0017326314700767398	0.02184903621673584	1	chr1:94014652:A>G	p.L1784P	missense	1784.0	P/LP	25.296499435924417	25.296499435924417	1.0	1.5849625007211563	global_fdr	5
ABCA4_dfaf22fb9aa9fe88	159	1	4	0.030674846625766916	0.0013281060382723808	0.022291243076324463	1	chr1:94031778:C>G	p.Q1376H	missense	1376.0	P/LP	47.02275662429229	47.02275662429229	1.0	1.5849625007211563	global_fdr	5
ABCA4_e2807ce321309c71	167	5	0	0.029940119760479056	0.0009816351812332869	0.013641983270645142	1	chr1:94008767:A>T	p.L1940Q	missense	1940.0	P/LP	26.387405788678933	26.387405788678933	1.0	1.5849625007211563	global_fdr	5
ABCA4_e4202576a288dc93	167	5	0	0.029940119760479056	0.0011819192441180348	0.015001296997070312	1	chr1:94113021:C>T	p.V38I	missense	38.0	VUS	18.79265784220726	18.79265784220726	1.0	1.5849625007211563	global_fdr	5
ABCA4_ea7e69515e351b10	159	1	4	0.030674846625766916	0.0011770249111577868	0.01697927713394165	1	chr1:94037333:T>G	p.M1209L	missense	1209.0	VUS	13.900207734899176	13.900207734899176	1.0	1.5849625007211563	global_fdr	5
ABCA4_eae7f31d27ef6c33	167	5	0	0.029940119760479056	0.0012362124398350716	0.01530534029006958	1	chr1:94030440:T>A	p.E1447V	missense	1447.0	Conflicting	25.377531167520118	25.377531167520118	1.0	1.5849625007211563	global_fdr	5
ABCA4_eaf73747e0136977	167	5	0	0.029940119760479056	0.0008747292449697852	0.01118248701095581	1	chr1:94046932:T>C	p.K969E	missense	969.0	P/LP	28.2009140629363	28.2009140629363	1.0	1.5849625007211563	global_fdr	5
ABCA4_eb6b0ef2e8f72e98	167	5	0	0.029940119760479056	0.001156700775027275	0.017292529344558716	1	chr1:94031027:A>G	p.W1408R	missense	1408.0	P/LP	25.836425826101745	25.836425826101745	1.0	1.5849625007211563	global_fdr	5
ABCA4_ebbbaa06d33dd06c	167	5	0	0.029940119760479056	0.001323625911027193	0.016096889972686768	1	chr1:94077725:C>A	p.D507Y	missense	507.0	P/LP	22.84866315365917	22.84866315365917	1.0	1.5849625007211563	global_fdr	5
ABCA4_ec86d69c23089f30	159	1	4	0.030674846625766916	0.0014280040049925447	0.017438292503356934	1	chr1:94007703:G>A	p.T1979I	missense	1979.0	P/LP	30.69444603205449	30.69444603205449	1.0	1.5849625007211563	global_fdr	5
ABCA4_ec9a1d90cb573574	159	1	4	0.030674846625766916	0.0012316338252276182	0.01523977518081665	1	chr1:94080694:C>T	p.D295N	missense	295.0	VUS	20.996715138127318	20.996715138127318	1.0	1.5849625007211563	global_fdr	5
ABCA4_edbae703547e328e	167	5	0	0.029940119760479056	0.0010980161605402827	0.01529306173324585	1	chr1:94029597:T>G	p.T1463P	missense	1463.0	VUS	17.149933095920233	17.149933095920233	1.0	1.5849625007211563	global_fdr	5
ABCA4_ee04cc7e1a57513b	167	5	0	0.029940119760479056	0.001361863687634468	0.017628371715545654	1	chr1:94031032:T>C	p.H1406R	missense	1406.0	P/LP	23.227605450612607	23.227605450612607	1.0	1.5849625007211563	global_fdr	5
ABCA4_ef34164c3acc3569	159	1	4	0.030674846625766916	0.0011780400527641177	0.014796197414398193	1	chr1:94043455:A>T	p.M1024K	missense	1024.0	VUS	25.85482500153518	25.85482500153518	1.0	1.5849625007211563	global_fdr	5
ABCA4_f1fd794886aceacf	167	5	0	0.029940119760479056	0.0013284817105159163	0.017508387565612793	1	chr1:94062637:G>A	p.A626V	missense	626.0	Conflicting	8.699958101241906	8.699958101241906	1.0	1.5849625007211563	global_fdr	5
ABCA4_f27bade6030a036e	159	1	4	0.030674846625766916	0.0008962830761447549	0.014498770236968994	1	chr1:94056728:C>T	p.S752N	missense	752.0	VUS	26.14602940523621	26.14602940523621	1.0	1.5849625007211563	global_fdr	5
ABCA4_f676d0f38e1718f4	159	1	4	0.030674846625766916	0.001458744052797556	0.01766061782836914	1	chr1:94030454:G>T	p.N1442K	missense	1442.0	P/LP	24.552244105655504	24.552244105655504	1.0	1.5849625007211563	global_fdr	5
ABCA4_f8fbaac250af700d	167	5	0	0.029940119760479056	0.001352534512989223	0.016923129558563232	1	chr1:94031033:G>A	p.H1406Y	missense	1406.0	P/LP	22.96370138699689	22.96370138699689	1.0	1.5849625007211563	global_fdr	5
ABCA4_f95456d074c9c755	167	5	0	0.029940119760479056	0.000817243882920593	0.010949462652206421	1	chr1:94108627:A>G	p.I131T	missense	131.0	VUS	16.64519055312337	16.64519055312337	1.0	1.5849625007211563	global_fdr	5
ABCA4_f99762b143400aa3	167	5	0	0.029940119760479056	0.000995886279270053	0.011675059795379639	1	chr1:94056801:T>C	p.S728G	missense	728.0	P/LP	23.330486582592865	23.330486582592865	1.0	1.5849625007211563	global_fdr	5
ABCA4_fcfb224ab4da970d	161	2	3	0.030487804878048808	0.0011370558058843017	0.01676732301712036	2	chr1:94010823:C>A;chr1:94010823:C>G	p.Q1897H	missense	1897.0	P/LP	21.92778807269673	21.93307391754046	1.0	1.5849625007211563	global_fdr	5
ABCA4_fd3aa176a9d9a016	167	5	0	0.029940119760479056	0.0017405380494892597	0.021030813455581665	1	chr1:94021876:G>C	p.S1581R	missense	1581.0	VUS	13.657017520466542	13.657017520466542	1.0	1.5849625007211563	global_fdr	5
ABCA4_fe0fb3929a5dae2a	167	5	0	0.029940119760479056	0.001680272282101214	0.02462586760520935	1	chr1:94011282:G>A	p.T1855I	missense	1855.0	VUS	23.798328502009763	23.798328502009763	1.0	1.5849625007211563	global_fdr	5
ABCA4_ff21d1a80fc70ea2	167	5	0	0.029940119760479056	0.0017029376467689872	0.021487116813659668	1	chr1:94005538:C>T	p.C2017Y	missense	2017.0	VUS	29.723038053912745	29.723038053912745	1.0	1.5849625007211563	global_fdr	5
ABCA4_ff8e1e78866db24a	159	1	4	0.030674846625766916	0.0010361241875216365	0.013608276844024658	1	chr1:94007655:T>A	p.D1995V	missense	1995.0	Conflicting	22.324315421384565	22.324315421384565	1.0	1.5849625007211563	global_fdr	5
ABCA4_00d8b7eb3fdea337	161	1	2	0.018404907975460127	0.0012236759066581726	0.014498770236968994	1	chr1:94043426:A>T	p.S1034T	missense	1034.0	VUS	15.828305287978498	15.828305287978498	1.0	1.5849625007211563	global_fdr	3
ABCA4_02180dc82fd6c12f	161	1	2	0.018404907975460127	0.0008446222636848688	0.014838442206382751	1	chr1:94031791:T>G	p.D1372A	missense	1372.0	VUS	22.763411664317434	22.763411664317434	1.0	1.5849625007211563	global_fdr	3
ABCA4_02dd46fb8880b7da	161	1	2	0.018404907975460127	0.0012735092313960195	0.014326602220535278	1	chr1:94011384:G>A	p.T1821M	missense	1821.0	VUS	8.950733092764402	8.950733092764402	1.0	1.5849625007211563	global_fdr	3
ABCA4_03d339362f69f6eb	161	1	2	0.018404907975460127	0.001288944506086409	0.018124490976333618	1	chr1:94063115:T>C	p.D586G	missense	586.0	P/LP	33.546087405711475	33.546087405711475	1.0	1.5849625007211563	global_fdr	3
ABCA4_07225d835665b255	161	1	2	0.018404907975460127	0.0010422613704577088	0.012747526168823242	1	chr1:94005464:C>T	p.V2042I	missense	2042.0	VUS	12.824622573593578	12.824622573593578	1.0	1.5849625007211563	global_fdr	3
ABCA4_28f4102c7ba10229	161	1	2	0.018404907975460127	0.0013652413617819548	0.014246642589569092	1	chr1:94041396:G>T	p.T1112N	missense	1112.0	P/LP	25.865402465309394	25.865402465309394	1.0	1.5849625007211563	global_fdr	3
ABCA4_371f0d345e9f49d0	161	1	2	0.018404907975460127	0.001253663096576929	0.01725330948829651	1	chr1:94043462:C>T	p.E1022K	missense	1022.0	P/LP	28.91877628941197	28.91877628941197	1.0	1.5849625007211563	global_fdr	3
ABCA4_37c6db7c879d5214	161	1	2	0.018404907975460127	0.0009573601419106126	0.015000224113464355	1	chr1:94062695:C>A	p.G607W	missense	607.0	Other	29.450301429019298	29.450301429019298	1.0	1.5849625007211563	global_fdr	3
ABCA4_3e3446d3454b58f9	161	1	2	0.018404907975460127	0.0010895360028371215	0.011264115571975708	1	chr1:94108630:T>C	p.H130R	missense	130.0	VUS	5.461610938815574	5.461610938815574	1.0	1.5849625007211563	global_fdr	3
ABCA4_43ddf9ff13471895	161	1	2	0.018404907975460127	0.0009024005266837776	0.010511219501495361	1	chr1:94098796:C>A	p.V256L	missense	256.0	VUS	13.770066073744232	13.770066073744232	1.0	1.5849625007211563	global_fdr	3
ABCA4_450cc6ef87979b78	161	1	2	0.018404907975460127	0.0010270070051774383	0.013549000024795532	1	chr1:94062661:C>T	p.G618E	missense	618.0	P/LP	25.510263995495897	25.510263995495897	1.0	1.5849625007211563	global_fdr	3
ABCA4_542b30319a517ee0	161	1	2	0.018404907975460127	0.001140202977694571	0.014645248651504517	1	chr1:94046995:G>A	p.R948C	missense	948.0	VUS	9.908705118400407	9.908705118400407	1.0	1.5849625007211563	global_fdr	3
ABCA4_560bde23a8b01c6d	161	1	2	0.018404907975460127	0.001184921944513917	0.016666114330291748	1	chr1:94044743:A>G	p.S974P	missense	974.0	VUS	30.828626726971812	30.828626726971812	1.0	1.5849625007211563	global_fdr	3
ABCA4_5880e3ad21eee1e8	161	1	2	0.018404907975460127	0.0011702543124556541	0.013007879257202148	1	chr1:94031857:A>G	p.L1350P	missense	1350.0	P/LP	24.67992526985011	24.67992526985011	1.0	1.5849625007211563	global_fdr	3
ABCA4_68b32bb12038c0ac	161	1	2	0.018404907975460127	0.0008309039985761046	0.012481242418289185	1	chr1:94014670:A>C	p.M1778R	missense	1778.0	VUS	27.313733955688303	27.313733955688303	1.0	1.5849625007211563	global_fdr	3
ABCA4_7b43f02f188fbc19	161	1	2	0.018404907975460127	0.0008889115415513515	0.010897934436798096	1	chr1:94062664:T>G	p.Q617P	missense	617.0	P/LP	17.154501505593608	17.154501505593608	1.0	1.5849625007211563	global_fdr	3
ABCA4_7bf1846a0f426ee3	161	1	2	0.018404907975460127	0.0005884720594622195	0.007415145635604858	1	chr1:94046967:T>C	p.Q957R	missense	957.0	P/LP	23.668930677853844	23.668930677853844	1.0	1.5849625007211563	global_fdr	3
ABCA4_8b6b9d8adda920e3	161	1	2	0.018404907975460127	0.0007974652689881623	0.01051706075668335	1	chr1:94056611:T>C	p.K791R	missense	791.0	VUS	22.43322654599053	22.43322654599053	1.0	1.5849625007211563	global_fdr	3
ABCA4_9e9b8de3706c76ce	161	1	2	0.018404907975460127	0.0010371272219344974	0.013510435819625854	1	chr1:94060674:C>T	p.V675I	missense	675.0	P/LP	21.16875912207813	21.16875912207813	1.0	1.5849625007211563	global_fdr	3
ABCA4_ab8fb972d95b587b	161	1	2	0.018404907975460127	0.0007117717177607119	0.01012362539768219	1	chr1:94036765:A>T	p.D1279E	missense	1279.0	VUS	12.811947133925175	12.811947133925175	1.0	1.5849625007211563	global_fdr	3
ABCA4_af1d8dc1dd222554	161	1	2	0.018404907975460127	0.0008323214715346694	0.011282891035079956	1	chr1:94007730:A>T	p.L1970H	missense	1970.0	VUS	28.526552252174156	28.526552252174156	1.0	1.5849625007211563	global_fdr	3
ABCA4_afbbb9dec54d0274	161	1	2	0.018404907975460127	0.001013130764476955	0.01077219843864441	1	chr1:94080708:C>T	p.R290Q	missense	290.0	P/LP	4.602261943893013	4.602261943893013	1.0	1.5849625007211563	global_fdr	3
ABCA4_b89fee79c2b10ef0	161	1	2	0.018404907975460127	0.001055207452736795	0.01401570439338684	1	chr1:94037231:A>C	p.Y1243D	missense	1243.0	VUS	27.236195352383348	27.236195352383348	1.0	1.5849625007211563	global_fdr	3
ABCA4_c6563c386d41a545	161	1	2	0.018404907975460127	0.0011277126614004374	0.014091521501541138	1	chr1:94121043:C>A	p.M1I	missense	1.0	P/LP	29.761826584539904	29.761826584539904	1.0	1.5849625007211563	global_fdr	3
ABCA4_d73bb377d1854a15	161	1	2	0.018404907975460127	0.0008204324403777719	0.00959700345993042	1	chr1:94056772:C>A	p.L737F	missense	737.0	VUS	17.254329333191496	17.254329333191496	1.0	1.5849625007211563	global_fdr	3
ABCA4_da879dce21d68541	161	1	2	0.018404907975460127	0.001410721568390727	0.018729716539382935	1	chr1:94036781:A>G	p.L1274P	missense	1274.0	P/LP	28.28642656822595	28.28642656822595	1.0	1.5849625007211563	global_fdr	3
ABCA4_e16610b368c371fc	161	1	2	0.018404907975460127	0.0010408603120595217	0.014804095029830933	1	chr1:94030468:G>T	p.P1438T	missense	1438.0	P/LP	23.770793835815333	23.770793835815333	1.0	1.5849625007211563	global_fdr	3
ABCA4_e32c99bafc78bd67	161	1	2	0.018404907975460127	0.0012058722786605358	0.012550055980682373	1	chr1:94051698:C>G	p.G863A	missense	863.0	VUS	29.760356559200684	29.760356559200684	1.0	1.5849625007211563	global_fdr	3
ABCA4_e689076c625d7dc5	161	1	2	0.018404907975460127	0.0011165379546582699	0.012523561716079712	1	chr1:94044661:A>G	p.V1001A	missense	1001.0	VUS	24.444746120701957	24.444746120701957	1.0	1.5849625007211563	global_fdr	3
ABCA4_f4adb92dfb90763b	161	1	2	0.018404907975460127	0.0011285031214356422	0.012766331434249878	1	chr1:94008270:C>T	p.V1955M	missense	1955.0	P/LP	26.743447639182385	26.743447639182385	1.0	1.5849625007211563	global_fdr	3
ABCA4_f7ae0f60f75a5678	161	1	2	0.018404907975460127	0.000983215169981122	0.012658357620239258	1	chr1:94030464:C>T	p.G1439D	missense	1439.0	P/LP	28.89763779798697	28.89763779798697	1.0	1.5849625007211563	global_fdr	3
ABCA4_ff5aacbb16ac3f87	161	1	2	0.018404907975460127	0.0014381585642695427	0.014618158340454102	1	chr1:94098889:C>T	p.V225M	missense	225.0	Conflicting	20.55495268858509	20.55495268858509	1.0	1.5849625007211563	global_fdr	3
ABCA4_008763282f44a984	161	0	1	0.006172839506172867	0.0010577891953289509	0.01165798306465149	1	chr1:94030483:C>T	p.V1433I	missense	1433.0	Conflicting	9.90522630197453	9.90522630197453	1.0	1.5849625007211563	global_fdr	1
ABCA4_249dc3b92bb0717b	161	0	1	0.006172839506172867	0.000797199085354805	0.00917331874370575	1	chr1:94056775:G>T	p.F736L	missense	736.0	VUS	36.03751460291259	36.03751460291259	1.0	1.5849625007211563	global_fdr	1
ABCA4_315c426b5fe6f894	161	0	1	0.006172839506172867	0.0005844496772624552	0.009258747100830078	1	chr1:94080667:T>A	p.M304L	missense	304.0	VUS	6.898420370280062	6.898420370280062	1.0	1.5849625007211563	global_fdr	1
ABCA4_5972940fc4a7b1af	161	0	1	0.006172839506172867	0.000914636766538024	0.012775301933288574	1	chr1:94098966:G>T	p.A199E	missense	199.0	VUS	2.569652110488177	2.569652110488177	1.0	1.5849625007211563	global_fdr	1
ABCA4_5de457d198658cfe	161	0	1	0.006172839506172867	0.0009174945880658925	0.012177258729934692	1	chr1:94062689:C>G	p.A609P	missense	609.0	VUS	25.899807173742953	25.899807173742953	1.0	1.5849625007211563	global_fdr	1
ABCA4_5f2d3c37c22c6e93	161	0	1	0.006172839506172867	0.0006969758542254567	0.011235162615776062	1	chr1:94008831:C>A	p.D1919Y	missense	1919.0	VUS	21.148579858880225	21.148579858880225	1.0	1.5849625007211563	global_fdr	1
ABCA4_622dae3696b03247	161	0	1	0.006172839506172867	0.001178658683784306	0.015648633241653442	1	chr1:94042781:A>G	p.L1103P	missense	1103.0	P/LP	27.760599444646182	27.760599444646182	1.0	1.5849625007211563	global_fdr	1
ABCA4_772c70666f58fa35	161	0	1	0.006172839506172867	0.000560944783501327	0.006102442741394043	1	chr1:94080559:A>G	p.Y340H	missense	340.0	P/LP	25.20372017364608	25.20372017364608	1.0	1.5849625007211563	global_fdr	1
ABCA4_8161c1fd7ab9f80f	161	0	1	0.006172839506172867	0.0011540669947862625	0.012706637382507324	1	chr1:94063143:C>T	p.V577M	missense	577.0	VUS	21.139114101966182	21.139114101966182	1.0	1.5849625007211563	global_fdr	1
ABCA4_84514262bf2bcd25	161	0	1	0.006172839506172867	0.0006870568031445146	0.00927560031414032	1	chr1:94021923:G>A	p.L1566F	missense	1566.0	VUS	22.705980406106	22.705980406106	1.0	1.5849625007211563	global_fdr	1
ABCA4_84c46171801d150d	161	0	1	0.006172839506172867	0.0012327057775110006	0.014636993408203125	1	chr1:94080580:G>A	p.R333W	missense	333.0	VUS	19.983597565261288	19.983597565261288	1.0	1.5849625007211563	global_fdr	1
ABCA4_9130ed287fa4e7e9	161	0	1	0.006172839506172867	0.0011918441159650683	0.015578389167785645	1	chr1:94046994:C>G	p.R948P	missense	948.0	P/LP	21.425343378035944	21.425343378035944	1.0	1.5849625007211563	global_fdr	1
ABCA4_9af98e1a4cfddfe7	161	0	1	0.006172839506172867	0.0015733990585431457	0.018407613039016724	1	chr1:94055149:T>C	p.Y850C	missense	850.0	P/LP	22.004395198884687	22.004395198884687	1.0	1.5849625007211563	global_fdr	1
ABCA4_9cc062bb54ae643d	161	0	1	0.006172839506172867	0.0009264278342016041	0.013958275318145752	1	chr1:94120999:G>A	p.T16I	missense	16.0	VUS	20.538951366217493	20.538951366217493	1.0	1.5849625007211563	global_fdr	1
ABCA4_a1a580ba9ee72b5b	161	0	1	0.006172839506172867	0.0009916785638779402	0.009247004985809326	1	chr1:94103142:C>T	p.G148E	missense	148.0	VUS	24.205940994337887	24.205940994337887	1.0	1.5849625007211563	global_fdr	1
ABCA4_b0b5ffeec925b20e	161	0	1	0.006172839506172867	0.0012967350194230676	0.013885021209716797	1	chr1:94032002:G>A	p.P1302S	missense	1302.0	VUS	11.494471010272667	11.494471010272667	1.0	1.5849625007211563	global_fdr	1
ABCA4_b89cf90718464825	161	0	1	0.006172839506172867	0.0008030380704440176	0.010143011808395386	1	chr1:94063215:A>C	p.F553V	missense	553.0	P/LP	25.641010306565338	25.641010306565338	1.0	1.5849625007211563	global_fdr	1
ABCA4_cdbd297c3248fec1	161	0	1	0.006172839506172867	0.001015848247334361	0.012749254703521729	1	chr1:94031804:G>C	p.R1368G	missense	1368.0	P/LP	25.131572899495517	25.131572899495517	1.0	1.5849625007211563	global_fdr	1
ABCA4_dd1a2df4df5c2c2c	161	0	1	0.006172839506172867	0.0009670037543401122	0.00952938199043274	1	chr1:94031837:C>T	p.A1357T	missense	1357.0	P/LP	25.694661770067167	25.694661770067167	1.0	1.5849625007211563	global_fdr	1
ABCA4_e46d50728a876479	161	0	1	0.006172839506172867	0.001455213176086545	0.018586397171020508	1	chr1:94080513:C>T	p.R355K	missense	355.0	VUS	18.536982376621435	18.536982376621435	1.0	1.5849625007211563	global_fdr	1
ABCA4_e68d3ccf0f00031b	161	0	1	0.006172839506172867	0.0008041568798944354	0.009900271892547607	1	chr1:94010827:A>T	p.V1896D	missense	1896.0	P/LP	22.612390155277573	22.612390155277573	1.0	1.5849625007211563	global_fdr	1
ABCA4_ea7cdafaf89cb313	161	0	1	0.006172839506172867	0.0011980518465861678	0.014851480722427368	1	chr1:94077784:C>T	p.R487Q	missense	487.0	Conflicting	2.7073813795749206	2.7073813795749206	1.0	1.5849625007211563	global_fdr	1
ABCA4_eaf9621fda60936f	161	0	1	0.006172839506172867	0.0004837648302782327	0.005212724208831787	1	chr1:94010874:A>T	p.F1880L	missense	1880.0	Conflicting	14.145909217847464	14.145909217847464	1.0	1.5849625007211563	global_fdr	1
ABCA4_f962cee91f6dcb5b	161	0	1	0.006172839506172867	0.0013222674606367946	0.014118194580078125	1	chr1:94011357:C>T	p.R1830K	missense	1830.0	VUS	20.147574133601196	20.147574133601196	1.0	1.5849625007211563	global_fdr	1
ABCA4_f6337ad626dec924	149	1	14	0.09202453987730064	0.0016814223490655422	0.024507373571395874	1	chr1:94041213:C>T	p.S1173N	missense	1173.0	VUS	10.46008783695096	10.46008783695096	1.0	1.584962500721156	global_fdr	15
ABCA4_00ff3d3bd2d6f620	157	0	5	0.030864197530864224	0.0012993532000109553	0.013312071561813354	1	chr1:94051677:G>A	p.P870L	missense	870.0	P/LP	23.67459787950469	23.67459787950469	1.0	1.584962500721156	global_fdr	5
ABCA4_068d4e8aaa9924c0	157	0	5	0.030864197530864224	0.0017472190083935857	0.02111518383026123	1	chr1:94083405:T>G	p.N269H	missense	269.0	VUS	6.8313615931066884	6.8313615931066884	1.0	1.584962500721156	global_fdr	5
ABCA4_1122458570c28a07	157	0	5	0.030864197530864224	0.00168649572879076	0.017502903938293457	1	chr1:94121044:A>G	p.M1T	missense	1.0	P/LP	26.814342860551697	26.814342860551697	1.0	1.584962500721156	global_fdr	5
ABCA4_199ac8468645ff14	157	0	5	0.030864197530864224	0.0010389232775196433	0.012674570083618164	1	chr1:94040111:G>A	p.S1180L	missense	1180.0	Conflicting	12.883308299521845	12.883308299521845	1.0	1.584962500721156	global_fdr	5
ABCA4_2ca46938e63f7b6f	157	0	5	0.030864197530864224	0.0014707907103002071	0.01566016674041748	1	chr1:94098891:G>A	p.T224M	missense	224.0	VUS	15.498009143300564	15.498009143300564	1.0	1.584962500721156	global_fdr	5
ABCA4_34d99cf9ac13a9c0	157	0	5	0.030864197530864224	0.001460708910599351	0.016110926866531372	1	chr1:94044715:G>A	p.T983I	missense	983.0	P/LP	27.772672647085557	27.772672647085557	1.0	1.584962500721156	global_fdr	5
ABCA4_41c205f1f2a60335	157	0	5	0.030864197530864224	0.0009213187149725854	0.011419892311096191	1	chr1:94043339:A>G	p.S1063P	missense	1063.0	Other	25.904442013096048	25.904442013096048	1.0	1.584962500721156	global_fdr	5
ABCA4_4a9faafb36fcce44	157	0	5	0.030864197530864224	0.0016906799282878637	0.02187025547027588	1	chr1:94041379:G>C	p.H1118D	missense	1118.0	P/LP	30.171932404722142	30.171932404722142	1.0	1.584962500721156	global_fdr	5
ABCA4_4ed3eb1322fc1075	157	0	5	0.030864197530864224	0.0010534519096836448	0.011419892311096191	1	chr1:94029468:C>T	p.A1506T	missense	1506.0	VUS	23.56604690608332	23.56604690608332	1.0	1.584962500721156	global_fdr	5
ABCA4_55767839cf284f2b	157	0	5	0.030864197530864224	0.0013661505654454231	0.016632020473480225	1	chr1:94111465:C>T	p.G92E	missense	92.0	VUS	25.037671792339648	25.037671792339648	1.0	1.584962500721156	global_fdr	5
ABCA4_5e4247410499d322	157	0	5	0.030864197530864224	0.0011406344128772616	0.016029417514801025	1	chr1:94030438:C>T	p.G1448R	missense	1448.0	Conflicting	20.516881355920496	20.516881355920496	1.0	1.584962500721156	global_fdr	5
ABCA4_6e6f492306ffa229	157	0	5	0.030864197530864224	0.002122653881087899	0.02436727285385132	1	chr1:94080540:T>G	p.K346T	missense	346.0	Conflicting	24.627469773826085	24.627469773826085	1.0	1.584962500721156	global_fdr	5
ABCA4_7ade5e43b7bf4e4f	157	0	5	0.030864197530864224	0.0011654053814709187	0.013370037078857422	1	chr1:94080544:A>C	p.Y345D	missense	345.0	VUS	25.30500908216319	25.30500908216319	1.0	1.584962500721156	global_fdr	5
ABCA4_8a64c9bd86481301	157	0	5	0.030864197530864224	0.0013358758296817541	0.014061301946640015	1	chr1:94046974:C>T	p.E955K	missense	955.0	VUS	21.64660749062538	21.64660749062538	1.0	1.584962500721156	global_fdr	5
ABCA4_8ccd315575714e26	157	0	5	0.030864197530864224	0.0010455072624608874	0.011089682579040527	1	chr1:94037152:A>T	p.L1269Q	missense	1269.0	P/LP	29.084559240248595	29.084559240248595	1.0	1.584962500721156	global_fdr	5
ABCA4_8d8a2028433df2f6	157	0	5	0.030864197530864224	0.0014285269426181912	0.016750872135162354	1	chr1:94031866:C>T	p.G1347E	missense	1347.0	VUS	23.890166444973726	23.890166444973726	1.0	1.584962500721156	global_fdr	5
ABCA4_9a968a77e3c3995a	157	0	5	0.030864197530864224	0.0014603028539568186	0.017321497201919556	1	chr1:94029452:G>C	p.P1511R	missense	1511.0	P/LP	28.792285394609024	28.792285394609024	1.0	1.584962500721156	global_fdr	5
ABCA4_a5bfa76315cb9b54	157	0	5	0.030864197530864224	0.0016334467800334096	0.02093297243118286	1	chr1:94031830:A>G	p.L1359P	missense	1359.0	VUS	26.224753686638884	26.224753686638884	1.0	1.584962500721156	global_fdr	5
ABCA4_b2424b1b35df6b8f	157	0	5	0.030864197530864224	0.0013425141805782914	0.015306234359741211	1	chr1:94055149:T>G	p.Y850S	missense	850.0	P/LP	23.226680267660086	23.226680267660086	1.0	1.584962500721156	global_fdr	5
ABCA4_b6a24f8815505e80	157	0	5	0.030864197530864224	0.0012866074685007334	0.012754082679748535	1	chr1:94042811:T>C	p.D1093G	missense	1093.0	Other	27.89464965539651	27.89464965539651	1.0	1.584962500721156	global_fdr	5
ABCA4_ba6abca9b757a791	157	0	5	0.030864197530864224	0.0011198873398825526	0.01615196466445923	1	chr1:94077751:T>C	p.D498G	missense	498.0	VUS	16.090433361023038	16.090433361023038	1.0	1.584962500721156	global_fdr	5
ABCA4_be85b82001d04aa1	157	0	5	0.030864197530864224	0.0012298969086259604	0.016255199909210205	1	chr1:94044721:G>A	p.P981L	missense	981.0	P/LP	21.65967514014991	21.65967514014991	1.0	1.584962500721156	global_fdr	5
ABCA4_c0226dfd9d0bec01	157	0	5	0.030864197530864224	0.0010437362361699343	0.011312931776046753	1	chr1:94063224:C>T	p.G550R	missense	550.0	P/LP	31.28853442457006	31.28853442457006	1.0	1.584962500721156	global_fdr	5
ABCA4_c2ef844fa32c2750	157	0	5	0.030864197530864224	0.001046587130986154	0.014383822679519653	1	chr1:94010866:A>G	p.V1883A	missense	1883.0	Conflicting	16.67507536884192	16.67507536884192	1.0	1.584962500721156	global_fdr	5
ABCA4_ce0e251ffa9025c5	157	0	5	0.030864197530864224	0.0016637309454381466	0.0201340913772583	1	chr1:94019713:A>G	p.S1689P	missense	1689.0	P/LP	26.066194777389153	26.066194777389153	1.0	1.584962500721156	global_fdr	5
ABCA4_d259dd32e2cec2a8	157	0	5	0.030864197530864224	0.001320975599810481	0.015985697507858276	1	chr1:94062674:T>C	p.M614V	missense	614.0	VUS	20.546959338035634	20.546959338035634	1.0	1.584962500721156	global_fdr	5
ABCA4_d46588bae62c7ee6	157	0	5	0.030864197530864224	0.0015633567236363888	0.028292834758758545	1	chr1:94041379:G>T	p.H1118N	missense	1118.0	P/LP	29.087915133253617	29.087915133253617	1.0	1.584962500721156	global_fdr	5
ABCA4_e3c6977d69f0308c	157	0	5	0.030864197530864224	0.0021726975683122873	0.03016185760498047	1	chr1:94007713:C>T	p.A1976T	missense	1976.0	P/LP	27.136926041891986	27.136926041891986	1.0	1.584962500721156	global_fdr	5
ABCA4_ef02072e4e1832cc	157	0	5	0.030864197530864224	0.0013684957521036267	0.01680585741996765	1	chr1:94043467:A>T	p.V1020E	missense	1020.0	Conflicting	28.025734399734237	28.025734399734237	1.0	1.584962500721156	global_fdr	5
ABCA4_fd872e3336b2e523	157	0	5	0.030864197530864224	0.0009514393168501556	0.009232759475708008	1	chr1:94055159:C>A	p.A847S	missense	847.0	VUS	21.05813959279661	21.05813959279661	1.0	1.584962500721156	global_fdr	5
ABCA4_dae702228f64107b	163	2	1	0.018292682926829285	0.001352097955532372	0.02171790599822998	1	chr1:94007718:T>C	p.N1974S	missense	1974.0	P/LP	24.48411061396184	24.48411061396184	1.0	1.584962500721156	global_fdr	3
ABCA4_712fd4e78f8d4d77	163	1	0	0.006134969325153339	0.0012130881659686565	0.020291775465011597	1	chr1:94080559:A>C	p.Y340D	missense	340.0	P/LP	25.76603939179586	25.76603939179586	1.0	1.584962500721156	global_fdr	1
ABCA4_2bcbc0b30c961d20	174	13	1	0.07999999999999996	0.004248551093041897	0.05436930060386658	1	chr1:94029516:A>T	p.C1490S	missense	1490.0	Other	29.081205938416876	29.081205938416876	1.0	1.4739311883324124	global_fdr	14
ABCA4_0b04034145533369	158	2	6	0.04878048780487809	0.0015944958431646228	0.02140861749649048	1	chr1:94021929:C>T	p.G1564R	missense	1564.0	VUS	24.596178576933884	24.596178576933884	1.0	1.4739311883324124	global_fdr	8
ABCA4_3a75a751a4e53c89	158	2	6	0.04878048780487809	0.0035118258092552423	0.041411757469177246	1	chr1:94060628:C>T	p.G690D	missense	690.0	P/LP	24.60185114169468	24.60185114169468	1.0	1.4739311883324124	global_fdr	8
ABCA4_6d4cb7af35ed8b2a	158	2	6	0.04878048780487809	0.0017554956721141934	0.021978318691253662	1	chr1:94031086:A>G	p.L1388P	missense	1388.0	P/LP	26.18231045492901	26.18231045492901	1.0	1.4739311883324124	global_fdr	8
ABCA4_db432773caf6d3a7	158	2	6	0.04878048780487809	0.0015251173172146082	0.018474876880645752	1	chr1:94031872:T>C	p.N1345S	missense	1345.0	VUS	17.627878913427633	17.627878913427633	1.0	1.4739311883324124	global_fdr	8
ABCA4_fe7a3a1df4a8d8a4	158	2	6	0.04878048780487809	0.0011002877727150917	0.01485675573348999	1	chr1:94062646:T>C	p.Q623R	missense	623.0	Conflicting	21.377979822021324	21.377979822021324	1.0	1.4739311883324124	global_fdr	8
ABCA4_f61bfc0d7f9e0f20	166	6	2	0.04761904761904767	0.0025152915623039007	0.037460148334503174	1	chr1:94019752:T>G	p.T1676P	missense	1676.0	VUS	22.135937001239068	22.135937001239068	1.0	1.4739311883324122	global_fdr	8
ABCA4_e376e453f05e7a40	157	3	8	0.06666666666666665	0.0020060210954397917	0.025231659412384033	1	chr1:94077787:G>T	p.P486H	missense	486.0	VUS	21.043302499671093	21.043302499671093	1.0	1.4288432988038742	global_fdr	11
ABCA4_2adc1fd407994fc5	160	4	6	0.06024096385542166	0.0019427038496360183	0.024722397327423096	1	chr1:94079404:G>A	p.A386V	missense	386.0	VUS	17.070569536252133	17.070569536252133	1.0	1.2954558835261714	global_fdr	10
ABCA4_59172567cc6fec28	152	1	11	0.07361963190184051	0.0023243920877575874	0.025222599506378174	1	chr1:94080543:T>C	p.Y345C	missense	345.0	P/LP	23.25539820820648	23.25539820820648	1.0	1.222392421336448	global_fdr	12
ABCA4_6e08623ed52fb988	152	1	11	0.07361963190184051	0.002129719126969576	0.026203572750091553	1	chr1:94060618:A>C	p.N693K	missense	693.0	VUS	11.836905908695996	11.836905908695996	1.0	1.222392421336448	global_fdr	12
ABCA4_d9902c7b7ea8a4f9	152	1	11	0.07361963190184051	0.0019571392331272364	0.02612525224685669	1	chr1:94044641:A>G	p.C1008R	missense	1008.0	VUS	30.654234692471633	30.654234692471633	1.0	1.222392421336448	global_fdr	12
ABCA4_d477018fb117b74c	156	1	7	0.049079754601227044	0.0009920615702867508	0.016490012407302856	1	chr1:94031827:A>G	p.V1360A	missense	1360.0	VUS	18.86907352520443	18.86907352520443	1.0	1.222392421336448	global_fdr	8
ABCA4_dcc9a31b02573f82	156	1	7	0.049079754601227044	0.0022376456763595343	0.031110048294067383	1	chr1:94019694:G>A	p.A1695V	missense	1695.0	P/LP	28.031817762454637	28.031817762454637	1.0	1.222392421336448	global_fdr	8
ABCA4_00529406a09ce878	166	4	0	0.02409638554216864	0.0012485043844208121	0.015250921249389648	1	chr1:94031117:C>T	p.V1378M	missense	1378.0	VUS	20.55854272624512	20.55854272624512	1.0	1.222392421336448	global_fdr	4
ABCA4_04a769b474d3577b	166	4	0	0.02409638554216864	0.0012359783286228776	0.01803123950958252	1	chr1:94077700:T>C	p.Q515R	missense	515.0	VUS	8.373510728706176	8.373510728706176	1.0	1.222392421336448	global_fdr	4
ABCA4_08f1f5eac019c903	166	4	0	0.02409638554216864	0.0019882763735949993	0.025274991989135742	1	chr1:94015809:C>A	p.G1748W	missense	1748.0	VUS	23.101070415930913	23.101070415930913	1.0	1.222392421336448	global_fdr	4
ABCA4_0a7a2c72a20e67bd	166	4	0	0.02409638554216864	0.0013344918843358755	0.01573622226715088	1	chr1:94111531:A>G	p.L70P	missense	70.0	P/LP	32.5633035408848	32.5633035408848	1.0	1.222392421336448	global_fdr	4
ABCA4_0c9e232206b51e2c	158	0	4	0.024691358024691357	0.0013213747879490256	0.015378892421722412	1	chr1:94077724:T>C	p.D507G	missense	507.0	P/LP	21.643885281137813	21.643885281137813	1.0	1.222392421336448	global_fdr	4
ABCA4_10cee51d9c759746	166	4	0	0.02409638554216864	0.0010381402680650353	0.015251964330673218	1	chr1:94108583:T>C	p.I146V	missense	146.0	VUS	1.6353010872413494	1.6353010872413494	1.0	1.222392421336448	global_fdr	4
ABCA4_112f4d38e61e242d	158	0	4	0.024691358024691357	0.0010578447254374623	0.01107943058013916	1	chr1:94029540:C>T	p.V1482I	missense	1482.0	VUS	20.194992868617412	20.194992868617412	1.0	1.222392421336448	global_fdr	4
ABCA4_14d77089f9288118	158	0	4	0.024691358024691357	0.0009630707208998501	0.010978460311889648	1	chr1:94111503:A>T	p.N79K	missense	79.0	P/LP	25.688614369494527	25.688614369494527	1.0	1.222392421336448	global_fdr	4
ABCA4_1684e7266e5a24fc	166	4	0	0.02409638554216864	0.001095858053304255	0.013248562812805176	1	chr1:94030449:C>T	p.C1444Y	missense	1444.0	VUS	29.57900441026423	29.57900441026423	1.0	1.222392421336448	global_fdr	4
ABCA4_171d57ca70257d28	158	0	4	0.024691358024691357	0.0009621601202525198	0.009408444166183472	1	chr1:94041360:T>C	p.D1124G	missense	1124.0	VUS	26.129434989382375	26.129434989382375	1.0	1.222392421336448	global_fdr	4
ABCA4_191215ead80b8511	166	4	0	0.02409638554216864	0.001206519198603928	0.016723662614822388	1	chr1:94062596:G>T	p.P640T	missense	640.0	P/LP	28.311271457686473	28.311271457686473	1.0	1.222392421336448	global_fdr	4
ABCA4_1970467ea5d7996d	166	4	0	0.02409638554216864	0.0009803035063669086	0.010510832071304321	1	chr1:94060634:T>A	p.N688I	missense	688.0	VUS	16.56926835647883	16.56926835647883	1.0	1.222392421336448	global_fdr	4
ABCA4_19f8b573e24c0770	158	0	4	0.024691358024691357	0.0012811048654839396	0.013680785894393921	1	chr1:94111566:G>C	p.N58K	missense	58.0	VUS	25.093768475380816	25.093768475380816	1.0	1.222392421336448	global_fdr	4
ABCA4_1dbc02271e3f76ea	166	4	0	0.02409638554216864	0.0010182956466451287	0.015201658010482788	1	chr1:94043347:T>G	p.Q1060P	missense	1060.0	Conflicting	20.946789728021322	20.946789728021322	1.0	1.222392421336448	global_fdr	4
ABCA4_1e8bfa12736ef007	166	4	0	0.02409638554216864	0.0012061307206749916	0.01704961061477661	1	chr1:94011348:A>C	p.L1833R	missense	1833.0	VUS	25.959632486294268	25.959632486294268	1.0	1.222392421336448	global_fdr	4
ABCA4_2062e018223b9806	166	4	0	0.02409638554216864	0.0011531925993040204	0.015419304370880127	1	chr1:94047046:C>A	p.V931L	missense	931.0	Conflicting	24.0696287095452	24.0696287095452	1.0	1.222392421336448	global_fdr	4
ABCA4_20780750304aa46e	158	0	4	0.024691358024691357	0.0008082868880592287	0.010824054479598999	1	chr1:94021914:C>T	p.V1569I	missense	1569.0	VUS	8.150142875861972	8.150142875861972	1.0	1.222392421336448	global_fdr	4
ABCA4_2681d01385314efc	166	4	0	0.02409638554216864	0.0011057303054258227	0.014327049255371094	1	chr1:94019671:G>C	p.Q1703E	missense	1703.0	Other	22.69253437275507	22.69253437275507	1.0	1.222392421336448	global_fdr	4
ABCA4_28efc22e683cc255	166	4	0	0.02409638554216864	0.0012283133110031486	0.015139937400817871	1	chr1:94031045:C>T	p.A1402T	missense	1402.0	VUS	17.151168779668954	17.151168779668954	1.0	1.222392421336448	global_fdr	4
ABCA4_2f022f42d24cac56	166	4	0	0.02409638554216864	0.0009378158720210195	0.012444749474525452	1	chr1:94041225:T>C	p.Q1169R	missense	1169.0	VUS	7.77451753881008	7.77451753881008	1.0	1.222392421336448	global_fdr	4
ABCA4_36a31e435dd7c773	158	0	4	0.024691358024691357	0.0008705998188816011	0.014981552958488464	1	chr1:94031806:A>G	p.I1367T	missense	1367.0	VUS	10.720289453852615	10.720289453852615	1.0	1.222392421336448	global_fdr	4
ABCA4_36fd58a257af98ab	158	0	4	0.024691358024691357	0.0007120766094885767	0.010993748903274536	1	chr1:94021307:C>T	p.E1651K	missense	1651.0	VUS	21.421894343658828	21.421894343658828	1.0	1.222392421336448	global_fdr	4
ABCA4_3750f2124f7d1775	166	4	0	0.02409638554216864	0.0010778832947835326	0.015112638473510742	1	chr1:94021916:A>C	p.V1568G	missense	1568.0	VUS	6.035587835628414	6.035587835628414	1.0	1.222392421336448	global_fdr	4
ABCA4_3d12d9ea2e41fdc3	166	4	0	0.02409638554216864	0.0007581241079606116	0.00965505838394165	1	chr1:94046932:T>G	p.K969Q	missense	969.0	P/LP	29.451898309601084	29.451898309601084	1.0	1.222392421336448	global_fdr	4
ABCA4_4133dc84a6b55399	166	4	0	0.02409638554216864	0.0010237731039524078	0.012673616409301758	1	chr1:94037263:A>G	p.L1232P	missense	1232.0	VUS	27.088725344021093	27.088725344021093	1.0	1.222392421336448	global_fdr	4
ABCA4_43306d94a0d25528	158	0	4	0.024691358024691357	0.0009148465469479561	0.013238579034805298	1	chr1:94040093:G>A	p.T1186I	missense	1186.0	VUS	1.8596664490976544	1.8596664490976544	1.0	1.222392421336448	global_fdr	4
ABCA4_4400deb73c689eb3	166	4	0	0.02409638554216864	0.0010690282797440886	0.01520952582359314	1	chr1:94063123:C>G	p.K583N	missense	583.0	Conflicting	24.877739007095073	24.877739007095073	1.0	1.222392421336448	global_fdr	4
ABCA4_47a9a9678f97098d	166	4	0	0.02409638554216864	0.001082603819668293	0.013353586196899414	1	chr1:94083419:C>T	p.R264H	missense	264.0	Conflicting	12.768653182566398	12.768653182566398	1.0	1.222392421336448	global_fdr	4
ABCA4_4af09584a0b48f70	166	4	0	0.02409638554216864	0.0009408730547875166	0.012158870697021484	1	chr1:94021349:C>A	p.A1637S	missense	1637.0	VUS	23.673753359362205	23.673753359362205	1.0	1.222392421336448	global_fdr	4
ABCA4_4b125febdabce621	166	4	0	0.02409638554216864	0.0010900385677814484	0.014491796493530273	1	chr1:94029513:T>C	p.S1491G	missense	1491.0	VUS	23.475213806637587	23.475213806637587	1.0	1.222392421336448	global_fdr	4
ABCA4_4eaf3597936e6908	158	0	4	0.024691358024691357	0.0007665416342206299	0.0098649263381958	1	chr1:94063303:A>C	p.D523E	missense	523.0	VUS	19.398719886012515	19.398719886012515	1.0	1.222392421336448	global_fdr	4
ABCA4_4ef12b9209e1d491	166	4	0	0.02409638554216864	0.0014548053732141852	0.014188885688781738	1	chr1:94008246:G>T	p.R1963S	missense	1963.0	Conflicting	24.26891666906296	24.26891666906296	1.0	1.222392421336448	global_fdr	4
ABCA4_521943996d8b692e	166	4	0	0.02409638554216864	0.0008394254255108535	0.01123926043510437	1	chr1:94007688:A>C	p.M1984R	missense	1984.0	Conflicting	28.212218914835503	28.212218914835503	1.0	1.222392421336448	global_fdr	4
ABCA4_5aa3852e140b35c8	166	4	0	0.02409638554216864	0.0010299721034243703	0.014184057712554932	1	chr1:94021901:C>G	p.G1573A	missense	1573.0	VUS	13.72288702173108	13.72288702173108	1.0	1.222392421336448	global_fdr	4
ABCA4_5d7c637655eb4da7	166	4	0	0.02409638554216864	0.0009252959280274808	0.013223052024841309	1	chr1:94025036:T>G	p.S1518R	missense	1518.0	P/LP	28.56340024311747	28.56340024311747	1.0	1.222392421336448	global_fdr	4
ABCA4_5e1a3af3e6398cd7	166	4	0	0.02409638554216864	0.0009492132230661809	0.014175206422805786	1	chr1:94037323:A>G	p.V1212A	missense	1212.0	VUS	24.645085792148834	24.645085792148834	1.0	1.222392421336448	global_fdr	4
ABCA4_61a4d605ec879bc0	166	4	0	0.02409638554216864	0.001404666225425899	0.01749938726425171	1	chr1:94111567:T>A	p.N58I	missense	58.0	VUS	26.590019129531402	26.590019129531402	1.0	1.222392421336448	global_fdr	4
ABCA4_6426af8e804cb3c8	166	4	0	0.02409638554216864	0.0011409495491534472	0.012322545051574707	1	chr1:94041365:C>G	p.E1122D	missense	1122.0	Other	26.138256175622097	26.138256175622097	1.0	1.222392421336448	global_fdr	4
ABCA4_675fec7a4daf4720	158	0	4	0.024691358024691357	0.0010404862696304917	0.014942377805709839	1	chr1:94080521:G>T	p.D352E	missense	352.0	VUS	13.933922086178745	13.933922086178745	1.0	1.222392421336448	global_fdr	4
ABCA4_6a300b8c16cd3c2c	158	0	4	0.024691358024691357	0.0012333920458331704	0.016035795211791992	1	chr1:94042784:T>C	p.D1102G	missense	1102.0	Conflicting	25.492715234924084	25.492715234924084	1.0	1.222392421336448	global_fdr	4
ABCA4_6dd685cacfb88762	166	4	0	0.02409638554216864	0.001175098936073482	0.011657118797302246	1	chr1:94111579:C>A	p.C54F	missense	54.0	P/LP	34.266219638730625	34.266219638730625	1.0	1.222392421336448	global_fdr	4
ABCA4_73f25ba0dc726851	166	4	0	0.02409638554216864	0.001205084496177733	0.013985037803649902	1	chr1:94046934:C>A	p.G968V	missense	968.0	P/LP	30.7620978532455	30.7620978532455	1.0	1.222392421336448	global_fdr	4
ABCA4_7679d4a44698788d	166	4	0	0.02409638554216864	0.0017074026400223374	0.025096893310546875	1	chr1:94080609:A>C	p.L323R	missense	323.0	P/LP	24.38763989221976	24.38763989221976	1.0	1.222392421336448	global_fdr	4
ABCA4_768dea4cb468fa05	166	4	0	0.02409638554216864	0.0013900139601901174	0.019492626190185547	1	chr1:94060640:A>G	p.L686S	missense	686.0	Other	24.69722133513168	24.69722133513168	1.0	1.222392421336448	global_fdr	4
ABCA4_7947a4d837a42831	166	4	0	0.02409638554216864	0.001530173234641552	0.017579197883605957	1	chr1:94112999:G>C	p.A45G	missense	45.0	VUS	19.113167330490775	19.113167330490775	1.0	1.222392421336448	global_fdr	4
ABCA4_7aa3bacb9bd2ac53	166	4	0	0.02409638554216864	0.0010447986423969269	0.013993620872497559	1	chr1:94120996:A>G	p.L17P	missense	17.0	VUS	29.37545435561047	29.37545435561047	1.0	1.222392421336448	global_fdr	4
ABCA4_7e4a9f336ee14453	158	0	4	0.024691358024691357	0.0009477470302954316	0.011491507291793823	1	chr1:94005467:C>T	p.G2041S	missense	2041.0	P/LP	26.223343058304437	26.223343058304437	1.0	1.222392421336448	global_fdr	4
ABCA4_7e85ff8045d25d93	166	4	0	0.02409638554216864	0.0011785239912569523	0.017525941133499146	1	chr1:94046977:A>C	p.Y954D	missense	954.0	Other	26.499249417667883	26.499249417667883	1.0	1.222392421336448	global_fdr	4
ABCA4_80025ea85b3d3a14	166	4	0	0.02409638554216864	0.0012436057440936565	0.015366971492767334	1	chr1:94041318:A>G	p.L1138P	missense	1138.0	P/LP	26.037202770296176	26.037202770296176	1.0	1.222392421336448	global_fdr	4
ABCA4_83997ff86506a7b4	166	4	0	0.02409638554216864	0.0012208253610879183	0.015121221542358398	1	chr1:94037279:G>C	p.Q1227E	missense	1227.0	VUS	22.851856679033354	22.851856679033354	1.0	1.222392421336448	global_fdr	4
ABCA4_8424f7f0a7443869	166	4	0	0.02409638554216864	0.002129956381395459	0.028086483478546143	1	chr1:94021262:C>T	p.E1666K	missense	1666.0	VUS	22.18943281520907	22.18943281520907	1.0	1.222392421336448	global_fdr	4
ABCA4_849dfa49c2e72040	158	0	4	0.024691358024691357	0.000771436607465148	0.00934872031211853	1	chr1:94056727:G>T	p.S752R	missense	752.0	P/LP	26.023711485634923	26.023711485634923	1.0	1.222392421336448	global_fdr	4
ABCA4_8534a96770944419	158	0	4	0.024691358024691357	0.0011469739256426692	0.01302194595336914	1	chr1:94055177:G>T	p.Q841K	missense	841.0	VUS	11.67514190373633	11.67514190373633	1.0	1.222392421336448	global_fdr	4
ABCA4_879632ddaf104a69	166	4	0	0.02409638554216864	0.0010551066370680928	0.011788249015808105	1	chr1:94056630:G>C	p.R785G	missense	785.0	P/LP	20.824587346015516	20.824587346015516	1.0	1.222392421336448	global_fdr	4
ABCA4_93d66fdfde436286	166	4	0	0.02409638554216864	0.0014571212232112885	0.01998448371887207	1	chr1:94098948:C>A	p.C205F	missense	205.0	P/LP	26.485859507023708	26.485859507023708	1.0	1.222392421336448	global_fdr	4
ABCA4_950f3b40f56de8ac	166	4	0	0.02409638554216864	0.0011165494797751307	0.013753801584243774	1	chr1:94036772:G>A	p.T1277M	missense	1277.0	VUS	23.10228649018861	23.10228649018861	1.0	1.222392421336448	global_fdr	4
ABCA4_9563401f16dc99bf	166	4	0	0.02409638554216864	0.0012976756552234292	0.01943814754486084	1	chr1:94021880:A>G	p.L1580S	missense	1580.0	Conflicting	23.904645481294523	23.904645481294523	1.0	1.222392421336448	global_fdr	4
ABCA4_98bc4bdde253620d	166	4	0	0.02409638554216864	0.000961915822699666	0.0121687650680542	1	chr1:94008767:A>G	p.L1940P	missense	1940.0	P/LP	27.076428181999354	27.076428181999354	1.0	1.222392421336448	global_fdr	4
ABCA4_9b8d47c8a5271fc8	158	0	4	0.024691358024691357	0.0016113804886117578	0.016236692667007446	1	chr1:94042872:C>T	p.A1073T	missense	1073.0	P/LP	20.434538463437143	20.434538463437143	1.0	1.222392421336448	global_fdr	4
ABCA4_9d6e804e0b397dfd	158	0	4	0.024691358024691357	0.0013017426244914532	0.015634983777999878	1	chr1:94056635:T>C	p.Q783R	missense	783.0	VUS	19.23600879027143	19.23600879027143	1.0	1.222392421336448	global_fdr	4
ABCA4_9e4df49ac41aac66	166	4	0	0.02409638554216864	0.0014729094691574574	0.020231306552886963	1	chr1:94014622:G>T	p.A1794D	missense	1794.0	P/LP	29.800717418075045	29.800717418075045	1.0	1.222392421336448	global_fdr	4
ABCA4_9edec8f9e834a67d	166	4	0	0.02409638554216864	0.0009657941409386694	0.012950122356414795	1	chr1:94041250:G>A	p.R1161C	missense	1161.0	P/LP	24.487382902526683	24.487382902526683	1.0	1.222392421336448	global_fdr	4
ABCA4_a17f0992a1857338	158	0	4	0.024691358024691357	0.001331738312728703	0.01305156946182251	1	chr1:94037146:T>C	p.E1271G	missense	1271.0	P/LP	35.267934511290434	35.267934511290434	1.0	1.222392421336448	global_fdr	4
ABCA4_a4fc6daa082000e3	166	4	0	0.02409638554216864	0.0008861764799803495	0.010534524917602539	1	chr1:94010857:C>T	p.G1886E	missense	1886.0	P/LP	30.080262967657944	30.080262967657944	1.0	1.222392421336448	global_fdr	4
ABCA4_a59d5149590893ae	166	4	0	0.02409638554216864	0.001547071966342628	0.01957148313522339	1	chr1:94011367:C>T	p.A1827T	missense	1827.0	VUS	15.381676341419329	15.381676341419329	1.0	1.222392421336448	global_fdr	4
ABCA4_a5fec7390de0bb73	158	0	4	0.024691358024691357	0.0011212336830794811	0.013755738735198975	1	chr1:94042866:C>T	p.A1075T	missense	1075.0	P/LP	23.88832826874417	23.88832826874417	1.0	1.222392421336448	global_fdr	4
ABCA4_a70ba9ea7a0425a2	166	4	0	0.02409638554216864	0.0014939827378839254	0.01796865463256836	1	chr1:94062709:C>T	p.R602Q	missense	602.0	P/LP	22.511487338775865	22.511487338775865	1.0	1.222392421336448	global_fdr	4
ABCA4_a72365eb794bf178	158	0	4	0.024691358024691357	0.0010654883226379752	0.013624072074890137	1	chr1:94043456:T>C	p.M1024V	missense	1024.0	VUS	13.29556567331953	13.29556567331953	1.0	1.222392421336448	global_fdr	4
ABCA4_a9fd5e278729299b	158	0	4	0.024691358024691357	0.001155942678451538	0.014379501342773438	1	chr1:94037332:A>G	p.M1209T	missense	1209.0	B/LB	7.736585545137208	7.736585545137208	1.0	1.222392421336448	global_fdr	4
ABCA4_acb5b0e9cd23a3a6	166	4	0	0.02409638554216864	0.0009789092000573874	0.014713197946548462	1	chr1:94008237:C>G	p.E1966Q	missense	1966.0	VUS	24.50137243572466	24.50137243572466	1.0	1.222392421336448	global_fdr	4
ABCA4_ad72b9222b523446	166	4	0	0.02409638554216864	0.0010306150652468204	0.013206034898757935	1	chr1:94005517:T>C	p.D2024G	missense	2024.0	P/LP	24.171781032078236	24.171781032078236	1.0	1.222392421336448	global_fdr	4
ABCA4_adda001543516634	166	4	0	0.02409638554216864	0.0011996305547654629	0.014723479747772217	1	chr1:94041336:A>G	p.I1132T	missense	1132.0	Conflicting	27.149664515535544	27.149664515535544	1.0	1.222392421336448	global_fdr	4
ABCA4_b14ae347e9570fd8	166	4	0	0.02409638554216864	0.0012471131049096584	0.018653273582458496	1	chr1:94062590:A>T	p.F642I	missense	642.0	P/LP	25.43433421907465	25.43433421907465	1.0	1.222392421336448	global_fdr	4
ABCA4_b2045b0ce5ea329e	166	4	0	0.02409638554216864	0.0010402898769825697	0.012410074472427368	1	chr1:94031900:C>G	p.E1336Q	missense	1336.0	VUS	10.420718943190446	10.420718943190446	1.0	1.222392421336448	global_fdr	4
ABCA4_b7fab3536b423434	166	4	0	0.02409638554216864	0.0011280103353783488	0.014479458332061768	1	chr1:94043407:A>G	p.L1040P	missense	1040.0	VUS	20.69341342210783	20.69341342210783	1.0	1.222392421336448	global_fdr	4
ABCA4_ba76e0ead6fe3299	158	0	4	0.024691358024691357	0.0010089910356327891	0.013742685317993164	1	chr1:94031881:G>A	p.P1342L	missense	1342.0	VUS	5.394533652535425	5.394533652535425	1.0	1.222392421336448	global_fdr	4
ABCA4_c03ee96cd0bb0511	166	4	0	0.02409638554216864	0.0017863542307168245	0.020206481218338013	1	chr1:94056656:T>G	p.H776P	missense	776.0	VUS	23.47003095070572	23.47003095070572	1.0	1.222392421336448	global_fdr	4
ABCA4_c086261c1a08528e	166	4	0	0.02409638554216864	0.0007307238993234932	0.010320112109184265	1	chr1:94019620:G>A	p.P1720S	missense	1720.0	VUS	16.97041026933838	16.97041026933838	1.0	1.222392421336448	global_fdr	4
ABCA4_c4e0861ab8c7f627	166	4	0	0.02409638554216864	0.0012746044667437673	0.016901105642318726	1	chr1:94098897:G>A	p.A222V	missense	222.0	VUS	15.947967873492836	15.947967873492836	1.0	1.222392421336448	global_fdr	4
ABCA4_c821fc01698df165	158	0	4	0.024691358024691357	0.0018499370198696852	0.02959318459033966	1	chr1:94014583:C>G	p.S1807T	missense	1807.0	VUS	17.765486595863493	17.765486595863493	1.0	1.222392421336448	global_fdr	4
ABCA4_cb68fe59ef7d6902	166	4	0	0.02409638554216864	0.0008929026662372053	0.01079559326171875	1	chr1:94063153:C>T	p.M573I	missense	573.0	P/LP	31.975334340988123	31.975334340988123	1.0	1.222392421336448	global_fdr	4
ABCA4_cc450bc17f6ba1b6	166	4	0	0.02409638554216864	0.0013624272542074323	0.0179978609085083	1	chr1:94046995:G>C	p.R948G	missense	948.0	VUS	8.996356626285397	8.996356626285397	1.0	1.222392421336448	global_fdr	4
ABCA4_cc9d85df2a2bb95a	166	4	0	0.02409638554216864	0.0013126893900334835	0.017205893993377686	1	chr1:94078611:G>C	p.S445R	missense	445.0	P/LP	25.447925753699096	25.447925753699096	1.0	1.222392421336448	global_fdr	4
ABCA4_d197ba80fbda5b1a	158	0	4	0.024691358024691357	0.0008771591819822788	0.010699689388275146	1	chr1:94062586:A>C	p.V643G	missense	643.0	Conflicting	25.194293516760354	25.194293516760354	1.0	1.222392421336448	global_fdr	4
ABCA4_d285ed36fc77778e	166	4	0	0.02409638554216864	0.0010838464368134737	0.013162493705749512	1	chr1:94008764:T>G	p.H1941P	missense	1941.0	Conflicting	20.575975943328224	20.575975943328224	1.0	1.222392421336448	global_fdr	4
ABCA4_d3bdb7a856f104cb	166	4	0	0.02409638554216864	0.001329029561020434	0.017960429191589355	1	chr1:94021859:A>G	p.M1587T	missense	1587.0	VUS	22.928807864669164	22.928807864669164	1.0	1.222392421336448	global_fdr	4
ABCA4_dc6621ad9bede34b	166	4	0	0.02409638554216864	0.0015283656539395452	0.015439927577972412	1	chr1:94098921:A>G	p.I214T	missense	214.0	VUS	24.122009240702948	24.122009240702948	1.0	1.222392421336448	global_fdr	4
ABCA4_dfe6ad4abf89e04b	158	0	4	0.024691358024691357	0.0008090414339676499	0.009342670440673828	1	chr1:94055152:A>G	p.V849A	missense	849.0	Conflicting	20.55910209764457	20.55910209764457	1.0	1.222392421336448	global_fdr	4
ABCA4_e14e68c2c49a14dd	158	0	4	0.024691358024691357	0.000704473233781755	0.01000252366065979	1	chr1:94021931:C>G	p.G1563A	missense	1563.0	VUS	25.19840445104971	25.19840445104971	1.0	1.222392421336448	global_fdr	4
ABCA4_e19bd0b1b35a8161	158	0	4	0.024691358024691357	0.0013893024297431111	0.018421471118927002	1	chr1:94041253:C>A	p.V1160L	missense	1160.0	VUS	31.22354804597021	31.22354804597021	1.0	1.222392421336448	global_fdr	4
ABCA4_e1a404ff97caf69c	166	4	0	0.02409638554216864	0.002221697010099888	0.025554776191711426	1	chr1:94077873:G>T	p.N457K	missense	457.0	VUS	20.074544699717386	20.074544699717386	1.0	1.222392421336448	global_fdr	4
ABCA4_e20c027bca94cf97	166	4	0	0.02409638554216864	0.0008868150762282312	0.01066446304321289	1	chr1:94021333:C>A	p.S1642I	missense	1642.0	Conflicting	18.155512626091205	18.155512626091205	1.0	1.222392421336448	global_fdr	4
ABCA4_e271cd0fab3f9b01	158	0	4	0.024691358024691357	0.0010315943509340286	0.011283397674560547	1	chr1:94044698:C>A	p.V989F	missense	989.0	P/LP	18.272683088055274	18.272683088055274	1.0	1.222392421336448	global_fdr	4
ABCA4_e2a60d76112a88c6	166	4	0	0.02409638554216864	0.001691601937636733	0.02203419804573059	1	chr1:94011334:G>T	p.H1838N	missense	1838.0	P/LP	25.419252182544433	25.419252182544433	1.0	1.222392421336448	global_fdr	4
ABCA4_e39d668ad160d493	166	4	0	0.02409638554216864	0.0014366870746016502	0.01839694380760193	1	chr1:94113063:G>C	p.R24G	missense	24.0	P/LP	24.262764355853612	24.262764355853612	1.0	1.222392421336448	global_fdr	4
ABCA4_e464fd91a22e8c25	166	4	0	0.02409638554216864	0.001136623788625002	0.01372101902961731	1	chr1:94041322:T>C	p.R1137G	missense	1137.0	Conflicting	15.590666848426265	15.590666848426265	1.0	1.222392421336448	global_fdr	4
ABCA4_e6275d0d6ac6bd8f	166	4	0	0.02409638554216864	0.0010466281091794372	0.013806581497192383	1	chr1:94046962:T>A	p.T959S	missense	959.0	Conflicting	23.999369320942662	23.999369320942662	1.0	1.222392421336448	global_fdr	4
ABCA4_e74a565fc544b4a3	158	0	4	0.024691358024691357	0.002004879293963313	0.021818876266479492	1	chr1:94098943:C>T	p.E207K	missense	207.0	P/LP	10.724037208964557	10.724037208964557	1.0	1.222392421336448	global_fdr	4
ABCA4_e9ba5ac373ae4793	166	4	0	0.02409638554216864	0.0010916546452790499	0.014185488224029541	1	chr1:94031970:C>G	p.Q1312H	missense	1312.0	VUS	7.909972531093844	7.909972531093844	1.0	1.222392421336448	global_fdr	4
ABCA4_ebe5592f2380125b	166	4	0	0.02409638554216864	0.0006669891881756485	0.007606387138366699	1	chr1:94021394:T>C	p.K1622E	missense	1622.0	VUS	31.06587496014644	31.06587496014644	1.0	1.222392421336448	global_fdr	4
ABCA4_ec29311e65c30d3d	166	4	0	0.02409638554216864	0.0009994728025048971	0.013107657432556152	1	chr1:94060571:G>A	p.S709L	missense	709.0	VUS	15.769732098174734	15.769732098174734	1.0	1.222392421336448	global_fdr	4
ABCA4_ef4b7d3b67f17576	166	4	0	0.02409638554216864	0.0013518222840502858	0.018317341804504395	1	chr1:94032007:C>T	p.R1300Q	missense	1300.0	B/LB	6.418868543567474	6.418868543567474	1.0	1.222392421336448	global_fdr	4
ABCA4_efa4074a504c55f1	166	4	0	0.02409638554216864	0.00140481092967093	0.015600442886352539	1	chr1:94015842:C>T	p.V1737M	missense	1737.0	VUS	20.173818006471926	20.173818006471926	1.0	1.222392421336448	global_fdr	4
ABCA4_f06b496262b3864f	166	4	0	0.02409638554216864	0.0010616366053000093	0.01347920298576355	1	chr1:94011316:C>A	p.G1844C	missense	1844.0	Conflicting	24.84507261364214	24.84507261364214	1.0	1.222392421336448	global_fdr	4
ABCA4_f48f4430fd03ea88	166	4	0	0.02409638554216864	0.0015500832814723253	0.018479198217391968	1	chr1:94111499:A>G	p.C81R	missense	81.0	VUS	28.842757810954303	28.842757810954303	1.0	1.222392421336448	global_fdr	4
ABCA4_f4a9696035922530	166	4	0	0.02409638554216864	0.001260204240679741	0.012569069862365723	1	chr1:94007725:C>T	p.G1972R	missense	1972.0	P/LP	31.463718463801914	31.463718463801914	1.0	1.222392421336448	global_fdr	4
ABCA4_f9387acd6f63f4d4	166	4	0	0.02409638554216864	0.0008108389447443187	0.010629922151565552	2	chr1:94023415:T>A;chr1:94023415:T>G	p.L1546F	missense	1546.0	VUS	19.61196374806393	20.28662598348909	1.0	1.222392421336448	global_fdr	4
ABCA4_fa6b63a7eee2e929	158	0	4	0.024691358024691357	0.0012690749717876315	0.01766103506088257	2	chr1:94055237:A>G;chr1:94055237:A>T	p.W821R	missense	821.0	P/LP	25.48580504821255	25.560824222644328	1.0	1.222392421336448	global_fdr	4
ABCA4_fb358d6794f7d0a1	158	0	4	0.024691358024691357	0.001791871851310134	0.020275622606277466	1	chr1:94014546:G>C	p.N1819K	missense	1819.0	VUS	22.050595198716092	22.050595198716092	1.0	1.222392421336448	global_fdr	4
ABCA4_fd380a5150f607f0	158	0	4	0.024691358024691357	0.0010293590603396297	0.012124180793762207	1	chr1:94007704:T>C	p.T1979A	missense	1979.0	Conflicting	26.43726532812831	26.43726532812831	1.0	1.222392421336448	global_fdr	4
ABCA4_ff87134948593e0a	158	0	4	0.024691358024691357	0.0015482120215892792	0.018191814422607422	1	chr1:94011286:C>A	p.V1854L	missense	1854.0	VUS	23.366359235975025	23.366359235975025	1.0	1.222392421336448	global_fdr	4
ABCA4_3092a33dbc896b64	157	2	7	0.054878048780487854	0.0019212540937587619	0.02508598566055298	1	chr1:94031993:C>T	p.G1305S	missense	1305.0	VUS	13.433386633136802	13.433386633136802	1.0	1.1844245711374275	global_fdr	9
ABCA4_0a44507a7f37c3f6	160	2	4	0.03658536585365857	0.001458272454328835	0.02170059084892273	1	chr1:94055122:T>C	p.Q859R	missense	859.0	VUS	20.56702935956892	20.56702935956892	1.0	1.0995356735509143	global_fdr	6
ABCA4_0ea11935e71544c1	160	2	4	0.03658536585365857	0.001321319374255836	0.018082141876220703	1	chr1:94111547:C>T	p.G65R	missense	65.0	VUS	28.72827004031588	28.72827004031588	1.0	1.0995356735509143	global_fdr	6
ABCA4_22fbfcdee86a275c	158	1	5	0.036809815950920255	0.0015795005019754171	0.016404032707214355	1	chr1:94021904:G>A	p.T1572M	missense	1572.0	VUS	19.03022067522319	19.03022067522319	1.0	1.0995356735509143	global_fdr	6
ABCA4_2f0beb174d2e48b4	158	1	5	0.036809815950920255	0.0012333850609138608	0.01513737440109253	1	chr1:94043351:C>A	p.A1059S	missense	1059.0	VUS	20.581802601443478	20.581802601443478	1.0	1.0995356735509143	global_fdr	6
ABCA4_304da9312191f50b	158	1	5	0.036809815950920255	0.0011760455090552568	0.013207435607910156	1	chr1:94063160:A>C	p.I571S	missense	571.0	P/LP	27.384453093081778	27.384453093081778	1.0	1.0995356735509143	global_fdr	6
ABCA4_357eed72538858e4	160	2	4	0.03658536585365857	0.0015096579445526004	0.018154561519622803	1	chr1:94031833:A>G	p.L1358P	missense	1358.0	VUS	27.25954605128443	27.25954605128443	1.0	1.0995356735509143	global_fdr	6
ABCA4_3e708e1a91bf2dd6	158	1	5	0.036809815950920255	0.0013949291314929724	0.01513168215751648	1	chr1:94051639:C>T	p.G883S	missense	883.0	VUS	11.836415958209043	11.836415958209043	1.0	1.0995356735509143	global_fdr	6
ABCA4_4ba6098fdcfd7531	158	1	5	0.036809815950920255	0.001291317050345242	0.015143126249313354	1	chr1:94060677:T>C	p.I674V	missense	674.0	VUS	18.99425951749621	18.99425951749621	1.0	1.0995356735509143	global_fdr	6
ABCA4_4ea4b7dd5832977f	158	1	5	0.036809815950920255	0.001728873117826879	0.02226918935775757	1	chr1:94113045:C>T	p.V30M	missense	30.0	VUS	6.7054836553881705	6.7054836553881705	1.0	1.0995356735509143	global_fdr	6
ABCA4_4ec59d71bd707077	160	2	4	0.03658536585365857	0.001614588894881308	0.017566949129104614	1	chr1:94062580:T>C	p.D645G	missense	645.0	P/LP	33.71386790933214	33.71386790933214	1.0	1.0995356735509143	global_fdr	6
ABCA4_580863f20c785b07	158	1	5	0.036809815950920255	0.002043637679889798	0.025192737579345703	1	chr1:94029449:G>A	p.P1512L	missense	1512.0	VUS	21.781154888680536	21.781154888680536	1.0	1.0995356735509143	global_fdr	6
ABCA4_5af047f21a118df3	158	1	5	0.036809815950920255	0.0016104858368635178	0.02444055676460266	1	chr1:94031914:C>A	p.G1331V	missense	1331.0	VUS	6.685152430859404	6.685152430859404	1.0	1.0995356735509143	global_fdr	6
ABCA4_5b3e65bf16987dcc	160	2	4	0.03658536585365857	0.0010727712651714683	0.013913094997406006	1	chr1:94021862:A>T	p.I1586N	missense	1586.0	VUS	22.984546412078192	22.984546412078192	1.0	1.0995356735509143	global_fdr	6
ABCA4_65617cd392125599	160	2	4	0.03658536585365857	0.0018420720007270575	0.021946251392364502	1	chr1:94062616:T>C	p.Y633C	missense	633.0	VUS	24.50882274485345	24.50882274485345	1.0	1.0995356735509143	global_fdr	6
ABCA4_67a53a07ca95fd13	158	1	5	0.036809815950920255	0.0010723432060331106	0.01535215973854065	1	chr1:94043362:C>T	p.R1055Q	missense	1055.0	VUS	22.719758719206503	22.719758719206503	1.0	1.0995356735509143	global_fdr	6
ABCA4_6ada840c1e5c033f	158	1	5	0.036809815950920255	0.0012263861717656255	0.014283031225204468	1	chr1:94040090:G>A	p.T1187M	missense	1187.0	VUS	12.251835355434812	12.251835355434812	1.0	1.0995356735509143	global_fdr	6
ABCA4_905246b3ddb3b311	158	1	5	0.036809815950920255	0.0012345535214990377	0.016646385192871094	1	chr1:94079360:T>C	p.T401A	missense	401.0	VUS	16.771605457303576	16.771605457303576	1.0	1.0995356735509143	global_fdr	6
ABCA4_92398d5bbb01ea27	158	1	5	0.036809815950920255	0.0011392738670110703	0.015129774808883667	1	chr1:94063213:G>C	p.F553L	missense	553.0	P/LP	24.698213947153675	24.698213947153675	1.0	1.0995356735509143	global_fdr	6
ABCA4_b8b1113a046bd8e3	158	1	5	0.036809815950920255	0.0015416359528899193	0.02126258611679077	1	chr1:94019709:A>C	p.M1690R	missense	1690.0	P/LP	29.50007981767584	29.50007981767584	1.0	1.0995356735509143	global_fdr	6
ABCA4_c0e51a8face1621e	158	1	5	0.036809815950920255	0.001166843925602734	0.012508988380432129	1	chr1:94060686:C>T	p.V671M	missense	671.0	VUS	23.362483487116084	23.362483487116084	1.0	1.0995356735509143	global_fdr	6
ABCA4_cb5b6065de08463f	158	1	5	0.036809815950920255	0.0010272337822243571	0.01154947280883789	1	chr1:94078652:C>T	p.E432K	missense	432.0	Conflicting	17.25083667230582	17.25083667230582	1.0	1.0995356735509143	global_fdr	6
ABCA4_d99b7fc4e3b2cf56	158	1	5	0.036809815950920255	0.0017377643380314112	0.020025968551635742	1	chr1:94019625:A>C	p.V1718G	missense	1718.0	P/LP	24.986368654345384	24.986368654345384	1.0	1.0995356735509143	global_fdr	6
ABCA4_dd475ff7702f1087	158	1	5	0.036809815950920255	0.001568652456626296	0.015826642513275146	1	chr1:94007710:C>G	p.G1977R	missense	1977.0	P/LP	30.392627385336226	30.392627385336226	1.0	1.0995356735509143	global_fdr	6
ABCA4_e0af174867b1b541	158	1	5	0.036809815950920255	0.001444689929485321	0.015417695045471191	1	chr1:94111546:C>T	p.G65E	missense	65.0	P/LP	32.64153993117351	32.64153993117351	1.0	1.0995356735509143	global_fdr	6
ABCA4_f1db8ea34819c5a5	164	4	2	0.03614457831325302	0.0015627380926162004	0.023690223693847656	1	chr1:94014636:G>C	p.S1789R	missense	1789.0	P/LP	27.626514878486056	27.626514878486056	1.0	1.0995356735509143	global_fdr	6
ABCA4_f3e4243aa4e89597	158	1	5	0.036809815950920255	0.0011786563554778695	0.018714040517807007	1	chr1:94031065:G>A	p.P1395L	missense	1395.0	VUS	23.93381321821451	23.93381321821451	1.0	1.0995356735509143	global_fdr	6
ABCA4_f9f3daa1a4eba7e3	158	1	5	0.036809815950920255	0.0013354467228055	0.015137553215026855	1	chr1:94098825:G>A	p.A246V	missense	246.0	VUS	22.550105145995065	22.550105145995065	1.0	1.0995356735509143	global_fdr	6
ABCA4_ff1961f874d025a1	160	2	4	0.03658536585365857	0.0009819166734814644	0.013239890336990356	1	chr1:94015770:G>T	p.P1761T	missense	1761.0	VUS	22.89328524611182	22.89328524611182	1.0	1.0995356735509143	global_fdr	6
ABCA4_43025658c7653726	171	10	1	0.06395348837209303	0.0034117582254111767	0.049854159355163574	1	chr1:94019743:C>T	p.D1679N	missense	1679.0	VUS	24.6540718494033	24.6540718494033	1.0	1.0780025120012733	global_fdr	11
ABCA4_6de3470b3e151c77	153	1	10	0.06748466257668717	0.0012866666074842215	0.016449570655822754	1	chr1:94031905:G>A	p.P1334L	missense	1334.0	VUS	7.648600391961956	7.648600391961956	1.0	1.078002512001273	global_fdr	11
ABCA4_93dfcb71c36e34c6	153	1	10	0.06748466257668717	0.0016400524182245135	0.018706411123275757	1	chr1:94029453:G>T	p.P1511T	missense	1511.0	P/LP	25.237480717445656	25.237480717445656	1.0	1.078002512001273	global_fdr	11
ABCA4_13267c884ebb270a	155	1	8	0.05521472392638038	0.0019777866546064615	0.023644983768463135	1	chr1:94062598:T>C	p.Y639C	missense	639.0	VUS	26.634634348051435	26.634634348051435	1.0	0.932885804141463	global_fdr	9
ABCA4_4de4afd7fc089ab5	155	1	8	0.05521472392638038	0.0013555614277720451	0.016222327947616577	1	chr1:94077698:A>G	p.Y516H	missense	516.0	VUS	22.532816811115765	22.532816811115765	1.0	0.932885804141463	global_fdr	9
ABCA4_db4940bc00fd6d41	155	1	8	0.05521472392638038	0.001341081690043211	0.01941952109336853	1	chr1:94037285:T>C	p.I1225V	missense	1225.0	VUS	15.347250560905387	15.347250560905387	1.0	0.932885804141463	global_fdr	9
ABCA4_0db4aa55739c6914	170	9	1	0.05847953216374269	0.0036882853601127863	0.050458431243896484	1	chr1:94029516:A>C	p.C1490G	missense	1490.0	P/LP	29.597840741528636	29.597840741528636	1.0	0.9175378398080271	global_fdr	10
ABCA4_5265f7cb8bcd085e	154	1	9	0.06134969325153372	0.0018426795722916722	0.021923422813415527	1	chr1:94048895:C>T	p.D906N	missense	906.0	VUS	21.37616705524851	21.37616705524851	1.0	0.9175378398080271	global_fdr	10
ABCA4_b1897f247898db09	154	1	9	0.06134969325153372	0.0016706547467038035	0.01918816566467285	1	chr1:94029465:C>A	p.G1507W	missense	1507.0	P/LP	29.045736098244944	29.045736098244944	1.0	0.9175378398080271	global_fdr	10
ABCA4_0c410b813aa8f92d	160	1	3	0.024539877300613466	0.001205776701681316	0.014592081308364868	1	chr1:94046964:A>T	p.I958N	missense	958.0	P/LP	28.170910870590305	28.170910870590305	1.0	0.84799690655495	global_fdr	4
ABCA4_221975d7541877de	160	1	3	0.024539877300613466	0.0010783991310745478	0.012479782104492188	1	chr1:94011345:A>G	p.I1834T	missense	1834.0	VUS	18.54830847310486	18.54830847310486	1.0	0.84799690655495	global_fdr	4
ABCA4_25f7307f12045a8c	160	1	3	0.024539877300613466	0.001097605680115521	0.014583885669708252	1	chr1:94062671:C>G	p.V615L	missense	615.0	VUS	10.943423784963496	10.943423784963496	1.0	0.84799690655495	global_fdr	4
ABCA4_26e461ec2ae34083	160	1	3	0.024539877300613466	0.00104724639095366	0.010662257671356201	1	chr1:94041311:G>C	p.C1140W	missense	1140.0	P/LP	26.028169350443182	26.028169350443182	1.0	0.84799690655495	global_fdr	4
ABCA4_27f4111562c32934	160	1	3	0.024539877300613466	0.001152683049440384	0.013728320598602295	1	chr1:94080516:G>A	p.T354I	missense	354.0	VUS	17.235524160848275	17.235524160848275	1.0	0.84799690655495	global_fdr	4
ABCA4_2dc39349c249fc58	160	1	3	0.024539877300613466	0.0012119353050366044	0.015479087829589844	1	chr1:94029579:T>C	p.N1469D	missense	1469.0	VUS	18.52898678308256	18.52898678308256	1.0	0.84799690655495	global_fdr	4
ABCA4_3ad3524eb1ba7da5	160	1	3	0.024539877300613466	0.001095260726287961	0.01230187714099884	1	chr1:94103136:C>T	p.G150E	missense	150.0	VUS	25.185826984524766	25.185826984524766	1.0	0.84799690655495	global_fdr	4
ABCA4_3ffe3c6ef69aabe3	160	1	3	0.024539877300613466	0.0008059307583607733	0.01003408432006836	1	chr1:94047049:A>T	p.C930S	missense	930.0	VUS	17.555181123875002	17.555181123875002	1.0	0.84799690655495	global_fdr	4
ABCA4_5b81c052431e608c	160	1	3	0.024539877300613466	0.0007652530330233276	0.009593039751052856	1	chr1:94060728:T>C	p.I657V	missense	657.0	Conflicting	0.09801641610026843	0.09801641610026843	1.0	0.84799690655495	global_fdr	4
ABCA4_70aacbde4568edc3	160	1	3	0.024539877300613466	0.0010305538307875395	0.016790196299552917	1	chr1:94031001:G>T	p.F1416L	missense	1416.0	VUS	26.3561961762832	26.3561961762832	1.0	0.84799690655495	global_fdr	4
ABCA4_84d0cb88bf267522	160	1	3	0.024539877300613466	0.0011255535064265132	0.014201819896697998	1	chr1:94041359:G>C	p.D1124E	missense	1124.0	VUS	22.784248700559466	22.784248700559466	1.0	0.84799690655495	global_fdr	4
ABCA4_8b7f627a8d663f02	160	1	3	0.024539877300613466	0.001017295871861279	0.012076318264007568	1	chr1:94103025:C>T	p.R187H	missense	187.0	P/LP	20.706765156784055	20.706765156784055	1.0	0.84799690655495	global_fdr	4
ABCA4_910ca60569b84325	160	1	3	0.024539877300613466	0.0011156302643939853	0.016280293464660645	1	chr1:94029606:G>A	p.P1460S	missense	1460.0	VUS	12.708867813088087	12.708867813088087	1.0	0.84799690655495	global_fdr	4
ABCA4_9961688026f4ce00	160	1	3	0.024539877300613466	0.0016425770008936524	0.022256851196289062	1	chr1:94011336:G>A	p.P1837L	missense	1837.0	Conflicting	29.626724366741236	29.626724366741236	1.0	0.84799690655495	global_fdr	4
ABCA4_ad2e36683a04f37d	160	1	3	0.024539877300613466	0.000762859417591244	0.010248661041259766	1	chr1:94021645:T>C	p.I1615V	missense	1615.0	VUS	12.377901430471221	12.377901430471221	1.0	0.84799690655495	global_fdr	4
ABCA4_bd8aa4be2e7da5b2	160	1	3	0.024539877300613466	0.0012769715394824743	0.018406212329864502	1	chr1:94043392:A>G	p.M1045T	missense	1045.0	P/LP	22.876636243643613	22.876636243643613	1.0	0.84799690655495	global_fdr	4
ABCA4_c42ea602377d6bf5	160	1	3	0.024539877300613466	0.0011361477663740516	0.01693624258041382	1	chr1:94046922:G>A	p.T972I	missense	972.0	P/LP	24.474308515782354	24.474308515782354	1.0	0.84799690655495	global_fdr	4
ABCA4_c65185e341ebe5b9	160	1	3	0.024539877300613466	0.0016723223961889744	0.021136879920959473	1	chr1:94083375:C>T	p.D279N	missense	279.0	VUS	20.930627433821613	20.930627433821613	1.0	0.84799690655495	global_fdr	4
ABCA4_df0e023d2806c5db	160	1	3	0.024539877300613466	0.001117316889576614	0.011334195733070374	1	chr1:94010851:A>T	p.V1888E	missense	1888.0	VUS	22.175014434810407	22.175014434810407	1.0	0.84799690655495	global_fdr	4
ABCA4_e922cfe8e003a3f8	160	1	3	0.024539877300613466	0.0008941274718381464	0.01230187714099884	1	chr1:94047039:T>A	p.N933I	missense	933.0	VUS	25.38593283330131	25.38593283330131	1.0	0.84799690655495	global_fdr	4
ABCA4_f8a750b8a1bfce50	160	1	3	0.024539877300613466	0.0008123988518491387	0.010460197925567627	1	chr1:94108682:G>C	p.L113V	missense	113.0	VUS	6.060640031546788	6.060640031546788	1.0	0.84799690655495	global_fdr	4
ABCA4_7f9787c4c60300af	155	1	8	0.05521472392638038	0.0028591833543032408	0.04174149036407471	1	chr1:94011330:A>G	p.F1839S	missense	1839.0	P/LP	26.683691429064595	26.683691429064595	1.0	0.7369655941662062	global_fdr	9
ABCA4_e5fb59af149c550e	155	1	8	0.05521472392638038	0.0016090301796793938	0.018410921096801758	1	chr1:94077791:C>T	p.G485S	missense	485.0	VUS	16.856500731199382	16.856500731199382	1.0	0.7369655941662062	global_fdr	9
ABCA4_094dcf06d5b9dc40	157	1	6	0.042944785276073594	0.00100544688757509	0.013648569583892822	1	chr1:94029446:T>C	p.Q1513R	missense	1513.0	Conflicting	26.775854161288564	26.775854161288564	1.0	0.7369655941662062	global_fdr	7
ABCA4_0a84901f1f6d4b29	157	1	6	0.042944785276073594	0.0013856423320248723	0.014156818389892578	1	chr1:94060733:A>C	p.F655C	missense	655.0	P/LP	25.000508810315964	25.000508810315964	1.0	0.7369655941662062	global_fdr	7
ABCA4_17b25ec14b2cf510	157	1	6	0.042944785276073594	0.0018785693682730198	0.02146473526954651	1	chr1:94103050:A>G	p.Y179H	missense	179.0	VUS	8.675388608204727	8.675388608204727	1.0	0.7369655941662062	global_fdr	7
ABCA4_31797c3d6a1a2d05	159	2	5	0.04268292682926833	0.002156718634068966	0.025032103061676025	1	chr1:94080560:C>A	p.W339C	missense	339.0	P/LP	29.615811247174065	29.615811247174065	1.0	0.7369655941662062	global_fdr	7
ABCA4_534c42facef89d89	157	1	6	0.042944785276073594	0.001888047787360847	0.029345452785491943	1	chr1:94021397:T>A	p.N1621Y	missense	1621.0	P/LP	27.627414194068706	27.627414194068706	1.0	0.7369655941662062	global_fdr	7
ABCA4_6970932b7ac36bfc	157	1	6	0.042944785276073594	0.0015084735350683331	0.01856052875518799	1	chr1:94060574:A>T	p.M708K	missense	708.0	VUS	22.461240067433685	22.461240067433685	1.0	0.7369655941662062	global_fdr	7
ABCA4_89928d8be2e7af7c	159	2	5	0.04268292682926833	0.0015677491901442409	0.020770132541656494	1	chr1:94031827:A>T	p.V1360D	missense	1360.0	VUS	19.860265991126468	19.860265991126468	1.0	0.7369655941662062	global_fdr	7
ABCA4_a95bc8b3d5669b17	157	1	6	0.042944785276073594	0.0016463123029097915	0.022369086742401123	1	chr1:94029470:C>G	p.G1505A	missense	1505.0	VUS	22.79497579300208	22.79497579300208	1.0	0.7369655941662062	global_fdr	7
ABCA4_cc4fcca6be35ac10	159	2	5	0.04268292682926833	0.0009920764714479446	0.012971043586730957	1	chr1:94031935:G>A	p.A1324V	missense	1324.0	VUS	7.663718746636458	7.663718746636458	1.0	0.7369655941662062	global_fdr	7
ABCA4_f441820c77ab4515	157	1	6	0.042944785276073594	0.0014149470953270793	0.01665598154067993	1	chr1:94055246:C>T	p.G818R	missense	818.0	P/LP	29.093163913011978	29.093163913011978	1.0	0.7369655941662062	global_fdr	7
ABCA4_033c6dddb1544abc	159	0	3	0.01851851851851849	0.0007414644351229072	0.008223533630371094	1	chr1:94029474:C>T	p.E1504K	missense	1504.0	VUS	17.971218195133638	17.971218195133638	1.0	0.7369655941662062	global_fdr	3
ABCA4_05eedf26a2287d23	165	3	0	0.018181818181818188	0.0010618913220241666	0.016859471797943115	1	chr1:94041361:C>T	p.D1124N	missense	1124.0	VUS	25.076654962450334	25.076654962450334	1.0	0.7369655941662062	global_fdr	3
ABCA4_132dc27b600f50e8	159	0	3	0.01851851851851849	0.0009450322249904275	0.009068936109542847	1	chr1:94111537:G>A	p.P68L	missense	68.0	P/LP	23.912795270181306	23.912795270181306	1.0	0.7369655941662062	global_fdr	3
ABCA4_14f09ed79be6cad8	159	0	3	0.01851851851851849	0.0009732789476402104	0.009360164403915405	1	chr1:94098822:T>C	p.N247S	missense	247.0	Conflicting	16.099639539957455	16.099639539957455	1.0	0.7369655941662062	global_fdr	3
ABCA4_1ccb9ff6f9114d10	159	0	3	0.01851851851851849	0.002136449096724391	0.02376466989517212	1	chr1:94042821:A>G	p.S1090P	missense	1090.0	VUS	25.927792050217132	25.927792050217132	1.0	0.7369655941662062	global_fdr	3
ABCA4_22d4d64751bac206	159	0	3	0.01851851851851849	0.0012090345844626427	0.01568835973739624	1	chr1:94063157:C>G	p.R572P	missense	572.0	P/LP	27.65583838247931	27.65583838247931	1.0	0.7369655941662062	global_fdr	3
ABCA4_241adadb628d9f87	159	0	3	0.01851851851851849	0.000783087161835283	0.012906283140182495	1	chr1:94056746:A>T	p.M746K	missense	746.0	P/LP	22.256633389675855	22.256633389675855	1.0	0.7369655941662062	global_fdr	3
ABCA4_29e47106425d442e	165	3	0	0.018181818181818188	0.0010760558070614934	0.01477658748626709	1	chr1:94044739:A>G	p.I975T	missense	975.0	VUS	26.303826028261682	26.303826028261682	1.0	0.7369655941662062	global_fdr	3
ABCA4_30552ad1939c193b	159	0	3	0.01851851851851849	0.0008455996867269278	0.012081921100616455	1	chr1:94055185:A>G	p.L838P	missense	838.0	VUS	20.018838152354256	20.018838152354256	1.0	0.7369655941662062	global_fdr	3
ABCA4_35d10fd3e2c5e802	159	0	3	0.01851851851851849	0.0010532070882618427	0.014139831066131592	1	chr1:94111507:T>C	p.N78S	missense	78.0	VUS	21.316205488517078	21.316205488517078	1.0	0.7369655941662062	global_fdr	3
ABCA4_3932726dad2104ae	165	3	0	0.018181818181818188	0.0014042729744687676	0.019954413175582886	1	chr1:94108678:A>G	p.M114T	missense	114.0	VUS	8.18137820878224	8.18137820878224	1.0	0.7369655941662062	global_fdr	3
ABCA4_3dd4d54ef4ecc321	165	3	0	0.018181818181818188	0.0010056806495413184	0.013592451810836792	1	chr1:94055234:T>C	p.S822G	missense	822.0	VUS	5.939443177173196	5.939443177173196	1.0	0.7369655941662062	global_fdr	3
ABCA4_5fb6c153fc14cd7f	165	3	0	0.018181818181818188	0.001315753092058003	0.017066210508346558	1	chr1:94078678:T>C	p.H423R	missense	423.0	B/LB	19.485730119668645	19.485730119668645	1.0	0.7369655941662062	global_fdr	3
ABCA4_6188512635062f20	159	0	3	0.01851851851851849	0.0008846923592500389	0.011502832174301147	1	chr1:94015787:G>A	p.T1755I	missense	1755.0	VUS	23.49954053245969	23.49954053245969	1.0	0.7369655941662062	global_fdr	3
ABCA4_618bdb60e1850fc2	159	0	3	0.01851851851851849	0.001249821623787284	0.015220999717712402	1	chr1:94103133:A>G	p.I151T	missense	151.0	Conflicting	24.93897260203901	24.93897260203901	1.0	0.7369655941662062	global_fdr	3
ABCA4_62f4d042a37271b5	159	0	3	0.01851851851851849	0.0008020532550290227	0.008043885231018066	1	chr1:94021399:T>A	p.N1620I	missense	1620.0	Conflicting	26.86259274378819	26.86259274378819	1.0	0.7369655941662062	global_fdr	3
ABCA4_632d0ceb75028317	159	0	3	0.01851851851851849	0.0005810791044496	0.008911967277526855	1	chr1:94063209:C>T	p.D555N	missense	555.0	VUS	20.243400473032338	20.243400473032338	1.0	0.7369655941662062	global_fdr	3
ABCA4_6d397d0a1317e7d3	159	0	3	0.01851851851851849	0.001405889168381691	0.014326810836791992	1	chr1:94046940:C>T	p.G966E	missense	966.0	P/LP	29.98661585508436	29.98661585508436	1.0	0.7369655941662062	global_fdr	3
ABCA4_73b67276cc486648	159	0	3	0.01851851851851849	0.0016676230588927865	0.024402648210525513	1	chr1:94063149:T>G	p.I575L	missense	575.0	VUS	23.632512017305913	23.632512017305913	1.0	0.7369655941662062	global_fdr	3
ABCA4_7adeaf983db5ecef	165	3	0	0.018181818181818188	0.0007254222291521728	0.008991539478302002	1	chr1:94080649:C>G	p.E310Q	missense	310.0	Other	11.24515172665992	11.24515172665992	1.0	0.7369655941662062	global_fdr	3
ABCA4_8e7739b6f4b132d4	159	0	3	0.01851851851851849	0.0009306352585554123	0.00941622257232666	1	chr1:94046923:T>C	p.T972A	missense	972.0	P/LP	22.87588326674989	22.87588326674989	1.0	0.7369655941662062	global_fdr	3
ABCA4_8fa345043cec6f2c	159	0	3	0.01851851851851849	0.0008322323556058109	0.010365799069404602	1	chr1:94041312:C>T	p.C1140Y	missense	1140.0	VUS	29.066565609727874	29.066565609727874	1.0	0.7369655941662062	global_fdr	3
ABCA4_8ff4190c18379ba3	159	0	3	0.01851851851851849	0.001034361426718533	0.01493370532989502	1	chr1:94047024:A>G	p.F938S	missense	938.0	P/LP	24.301482051040853	24.301482051040853	1.0	0.7369655941662062	global_fdr	3
ABCA4_95345418a7790ec3	159	0	3	0.01851851851851849	0.001185072585940361	0.015731006860733032	1	chr1:94043363:G>A	p.R1055W	missense	1055.0	VUS	21.156680858839714	21.156680858839714	1.0	0.7369655941662062	global_fdr	3
ABCA4_95a9db52ecf26c43	165	3	0	0.018181818181818188	0.001379861030727625	0.01980900764465332	1	chr1:94042828:T>G	p.E1087D	missense	1087.0	P/LP	24.046367173160263	24.046367173160263	1.0	0.7369655941662062	global_fdr	3
ABCA4_976ee07a635bb341	165	3	0	0.018181818181818188	0.0010527666890993714	0.013875037431716919	1	chr1:94019691:C>G	p.S1696T	missense	1696.0	P/LP	23.756077297509712	23.756077297509712	1.0	0.7369655941662062	global_fdr	3
ABCA4_9a50e0d23f4db514	165	3	0	0.018181818181818188	0.0009273281903006136	0.014708101749420166	1	chr1:94108679:T>A	p.M114L	missense	114.0	VUS	0.006783535876896562	0.006783535876896562	1.0	0.7369655941662062	global_fdr	3
ABCA4_9afd18dd009de960	159	0	3	0.01851851851851849	0.0018693794263526797	0.02167975902557373	1	chr1:94108601:G>A	p.R140W	missense	140.0	VUS	12.884132969769118	12.884132969769118	1.0	0.7369655941662062	global_fdr	3
ABCA4_9ce46ebedbaf86dd	159	0	3	0.01851851851851849	0.0011526651214808226	0.013375729322433472	1	chr1:94021947:C>T	p.G1558R	missense	1558.0	Conflicting	31.308431405455043	31.308431405455043	1.0	0.7369655941662062	global_fdr	3
ABCA4_9d226f9b8f4cf0c8	159	0	3	0.01851851851851849	0.0009889150969684124	0.012109071016311646	1	chr1:94021901:C>T	p.G1573E	missense	1573.0	VUS	13.735263903881007	13.735263903881007	1.0	0.7369655941662062	global_fdr	3
ABCA4_a9a79bb1f8dc3258	165	3	0	0.018181818181818188	0.0014227208448573947	0.021070897579193115	1	chr1:94019688:A>C	p.F1697C	missense	1697.0	VUS	25.955142388332447	25.955142388332447	1.0	0.7369655941662062	global_fdr	3
ABCA4_b308adbc391585e1	165	3	0	0.018181818181818188	0.0009190920391120017	0.013316810131072998	1	chr1:94036787:A>G	p.I1272T	missense	1272.0	P/LP	27.559739066818807	27.559739066818807	1.0	0.7369655941662062	global_fdr	3
ABCA4_b95eab34d091a58a	165	3	0	0.018181818181818188	0.0015788038726896048	0.018673300743103027	1	chr1:94007730:A>G	p.L1970P	missense	1970.0	P/LP	28.810750156830423	28.810750156830423	1.0	0.7369655941662062	global_fdr	3
ABCA4_c60a8c01155991ef	159	0	3	0.01851851851851849	0.0012072711251676083	0.01601797342300415	1	chr1:94062623:C>T	p.G631R	missense	631.0	P/LP	26.440001472379485	26.440001472379485	1.0	0.7369655941662062	global_fdr	3
ABCA4_c8827372696501e9	165	3	0	0.018181818181818188	0.0014117020182311535	0.01822754740715027	1	chr1:94056692:C>A	p.C764F	missense	764.0	P/LP	23.25841203027098	23.25841203027098	1.0	0.7369655941662062	global_fdr	3
ABCA4_cbcfa337e8515bd2	159	0	3	0.01851851851851849	0.0011097162496298552	0.013261079788208008	1	chr1:94047010:G>A	p.R943W	missense	943.0	P/LP	15.720046926937211	15.720046926937211	1.0	0.7369655941662062	global_fdr	3
ABCA4_d6d9bf981131d85a	159	0	3	0.01851851851851849	0.0009804534493014216	0.012779712677001953	1	chr1:94079441:T>A	p.I374F	missense	374.0	VUS	21.847072992060784	21.847072992060784	1.0	0.7369655941662062	global_fdr	3
ABCA4_dfc9df479863c988	165	3	0	0.018181818181818188	0.0012314497726038098	0.017337411642074585	1	chr1:94021892:A>C	p.L1576R	missense	1576.0	P/LP	24.14554611392399	24.14554611392399	1.0	0.7369655941662062	global_fdr	3
ABCA4_e20fdc082f7cac4f	165	3	0	0.018181818181818188	0.0013293800875544548	0.018842756748199463	1	chr1:94120993:C>G	p.R18P	missense	18.0	P/LP	28.486359055731874	28.486359055731874	1.0	0.7369655941662062	global_fdr	3
ABCA4_e5e3b98b59e24548	159	0	3	0.01851851851851849	0.0007506489637307823	0.010134220123291016	1	chr1:94014665:G>C	p.P1780A	missense	1780.0	Conflicting	24.91522630828979	24.91522630828979	1.0	0.7369655941662062	global_fdr	3
ABCA4_ea44909becb28895	159	0	3	0.01851851851851849	0.0008580575813539326	0.010225296020507812	1	chr1:94063220:A>G	p.V551A	missense	551.0	VUS	23.981851144011546	23.981851144011546	1.0	0.7369655941662062	global_fdr	3
ABCA4_ef792fe12a5cd36e	159	0	3	0.01851851851851849	0.0011541801504790783	0.013280689716339111	2	chr1:94063114:G>C;chr1:94063114:G>T	p.D586E	missense	586.0	P/LP	26.517964243494685	27.12916719801393	1.0	0.7369655941662062	global_fdr	3
ABCA4_f05c40b1d841ca69	159	0	3	0.01851851851851849	0.0011480572866275907	0.013867586851119995	1	chr1:94080654:C>T	p.G308D	missense	308.0	VUS	16.339181722964813	16.339181722964813	1.0	0.7369655941662062	global_fdr	3
ABCA4_f21ebd3e9fffed44	165	3	0	0.018181818181818188	0.0012946088099852204	0.014422595500946045	1	chr1:94098868:G>A	p.L232F	missense	232.0	VUS	20.59365748455344	20.59365748455344	1.0	0.7369655941662062	global_fdr	3
ABCA4_f36d8b7f1eef2dee	165	3	0	0.018181818181818188	0.0013281800784170628	0.016824543476104736	1	chr1:94056621:C>T	p.A788T	missense	788.0	B/LB	9.502569926580358	9.502569926580358	1.0	0.7369655941662062	global_fdr	3
ABCA4_f512c1294eb1d8af	159	0	3	0.01851851851851849	0.0009833083022385836	0.011425048112869263	1	chr1:94044697:A>G	p.V989A	missense	989.0	Conflicting	22.86190164089043	22.86190164089043	1.0	0.7369655941662062	global_fdr	3
ABCA4_9e196ed6f290b0cd	168	7	1	0.047337278106508895	0.0024090795777738094	0.033571481704711914	1	chr1:94014590:T>C	p.N1805D	missense	1805.0	P/LP	25.51938792931281	25.51938792931281	1.0	0.5305147166987799	global_fdr	8
ABCA4_a264b43569d85a38	168	7	1	0.047337278106508895	0.0019318482372909784	0.021281659603118896	1	chr1:94103026:G>A	p.R187C	missense	187.0	P/LP	23.695825056754487	23.695825056754487	1.0	0.5305147166987799	global_fdr	8
ABCA4_5b7793c54a28f015	156	1	7	0.049079754601227044	0.0016620539827272296	0.022217512130737305	1	chr1:94008849:G>T	p.P1913T	missense	1913.0	VUS	20.602807847448567	20.602807847448567	1.0	0.5305147166987798	global_fdr	8
ABCA4_8a3129e4fa738b78	156	1	7	0.049079754601227044	0.001392429112456739	0.01760488748550415	1	chr1:94056672:T>A	p.T771S	missense	771.0	Conflicting	20.17616268171112	20.17616268171112	1.0	0.5305147166987798	global_fdr	8
ABCA4_be24896c6f2fb903	156	1	7	0.049079754601227044	0.0017256232677027583	0.02273416519165039	1	chr1:94056722:A>G	p.F754S	missense	754.0	P/LP	21.767950472188623	21.767950472188623	1.0	0.5305147166987798	global_fdr	8
ABCA4_ed49e9674804cda1	156	1	7	0.049079754601227044	0.0018911022925749421	0.023735105991363525	1	chr1:94029452:G>A	p.P1511L	missense	1511.0	VUS	24.723180070873223	24.723180070873223	1.0	0.5305147166987798	global_fdr	8
ABCA4_9ad50823f4e8074a	158	2	6	0.04878048780487809	0.00176948809530586	0.020377397537231445	1	chr1:94029479:C>A	p.C1502F	missense	1502.0	P/LP	29.419845233145303	29.419845233145303	1.0	0.44745897697122144	global_fdr	8
ABCA4_4c19fdf8090d8768	165	4	1	0.030120481927710885	0.0013950350694358349	0.018542587757110596	1	chr1:94056679:G>C	p.I768M	missense	768.0	VUS	21.033406349898314	21.033406349898314	1.0	0.3625700793847084	global_fdr	5
ABCA4_75bb85c8443e2219	165	4	1	0.030120481927710885	0.0017408388666808605	0.0222395658493042	1	chr1:94015769:G>C	p.P1761R	missense	1761.0	Conflicting	23.663812439913286	23.663812439913286	1.0	0.3625700793847084	global_fdr	5
ABCA4_a888fd187ab56702	165	4	1	0.030120481927710885	0.0015089467633515596	0.019919514656066895	1	chr1:94011334:G>A	p.H1838Y	missense	1838.0	P/LP	26.38560345641505	26.38560345641505	1.0	0.3625700793847084	global_fdr	5
ABCA4_bea908de44acf5a2	165	4	1	0.030120481927710885	0.0013227822491899133	0.019176125526428223	1	chr1:94019710:T>G	p.M1690L	missense	1690.0	VUS	20.081080478047735	20.081080478047735	1.0	0.3625700793847084	global_fdr	5
ABCA4_17729153280bf712	159	1	4	0.030674846625766916	0.0018441833090037107	0.02763378620147705	1	chr1:94011337:G>C	p.P1837A	missense	1837.0	P/LP	29.090643707040176	29.090643707040176	1.0	0.36257007938470825	global_fdr	5
ABCA4_1a5c6463c6e6db82	159	1	4	0.030674846625766916	0.0008100336999632418	0.01401577889919281	1	chr1:94021651:C>T	p.D1613N	missense	1613.0	VUS	24.349418220399816	24.349418220399816	1.0	0.36257007938470825	global_fdr	5
ABCA4_35375a8f98e22570	159	1	4	0.030674846625766916	0.0011460533132776618	0.01376485824584961	1	chr1:94007647:C>T	p.V1998I	missense	1998.0	Conflicting	6.649116264062581	6.649116264062581	1.0	0.36257007938470825	global_fdr	5
ABCA4_fa99ca2b3bf368da	159	1	4	0.030674846625766916	0.0012369082542136312	0.01410144567489624	1	chr1:94031804:G>A	p.R1368C	missense	1368.0	P/LP	23.012168289934444	23.012168289934444	1.0	0.36257007938470825	global_fdr	5
ABCA4_4090a4b589c2aee6	157	1	6	0.042944785276073594	0.0012767767766490579	0.016658425331115723	1	chr1:94019606:C>A	p.W1724C	missense	1724.0	Conflicting	29.513713271864475	29.513713271864475	1.0	0.28950661719498505	global_fdr	7
ABCA4_a7a8430826daa8b6	167	6	1	0.04166666666666663	0.0026954570785164833	0.037872642278671265	1	chr1:94098799:G>A	p.R255C	missense	255.0	Conflicting	22.53555419035957	22.53555419035957	1.0	0.2895066171949848	global_fdr	7
ABCA4_0a40bc67ab34337e	158	1	5	0.036809815950920255	0.001222534803673625	0.014779359102249146	1	chr1:94021866:G>A	p.R1585W	missense	1585.0	VUS	20.26497320755144	20.26497320755144	1.0	0.0	global_fdr	6
ABCA4_1580038d397e5470	158	1	5	0.036809815950920255	0.001697230851277709	0.02311912178993225	1	chr1:94080621:A>C	p.L319R	missense	319.0	Conflicting	23.26883953727855	23.26883953727855	1.0	0.0	global_fdr	6
ABCA4_3e1342a77b4726ca	158	1	5	0.036809815950920255	0.0012323146220296621	0.016654163599014282	1	chr1:94060643:G>A	p.T685I	missense	685.0	VUS	19.185050963415403	19.185050963415403	1.0	0.0	global_fdr	6
ABCA4_585463735d73cb5d	158	1	5	0.036809815950920255	0.0013635149225592613	0.01800099015235901	1	chr1:94029582:G>C	p.P1468A	missense	1468.0	VUS	19.16873141075965	19.16873141075965	1.0	0.0	global_fdr	6
ABCA4_7ba3e950d0bceac8	166	5	1	0.0359281437125748	0.001175526762381196	0.015992403030395508	1	chr1:94019620:G>T	p.P1720T	missense	1720.0	VUS	16.7867473513394	16.7867473513394	1.0	0.0	global_fdr	6
ABCA4_97287f5327f5555b	166	5	1	0.0359281437125748	0.0017034064512699842	0.0260164737701416	1	chr1:94021279:G>A	p.P1660L	missense	1660.0	P/LP	27.68141323118038	27.68141323118038	1.0	0.0	global_fdr	6
ABCA4_98c2143cbf4ba8ce	166	5	1	0.0359281437125748	0.0021869875490665436	0.02945178747177124	1	chr1:94098874:A>T	p.C230S	missense	230.0	P/LP	25.98543831780816	25.98543831780816	1.0	0.0	global_fdr	6
ABCA4_dc8a4ae07aa52ce7	158	1	5	0.036809815950920255	0.0010538101196289062	0.011938720941543579	1	chr1:94108700:G>C	p.R107G	missense	107.0	VUS	14.934196819193117	14.934196819193117	1.0	0.0	global_fdr	6
ABCA4_532ec320b0b975e0	160	0	2	0.012345679012345734	0.0010174952913075686	0.01544158160686493	1	chr1:94008812:C>A	p.R1925I	missense	1925.0	P/LP	27.568751014806555	27.568751014806555	1.0	0.0	global_fdr	2
ABCA4_67650b18da8a6280	160	0	2	0.012345679012345734	0.001104224007576704	0.011650383472442627	1	chr1:94007673:G>A	p.T1989I	missense	1989.0	VUS	20.24107395160305	20.24107395160305	1.0	0.0	global_fdr	2
ABCA4_71ca77df4b392935	160	0	2	0.012345679012345734	0.0009147896780632436	0.013437271118164062	1	chr1:94015742:T>C	p.Y1770C	missense	1770.0	P/LP	25.997059963830363	25.997059963830363	1.0	0.0	global_fdr	2
ABCA4_7bc592df25122eb9	164	2	0	0.012195121951219523	0.0014535350492224097	0.018247216939926147	1	chr1:94056660:G>T	p.P775T	missense	775.0	P/LP	26.07667106957343	26.07667106957343	1.0	0.0	global_fdr	2
ABCA4_8ebc8513a27b96e5	160	0	2	0.012345679012345734	0.0014302498893812299	0.013689249753952026	1	chr1:94019745:A>G	p.V1678A	missense	1678.0	VUS	22.774920960907615	22.774920960907615	1.0	0.0	global_fdr	2
ABCA4_9629ce605e609cbe	160	0	2	0.012345679012345734	0.0014526861486956477	0.01423865556716919	1	chr1:94098921:A>T	p.I214N	missense	214.0	VUS	24.492332376769703	24.492332376769703	1.0	0.0	global_fdr	2
ABCA4_96e8832b79af6722	160	0	2	0.012345679012345734	0.0011513165663927794	0.015315473079681396	1	chr1:94037159:T>C	p.T1267A	missense	1267.0	VUS	22.525170575564843	22.525170575564843	1.0	0.0	global_fdr	2
ABCA4_a220d13ae4748c0c	160	0	2	0.012345679012345734	0.001126040006056428	0.014353662729263306	1	chr1:94062622:C>T	p.G631E	missense	631.0	P/LP	27.218832573145455	27.218832573145455	1.0	0.0	global_fdr	2
ABCA4_16c7262561229f75	164	4	2	0.03614457831325302	0.0023988455068320036	0.028642326593399048	1	chr1:94083420:G>A	p.R264C	missense	264.0	VUS	8.661514033720735	8.661514033720735			global_fdr	6
ABCA4_27c547fe49e583b1	166	5	1	0.0359281437125748	0.0016832542605698109	0.019655883312225342	1	chr1:94030433:C>A	p.W1449C	missense	1449.0	P/LP	23.640525494914122	23.640525494914122			global_fdr	6
ABCA4_972b0fc08a2275a6	166	5	1	0.0359281437125748	0.001076637301594019	0.013661444187164307	1	chr1:94015773:G>T	p.L1760I	missense	1760.0	VUS	21.63527619080341	21.63527619080341			global_fdr	6
ABCA4_aeec4e384f071301	166	5	1	0.0359281437125748	0.001542640384286642	0.019260287284851074	1	chr1:94055111:C>T	p.G863R	missense	863.0	VUS	25.754239891479052	25.754239891479052			global_fdr	6
ABCA4_c0862286aebf7a2d	166	5	1	0.0359281437125748	0.0015383572317659855	0.018511682748794556	1	chr1:94077839:C>A	p.G469C	missense	469.0	VUS	12.893441475396845	12.893441475396845			global_fdr	6
ABCA4_f709d0b25f138a15	160	2	4	0.03658536585365857	0.001972174970433116	0.027044177055358887	1	chr1:94025038:C>T	p.R1517H	missense	1517.0	VUS	17.313092504565503	17.313092504565503			global_fdr	6
ABCA4_0ce617e05d787a4b	167	5	0	0.029940119760479056	0.0011399434879422188	0.016082465648651123	1	chr1:94011375:C>G	p.R1824T	missense	1824.0	VUS	20.689497809911682	20.689497809911682			global_fdr	5
ABCA4_0f51862470fc74a1	167	5	0	0.029940119760479056	0.0008736835443414748	0.010149717330932617	1	chr1:94083392:C>A	p.W273L	missense	273.0	VUS	22.29629007093171	22.29629007093171			global_fdr	5
ABCA4_19b0925c8a0475f2	163	3	2	0.030303030303030276	0.0009385656449012458	0.013728439807891846	1	chr1:94041315:T>C	p.Y1139C	missense	1139.0	Conflicting	16.319947854467184	16.319947854467184			global_fdr	5
ABCA4_1c92ce3ebb0778eb	167	5	0	0.029940119760479056	0.0007533702882938087	0.009730935096740723	1	chr1:94021935:T>C	p.I1562V	missense	1562.0	VUS	20.66384548093685	20.66384548093685			global_fdr	5
ABCA4_39f31d757cd67078	161	2	3	0.030487804878048808	0.0014002571115270257	0.020088255405426025	1	chr1:94019690:G>C	p.S1696R	missense	1696.0	P/LP	27.167426545440986	27.167426545440986			global_fdr	5
ABCA4_3c001eacbef5a276	167	5	0	0.029940119760479056	0.0011375175090506673	0.01518714427947998	1	chr1:94060616:G>A	p.A694V	missense	694.0	B/LB	12.944235604158505	12.944235604158505			global_fdr	5
ABCA4_413d6cd8c01f6474	167	5	0	0.029940119760479056	0.0008315767627209425	0.008721113204956055	1	chr1:94031884:C>T	p.G1341D	missense	1341.0	VUS	12.323329706002298	12.323329706002298			global_fdr	5
ABCA4_5221f888819bdcaf	165	4	1	0.030120481927710885	0.0019382118480280042	0.030350327491760254	1	chr1:94031066:G>A	p.P1395S	missense	1395.0	VUS	23.730702468346436	23.730702468346436			global_fdr	5
ABCA4_6230a1892eda413f	163	3	2	0.030303030303030276	0.0010860159527510405	0.014805138111114502	1	chr1:94060608:A>G	p.W697R	missense	697.0	VUS	25.132501140612213	25.132501140612213			global_fdr	5
ABCA4_6b415715867f033b	167	5	0	0.029940119760479056	0.0014379144413396716	0.018451452255249023	1	chr1:94051659:T>G	p.Q876P	missense	876.0	VUS	22.918759211365582	22.918759211365582			global_fdr	5
ABCA4_6c594289331c83de	165	4	1	0.030120481927710885	0.0010755156399682164	0.014548003673553467	1	chr1:94062671:C>A	p.V615F	missense	615.0	VUS	20.047347882016563	20.047347882016563			global_fdr	5
ABCA4_6c9766afc3cfa819	161	2	3	0.030487804878048808	0.0012036884436383843	0.01550900936126709	1	chr1:94041368:G>T	p.D1121E	missense	1121.0	VUS	15.30952508517779	15.30952508517779			global_fdr	5
ABCA4_7de986dcaade9442	167	5	0	0.029940119760479056	0.0013707723701372743	0.01845937967300415	1	chr1:94062697:C>T	p.G606D	missense	606.0	Conflicting	28.94326417195203	28.94326417195203			global_fdr	5
ABCA4_823e3110dc396f12	165	4	1	0.030120481927710885	0.001352549996227026	0.017643272876739502	1	chr1:94031836:G>T	p.A1357E	missense	1357.0	P/LP	29.145153070375432	29.145153070375432			global_fdr	5
ABCA4_8a4ff3a92049fe6c	165	4	1	0.030120481927710885	0.0012357818195596337	0.012097418308258057	1	chr1:94055239:T>G	p.Q820P	missense	820.0	P/LP	24.017937712954627	24.017937712954627			global_fdr	5
ABCA4_969cbef1a17c95f7	165	4	1	0.030120481927710885	0.0008821705123409629	0.011424124240875244	1	chr1:94098987:G>A	p.A192V	missense	192.0	Conflicting	17.46612465622383	17.46612465622383			global_fdr	5
ABCA4_a08924b9ae7a8922	163	3	2	0.030303030303030276	0.0014750544214621186	0.018360674381256104	1	chr1:94108649:G>A	p.R124C	missense	124.0	Conflicting	20.20602627628618	20.20602627628618			global_fdr	5
ABCA4_a26f4c89df4faab8	165	4	1	0.030120481927710885	0.0013107145205140114	0.01611614227294922	1	chr1:94015818:T>C	p.I1745V	missense	1745.0	VUS	19.303109916101473	19.303109916101473			global_fdr	5
ABCA4_aca74d21da900f91	163	3	2	0.030303030303030276	0.0025110850110650063	0.03479558229446411	1	chr1:94014569:T>C	p.I1812V	missense	1812.0	B/LB	1.775498950896046	1.775498950896046			global_fdr	5
ABCA4_aeceae1d45797988	167	5	0	0.029940119760479056	0.0009320933022536337	0.01188814640045166	1	chr1:94055168:G>A	p.L844F	missense	844.0	VUS	18.14908459700118	18.14908459700118			global_fdr	5
ABCA4_b3e9dd58def8923c	167	5	0	0.029940119760479056	0.0010854374850168824	0.011912733316421509	1	chr1:94031944:G>A	p.S1321F	missense	1321.0	VUS	16.07145071717023	16.07145071717023			global_fdr	5
ABCA4_b50627fd8dd45fe3	165	4	1	0.030120481927710885	0.0011642944300547242	0.013187706470489502	1	chr1:94044706:G>A	p.T986I	missense	986.0	VUS	24.940910227331997	24.940910227331997			global_fdr	5
ABCA4_bb224d05466abb42	167	5	0	0.029940119760479056	0.001010091626085341	0.010223388671875	1	chr1:94062707:A>G	p.Y603H	missense	603.0	P/LP	27.085019307744357	27.085019307744357			global_fdr	5
ABCA4_bbde9c69ac8c026e	165	4	1	0.030120481927710885	0.0008032815530896187	0.010850101709365845	1	chr1:94029628:C>A	p.E1452D	missense	1452.0	VUS	15.479403502213433	15.479403502213433			global_fdr	5
ABCA4_c4b3a6c0da25831e	167	5	0	0.029940119760479056	0.0012954451376572251	0.014148890972137451	1	chr1:94031869:G>A	p.T1346M	missense	1346.0	VUS	11.47652648285543	11.47652648285543			global_fdr	5
ABCA4_cfd54cace51e38ee	165	4	1	0.030120481927710885	0.0016925798263400793	0.023192554712295532	1	chr1:94014607:T>C	p.N1799S	missense	1799.0	Conflicting	22.60832947466213	22.60832947466213			global_fdr	5
ABCA4_d6c85e027093755f	165	4	1	0.030120481927710885	0.000960522098466754	0.012863874435424805	1	chr1:94030515:G>C	p.P1422R	missense	1422.0	VUS	20.248550622032933	20.248550622032933			global_fdr	5
ABCA4_e87f10e6bee27517	165	4	1	0.030120481927710885	0.0013022450730204582	0.016771554946899414	1	chr1:94111483:G>T	p.T86N	missense	86.0	VUS	29.266313265441674	29.266313265441674			global_fdr	5
ABCA4_efd10ea34d6c1dfe	165	4	1	0.030120481927710885	0.0011111649218946695	0.015853896737098694	1	chr1:94042895:C>T	p.G1065D	missense	1065.0	Conflicting	29.589118782491916	29.589118782491916			global_fdr	5
ABCA4_01fd60050c6d32aa	166	4	0	0.02409638554216864	0.000992030487395823	0.014597088098526001	1	chr1:94031045:C>A	p.A1402S	missense	1402.0	VUS	16.998514352924502	16.998514352924502			global_fdr	4
ABCA4_02bcc5017e266491	166	4	0	0.02409638554216864	0.0014676200225949287	0.022125840187072754	1	chr1:94011327:C>T	p.C1840Y	missense	1840.0	VUS	32.66681879837212	32.66681879837212			global_fdr	4
ABCA4_03a3c70018f28eec	166	4	0	0.02409638554216864	0.0012883113231509924	0.014859378337860107	1	chr1:94021646:G>C	p.N1614K	missense	1614.0	VUS	24.881003271849615	24.881003271849615			global_fdr	4
ABCA4_06f3ed13d3e77456	166	4	0	0.02409638554216864	0.0017284431960433722	0.01895052194595337	1	chr1:94062698:C>A	p.G606C	missense	606.0	Other	28.225101158908036	28.225101158908036			global_fdr	4
ABCA4_0740dfc598624806	166	4	0	0.02409638554216864	0.001098007895052433	0.011479020118713379	1	chr1:94037302:G>A	p.A1219V	missense	1219.0	P/LP	25.79052054353788	25.79052054353788			global_fdr	4
ABCA4_0788e71d3153fc34	166	4	0	0.02409638554216864	0.0010185593273490667	0.013801813125610352	1	chr1:94010858:C>T	p.G1886R	missense	1886.0	P/LP	29.9017730462402	29.9017730462402			global_fdr	4
ABCA4_0b90171a26bf0782	166	4	0	0.02409638554216864	0.0010621375404298306	0.01289665699005127	1	chr1:94078653:C>G	p.W431C	missense	431.0	P/LP	31.992911345283076	31.992911345283076			global_fdr	4
ABCA4_147943b3c5544e71	162	2	2	0.024390243902439046	0.000905913591850549	0.010983943939208984	1	chr1:94063292:C>T	p.S527N	missense	527.0	VUS	21.471376220231242	21.471376220231242			global_fdr	4
ABCA4_14f1d5f5297c589a	166	4	0	0.02409638554216864	0.0012390681076794863	0.014885962009429932	1	chr1:94098885:C>A	p.R226L	missense	226.0	Conflicting	12.528917865922546	12.528917865922546			global_fdr	4
ABCA4_15d2ad6bad3ab5f7	166	4	0	0.02409638554216864	0.0009367613238282502	0.011384889483451843	1	chr1:94037247:G>T	p.N1237K	missense	1237.0	VUS	16.2987118922111	16.2987118922111			global_fdr	4
ABCA4_16fc0232a05fc51d	166	4	0	0.02409638554216864	0.0006492648972198367	0.00928950309753418	1	chr1:94044709:C>A	p.G985V	missense	985.0	VUS	32.21517949413857	32.21517949413857			global_fdr	4
ABCA4_1952eaaf739a2b8d	166	4	0	0.02409638554216864	0.0009757037041708827	0.009018540382385254	1	chr1:94010872:G>C	p.A1881G	missense	1881.0	P/LP	24.12957272487234	24.12957272487234			global_fdr	4
ABCA4_19c21e551cd8ffb2	166	4	0	0.02409638554216864	0.0006396380485966802	0.008037775754928589	1	chr1:94021863:T>C	p.I1586V	missense	1586.0	VUS	21.095222433959464	21.095222433959464			global_fdr	4
ABCA4_2457e794fc5128ca	166	4	0	0.02409638554216864	0.0009962264448404312	0.013916969299316406	1	chr1:94005490:A>C	p.L2033R	missense	2033.0	P/LP	27.97899695972193	27.97899695972193			global_fdr	4
ABCA4_25513e4919c2a763	166	4	0	0.02409638554216864	0.0008471324108541012	0.011673450469970703	1	chr1:94029481:C>G	p.E1501D	missense	1501.0	B/LB	14.958095995761242	14.958095995761242			global_fdr	4
ABCA4_25a9d2716d908a33	166	4	0	0.02409638554216864	0.0008961567655205727	0.009331315755844116	2	chr1:94046935:C>G;chr1:94046935:C>T	p.G968R	missense	968.0	Mixed	30.02475225661095	30.42847736925215			global_fdr	4
ABCA4_3086aa4d35911663	164	3	1	0.024242424242424288	0.000893089163582772	0.014338016510009766	1	chr1:94042846:C>A	p.K1081N	missense	1081.0	VUS	20.957910076117056	20.957910076117056			global_fdr	4
ABCA4_327206b2f49cc151	166	4	0	0.02409638554216864	0.0014481795951724052	0.01649242639541626	1	chr1:94108648:C>T	p.R124H	missense	124.0	VUS	3.3130171182007135	3.3130171182007135			global_fdr	4
ABCA4_3301a432ddadaa0b	166	4	0	0.02409638554216864	0.0009367594611831009	0.014094173908233643	1	chr1:94021279:G>C	p.P1660R	missense	1660.0	P/LP	29.538780844023627	29.538780844023627			global_fdr	4
ABCA4_33c5df3e827a41e3	166	4	0	0.02409638554216864	0.0006655868492089212	0.008617639541625977	1	chr1:94056689:C>T	p.S765N	missense	765.0	P/LP	25.508515127744573	25.508515127744573			global_fdr	4
ABCA4_33f88defde5e209b	166	4	0	0.02409638554216864	0.0009900457225739956	0.012702256441116333	1	chr1:94041301:G>A	p.P1144S	missense	1144.0	VUS	23.84601249796534	23.84601249796534			global_fdr	4
ABCA4_36e906af53c14e06	164	3	1	0.024242424242424288	0.0011833009775727987	0.017190128564834595	1	chr1:94048938:T>A	p.E891D	missense	891.0	Conflicting	15.86875070754412	15.86875070754412			global_fdr	4
ABCA4_370dfa0734ef24fc	166	4	0	0.02409638554216864	0.0009849739726632833	0.012905299663543701	1	chr1:94080629:C>T	p.M316I	missense	316.0	VUS	13.432633382778683	13.432633382778683			global_fdr	4
ABCA4_3753ef02bc14a8e3	164	3	1	0.024242424242424288	0.001319593982771039	0.017730504274368286	1	chr1:94113042:A>G	p.W31R	missense	31.0	P/LP	27.999035716561956	27.999035716561956			global_fdr	4
ABCA4_39d4900d05cfbdad	164	3	1	0.024242424242424288	0.0013377390569075942	0.0177537202835083	2	chr1:94078629:C>A;chr1:94078629:C>G	p.W439C	missense	439.0	VUS	25.231577941528318	25.334703793924763			global_fdr	4
ABCA4_3b0aed4c4dde9522	166	4	0	0.02409638554216864	0.001109719043597579	0.014993250370025635	1	chr1:94031026:C>A	p.W1408L	missense	1408.0	P/LP	26.84941460990322	26.84941460990322			global_fdr	4
ABCA4_3b1dde44fbec5223	166	4	0	0.02409638554216864	0.0009441249421797693	0.012799739837646484	1	chr1:94005484:A>G	p.L2035P	missense	2035.0	P/LP	27.34438275493791	27.34438275493791			global_fdr	4
ABCA4_415a42e78d019c18	166	4	0	0.02409638554216864	0.0013276970712468028	0.01755031943321228	1	chr1:94008245:C>A	p.R1963L	missense	1963.0	VUS	18.312640303727786	18.312640303727786			global_fdr	4
ABCA4_43ccc587ef323063	166	4	0	0.02409638554216864	0.0013228560565039515	0.015959620475769043	1	chr1:94111556:G>T	p.P62T	missense	62.0	P/LP	37.29592014692615	37.29592014692615			global_fdr	4
ABCA4_492edbe3b771ef56	166	4	0	0.02409638554216864	0.001192500931210816	0.016608476638793945	1	chr1:94037313:A>T	p.H1215Q	missense	1215.0	VUS	9.902372865016655	9.902372865016655			global_fdr	4
ABCA4_49b0b3b74855327e	162	2	2	0.024390243902439046	0.00111195573117584	0.01344117522239685	1	chr1:94044670:A>G	p.L998P	missense	998.0	VUS	24.877579837411382	24.877579837411382			global_fdr	4
ABCA4_4f09506d6d1da96d	166	4	0	0.02409638554216864	0.0015019268030300736	0.017479538917541504	1	chr1:94060715:A>C	p.L661R	missense	661.0	P/LP	26.308912998227974	26.308912998227974			global_fdr	4
ABCA4_4f19f6a934cebd95	166	4	0	0.02409638554216864	0.0011060044635087252	0.01392519474029541	1	chr1:94021391:C>T	p.G1623S	missense	1623.0	Other	26.02381510495659	26.02381510495659			global_fdr	4
ABCA4_50f02edff23cda4b	166	4	0	0.02409638554216864	0.0010906256502494216	0.0115928053855896	1	chr1:94055218:C>G	p.S827T	missense	827.0	VUS	23.149874035606505	23.149874035606505			global_fdr	4
ABCA4_52c737bd644b37be	162	2	2	0.024390243902439046	0.0013901385245844722	0.021328061819076538	1	chr1:94060679:C>A	p.S673I	missense	673.0	VUS	20.255243978098566	20.255243978098566			global_fdr	4
ABCA4_53f79cb9a8351c54	166	4	0	0.02409638554216864	0.001111639547161758	0.015909463167190552	1	chr1:94080672:G>A	p.P302L	missense	302.0	VUS	22.802372237853803	22.802372237853803			global_fdr	4
ABCA4_5451a790134c77d1	166	4	0	0.02409638554216864	0.0010168090229853988	0.011994242668151855	1	chr1:94043377:C>T	p.G1050D	missense	1050.0	Conflicting	23.59900409201468	23.59900409201468			global_fdr	4
ABCA4_5940742875e78281	166	4	0	0.02409638554216864	0.0010513594606891274	0.013574957847595215	1	chr1:94056630:G>A	p.R785C	missense	785.0	VUS	21.06620583857554	21.06620583857554			global_fdr	4
ABCA4_608ced67a533bb0a	164	3	1	0.024242424242424288	0.0012830315390601754	0.016285181045532227	1	chr1:94010821:C>T	p.R1898H	missense	1898.0	Conflicting	16.00393444496335	16.00393444496335			global_fdr	4
ABCA4_61d59372b6bd0077	162	2	2	0.024390243902439046	0.000752564228605479	0.011334195733070374	1	chr1:94044691:C>A	p.G991V	missense	991.0	P/LP	26.642154807404918	26.642154807404918			global_fdr	4
ABCA4_6ab8dd2c74fecfd8	166	4	0	0.02409638554216864	0.0010675418889150023	0.015893056988716125	1	chr1:94014586:C>T	p.S1806N	missense	1806.0	P/LP	26.252844432470802	26.252844432470802			global_fdr	4
ABCA4_6b4a090614a05f7a	164	3	1	0.024242424242424288	0.0013984650140628219	0.015290305018424988	1	chr1:94048921:G>A	p.T897I	missense	897.0	Conflicting	23.965564354764417	23.965564354764417			global_fdr	4
ABCA4_6d69872c56bc11fa	162	2	2	0.024390243902439046	0.001052683568559587	0.014482855796813965	1	chr1:94043452:A>G	p.L1025P	missense	1025.0	VUS	25.161885239764068	25.161885239764068			global_fdr	4
ABCA4_6f0db35abbbf06ec	166	4	0	0.02409638554216864	0.0008392364252358675	0.00985020399093628	1	chr1:94010896:T>C	p.D1873G	missense	1873.0	VUS	19.860566797684832	19.860566797684832			global_fdr	4
ABCA4_74d491c7a2df90f1	162	2	2	0.024390243902439046	0.0011493352940306067	0.016149908304214478	1	chr1:94005548:T>C	p.M2014V	missense	2014.0	VUS	21.33989350645766	21.33989350645766			global_fdr	4
ABCA4_74f4a9e95bb8f761	164	3	1	0.024242424242424288	0.000912130402866751	0.01564297080039978	1	chr1:94046978:G>T	p.F953L	missense	953.0	VUS	25.94485309705277	25.94485309705277			global_fdr	4
ABCA4_777846d7af94c18b	166	4	0	0.02409638554216864	0.0010310199577361345	0.014783740043640137	1	chr1:94055203:T>C	p.D832G	missense	832.0	VUS	23.53246205682808	23.53246205682808			global_fdr	4
ABCA4_7ce44b18b9e45bba	162	2	2	0.024390243902439046	0.0008180797449313104	0.011476978659629822	1	chr1:94108606:G>T	p.T138N	missense	138.0	VUS	17.763490860308075	17.763490860308075			global_fdr	4
ABCA4_7f01684d43d8818d	166	4	0	0.02409638554216864	0.0012442315928637981	0.0166054368019104	1	chr1:94041346:G>A	p.R1129C	missense	1129.0	P/LP	23.352837230549873	23.352837230549873			global_fdr	4
ABCA4_7f8935281ee2ec10	166	4	0	0.02409638554216864	0.000894060533028096	0.011285006999969482	1	chr1:94021388:A>C	p.W1624G	missense	1624.0	VUS	25.400271025369705	25.400271025369705			global_fdr	4
ABCA4_7fc62fca0b93db94	166	4	0	0.02409638554216864	0.0009035511175170541	0.011937960982322693	1	chr1:94080555:T>C	p.E341G	missense	341.0	P/LP	25.429903518888505	25.429903518888505			global_fdr	4
ABCA4_81c4243a8e7a34d7	162	2	2	0.024390243902439046	0.0009029163629747927	0.011442363262176514	1	chr1:94047034:C>T	p.V935I	missense	935.0	P/LP	19.88535453055399	19.88535453055399			global_fdr	4
ABCA4_838eca6165fc0b5a	166	4	0	0.02409638554216864	0.0009966149227693677	0.013491034507751465	1	chr1:94042767:G>A	p.R1108C	missense	1108.0	P/LP	23.800998427923883	23.800998427923883			global_fdr	4
ABCA4_84fa03927f241b75	164	3	1	0.024242424242424288	0.0012487556086853147	0.014411985874176025	1	chr1:94048900:G>A	p.T904M	missense	904.0	Conflicting	15.151709564489867	15.151709564489867			global_fdr	4
ABCA4_86246a400ae5f812	162	2	2	0.024390243902439046	0.0008957679965533316	0.013470202684402466	1	chr1:94063178:G>T	p.P565H	missense	565.0	B/LB	14.276491135971387	14.276491135971387			global_fdr	4
ABCA4_86292719b4e7e9cc	164	3	1	0.024242424242424288	0.0016586201963946223	0.023219585418701172	1	chr1:94031083:A>T	p.M1389K	missense	1389.0	VUS	19.8071259168671	19.8071259168671			global_fdr	4
ABCA4_8f4b32196ce54419	166	4	0	0.02409638554216864	0.0008348459377884865	0.011499911546707153	1	chr1:94010819:G>A	p.H1899Y	missense	1899.0	VUS	19.894212819127194	19.894212819127194			global_fdr	4
ABCA4_900ccdb9f260e9ca	166	4	0	0.02409638554216864	0.000928820634726435	0.013243108987808228	1	chr1:94029506:C>T	p.R1493K	missense	1493.0	VUS	17.46613909989535	17.46613909989535			global_fdr	4
ABCA4_92b29cd67c99c475	166	4	0	0.02409638554216864	0.0010136746568605304	0.01286768913269043	1	chr1:94019664:C>T	p.R1705Q	missense	1705.0	Conflicting	21.78107686867103	21.78107686867103			global_fdr	4
ABCA4_92bcd0ad1f7f3834	164	3	1	0.024242424242424288	0.0011065715225413442	0.014506489038467407	1	chr1:94042781:A>C	p.L1103R	missense	1103.0	P/LP	25.22272125923945	25.22272125923945			global_fdr	4
ABCA4_98c4df576ea1946e	164	3	1	0.024242424242424288	0.0009510940290056169	0.00982975959777832	1	chr1:94111552:G>A	p.S63L	missense	63.0	VUS	27.06996301101813	27.06996301101813			global_fdr	4
ABCA4_9a6fe7090ea948e4	166	4	0	0.02409638554216864	0.0006953654810786247	0.00900191068649292	1	chr1:94021301:C>T	p.G1653R	missense	1653.0	P/LP	31.03948602998557	31.03948602998557			global_fdr	4
ABCA4_9a7225405e2f1a8e	166	4	0	0.02409638554216864	0.001081446884199977	0.012529462575912476	1	chr1:94029447:G>C	p.Q1513E	missense	1513.0	VUS	21.211350872049582	21.211350872049582			global_fdr	4
ABCA4_9a9052a4421fa0de	166	4	0	0.02409638554216864	0.0010703980224207044	0.013736486434936523	1	chr1:94121045:T>C	p.M1V	missense	1.0	P/LP	28.439841985198573	28.439841985198573			global_fdr	4
ABCA4_9b6979f254838261	166	4	0	0.02409638554216864	0.0016115210019052029	0.017112284898757935	1	chr1:94011327:C>G	p.C1840S	missense	1840.0	VUS	26.12688762084008	26.12688762084008			global_fdr	4
ABCA4_9d4589f2b67351fd	166	4	0	0.02409638554216864	0.0012587205274030566	0.017419874668121338	1	chr1:94077749:A>G	p.W499R	missense	499.0	P/LP	26.366275477171733	26.366275477171733			global_fdr	4
ABCA4_9f5b6a5c5288eade	162	2	2	0.024390243902439046	0.0011859462829306722	0.016532689332962036	1	chr1:94044655:T>C	p.Q1003R	missense	1003.0	VUS	16.17185527397489	16.17185527397489			global_fdr	4
ABCA4_9fde974b451cba14	164	3	1	0.024242424242424288	0.0011021198006346822	0.014838442206382751	1	chr1:94098919:T>C	p.I215V	missense	215.0	VUS	19.51105254349821	19.51105254349821			global_fdr	4
ABCA4_a4eb86df72896031	166	4	0	0.02409638554216864	0.001050929888151586	0.013824090361595154	1	chr1:94011304:G>A	p.L1848F	missense	1848.0	VUS	23.38150215307545	23.38150215307545			global_fdr	4
ABCA4_a5448cb0bf8fd2df	166	4	0	0.02409638554216864	0.0009222447406500578	0.010926604270935059	1	chr1:94080538:C>A	p.A347S	missense	347.0	VUS	22.46909440435052	22.46909440435052			global_fdr	4
ABCA4_a5ab7230129a6fa9	166	4	0	0.02409638554216864	0.0008531183120794594	0.010718047618865967	1	chr1:94111558:A>G	p.M61T	missense	61.0	P/LP	35.79101157692853	35.79101157692853			global_fdr	4
ABCA4_aa21f1c8ca3c784c	166	4	0	0.02409638554216864	0.000791989965364337	0.012060031294822693	1	chr1:94056673:G>C	p.F770L	missense	770.0	VUS	21.10015525081813	21.10015525081813			global_fdr	4
ABCA4_ac35c48ebe79d3d7	166	4	0	0.02409638554216864	0.0008442157995887101	0.00842750072479248	1	chr1:94060539:T>C	p.M720V	missense	720.0	VUS	14.988458170425837	14.988458170425837			global_fdr	4
ABCA4_ac78d180f606991f	166	4	0	0.02409638554216864	0.0011251833057031035	0.015330493450164795	1	chr1:94077715:A>C	p.L510R	missense	510.0	P/LP	23.67749462453056	23.67749462453056			global_fdr	4
ABCA4_ad635ecc8dc19c86	164	3	1	0.024242424242424288	0.0008054752834141254	0.015079706907272339	1	chr1:94043453:G>C	p.L1025V	missense	1025.0	VUS	16.137213704618155	16.137213704618155			global_fdr	4
ABCA4_aed66989e689bf28	166	4	0	0.02409638554216864	0.0010456513846293092	0.012781798839569092	1	chr1:94024987:A>C	p.L1534W	missense	1534.0	VUS	26.949431681763592	26.949431681763592			global_fdr	4
ABCA4_b0a02e4b1d7e80fc	166	4	0	0.02409638554216864	0.0010962974047288299	0.011157989501953125	1	chr1:94031959:T>G	p.D1316A	missense	1316.0	VUS	0.39382329781926206	0.39382329781926206			global_fdr	4
ABCA4_b76fd8aad4381006	162	2	2	0.024390243902439046	0.001136608887463808	0.015946537256240845	1	chr1:94044683:T>C	p.I994V	missense	994.0	VUS	20.366214402672718	20.366214402672718			global_fdr	4
ABCA4_b8b90fa41e82b1d1	166	4	0	0.02409638554216864	0.0009597792522981763	0.010852038860321045	1	chr1:94005497:C>T	p.E2031K	missense	2031.0	P/LP	26.041154305458246	26.041154305458246			global_fdr	4
ABCA4_b90d5c2e86b1b9f5	166	4	0	0.02409638554216864	0.0011443616822361946	0.013017922639846802	1	chr1:94031816:G>T	p.Q1364K	missense	1364.0	VUS	20.32191469530577	20.32191469530577			global_fdr	4
ABCA4_b9a6a8d30f90c7c3	166	4	0	0.02409638554216864	0.0009343557176180184	0.010049164295196533	1	chr1:94008245:C>T	p.R1963H	missense	1963.0	VUS	15.986640178691546	15.986640178691546			global_fdr	4
ABCA4_bb7f1b742767af90	164	3	1	0.024242424242424288	0.0007249026093631983	0.01037532091140747	1	chr1:94021708:T>C	p.I1594V	missense	1594.0	B/LB	2.643186681684764	2.643186681684764			global_fdr	4
ABCA4_bc0f17d29fbb99a4	166	4	0	0.02409638554216864	0.0013136595953255892	0.019364595413208008	1	chr1:94111447:T>C	p.N98S	missense	98.0	P/LP	21.04063719775016	21.04063719775016			global_fdr	4
ABCA4_bd2c272a88f76a72	162	2	2	0.024390243902439046	0.0009978556772693992	0.013958871364593506	1	chr1:94062581:C>A	p.D645Y	missense	645.0	P/LP	29.465609996908853	29.465609996908853			global_fdr	4
ABCA4_be9e617d55493e0e	162	2	2	0.024390243902439046	0.002011323580518365	0.028093338012695312	1	chr1:94021681:G>A	p.P1603S	missense	1603.0	VUS	13.77790518160586	13.77790518160586			global_fdr	4
ABCA4_c372c52d83c99a6e	162	2	2	0.024390243902439046	0.0014386363327503204	0.015927374362945557	1	chr1:94062751:T>A	p.Y588F	missense	588.0	VUS	19.09701004504365	19.09701004504365			global_fdr	4
ABCA4_c3e1436120d39810	166	4	0	0.02409638554216864	0.0012810707557946444	0.017980903387069702	1	chr1:94025002:T>C	p.N1529S	missense	1529.0	VUS	23.405875208927185	23.405875208927185			global_fdr	4
ABCA4_c56ab66d09198ad2	166	4	0	0.02409638554216864	0.000857921433635056	0.01028713583946228	1	chr1:94062596:G>C	p.P640A	missense	640.0	P/LP	26.1919937249808	26.1919937249808			global_fdr	4
ABCA4_c626c6e1d4dc19d5	164	3	1	0.024242424242424288	0.0009264323743991554	0.011733919382095337	1	chr1:94021283:G>C	p.Q1659E	missense	1659.0	VUS	22.803704936745493	22.803704936745493			global_fdr	4
ABCA4_cb0912d57318570d	162	2	2	0.024390243902439046	0.0008588787750340998	0.01089969277381897	1	chr1:94055228:T>C	p.I824V	missense	824.0	VUS	18.5572124007127	18.5572124007127			global_fdr	4
ABCA4_cb2424e8d70f41f3	164	3	1	0.024242424242424288	0.0014942195266485214	0.02248990535736084	1	chr1:94011360:A>G	p.L1829P	missense	1829.0	Conflicting	28.758506222240147	28.758506222240147			global_fdr	4
ABCA4_cb326b48eed29480	166	4	0	0.02409638554216864	0.0016858094604685903	0.02185213565826416	1	chr1:94011327:C>A	p.C1840F	missense	1840.0	P/LP	28.730008725126865	28.730008725126865			global_fdr	4
ABCA4_cdadb168c4b120d3	166	4	0	0.02409638554216864	0.0011187429772689939	0.014639675617218018	1	chr1:94047055:C>A	p.G928W	missense	928.0	VUS	29.825264401130944	29.825264401130944			global_fdr	4
ABCA4_d2c98376b2abee0d	166	4	0	0.02409638554216864	0.0009596055024303496	0.012823313474655151	1	chr1:94098975:G>A	p.P196L	missense	196.0	Conflicting	23.19285628561518	23.19285628561518			global_fdr	4
ABCA4_d3aa629e1c0a0b55	166	4	0	0.02409638554216864	0.000939794525038451	0.010285541415214539	1	chr1:94008255:C>T	p.V1960I	missense	1960.0	VUS	16.445102140822986	16.445102140822986			global_fdr	4
ABCA4_d5728dd9a61243a5	166	4	0	0.02409638554216864	0.0010684991721063852	0.013583064079284668	1	chr1:94031915:C>A	p.G1331C	missense	1331.0	VUS	14.329562859586385	14.329562859586385			global_fdr	4
ABCA4_dd51788322bda19c	162	2	2	0.024390243902439046	0.000772020488511771	0.010783076286315918	1	chr1:94031814:T>G	p.Q1364H	missense	1364.0	VUS	15.060745731835269	15.060745731835269			global_fdr	4
ABCA4_ecf2b605eb7d5a08	166	4	0	0.02409638554216864	0.0012484738836064935	0.014083445072174072	1	chr1:94047010:G>C	p.R943G	missense	943.0	Other	16.870947031283574	16.870947031283574			global_fdr	4
ABCA4_ed6b4797e0837032	162	2	2	0.024390243902439046	0.0010820585303008556	0.014040172100067139	1	chr1:94042808:G>C	p.P1094R	missense	1094.0	P/LP	29.739584479558605	29.739584479558605			global_fdr	4
ABCA4_ee9f920593dbd782	166	4	0	0.02409638554216864	0.001178123289719224	0.014986574649810791	1	chr1:94080558:T>G	p.Y340S	missense	340.0	P/LP	25.583142474454156	25.583142474454156			global_fdr	4
ABCA4_f0abd26379ba8cad	166	4	0	0.02409638554216864	0.0010957769118249416	0.012740850448608398	1	chr1:94005490:A>G	p.L2033P	missense	2033.0	P/LP	28.039557584637574	28.039557584637574			global_fdr	4
ABCA4_f0fe84eba4b05c4d	166	4	0	0.02409638554216864	0.000927993911318481	0.009719759225845337	1	chr1:94078684:A>C	p.L421R	missense	421.0	VUS	24.909610603483458	24.909610603483458			global_fdr	4
ABCA4_f394606ae87c227a	166	4	0	0.02409638554216864	0.0014915281208232045	0.018955230712890625	1	chr1:94079353:T>A	p.D403V	missense	403.0	Conflicting	22.84312994535911	22.84312994535911			global_fdr	4
ABCA4_f6b720e38d684b9f	162	2	2	0.024390243902439046	0.0011966372840106487	0.0184018611907959	1	chr1:94044697:A>C	p.V989G	missense	989.0	P/LP	24.906004338260672	24.906004338260672			global_fdr	4
ABCA4_f7f40b0638665988	166	4	0	0.02409638554216864	0.0013140480732545257	0.017543494701385498	1	chr1:94014545:G>A	p.R1820W	missense	1820.0	VUS	15.227488861652414	15.227488861652414			global_fdr	4
ABCA4_fb2bc2005f77a72c	166	4	0	0.02409638554216864	0.0008529988117516041	0.011100023984909058	1	chr1:94005502:C>A	p.G2029V	missense	2029.0	P/LP	26.77314436268059	26.77314436268059			global_fdr	4
ABCA4_03390faaa4872c4a	165	3	0	0.018181818181818188	0.0009071438107639551	0.009512245655059814	1	chr1:94056725:G>T	p.T753N	missense	753.0	VUS	23.688495701507406	23.688495701507406			global_fdr	3
ABCA4_03c0ce3f26759921	165	3	0	0.018181818181818188	0.0006176185561344028	0.007598280906677246	1	chr1:94046973:T>C	p.E955G	missense	955.0	P/LP	23.441578101137033	23.441578101137033			global_fdr	3
ABCA4_07a758c723067bde	165	3	0	0.018181818181818188	0.0007282584556378424	0.011185705661773682	1	chr1:94030462:A>C	p.F1440V	missense	1440.0	P/LP	24.284925819061097	24.284925819061097			global_fdr	3
ABCA4_091d9d728f25af49	165	3	0	0.018181818181818188	0.0005346014513634145	0.006612569093704224	1	chr1:94030997:T>C	p.S1418G	missense	1418.0	VUS	25.081907063093297	25.081907063093297			global_fdr	3
ABCA4_0adf04fd7d391025	165	3	0	0.018181818181818188	0.0013713045045733452	0.018993377685546875	1	chr1:94015808:C>T	p.G1748E	missense	1748.0	P/LP	24.104922835383054	24.104922835383054			global_fdr	3
ABCA4_0e535127bb95cc63	165	3	0	0.018181818181818188	0.0006215631146915257	0.008767247200012207	1	chr1:94077730:A>G	p.I505T	missense	505.0	VUS	16.91793616202516	16.91793616202516			global_fdr	3
ABCA4_10e79a05ae6953d6	163	2	1	0.018292682926829285	0.0011371145956218243	0.014590054750442505	1	chr1:94021340:G>A	p.R1640W	missense	1640.0	P/LP	23.28546548245543	23.28546548245543			global_fdr	3
ABCA4_1167f4ffeba0f0a1	165	3	0	0.018181818181818188	0.0007761931046843529	0.009803950786590576	1	chr1:94005520:A>G	p.I2023T	missense	2023.0	VUS	17.08187166154233	17.08187166154233			global_fdr	3
ABCA4_122ab3fbeda346e6	165	3	0	0.018181818181818188	0.0012803858844563365	0.01675775647163391	1	chr1:94014544:C>G	p.R1820P	missense	1820.0	VUS	0.03623239535651802	0.03623239535651802			global_fdr	3
ABCA4_1403c0429b2079de	165	3	0	0.018181818181818188	0.0006232622545212507	0.008020490407943726	1	chr1:94030473:T>A	p.N1436I	missense	1436.0	P/LP	21.399970906751538	21.399970906751538			global_fdr	3
ABCA4_18cae963229941e0	165	3	0	0.018181818181818188	0.0009499621228314936	0.013609468936920166	1	chr1:94062716:C>T	p.D600N	missense	600.0	P/LP	25.915848640791758	25.915848640791758			global_fdr	3
ABCA4_190833356a638ba7	163	2	1	0.018292682926829285	0.001033890643157065	0.01582595705986023	1	chr1:94037275:T>G	p.E1228A	missense	1228.0	VUS	27.053119669798143	27.053119669798143			global_fdr	3
ABCA4_1a12d992e8d60e59	165	3	0	0.018181818181818188	0.0008855709456838667	0.009773075580596924	1	chr1:94005509:G>A	p.L2027F	missense	2027.0	P/LP	25.54455483664742	25.54455483664742			global_fdr	3
ABCA4_1cbc64adb848d784	165	3	0	0.018181818181818188	0.0010095712495967746	0.014099299907684326	1	chr1:94005544:C>A	p.G2015V	missense	2015.0	P/LP	30.067624341585745	30.067624341585745			global_fdr	3
ABCA4_2735310f286cbb07	165	3	0	0.018181818181818188	0.0018997930455952883	0.02327597141265869	1	chr1:94055267:G>A	p.R811C	missense	811.0	Conflicting	23.14138175648269	23.14138175648269			global_fdr	3
ABCA4_2847dcc1f41acbbc	165	3	0	0.018181818181818188	0.001017982023768127	0.014838442206382751	1	chr1:94015812:T>C	p.I1747V	missense	1747.0	VUS	1.8537483308892035	1.8537483308892035			global_fdr	3
ABCA4_28967f3107e494a8	165	3	0	0.018181818181818188	0.0008610369404777884	0.01225656270980835	1	chr1:94062595:G>C	p.P640R	missense	640.0	P/LP	28.804258900372368	28.804258900372368			global_fdr	3
ABCA4_29fde0907a90ce52	165	3	0	0.018181818181818188	0.0007133064791560173	0.008645057678222656	1	chr1:94043413:G>A	p.A1038V	missense	1038.0	P/LP	23.137648275499053	23.137648275499053			global_fdr	3
ABCA4_2c7109c9b6a957b7	163	2	1	0.018292682926829285	0.0008182068704627454	0.011212706565856934	1	chr1:94030467:G>A	p.P1438L	missense	1438.0	P/LP	26.14784160840001	26.14784160840001			global_fdr	3
ABCA4_2f4ab91e2c3c6631	161	1	2	0.018404907975460127	0.0006286978023126721	0.010508522391319275	1	chr1:94037345:C>T	p.V1205I	missense	1205.0	VUS	18.36140948985902	18.36140948985902			global_fdr	3
ABCA4_317679c81b8f453a	165	3	0	0.018181818181818188	0.0007604589918628335	0.009115844964981079	1	chr1:94111555:G>A	p.P62L	missense	62.0	Conflicting	27.115156179885606	27.115156179885606			global_fdr	3
ABCA4_3269a87d1d38fd50	165	3	0	0.018181818181818188	0.0007107852143235505	0.008538246154785156	1	chr1:94063184:A>T	p.L563Q	missense	563.0	VUS	19.481776743040797	19.481776743040797			global_fdr	3
ABCA4_341fc709ff6c8496	165	3	0	0.018181818181818188	0.0005881055840291083	0.007093906402587891	1	chr1:94005581:T>A	p.I2003F	missense	2003.0	B/LB	23.711129320811096	23.711129320811096			global_fdr	3
ABCA4_36e20fee4ccf04f5	165	3	0	0.018181818181818188	0.0006277168286032975	0.007474690675735474	1	chr1:94005569:T>C	p.I2007V	missense	2007.0	VUS	19.81910222097819	19.81910222097819			global_fdr	3
ABCA4_3782b9daa881a290	165	3	0	0.018181818181818188	0.0008590755751356483	0.01162874698638916	1	chr1:94021339:C>T	p.R1640Q	missense	1640.0	P/LP	24.684033512605925	24.684033512605925			global_fdr	3
ABCA4_39c141f5ca6bc1b3	165	3	0	0.018181818181818188	0.0007853443967178464	0.00959712266921997	1	chr1:94055242:A>T	p.L819Q	missense	819.0	VUS	26.171469322108187	26.171469322108187			global_fdr	3
ABCA4_3c0e0124157af821	165	3	0	0.018181818181818188	0.0009366299491375685	0.009992361068725586	1	chr1:94010872:G>A	p.A1881V	missense	1881.0	P/LP	23.598411255176455	23.598411255176455			global_fdr	3
ABCA4_3d3cca926eba4507	165	3	0	0.018181818181818188	0.0007067202823236585	0.007718682289123535	1	chr1:94083396:A>T	p.S272T	missense	272.0	VUS	15.492816098338832	15.492816098338832			global_fdr	3
ABCA4_3d9c09472485107a	165	3	0	0.018181818181818188	0.000786024727858603	0.012520790100097656	1	chr1:94078697:T>C	p.T417A	missense	417.0	P/LP	23.094520049691376	23.094520049691376			global_fdr	3
ABCA4_3feb7f121c5047e9	163	2	1	0.018292682926829285	0.0008626105263829231	0.009998083114624023	1	chr1:94062662:C>T	p.G618R	missense	618.0	P/LP	28.844939746783584	28.844939746783584			global_fdr	3
ABCA4_4191aafa4d048762	165	3	0	0.018181818181818188	0.0007355637499131262	0.008651793003082275	1	chr1:94008813:T>C	p.R1925G	missense	1925.0	Conflicting	26.461265242156486	26.461265242156486			global_fdr	3
ABCA4_4684ab1677fcea64	165	3	0	0.018181818181818188	0.001035779365338385	0.011375725269317627	1	chr1:94047078:C>A	p.R920L	missense	920.0	VUS	13.801582304839659	13.801582304839659			global_fdr	3
ABCA4_49d1165025a42491	165	3	0	0.018181818181818188	0.0009094324195757508	0.011157989501953125	1	chr1:94079331:T>C	p.I410M	missense	410.0	P/LP	17.347951494309925	17.347951494309925			global_fdr	3
ABCA4_4a9a8a01cca86830	165	3	0	0.018181818181818188	0.000789986050222069	0.009528815746307373	1	chr1:94044710:C>T	p.G985R	missense	985.0	P/LP	31.072828706529293	31.072828706529293			global_fdr	3
ABCA4_4cdb7bc3eeba935d	165	3	0	0.018181818181818188	0.0013947556726634502	0.017056703567504883	1	chr1:94051678:G>C	p.P870A	missense	870.0	P/LP	22.849760663153372	22.849760663153372			global_fdr	3
ABCA4_4cea3b5d4b8fb454	165	3	0	0.018181818181818188	0.000729731866158545	0.007734894752502441	1	chr1:94040076:C>T	p.V1192I	missense	1192.0	VUS	6.938866413793937	6.938866413793937			global_fdr	3
ABCA4_4dbddebe10967e83	163	2	1	0.018292682926829285	0.0006777835660614073	0.01242278516292572	1	chr1:94047015:C>A	p.C941F	missense	941.0	VUS	7.609010866031378	7.609010866031378			global_fdr	3
ABCA4_4e20723ed7cecc3b	163	2	1	0.018292682926829285	0.0012672935845330358	0.0181368887424469	1	chr1:94046950:C>G	p.G963R	missense	963.0	VUS	28.918170902497575	28.918170902497575			global_fdr	3
ABCA4_515310b4a675fea7	165	3	0	0.018181818181818188	0.0009176079765893519	0.011092156171798706	1	chr1:94079369:T>C	p.I398V	missense	398.0	VUS	21.44039305928495	21.44039305928495			global_fdr	3
ABCA4_5452f4299d429999	165	3	0	0.018181818181818188	0.0008817230700515211	0.013016164302825928	1	chr1:94008852:C>T	p.E1912K	missense	1912.0	VUS	19.53647695001916	19.53647695001916			global_fdr	3
ABCA4_579b510fb12d6b5c	161	1	2	0.018404907975460127	0.0008325387025251985	0.010715842247009277	1	chr1:94021875:C>T	p.D1582N	missense	1582.0	VUS	19.177868802004348	19.177868802004348			global_fdr	3
ABCA4_584776b60ade69fc	165	3	0	0.018181818181818188	0.0008302484638988972	0.009765923023223877	1	chr1:94005571:T>C	p.N2006S	missense	2006.0	Conflicting	13.590291611888247	13.590291611888247			global_fdr	3
ABCA4_58d6de9bc86e6af9	163	2	1	0.018292682926829285	0.0009234715835191309	0.010604023933410645	1	chr1:94021680:G>C	p.P1603R	missense	1603.0	VUS	20.279552826893827	20.279552826893827			global_fdr	3
ABCA4_5ac0dc2d4712e473	165	3	0	0.018181818181818188	0.0008697448065504432	0.010664582252502441	1	chr1:94098979:C>T	p.V195I	missense	195.0	VUS	16.447717557424106	16.447717557424106			global_fdr	3
ABCA4_5adecaf5443acb70	165	3	0	0.018181818181818188	0.0010442329803481698	0.015102237462997437	1	chr1:94031782:G>A	p.A1375V	missense	1375.0	Conflicting	23.797397518529802	23.797397518529802			global_fdr	3
ABCA4_5cf8b354067ca71a	161	1	2	0.018404907975460127	0.0011058857198804617	0.013790249824523926	1	chr1:94042809:G>T	p.P1094T	missense	1094.0	P/LP	28.444724645250005	28.444724645250005			global_fdr	3
ABCA4_5e37cf0714820fa9	165	3	0	0.018181818181818188	0.0006644913810305297	0.008427053689956665	1	chr1:94077716:G>T	p.L510I	missense	510.0	P/LP	16.186342527281607	16.186342527281607			global_fdr	3
ABCA4_5e7efed75c817f0a	165	3	0	0.018181818181818188	0.0012821246637031436	0.01611611247062683	1	chr1:94111516:C>T	p.C75Y	missense	75.0	P/LP	33.05798805844213	33.05798805844213			global_fdr	3
ABCA4_661a99b4b7d697c3	163	2	1	0.018292682926829285	0.001373923267237842	0.018066346645355225	1	chr1:94010855:C>T	p.V1887M	missense	1887.0	VUS	14.628063338658539	14.628063338658539			global_fdr	3
ABCA4_69cdaa73d494c233	165	3	0	0.018181818181818188	0.0010992424795404077	0.015063643455505371	1	chr1:94062682:A>G	p.L611P	missense	611.0	P/LP	27.418177412612337	27.418177412612337			global_fdr	3
ABCA4_6a48a010751a498d	165	3	0	0.018181818181818188	0.0006618995685130358	0.007551848888397217	1	chr1:94037327:C>T	p.V1211I	missense	1211.0	VUS	5.6296521482010835	5.6296521482010835			global_fdr	3
ABCA4_6bf3ef2e07b84897	165	3	0	0.018181818181818188	0.0017971155466511846	0.017634660005569458	1	chr1:94098928:G>A	p.R212C	missense	212.0	P/LP	22.02407022020022	22.02407022020022			global_fdr	3
ABCA4_6ca5984553497639	163	2	1	0.018292682926829285	0.0007566423155367374	0.012658894062042236	1	chr1:94031010:C>G	p.Q1413H	missense	1413.0	VUS	24.235907083558445	24.235907083558445			global_fdr	3
ABCA4_6dfb5b41aed63d2f	163	2	1	0.018292682926829285	0.0007702355505898595	0.009413003921508789	1	chr1:94008774:A>C	p.L1938V	missense	1938.0	Other	18.24579256177852	18.24579256177852			global_fdr	3
ABCA4_6e317bb109e161eb	163	2	1	0.018292682926829285	0.0009320882963947952	0.013993501663208008	1	chr1:94080651:G>C	p.P309R	missense	309.0	P/LP	22.740435518692546	22.740435518692546			global_fdr	3
ABCA4_72763723c750a6c7	165	3	0	0.018181818181818188	0.0012061584275215864	0.01615312695503235	1	chr1:94014623:C>G	p.A1794P	missense	1794.0	P/LP	26.45336491721613	26.45336491721613			global_fdr	3
ABCA4_7358182ce392558b	165	3	0	0.018181818181818188	0.0007188811432570219	0.009038656949996948	1	chr1:94098922:T>A	p.I214F	missense	214.0	VUS	5.098895608421379	5.098895608421379			global_fdr	3
ABCA4_737cf754e2577bd0	165	3	0	0.018181818181818188	0.0008516028756275773	0.009234488010406494	1	chr1:94048877:C>T	p.G912R	missense	912.0	VUS	21.126883002141753	21.126883002141753			global_fdr	3
ABCA4_75f8ae1611387d13	165	3	0	0.018181818181818188	0.0009056952549144626	0.013662800192832947	1	chr1:94025020:T>C	p.Q1523R	missense	1523.0	VUS	23.21081957981511	23.21081957981511			global_fdr	3
ABCA4_7c44bf87249c2198	165	3	0	0.018181818181818188	0.0009215434547513723	0.012199431657791138	1	chr1:94063302:T>C	p.K524E	missense	524.0	Conflicting	26.443994775309395	26.443994775309395			global_fdr	3
ABCA4_7d5b16b5535ea5a1	165	3	0	0.018181818181818188	0.0012242159573361278	0.015587210655212402	1	chr1:94029567:G>T	p.L1473M	missense	1473.0	Conflicting	17.055050705331073	17.055050705331073			global_fdr	3
ABCA4_7f02211ace69a8af	161	1	2	0.018404907975460127	0.0008467597654089332	0.011082112789154053	1	chr1:94021378:A>G	p.L1627P	missense	1627.0	P/LP	23.699282018815634	23.699282018815634			global_fdr	3
ABCA4_7f55f61b5d1cf6f7	165	3	0	0.018181818181818188	0.0006719224620610476	0.008304685354232788	1	chr1:94060663:C>A	p.K678N	missense	678.0	P/LP	24.530515894236036	24.530515894236036			global_fdr	3
ABCA4_807518ca3fc1dee3	165	3	0	0.018181818181818188	0.0006654317257925868	0.008874177932739258	1	chr1:94103097:A>C	p.L163R	missense	163.0	VUS	24.75161352921784	24.75161352921784			global_fdr	3
ABCA4_80a51ff05c44e05b	163	2	1	0.018292682926829285	0.0013456353917717934	0.01359519362449646	1	chr1:94019628:C>T	p.G1717E	missense	1717.0	VUS	28.529318870333483	28.529318870333483			global_fdr	3
ABCA4_81706d6e886f6790	165	3	0	0.018181818181818188	0.0007319599972106516	0.009656369686126709	1	chr1:94043354:C>G	p.E1058Q	missense	1058.0	VUS	22.978015164087186	22.978015164087186			global_fdr	3
ABCA4_82d04bac30770d95	165	3	0	0.018181818181818188	0.0010503828525543213	0.01074296236038208	1	chr1:94111478:C>T	p.G88R	missense	88.0	VUS	26.80081439312211	26.80081439312211			global_fdr	3
ABCA4_8781d3d667de4f29	165	3	0	0.018181818181818188	0.0007357681170105934	0.010820150375366211	1	chr1:94080561:C>A	p.W339L	missense	339.0	P/LP	25.91766839515384	25.91766839515384			global_fdr	3
ABCA4_89921e75cc213565	165	3	0	0.018181818181818188	0.0010543446987867355	0.010526418685913086	1	chr1:94078703:T>C	p.N415D	missense	415.0	VUS	24.306014705266744	24.306014705266744			global_fdr	3
ABCA4_8ac0d8e62767283f	165	3	0	0.018181818181818188	0.0009344055433757603	0.011205196380615234	1	chr1:94042794:A>G	p.S1099P	missense	1099.0	P/LP	24.780390011770656	24.780390011770656			global_fdr	3
ABCA4_8d893f2aaab01799	165	3	0	0.018181818181818188	0.0013486880343407393	0.014629185199737549	1	chr1:94120994:G>A	p.R18W	missense	18.0	P/LP	13.739646414076825	13.739646414076825			global_fdr	3
ABCA4_8f31f1614a50147b	165	3	0	0.018181818181818188	0.0007598869269713759	0.00959479808807373	1	chr1:94031017:C>T	p.G1411E	missense	1411.0	VUS	23.810698473359015	23.810698473359015			global_fdr	3
ABCA4_93c1c291d3ec2670	165	3	0	0.018181818181818188	0.0012319697998464108	0.01585659384727478	1	chr1:94108592:G>C	p.P143A	missense	143.0	P/LP	22.760135870306968	22.760135870306968			global_fdr	3
ABCA4_94f13c3d798e1d33	165	3	0	0.018181818181818188	0.0014049335150048137	0.019811809062957764	1	chr1:94042817:C>T	p.G1091E	missense	1091.0	P/LP	29.3253030331205	29.3253030331205			global_fdr	3
ABCA4_95fa25c1f748aaf5	165	3	0	0.018181818181818188	0.0009797838283702731	0.014528006315231323	1	chr1:94111446:G>C	p.N98K	missense	98.0	Conflicting	20.810245055224357	20.810245055224357			global_fdr	3
ABCA4_9662ffab5a4ab2b3	161	1	2	0.018404907975460127	0.0012898180866613984	0.018391728401184082	1	chr1:94019709:A>G	p.M1690T	missense	1690.0	P/LP	25.22996525148288	25.22996525148288			global_fdr	3
ABCA4_969bb17c274cfdf7	165	3	0	0.018181818181818188	0.0009625226957723498	0.011112809181213379	1	chr1:94021284:G>C	p.S1658R	missense	1658.0	VUS	25.54047381866308	25.54047381866308			global_fdr	3
ABCA4_9d6216d5d4d6283a	165	3	0	0.018181818181818188	0.0009545547072775662	0.011470496654510498	2	chr1:94021406:A>G;chr1:94021406:A>T	p.W1618R	missense	1618.0	P/LP	33.20008930669897	34.05636820191846			global_fdr	3
ABCA4_9e64c839da424ca9	165	3	0	0.018181818181818188	0.000698037154506892	0.008650451898574829	1	chr1:94041354:A>G	p.L1126P	missense	1126.0	P/LP	27.616933748491217	27.616933748491217			global_fdr	3
ABCA4_9f599b5978d71999	165	3	0	0.018181818181818188	0.0006822283030487597	0.008883833885192871	1	chr1:94063300:C>G	p.K524N	missense	524.0	VUS	24.821675743891735	24.821675743891735			global_fdr	3
ABCA4_a39dae485e28bdfb	165	3	0	0.018181818181818188	0.0008556987158954144	0.009450256824493408	1	chr1:94010893:A>G	p.L1874P	missense	1874.0	P/LP	25.067250411953054	25.067250411953054			global_fdr	3
ABCA4_a48ae0a50224d8a5	165	3	0	0.018181818181818188	0.0008801285293884575	0.009818851947784424	1	chr1:94032040:C>T	p.G1289D	missense	1289.0	VUS	8.568954506354325	8.568954506354325			global_fdr	3
ABCA4_a4d4d114daa15221	165	3	0	0.018181818181818188	0.0013270489871501923	0.015699028968811035	1	chr1:94080579:C>T	p.R333Q	missense	333.0	B/LB	8.662434710550082	8.662434710550082			global_fdr	3
ABCA4_a4f806bee820d61d	165	3	0	0.018181818181818188	0.001076804008334875	0.017595410346984863	1	chr1:94077718:G>A	p.T509I	missense	509.0	VUS	14.872513332341628	14.872513332341628			global_fdr	3
ABCA4_a5306236166f9f34	165	3	0	0.018181818181818188	0.0007959610666148365	0.011304333806037903	1	chr1:94098799:G>C	p.R255G	missense	255.0	Other	22.881056339603376	22.881056339603376			global_fdr	3
ABCA4_a5ab959bf25878aa	165	3	0	0.018181818181818188	0.0011280919425189495	0.012898564338684082	1	chr1:94010908:G>A	p.P1869L	missense	1869.0	VUS	20.466325810267342	20.466325810267342			global_fdr	3
ABCA4_a7895bb6e09ad26a	165	3	0	0.018181818181818188	0.000693031121045351	0.008629024028778076	1	chr1:94080571:A>G	p.S336P	missense	336.0	P/LP	24.528385757454497	24.528385757454497			global_fdr	3
ABCA4_aa86ab6bfe3a57ee	165	3	0	0.018181818181818188	0.0009760847897268832	0.013971388339996338	1	chr1:94111564:T>C	p.K59R	missense	59.0	P/LP	24.950935086258603	24.950935086258603			global_fdr	3
ABCA4_abc198161b2e8dd1	163	2	1	0.018292682926829285	0.0007350024534389377	0.010578244924545288	1	chr1:94103074:T>A	p.I171F	missense	171.0	VUS	21.071735237337812	21.071735237337812			global_fdr	3
ABCA4_ae9a11fd6115d79e	163	2	1	0.018292682926829285	0.0008686934015713632	0.014355674386024475	1	chr1:94111576:T>C	p.H55R	missense	55.0	P/LP	25.93387759008912	25.93387759008912			global_fdr	3
ABCA4_afe875330b4b0bb2	165	3	0	0.018181818181818188	0.0007738920394331217	0.009960412979125977	1	chr1:94019662:C>T	p.V1706M	missense	1706.0	VUS	21.149726582223202	21.149726582223202			global_fdr	3
ABCA4_b09fd85ab5ae5953	165	3	0	0.018181818181818188	0.0006242612726055086	0.008485019207000732	1	chr1:94062611:G>T	p.Q635K	missense	635.0	P/LP	28.175670262649135	28.175670262649135			global_fdr	3
ABCA4_b1fc9361387efaaa	165	3	0	0.018181818181818188	0.0009512734832242131	0.009440332651138306	1	chr1:94062595:G>T	p.P640H	missense	640.0	P/LP	29.040959408820115	29.040959408820115			global_fdr	3
ABCA4_b3ba5c403a224a73	165	3	0	0.018181818181818188	0.0009069961961358786	0.009641110897064209	1	chr1:94021349:C>T	p.A1637T	missense	1637.0	Conflicting	23.890166444973726	23.890166444973726			global_fdr	3
ABCA4_b3c650e9dcafd985	163	2	1	0.018292682926829285	0.0015323079423978925	0.0198613703250885	1	chr1:94041387:A>C	p.M1115R	missense	1115.0	P/LP	27.488018544960802	27.488018544960802			global_fdr	3
ABCA4_b5213ef52bc3ad2b	165	3	0	0.018181818181818188	0.0009210984571836889	0.011334195733070374	1	chr1:94047004:C>A	p.A945S	missense	945.0	VUS	22.63654926925467	22.63654926925467			global_fdr	3
ABCA4_b68eb42a193b540c	163	2	1	0.018292682926829285	0.0010318569839000702	0.01481938362121582	1	chr1:94029465:C>T	p.G1507R	missense	1507.0	P/LP	27.446266778765875	27.446266778765875			global_fdr	3
ABCA4_b89e7e9a438305c3	165	3	0	0.018181818181818188	0.0009480893495492637	0.012315750122070312	1	chr1:94042823:G>T	p.T1089N	missense	1089.0	Conflicting	28.745882220630104	28.745882220630104			global_fdr	3
ABCA4_bcfcd32a061610f6	165	3	0	0.018181818181818188	0.0008897188236005604	0.011635422706604004	1	chr1:94041382:T>G	p.T1117P	missense	1117.0	P/LP	26.24498685960312	26.24498685960312			global_fdr	3
ABCA4_be2d2782401492f1	165	3	0	0.018181818181818188	0.0010213759960606694	0.011488795280456543	1	chr1:94015766:G>T	p.A1762D	missense	1762.0	P/LP	25.731705326740297	25.731705326740297			global_fdr	3
ABCA4_bfdc980c525f33b6	165	3	0	0.018181818181818188	0.0007708018529228866	0.010897397994995117	1	chr1:94062664:T>C	p.Q617R	missense	617.0	B/LB	6.765329910105594	6.765329910105594			global_fdr	3
ABCA4_c074141845d758d4	165	3	0	0.018181818181818188	0.0008662387263029814	0.009512066841125488	1	chr1:94031021:A>C	p.Y1410D	missense	1410.0	VUS	26.316665490145617	26.316665490145617			global_fdr	3
ABCA4_c3b3c17b463e43db	165	3	0	0.018181818181818188	0.000768359808716923	0.009474605321884155	1	chr1:94005461:G>T	p.P2043T	missense	2043.0	VUS	22.300200991185015	22.300200991185015			global_fdr	3
ABCA4_c4a8499ee3431428	163	2	1	0.018292682926829285	0.0013324965257197618	0.018906831741333008	1	chr1:94011340:A>G	p.F1836L	missense	1836.0	VUS	25.794646950562623	25.794646950562623			global_fdr	3
ABCA4_c4b04317617a0c4c	165	3	0	0.018181818181818188	0.000579509069211781	0.006820052862167358	1	chr1:94011313:G>T	p.L1845I	missense	1845.0	VUS	24.526990716883216	24.526990716883216			global_fdr	3
ABCA4_c5b0481e5ad6b632	165	3	0	0.018181818181818188	0.0011070878244936466	0.01358860731124878	1	chr1:94063262:C>T	p.R537H	missense	537.0	Conflicting	20.603164745593773	20.603164745593773			global_fdr	3
ABCA4_cb50c1b99e6bc7a2	165	3	0	0.018181818181818188	0.0010032253339886665	0.011289894580841064	1	chr1:94079324:T>A	p.N413Y	missense	413.0	P/LP	24.67832866882202	24.67832866882202			global_fdr	3
ABCA4_cca33b8b99b94239	163	2	1	0.018292682926829285	0.0011361819924786687	0.014250218868255615	1	chr1:94055167:A>C	p.L844R	missense	844.0	P/LP	23.759459533725078	23.759459533725078			global_fdr	3
ABCA4_cd9c7f6034f44df1	163	2	1	0.018292682926829285	0.0010985470144078135	0.013725459575653076	1	chr1:94063212:G>A	p.P554S	missense	554.0	VUS	19.366742237119357	19.366742237119357			global_fdr	3
ABCA4_cde43d376ae16ff9	163	2	1	0.018292682926829285	0.0013992177555337548	0.017498940229415894	1	chr1:94042784:T>G	p.D1102A	missense	1102.0	VUS	25.686888086309033	25.686888086309033			global_fdr	3
ABCA4_d44c1d2d4b8b655f	165	3	0	0.018181818181818188	0.0009690852602943778	0.013141393661499023	1	chr1:94025030:C>G	p.E1520Q	missense	1520.0	P/LP	25.792386765854292	25.792386765854292			global_fdr	3
ABCA4_d4dd32cd7926314b	165	3	0	0.018181818181818188	0.0009777829982340336	0.014569401741027832	1	chr1:94077716:G>C	p.L510V	missense	510.0	VUS	16.216654239961766	16.216654239961766			global_fdr	3
ABCA4_d5721b161711111a	165	3	0	0.018181818181818188	0.000908761634491384	0.0118560791015625	1	chr1:94108713:C>A	p.L102F	missense	102.0	VUS	16.125561457920355	16.125561457920355			global_fdr	3
ABCA4_d6e0208598e812ac	165	3	0	0.018181818181818188	0.0012814333895221353	0.016954272985458374	1	chr1:94120980:C>A	p.K22N	missense	22.0	P/LP	35.37547791340749	35.37547791340749			global_fdr	3
ABCA4_e03a910ca5ab69fa	165	3	0	0.018181818181818188	0.0006963115301914513	0.008790776133537292	1	chr1:94031876:G>C	p.L1344V	missense	1344.0	B/LB	16.225372337428926	16.225372337428926			global_fdr	3
ABCA4_e081bda63a757a11	165	3	0	0.018181818181818188	0.0009097862057387829	0.011584609746932983	1	chr1:94111537:G>C	p.P68R	missense	68.0	P/LP	25.789145945329025	25.789145945329025			global_fdr	3
ABCA4_e523507f1ce0b60e	165	3	0	0.018181818181818188	0.0010262781288474798	0.0128251314163208	1	chr1:94021865:C>T	p.R1585Q	missense	1585.0	VUS	10.423514717865569	10.423514717865569			global_fdr	3
ABCA4_e5e1ee3ade5cd8d8	163	2	1	0.018292682926829285	0.0007340425509028137	0.008384019136428833	1	chr1:94103128:T>C	p.I153V	missense	153.0	VUS	17.37706026624292	17.37706026624292			global_fdr	3
ABCA4_e7b93de4144aa1cd	165	3	0	0.018181818181818188	0.0007109603029675782	0.01024472713470459	1	chr1:94037252:T>C	p.K1236E	missense	1236.0	VUS	21.428003879432175	21.428003879432175			global_fdr	3
ABCA4_eb121c986dd971f0	163	2	1	0.018292682926829285	0.0007085878169164062	0.009396761655807495	1	chr1:94014671:T>C	p.M1778V	missense	1778.0	P/LP	23.96427436475923	23.96427436475923			global_fdr	3
ABCA4_ecd5870c70989f51	161	1	2	0.018404907975460127	0.0016770514193922281	0.02363717555999756	1	chr1:94080570:G>C	p.S336C	missense	336.0	P/LP	27.219651301551885	27.219651301551885			global_fdr	3
ABCA4_ed5a060d3660972a	165	3	0	0.018181818181818188	0.001096966559998691	0.01373174786567688	1	chr1:94047045:A>G	p.V931A	missense	931.0	Conflicting	24.749449437860697	24.749449437860697			global_fdr	3
ABCA4_ee306d6b1f40c8e1	165	3	0	0.018181818181818188	0.0008282780763693154	0.01130586862564087	1	chr1:94040105:T>C	p.K1182R	missense	1182.0	VUS	12.555244486398697	12.555244486398697			global_fdr	3
ABCA4_f0de717159f56423	165	3	0	0.018181818181818188	0.0010709064081311226	0.014859527349472046	1	chr1:94112999:G>A	p.A45V	missense	45.0	VUS	18.2539236377687	18.2539236377687			global_fdr	3
ABCA4_f1a7eef364940bb2	165	3	0	0.018181818181818188	0.0012590618571266532	0.015007376670837402	1	chr1:94044698:C>T	p.V989I	missense	989.0	VUS	13.750364229303864	13.750364229303864			global_fdr	3
ABCA4_f21c9a18682948fd	165	3	0	0.018181818181818188	0.0009003766463138163	0.013335108757019043	1	chr1:94042796:C>T	p.R1098H	missense	1098.0	Conflicting	22.415583675958786	22.415583675958786			global_fdr	3
ABCA4_f594064b119dd815	165	3	0	0.018181818181818188	0.0008500173571519554	0.010736703872680664	1	chr1:94041303:G>T	p.T1143N	missense	1143.0	VUS	23.382348109877682	23.382348109877682			global_fdr	3
ABCA4_f5ac9b735cf571fe	165	3	0	0.018181818181818188	0.0009049372747540474	0.012897789478302002	1	chr1:94060655:C>T	p.R681Q	missense	681.0	Conflicting	22.62928741330553	22.62928741330553			global_fdr	3
ABCA4_f5d9e89b78024107	165	3	0	0.018181818181818188	0.0005220245802775025	0.00701451301574707	1	chr1:94098988:C>T	p.A192T	missense	192.0	Conflicting	20.383032340432436	20.383032340432436			global_fdr	3
ABCA4_f73884185e20f90d	165	3	0	0.018181818181818188	0.0007917229668237269	0.009518355131149292	1	chr1:94008257:C>T	p.C1959Y	missense	1959.0	VUS	26.27112455132449	26.27112455132449			global_fdr	3
ABCA4_f8d93428cf7c448f	165	3	0	0.018181818181818188	0.0006746624130755663	0.010420382022857666	1	chr1:94031910:C>A	p.Q1332H	missense	1332.0	VUS	9.123736800289096	9.123736800289096			global_fdr	3
ABCA4_fadbe4d0843588ca	161	1	2	0.018404907975460127	0.0008382318774238229	0.010575592517852783	1	chr1:94042808:G>T	p.P1094H	missense	1094.0	P/LP	29.41260359558555	29.41260359558555			global_fdr	3
ABCA4_fb4c6a1a7b1217e3	165	3	0	0.018181818181818188	0.0011698168236762285	0.014017254114151001	1	chr1:94098845:C>A	p.W239C	missense	239.0	VUS	25.0943540315763	25.0943540315763			global_fdr	3
ABCA4_fbe30b97bbbe0cfa	163	2	1	0.018292682926829285	0.0007602886762470007	0.010441958904266357	1	chr1:94031029:G>A	p.P1407L	missense	1407.0	Conflicting	25.953510775720403	25.953510775720403			global_fdr	3
ABCA4_fd08e913811496e1	165	3	0	0.018181818181818188	0.0009765353752300143	0.011264890432357788	1	chr1:94024998:G>C	p.I1530M	missense	1530.0	VUS	17.519122701493263	17.519122701493263			global_fdr	3
ABCA4_fd1596ead60e94d2	165	3	0	0.018181818181818188	0.0009132671402767301	0.011987686157226562	1	chr1:94121045:T>A	p.M1L	missense	1.0	P/LP	28.13605477384644	28.13605477384644			global_fdr	3
ABCA4_feab594f890e2b1e	163	2	1	0.018292682926829285	0.001063783187419176	0.014016389846801758	1	chr1:94011321:C>T	p.G1842D	missense	1842.0	VUS	31.338624999540148	31.338624999540148			global_fdr	3
ABCA4_022705d3f2b6bda6	164	2	0	0.012195121951219523	0.0006845123134553432	0.008610457181930542	1	chr1:94021337:C>T	p.A1641T	missense	1641.0	VUS	17.88622477506434	17.88622477506434			global_fdr	2
ABCA4_02fa8a7037b0420b	162	1	1	0.012269938650306789	0.000996724353171885	0.011135697364807129	1	chr1:94079432:G>T	p.L377M	missense	377.0	VUS	17.737952307677098	17.737952307677098			global_fdr	2
ABCA4_062c8432631658f1	164	2	0	0.012195121951219523	0.0008106219465844333	0.01031520962715149	1	chr1:94037228:C>T	p.A1244T	missense	1244.0	VUS	22.779435048933227	22.779435048933227			global_fdr	2
ABCA4_067b43a7502ccb9b	164	2	0	0.012195121951219523	0.0008721370249986649	0.0088576078414917	1	chr1:94062692:A>G	p.F608L	missense	608.0	P/LP	26.428839718779006	26.428839718779006			global_fdr	2
ABCA4_0727c192efa76c5b	164	2	0	0.012195121951219523	0.0009788312017917633	0.010712921619415283	1	chr1:94111525:C>A	p.G72V	missense	72.0	P/LP	34.276602012355774	34.276602012355774			global_fdr	2
ABCA4_08a12ea61c667c61	164	2	0	0.012195121951219523	0.0010595879284664989	0.011097341775894165	1	chr1:94007717:A>T	p.N1974K	missense	1974.0	VUS	14.996548195459043	14.996548195459043			global_fdr	2
ABCA4_0a759241d1987a17	164	2	0	0.012195121951219523	0.0010995472548529506	0.013279318809509277	1	chr1:94011334:G>C	p.H1838D	missense	1838.0	P/LP	30.901921781382104	30.901921781382104			global_fdr	2
ABCA4_0df043e6613c813e	162	1	1	0.012269938650306789	0.0005546826869249344	0.007749766111373901	1	chr1:94021358:C>A	p.A1634S	missense	1634.0	VUS	22.318704694719372	22.318704694719372			global_fdr	2
ABCA4_0e2aed696a221435	164	2	0	0.012195121951219523	0.0009245176333934069	0.010499119758605957	1	chr1:94098991:A>T	p.F191I	missense	191.0	VUS	23.796342645123268	23.796342645123268			global_fdr	2
ABCA4_0e8599e576bd3330	164	2	0	0.012195121951219523	0.0007976794149726629	0.012084394693374634	1	chr1:94037257:G>A	p.P1234L	missense	1234.0	Conflicting	28.79503049504204	28.79503049504204			global_fdr	2
ABCA4_0f58bab53aec7a2b	164	2	0	0.012195121951219523	0.000839425134472549	0.009716570377349854	1	chr1:94037203:T>A	p.E1252V	missense	1252.0	VUS	22.700722340215385	22.700722340215385			global_fdr	2
ABCA4_11d275134536d8f6	164	2	0	0.012195121951219523	0.001102973474189639	0.012150466442108154	1	chr1:94041249:C>T	p.R1161H	missense	1161.0	P/LP	23.941376422827446	23.941376422827446			global_fdr	2
ABCA4_15de4fdadc088b94	164	2	0	0.012195121951219523	0.0008193023968487978	0.010145306587219238	1	chr1:94031024:T>C	p.I1409V	missense	1409.0	P/LP	20.1794257728071	20.1794257728071			global_fdr	2
ABCA4_1623b841a75554c8	162	1	1	0.012269938650306789	0.0007666766759939492	0.010871782898902893	1	chr1:94040075:A>G	p.V1192A	missense	1192.0	VUS	7.340724329836933	7.340724329836933			global_fdr	2
ABCA4_172c2652e811a905	164	2	0	0.012195121951219523	0.0009288491564802825	0.012240886688232422	1	chr1:94077784:C>G	p.R487P	missense	487.0	VUS	2.9442070496575083	2.9442070496575083			global_fdr	2
ABCA4_1ead1ba76ed927d3	164	2	0	0.012195121951219523	0.0012427280889824033	0.014321655035018921	1	chr1:94044731:C>T	p.G978S	missense	978.0	P/LP	24.47692024620343	24.47692024620343			global_fdr	2
ABCA4_2148891e4f40368f	164	2	0	0.012195121951219523	0.0012736362405121326	0.013935863971710205	1	chr1:94062608:G>T	p.Q636K	missense	636.0	P/LP	28.222349738617844	28.222349738617844			global_fdr	2
ABCA4_242c14309234eeaa	164	2	0	0.012195121951219523	0.0008057810482569039	0.009831368923187256	1	chr1:94062703:A>C	p.I604S	missense	604.0	VUS	24.556602823487506	24.556602823487506			global_fdr	2
ABCA4_25351d8f8eaf45a1	162	1	1	0.012269938650306789	0.0006874798564240336	0.008467316627502441	1	chr1:94010849:A>T	p.Y1889N	missense	1889.0	VUS	25.033215204140436	25.033215204140436			global_fdr	2
ABCA4_28323f90816d80db	164	2	0	0.012195121951219523	0.000928655092138797	0.01145520806312561	1	chr1:94007658:C>G	p.G1994A	missense	1994.0	P/LP	26.28849063832677	26.28849063832677			global_fdr	2
ABCA4_2870802540f29354	164	2	0	0.012195121951219523	0.0008624672191217542	0.00913459062576294	2	chr1:94041347:G>C;chr1:94041347:G>T	p.D1128E	missense	1128.0	P/LP	24.67404293891363	24.6818267509876			global_fdr	2
ABCA4_29385dd9f8716dfd	164	2	0	0.012195121951219523	0.0007565870764665306	0.00915178656578064	1	chr1:94077707:C>T	p.V513I	missense	513.0	VUS	17.364329383054503	17.364329383054503			global_fdr	2
ABCA4_2c348bd531d84d16	162	1	1	0.012269938650306789	0.0008176398114301264	0.011303186416625977	1	chr1:94062629:G>C	p.P629A	missense	629.0	VUS	20.162113580470983	20.162113580470983			global_fdr	2
ABCA4_2ee24254b212555b	164	2	0	0.012195121951219523	0.0011335426243022084	0.0169527530670166	1	chr1:94019607:C>G	p.W1724S	missense	1724.0	VUS	26.739902527596797	26.739902527596797			global_fdr	2
ABCA4_2fcf02133069eadc	162	1	1	0.012269938650306789	0.0007974935579113662	0.013510435819625854	1	chr1:94062679:T>G	p.Q612P	missense	612.0	P/LP	27.602303485015774	27.602303485015774			global_fdr	2
ABCA4_32c40ffa6b342f6e	164	2	0	0.012195121951219523	0.0006540690665133297	0.007847428321838379	1	chr1:94056747:T>C	p.M746V	missense	746.0	VUS	20.67804444225436	20.67804444225436			global_fdr	2
ABCA4_380832b477dc84b2	164	2	0	0.012195121951219523	0.0006959061720408499	0.012180954217910767	1	chr1:94062613:A>G	p.L634P	missense	634.0	VUS	27.241815513747817	27.241815513747817			global_fdr	2
ABCA4_39e3cb084950d35b	164	2	0	0.012195121951219523	0.000525238923728466	0.009072333574295044	1	chr1:94060668:C>G	p.E677Q	missense	677.0	P/LP	23.969242929826052	23.969242929826052			global_fdr	2
ABCA4_3be05f443efe68a0	164	2	0	0.012195121951219523	0.0008347994880750775	0.012983441352844238	1	chr1:94015838:C>T	p.S1738N	missense	1738.0	VUS	25.880715508939616	25.880715508939616			global_fdr	2
ABCA4_3ebf288c8a7382dc	164	2	0	0.012195121951219523	0.0007989259902387857	0.010190889239311218	1	chr1:94030522:C>G	p.D1420H	missense	1420.0	P/LP	29.66537735569451	29.66537735569451			global_fdr	2
ABCA4_40afcf339f471797	164	2	0	0.012195121951219523	0.0007421734626404941	0.008184537291526794	1	chr1:94041394:T>C	p.I1113V	missense	1113.0	VUS	19.30694801840226	19.30694801840226			global_fdr	2
ABCA4_427dee503ea15960	164	2	0	0.012195121951219523	0.0009203696390613914	0.013518154621124268	1	chr1:94011315:C>T	p.G1844D	missense	1844.0	Conflicting	30.470391360867705	30.470391360867705			global_fdr	2
ABCA4_44c16bc293ec8885	164	2	0	0.012195121951219523	0.0013259528204798698	0.013903439044952393	1	chr1:94055212:G>A	p.T829M	missense	829.0	Conflicting	13.608423261785763	13.608423261785763			global_fdr	2
ABCA4_49476035f0c8144f	164	2	0	0.012195121951219523	0.0008817430934868753	0.012621045112609863	1	chr1:94021403:A>C	p.F1619V	missense	1619.0	VUS	32.62208502427952	32.62208502427952			global_fdr	2
ABCA4_4d1c0c4997ddc3b3	164	2	0	0.012195121951219523	0.0010878080502152443	0.011845499277114868	1	chr1:94042865:G>A	p.A1075V	missense	1075.0	P/LP	25.2202231603388	25.2202231603388			global_fdr	2
ABCA4_50c39efb777c3a51	162	1	1	0.012269938650306789	0.000819087668787688	0.014444172382354736	1	chr1:94056683:A>T	p.V767D	missense	767.0	P/LP	25.345060899634028	25.345060899634028			global_fdr	2
ABCA4_52931dde46762345	164	2	0	0.012195121951219523	0.0007439360488206148	0.011432766914367676	1	chr1:94108654:A>C	p.L122R	missense	122.0	VUS	21.626119461170866	21.626119461170866			global_fdr	2
ABCA4_52d5e2f50b551f9b	164	2	0	0.012195121951219523	0.0006579681648872793	0.01097114384174347	1	chr1:94042869:T>C	p.I1074V	missense	1074.0	VUS	15.339560590978712	15.339560590978712			global_fdr	2
ABCA4_53998f7a977c9761	164	2	0	0.012195121951219523	0.0006535488064400852	0.010319709777832031	1	chr1:94080692:G>C	p.D295E	missense	295.0	VUS	18.18530699107291	18.18530699107291			global_fdr	2
ABCA4_55ebbb87a2a163bb	164	2	0	0.012195121951219523	0.001023289980366826	0.014036893844604492	1	chr1:94021393:T>C	p.K1622R	missense	1622.0	VUS	24.011674225560633	24.011674225560633			global_fdr	2
ABCA4_55f85dcf940f07cc	164	2	0	0.012195121951219523	0.0014115034136921167	0.015325397253036499	1	chr1:94103115:A>C	p.L157W	missense	157.0	P/LP	24.49655844917055	24.49655844917055			global_fdr	2
ABCA4_56b68ad38ea89fb1	164	2	0	0.012195121951219523	0.0007191852782852948	0.009358823299407959	1	chr1:94063176:G>T	p.H566N	missense	566.0	VUS	22.66562308656725	22.66562308656725			global_fdr	2
ABCA4_56e59b01c594b94b	164	2	0	0.012195121951219523	0.0006678564241155982	0.008841395378112793	1	chr1:94043350:G>C	p.A1059G	missense	1059.0	VUS	24.77378015867028	24.77378015867028			global_fdr	2
ABCA4_5714fd03457b6f13	164	2	0	0.012195121951219523	0.0012757549993693829	0.015378952026367188	1	chr1:94055245:C>T	p.G818E	missense	818.0	P/LP	29.802201171017057	29.802201171017057			global_fdr	2
ABCA4_574d1c6d4cab04c4	164	2	0	0.012195121951219523	0.0009162683272734284	0.012824475765228271	1	chr1:94077743:C>A	p.D501Y	missense	501.0	VUS	22.06598009869782	22.06598009869782			global_fdr	2
ABCA4_57ca0505675c0703	162	1	1	0.012269938650306789	0.0007271451177075505	0.01181812584400177	1	chr1:94098916:A>G	p.F216L	missense	216.0	VUS	26.101495778755506	26.101495778755506			global_fdr	2
ABCA4_600b084bd2591083	162	1	1	0.012269938650306789	0.0013181125978007913	0.016480088233947754	1	chr1:94111508:T>G	p.N78H	missense	78.0	VUS	21.88262676621182	21.88262676621182			global_fdr	2
ABCA4_62b979732d03d001	164	2	0	0.012195121951219523	0.0009889701614156365	0.01156538724899292	1	chr1:94030512:C>T	p.G1423D	missense	1423.0	VUS	13.11312457883326	13.11312457883326			global_fdr	2
ABCA4_65785c8f3023f444	164	2	0	0.012195121951219523	0.0007018335745669901	0.009534448385238647	1	chr1:94041282:C>T	p.C1150Y	missense	1150.0	Conflicting	23.165888908821955	23.165888908821955			global_fdr	2
ABCA4_65fd0ae727d874e9	164	2	0	0.012195121951219523	0.0009581614867784083	0.011558711528778076	1	chr1:94031030:G>A	p.P1407S	missense	1407.0	P/LP	24.678936828576422	24.678936828576422			global_fdr	2
ABCA4_669ecfb983c5864c	164	2	0	0.012195121951219523	0.000750682142097503	0.010530054569244385	1	chr1:94047029:C>G	p.K936N	missense	936.0	VUS	32.29040835423926	32.29040835423926			global_fdr	2
ABCA4_66b42e28abf909b3	162	1	1	0.012269938650306789	0.0011131273349747062	0.014593005180358887	1	chr1:94062595:G>A	p.P640L	missense	640.0	P/LP	28.352702832554762	28.352702832554762			global_fdr	2
ABCA4_680c364aa07d48f8	164	2	0	0.012195121951219523	0.0008527976460754871	0.009870290756225586	1	chr1:94108649:G>C	p.R124G	missense	124.0	P/LP	19.798418602346782	19.798418602346782			global_fdr	2
ABCA4_7294f2a199b44134	162	1	1	0.012269938650306789	0.000842677487526089	0.010595947504043579	1	chr1:94077762:C>T	p.M494I	missense	494.0	VUS	11.405523688082509	11.405523688082509			global_fdr	2
ABCA4_7304969af5e53a91	164	2	0	0.012195121951219523	0.0011433529434725642	0.014582663774490356	1	chr1:94005469:C>A	p.R2040L	missense	2040.0	Other	26.59060942010345	26.59060942010345			global_fdr	2
ABCA4_7378f18905d428d4	164	2	0	0.012195121951219523	0.0007393797859549522	0.009607762098312378	1	chr1:94005476:G>A	p.R2038W	missense	2038.0	P/LP	21.390298221126336	21.390298221126336			global_fdr	2
ABCA4_73ee583ae8816b20	164	2	0	0.012195121951219523	0.0011709221871569753	0.014852136373519897	1	chr1:94023386:C>G	p.R1556T	missense	1556.0	P/LP	44.386786856929945	44.386786856929945			global_fdr	2
ABCA4_74e1a70aab925f71	164	2	0	0.012195121951219523	0.001108003780245781	0.013587266206741333	1	chr1:94056731:A>G	p.L751P	missense	751.0	VUS	25.164435013694817	25.164435013694817			global_fdr	2
ABCA4_7e259f5fb7710f02	162	1	1	0.012269938650306789	0.0008208654471673071	0.009655594825744629	1	chr1:94021369:A>G	p.F1630S	missense	1630.0	VUS	27.559296338359374	27.559296338359374			global_fdr	2
ABCA4_7e3860bc8dc04645	164	2	0	0.012195121951219523	0.0008433214970864356	0.011526167392730713	1	chr1:94043443:G>A	p.A1028V	missense	1028.0	VUS	23.703166802275003	23.703166802275003			global_fdr	2
ABCA4_7f1a44ad3a2dbd17	164	2	0	0.012195121951219523	0.000783418130595237	0.010631650686264038	1	chr1:94079341:G>A	p.A407V	missense	407.0	Other	10.20555671782793	10.20555671782793			global_fdr	2
ABCA4_8137389ffde61a55	164	2	0	0.012195121951219523	0.0009816385572776198	0.012163728475570679	1	chr1:94051669:A>G	p.F873L	missense	873.0	P/LP	26.581881302323417	26.581881302323417			global_fdr	2
ABCA4_86ab6eb38d8497e9	162	1	1	0.012269938650306789	0.0007128177676349878	0.010071247816085815	1	chr1:94044722:G>C	p.P981A	missense	981.0	P/LP	22.978888856445167	22.978888856445167			global_fdr	2
ABCA4_872348ea4ef639b8	164	2	0	0.012195121951219523	0.0007777010905556381	0.01098814606666565	1	chr1:94041222:C>G	p.R1170T	missense	1170.0	VUS	8.221541840025177	8.221541840025177			global_fdr	2
ABCA4_883939e26ee36fbd	164	2	0	0.012195121951219523	0.0005607176572084427	0.008877813816070557	1	chr1:94060563:T>C	p.I712V	missense	712.0	VUS	20.614034434771817	20.614034434771817			global_fdr	2
ABCA4_8e335001defc7063	164	2	0	0.012195121951219523	0.0012840429553762078	0.016550779342651367	1	chr1:94014676:G>A	p.P1776L	missense	1776.0	P/LP	30.96062195504134	30.96062195504134			global_fdr	2
ABCA4_90347e5eda769c09	162	1	1	0.012269938650306789	0.0009955897694453597	0.012906283140182495	1	chr1:94044646:C>A	p.G1006V	missense	1006.0	VUS	31.76550097169531	31.76550097169531			global_fdr	2
ABCA4_937d3aaad36295db	164	2	0	0.012195121951219523	0.0010439822217449546	0.013518989086151123	1	chr1:94056689:C>G	p.S765T	missense	765.0	P/LP	22.829600821208533	22.829600821208533			global_fdr	2
ABCA4_94652adf82c7bb0d	164	2	0	0.012195121951219523	0.0007578274235129356	0.008135765790939331	1	chr1:94046985:A>G	p.I951T	missense	951.0	P/LP	25.696583342072778	25.696583342072778			global_fdr	2
ABCA4_9547b9c68e2472f3	164	2	0	0.012195121951219523	0.0009167312528006732	0.010227590799331665	1	chr1:94083372:T>A	p.M280L	missense	280.0	Conflicting	5.01052218444033	5.01052218444033			global_fdr	2
ABCA4_96931cf5d405cab3	162	1	1	0.012269938650306789	0.00090520188678056	0.011970043182373047	1	chr1:94051678:G>A	p.P870S	missense	870.0	Conflicting	23.362483487116084	23.362483487116084			global_fdr	2
ABCA4_969b6eb85471f58c	164	2	0	0.012195121951219523	0.0008181572193279862	0.010060667991638184	1	chr1:94032034:T>A	p.Q1291L	missense	1291.0	VUS	13.736475384773017	13.736475384773017			global_fdr	2
ABCA4_96f47be0354a296f	164	2	0	0.012195121951219523	0.0007945034303702414	0.00915437936782837	1	chr1:94029445:C>G	p.Q1513H	missense	1513.0	VUS	35.383517924625124	35.383517924625124			global_fdr	2
ABCA4_97d968f486040572	164	2	0	0.012195121951219523	0.0005498467944562435	0.0067931413650512695	1	chr1:94021705:T>C	p.T1595A	missense	1595.0	VUS	20.533298949014586	20.533298949014586			global_fdr	2
ABCA4_9f39ccb764b7a120	164	2	0	0.012195121951219523	0.0006990309921093285	0.011235162615776062	1	chr1:94062626:C>T	p.V630I	missense	630.0	B/LB	1.2139378527604414	1.2139378527604414			global_fdr	2
ABCA4_a487e502aa516fe2	164	2	0	0.012195121951219523	0.0008908864692784846	0.013562768697738647	1	chr1:94021905:T>A	p.T1572S	missense	1572.0	Other	13.99201605862153	13.99201605862153			global_fdr	2
ABCA4_a59781e2f2cf6c1e	164	2	0	0.012195121951219523	0.000841516419313848	0.009276032447814941	1	chr1:94060544:A>T	p.F718Y	missense	718.0	VUS	21.931458253672336	21.931458253672336			global_fdr	2
ABCA4_a8219b47f0150a56	164	2	0	0.012195121951219523	0.0009159886976704001	0.0133514404296875	1	chr1:94042829:T>C	p.E1087G	missense	1087.0	P/LP	27.59292427482975	27.59292427482975			global_fdr	2
ABCA4_a95eb7c6fa776c70	164	2	0	0.012195121951219523	0.0008430630550719798	0.011558890342712402	1	chr1:94111510:A>T	p.V77E	missense	77.0	Other	22.58549993657233	22.58549993657233			global_fdr	2
ABCA4_aa09a9663a5b29b1	164	2	0	0.012195121951219523	0.0008995805401355028	0.011554718017578125	1	chr1:94121010:C>G	p.W12C	missense	12.0	VUS	26.79140657373673	26.79140657373673			global_fdr	2
ABCA4_ae76238892fa1573	164	2	0	0.012195121951219523	0.0009998929454013705	0.01219850778579712	1	chr1:94060752:T>A	p.I649F	missense	649.0	VUS	20.700586017633675	20.700586017633675			global_fdr	2
ABCA4_b1946ff63e64d711	164	2	0	0.012195121951219523	0.0008967393077909946	0.010089248418807983	1	chr1:94055176:T>G	p.Q841P	missense	841.0	P/LP	21.769817686026705	21.769817686026705			global_fdr	2
ABCA4_b3b2f63459cc26b0	164	2	0	0.012195121951219523	0.0008980605052784085	0.011849045753479004	1	chr1:94021358:C>T	p.A1634T	missense	1634.0	VUS	22.283133077392737	22.283133077392737			global_fdr	2
ABCA4_b50864e1f37ed202	162	1	1	0.012269938650306789	0.0012824222212657332	0.017221510410308838	1	chr1:94121014:A>G	p.L11P	missense	11.0	P/LP	25.77170673723188	25.77170673723188			global_fdr	2
ABCA4_baf804ed2530f396	164	2	0	0.012195121951219523	0.0008141720900312066	0.011795759201049805	1	chr1:94044733:G>C	p.T977R	missense	977.0	P/LP	26.566120835311327	26.566120835311327			global_fdr	2
ABCA4_bc07944e46cd633b	164	2	0	0.012195121951219523	0.000884094275534153	0.0111522376537323	1	chr1:94010872:G>T	p.A1881D	missense	1881.0	P/LP	30.722480855995123	30.722480855995123			global_fdr	2
ABCA4_bdd110dcb1fabe5a	164	2	0	0.012195121951219523	0.001283542369492352	0.013900697231292725	1	chr1:94063298:A>C	p.F525C	missense	525.0	P/LP	26.09580301601623	26.09580301601623			global_fdr	2
ABCA4_bfa36f84082b6e14	164	2	0	0.012195121951219523	0.0010134741896763444	0.010269641876220703	1	chr1:94029449:G>T	p.P1512H	missense	1512.0	VUS	22.63963805033776	22.63963805033776			global_fdr	2
ABCA4_bfbb92e26b44f4fe	164	2	0	0.012195121951219523	0.0005746528622694314	0.007496654987335205	1	chr1:94062653:T>C	p.R621G	missense	621.0	B/LB	16.336263369086453	16.336263369086453			global_fdr	2
ABCA4_c0db17c3f6eb75e4	162	1	1	0.012269938650306789	0.0008612965466454625	0.012664556503295898	2	chr1:94021332:G>C;chr1:94021332:G>T	p.S1642R	missense	1642.0	Mixed	18.0348158211636	18.458824715930163			global_fdr	2
ABCA4_c1b4ddc5d5cfbf12	164	2	0	0.012195121951219523	0.0009255629265680909	0.012460678815841675	1	chr1:94078595:T>G	p.I451L	missense	451.0	VUS	16.412309333315253	16.412309333315253			global_fdr	2
ABCA4_c315971a3afc6508	162	1	1	0.012269938650306789	0.0011115171946585178	0.012939438223838806	1	chr1:94046928:G>A	p.T970I	missense	970.0	P/LP	31.303186513526118	31.303186513526118			global_fdr	2
ABCA4_c49b460cc396b5f5	164	2	0	0.012195121951219523	0.0011669779196381569	0.014106780290603638	1	chr1:94007710:C>A	p.G1977C	missense	1977.0	P/LP	30.009644422783076	30.009644422783076			global_fdr	2
ABCA4_c535c20c2f38b5be	164	2	0	0.012195121951219523	0.0007585259736515582	0.00976058840751648	1	chr1:94043383:T>C	p.D1048G	missense	1048.0	VUS	22.7922176796627	22.7922176796627			global_fdr	2
ABCA4_c68a762d87c433f6	164	2	0	0.012195121951219523	0.0008913908968679607	0.011328279972076416	1	chr1:94077706:A>T	p.V513D	missense	513.0	VUS	21.100321997915263	21.100321997915263			global_fdr	2
ABCA4_c694a3373bec7460	164	2	0	0.012195121951219523	0.0010815132409334183	0.013922005891799927	1	chr1:94005469:C>T	p.R2040Q	missense	2040.0	P/LP	23.404401025335627	23.404401025335627			global_fdr	2
ABCA4_c6bf6adea6f449f1	164	2	0	0.012195121951219523	0.0007590401801280677	0.008714377880096436	1	chr1:94031006:T>G	p.T1415P	missense	1415.0	P/LP	24.762992734679802	24.762992734679802			global_fdr	2
ABCA4_c7cd33455502ff2c	164	2	0	0.012195121951219523	0.00080685323337093	0.010607987642288208	1	chr1:94062632:C>T	p.A628T	missense	628.0	VUS	5.017592239507255	5.017592239507255			global_fdr	2
ABCA4_c8cb0644d3a50ffd	162	1	1	0.012269938650306789	0.0009271706803701818	0.00940212607383728	1	chr1:94079363:A>G	p.Y400H	missense	400.0	VUS	23.740307847114433	23.740307847114433			global_fdr	2
ABCA4_c9876e765e10e2e2	164	2	0	0.012195121951219523	0.0011355769820511341	0.01653134822845459	1	chr1:94021713:C>T	p.G1592D	missense	1592.0	Conflicting	24.245047452016344	24.245047452016344			global_fdr	2
ABCA4_cd74c380cddd2a10	164	2	0	0.012195121951219523	0.0009497756836935878	0.012931734323501587	1	chr1:94111574:A>T	p.F56I	missense	56.0	VUS	29.58394104459911	29.58394104459911			global_fdr	2
ABCA4_ce054312ac122fb6	164	2	0	0.012195121951219523	0.0008272171835415065	0.01196068525314331	1	chr1:94042789:G>C	p.I1100M	missense	1100.0	P/LP	23.710156016461998	23.710156016461998			global_fdr	2
ABCA4_cfa13780499b993f	164	2	0	0.012195121951219523	0.0008051805780269206	0.010389477014541626	1	chr1:94037293:A>G	p.V1222A	missense	1222.0	VUS	22.759989250742155	22.759989250742155			global_fdr	2
ABCA4_d49643e88f9a5f53	164	2	0	0.012195121951219523	0.0009667302947491407	0.011882215738296509	1	chr1:94056773:A>G	p.L737S	missense	737.0	P/LP	24.94034499731636	24.94034499731636			global_fdr	2
ABCA4_d64e217fe5ff0ddd	162	1	1	0.012269938650306789	0.0009012810187414289	0.011584818363189697	1	chr1:94060737:A>G	p.C654R	missense	654.0	VUS	25.7971050079397	25.7971050079397			global_fdr	2
ABCA4_d700de3f0b76b2c0	164	2	0	0.012195121951219523	0.0006002631271257997	0.009220540523529053	1	chr1:94029578:T>G	p.N1469T	missense	1469.0	VUS	16.818845139160963	16.818845139160963			global_fdr	2
ABCA4_d8cb2a58f9769a4e	164	2	0	0.012195121951219523	0.0012056698324158788	0.011069118976593018	1	chr1:94056629:C>T	p.R785H	missense	785.0	VUS	10.616790424675687	10.616790424675687			global_fdr	2
ABCA4_db2f09d7dbb8a5dd	164	2	0	0.012195121951219523	0.000701682292856276	0.009287506341934204	1	chr1:94063174:G>C	p.H566Q	missense	566.0	P/LP	20.121221702074106	20.121221702074106			global_fdr	2
ABCA4_db76ca94149fe253	164	2	0	0.012195121951219523	0.0009318655938841403	0.010500222444534302	1	chr1:94031080:A>G	p.L1390P	missense	1390.0	Conflicting	25.422498974519492	25.422498974519492			global_fdr	2
ABCA4_e0ee64b53b070dec	164	2	0	0.012195121951219523	0.0010482872603461146	0.01469874382019043	1	chr1:94056656:T>C	p.H776R	missense	776.0	VUS	24.143260601096355	24.143260601096355			global_fdr	2
ABCA4_e6b81784aa79d911	162	1	1	0.012269938650306789	0.0008808436105027795	0.008873552083969116	1	chr1:94029588:C>A	p.V1466L	missense	1466.0	VUS	20.564670297433857	20.564670297433857			global_fdr	2
ABCA4_e8297d9ac74dbbb1	164	2	0	0.012195121951219523	0.0008525842567905784	0.008954346179962158	1	chr1:94080481:T>A	p.T366S	missense	366.0	VUS	16.025183111754885	16.025183111754885			global_fdr	2
ABCA4_e946941eeb9208f5	164	2	0	0.012195121951219523	0.0010153526673093438	0.013214677572250366	1	chr1:94014637:C>T	p.S1789N	missense	1789.0	P/LP	28.0956284684873	28.0956284684873			global_fdr	2
ABCA4_eb32db7be3b4c28e	164	2	0	0.012195121951219523	0.001378192682750523	0.01603001356124878	1	chr1:94021310:C>T	p.E1650K	missense	1650.0	VUS	21.599475314128505	21.599475314128505			global_fdr	2
ABCA4_eb5f154a3c8f2c2b	164	2	0	0.012195121951219523	0.0006442235317081213	0.006491333246231079	1	chr1:94011324:A>T	p.L1841Q	missense	1841.0	P/LP	27.23290887341028	27.23290887341028			global_fdr	2
ABCA4_ee00bd8cfc065238	164	2	0	0.012195121951219523	0.001514391740784049	0.017224907875061035	1	chr1:94098798:C>T	p.R255H	missense	255.0	Conflicting	3.249137243688569	3.249137243688569			global_fdr	2
ABCA4_eec0a187075b27f1	164	2	0	0.012195121951219523	0.0011091242777183652	0.01596084237098694	1	chr1:94043435:T>C	p.K1031E	missense	1031.0	Other	24.857491771262104	24.857491771262104			global_fdr	2
ABCA4_ef6b69bd258bc55b	164	2	0	0.012195121951219523	0.0009009079076349735	0.011887848377227783	1	chr1:94111561:G>A	p.A60V	missense	60.0	P/LP	26.830657800843078	26.830657800843078			global_fdr	2
ABCA4_f0d626b37dd25519	164	2	0	0.012195121951219523	0.0008479494717903435	0.010020285844802856	1	chr1:94060575:T>C	p.M708V	missense	708.0	VUS	21.73351245133549	21.73351245133549			global_fdr	2
ABCA4_f270eaebd9e81578	164	2	0	0.012195121951219523	0.001166161964647472	0.010618209838867188	1	chr1:94111517:A>C	p.C75G	missense	75.0	P/LP	29.898737260141846	29.898737260141846			global_fdr	2
ABCA4_f2e43380fd8a5672	162	1	1	0.012269938650306789	0.0006182707147672772	0.008122265338897705	1	chr1:94007697:G>C	p.T1981R	missense	1981.0	P/LP	28.57606352757912	28.57606352757912			global_fdr	2
ABCA4_f324f7510580fa56	162	1	1	0.012269938650306789	0.000820833956822753	0.01242278516292572	1	chr1:94040052:C>G	p.V1200L	missense	1200.0	VUS	20.84020202257127	20.84020202257127			global_fdr	2
ABCA4_f41df1017a4963de	164	2	0	0.012195121951219523	0.0010421436745673418	0.01158052682876587	1	chr1:94019657:G>T	p.N1707K	missense	1707.0	VUS	15.892281067046977	15.892281067046977			global_fdr	2
ABCA4_f7e1c65c8a34ecc9	164	2	0	0.012195121951219523	0.0007305281469598413	0.00974777340888977	1	chr1:94031966:G>T	p.P1314T	missense	1314.0	VUS	4.120536897570978	4.120536897570978			global_fdr	2
ABCA4_f7e8026746912833	162	1	1	0.012269938650306789	0.0011402523377910256	0.013705790042877197	1	chr1:94037339:C>T	p.E1207K	missense	1207.0	VUS	22.57968231884171	22.57968231884171			global_fdr	2
ABCA4_f807cadf444273c8	164	2	0	0.012195121951219523	0.0008726202649995685	0.010300636291503906	1	chr1:94048868:C>T	p.D915N	missense	915.0	P/LP	29.43686528687821	29.43686528687821			global_fdr	2
ABCA4_ffdcca0fb484be75	164	2	0	0.012195121951219523	0.0013792007230222225	0.01603829860687256	1	chr1:94056720:A>C	p.F755V	missense	755.0	P/LP	24.8043473800917	24.8043473800917			global_fdr	2
ABCA4_005d9c17507c7622	163	1	0	0.006134969325153339	0.0011274501448497176	0.017430126667022705	1	chr1:94062691:A>T	p.F608Y	missense	608.0	Other	24.57890801598388	24.57890801598388			global_fdr	1
ABCA4_00de87874914e072	163	1	0	0.006134969325153339	0.0008284963550977409	0.010723888874053955	1	chr1:94019650:T>G	p.K1710Q	missense	1710.0	Conflicting	21.056158382571397	21.056158382571397			global_fdr	1
ABCA4_012768fcf69da85e	163	1	0	0.006134969325153339	0.0017194862011820078	0.022301286458969116	1	chr1:94060736:C>T	p.C654Y	missense	654.0	VUS	24.720953333087824	24.720953333087824			global_fdr	1
ABCA4_055252ad72d8ac69	163	1	0	0.006134969325153339	0.0010331545490771532	0.014894276857376099	1	chr1:94062721:A>C	p.V598G	missense	598.0	VUS	22.04561718307632	22.04561718307632			global_fdr	1
ABCA4_08cdc541f5a3a024	163	1	0	0.006134969325153339	0.0010371780954301357	0.014488756656646729	1	chr1:94080618:G>C	p.S320C	missense	320.0	VUS	23.416492758861033	23.416492758861033			global_fdr	1
ABCA4_09af3c37ab2cde8b	163	1	0	0.006134969325153339	0.000950810092035681	0.012244626879692078	1	chr1:94108600:C>G	p.R140P	missense	140.0	VUS	17.887832044283613	17.887832044283613			global_fdr	1
ABCA4_12d0c94a44657c51	161	0	1	0.006172839506172867	0.000684079946950078	0.009058505296707153	1	chr1:94005557:G>A	p.H2011Y	missense	2011.0	VUS	23.89061025927272	23.89061025927272			global_fdr	1
ABCA4_196e5a4a508599ed	163	1	0	0.006134969325153339	0.0008426122949458659	0.011986315250396729	1	chr1:94029464:C>G	p.G1507A	missense	1507.0	P/LP	24.754474876371283	24.754474876371283			global_fdr	1
ABCA4_19e3883617be6f00	163	1	0	0.006134969325153339	0.0010021075140684843	0.013421982526779175	1	chr1:94078604:T>C	p.M448V	missense	448.0	P/LP	28.99861507736681	28.99861507736681			global_fdr	1
ABCA4_1c798dd1125964d0	163	1	0	0.006134969325153339	0.0009285662672482431	0.012344300746917725	1	chr1:94055220:G>T	p.N826K	missense	826.0	VUS	1.527156041042402	1.527156041042402			global_fdr	1
ABCA4_1dd9214de11ee557	163	1	0	0.006134969325153339	0.0008819403010420501	0.0106106698513031	1	chr1:94037285:T>A	p.I1225F	missense	1225.0	VUS	17.116288725193392	17.116288725193392			global_fdr	1
ABCA4_1e2790c8f73f0657	163	1	0	0.006134969325153339	0.0006539695314131677	0.00927560031414032	1	chr1:94040090:G>T	p.T1187K	missense	1187.0	VUS	13.304963522614283	13.304963522614283			global_fdr	1
ABCA4_1ef63ac27470833e	163	1	0	0.006134969325153339	0.0006979898316785693	0.008594870567321777	1	chr1:94098885:C>T	p.R226H	missense	226.0	Conflicting	13.311656242224533	13.311656242224533			global_fdr	1
ABCA4_231867199328e4f2	163	1	0	0.006134969325153339	0.0007288888446055353	0.009007185697555542	1	chr1:94008827:T>A	p.D1920V	missense	1920.0	VUS	24.943575874432362	24.943575874432362			global_fdr	1
ABCA4_24a2e5677073f36a	163	1	0	0.006134969325153339	0.0007140898378565907	0.008618831634521484	1	chr1:94098802:A>G	p.F254L	missense	254.0	VUS	23.790762286093955	23.790762286093955			global_fdr	1
ABCA4_26ed4cb8124f68d3	163	1	0	0.006134969325153339	0.0006492439424619079	0.00835070013999939	1	chr1:94062668:C>T	p.E616K	missense	616.0	P/LP	28.85606481164148	28.85606481164148			global_fdr	1
ABCA4_27e84369a0efe7fd	163	1	0	0.006134969325153339	0.0005211011157371104	0.008305802941322327	1	chr1:94046961:G>A	p.T959I	missense	959.0	P/LP	29.18230533227066	29.18230533227066			global_fdr	1
ABCA4_29db00fac6aab71d	163	1	0	0.006134969325153339	0.0008798408671282232	0.015113979578018188	1	chr1:94036781:A>C	p.L1274R	missense	1274.0	VUS	24.171713386543175	24.171713386543175			global_fdr	1
ABCA4_2a87964d198d66b5	161	0	1	0.006172839506172867	0.0007341179298236966	0.00856637954711914	1	chr1:94042826:G>A	p.P1088L	missense	1088.0	P/LP	27.92007090810162	27.92007090810162			global_fdr	1
ABCA4_2b9115346d115640	163	1	0	0.006134969325153339	0.0007764652837067842	0.009483635425567627	1	chr1:94063236:T>G	p.M546L	missense	546.0	VUS	16.55717226753805	16.55717226753805			global_fdr	1
ABCA4_2ccbf199882c9f0f	163	1	0	0.006134969325153339	0.0010118422796949744	0.011093437671661377	1	chr1:94031018:C>A	p.G1411W	missense	1411.0	VUS	24.375145469319364	24.375145469319364			global_fdr	1
ABCA4_2eca492f00a05f14	163	1	0	0.006134969325153339	0.0007950742146931589	0.00809013843536377	1	chr1:94005505:G>C	p.T2028R	missense	2028.0	VUS	25.130391788577427	25.130391788577427			global_fdr	1
ABCA4_2f14d8800299897b	163	1	0	0.006134969325153339	0.0008728516404516995	0.010106205940246582	1	chr1:94043432:C>G	p.G1032R	missense	1032.0	P/LP	25.00501389771548	25.00501389771548			global_fdr	1
ABCA4_3b34f669b61f895e	163	1	0	0.006134969325153339	0.0006385174347087741	0.008156567811965942	1	chr1:94043420:C>T	p.E1036K	missense	1036.0	P/LP	20.005676877464623	20.005676877464623			global_fdr	1
ABCA4_3eb3dbe48b051303	163	1	0	0.006134969325153339	0.0007833142881281674	0.008552759885787964	1	chr1:94047012:C>A	p.G942V	missense	942.0	VUS	19.61851324804367	19.61851324804367			global_fdr	1
ABCA4_4228d7c2ba264919	163	1	0	0.006134969325153339	0.000889633025508374	0.009480535984039307	1	chr1:94021383:A>T	p.H1625Q	missense	1625.0	Other	21.73540351561078	21.73540351561078			global_fdr	1
ABCA4_4782b9f39a403fac	163	1	0	0.006134969325153339	0.0005303032230585814	0.008305802941322327	2	chr1:94044692:C>G;chr1:94044692:C>T	p.G991R	missense	991.0	Mixed	25.198413495456684	25.23799950515262			global_fdr	1
ABCA4_47d169b2f809973a	163	1	0	0.006134969325153339	0.0006656069890595973	0.007165849208831787	1	chr1:94051686:G>A	p.T867I	missense	867.0	VUS	16.7751395957028	16.7751395957028			global_fdr	1
ABCA4_4cdf10d02aed111d	163	1	0	0.006134969325153339	0.0010026851668953896	0.01394718885421753	1	chr1:94060748:A>G	p.I650T	missense	650.0	VUS	21.679064846419244	21.679064846419244			global_fdr	1
ABCA4_4dd9b4fcf892b7b1	163	1	0	0.006134969325153339	0.00045322245568968356	0.0060437023639678955	1	chr1:94056688:A>C	p.S765R	missense	765.0	P/LP	18.05041656138462	18.05041656138462			global_fdr	1
ABCA4_513a92ba16b9a724	163	1	0	0.006134969325153339	0.0009161920752376318	0.011736512184143066	1	chr1:94055308:A>G	p.L797P	missense	797.0	P/LP	24.95498392383093	24.95498392383093			global_fdr	1
ABCA4_53d853d4e58d723c	163	1	0	0.006134969325153339	0.0009038777207024395	0.011443674564361572	1	chr1:94056769:C>A	p.L738F	missense	738.0	VUS	23.081975184948522	23.081975184948522			global_fdr	1
ABCA4_5996257738685555	163	1	0	0.006134969325153339	0.0007792933029122651	0.008931934833526611	1	chr1:94062716:C>A	p.D600Y	missense	600.0	P/LP	28.56340024311747	28.56340024311747			global_fdr	1
ABCA4_59a0ad1c7906794d	163	1	0	0.006134969325153339	0.0009437357075512409	0.009679317474365234	1	chr1:94044722:G>A	p.P981S	missense	981.0	P/LP	22.806223373221542	22.806223373221542			global_fdr	1
ABCA4_5a30aafe764becf2	163	1	0	0.006134969325153339	0.0012472342932596803	0.015359699726104736	1	chr1:94056605:G>T	p.A793D	missense	793.0	VUS	23.316186748162405	23.316186748162405			global_fdr	1
ABCA4_5ea396e70862e812	163	1	0	0.006134969325153339	0.0010361660970374942	0.011590182781219482	1	chr1:94098979:C>A	p.V195F	missense	195.0	VUS	17.67880345243438	17.67880345243438			global_fdr	1
ABCA4_5f7f637bde4a3a7b	163	1	0	0.006134969325153339	0.0009845399763435125	0.00909540057182312	1	chr1:94043429:T>C	p.K1033E	missense	1033.0	VUS	22.463841384781233	22.463841384781233			global_fdr	1
ABCA4_6447182fc34b4819	163	1	0	0.006134969325153339	0.0007198840030469	0.007882893085479736	1	chr1:94111517:A>G	p.C75R	missense	75.0	P/LP	30.174895860871956	30.174895860871956			global_fdr	1
ABCA4_679d2490ac6f8974	163	1	0	0.006134969325153339	0.001430985052138567	0.020483970642089844	1	chr1:94098949:A>G	p.C205R	missense	205.0	P/LP	25.835631941661358	25.835631941661358			global_fdr	1
ABCA4_68703b26a439b624	163	1	0	0.006134969325153339	0.0007760220323689282	0.008305966854095459	1	chr1:94015743:A>C	p.Y1770D	missense	1770.0	Conflicting	26.74956670466763	26.74956670466763			global_fdr	1
ABCA4_694fe05a9c29940e	163	1	0	0.006134969325153339	0.0007537504425272346	0.012224525213241577	1	chr1:94014674:T>A	p.M1777L	missense	1777.0	Conflicting	22.761504558328255	22.761504558328255			global_fdr	1
ABCA4_6aa400ee79da6295	163	1	0	0.006134969325153339	0.0007298804703168571	0.009524643421173096	1	chr1:94010895:G>C	p.D1873E	missense	1873.0	VUS	14.382005853082818	14.382005853082818			global_fdr	1
ABCA4_6bff28f0f43699dd	163	1	0	0.006134969325153339	0.0008003042312338948	0.008505940437316895	1	chr1:94047058:G>A	p.P927S	missense	927.0	VUS	22.484891693808734	22.484891693808734			global_fdr	1
ABCA4_6cefff971d11e808	161	0	1	0.006172839506172867	0.0006611526478081942	0.008224636316299438	1	chr1:94042877:G>A	p.S1071L	missense	1071.0	P/LP	24.836865421673735	24.836865421673735			global_fdr	1
ABCA4_6df607fd5419ea76	163	1	0	0.006134969325153339	0.0008225115016102791	0.01024472713470459	3	chr1:94010868:C>A;chr1:94010868:C>G;chr1:94010868:C>T	p.M1882I	missense	1882.0	P/LP	28.804652033786144	28.821590524847167			global_fdr	1
ABCA4_6e8e9dd5eeef517f	163	1	0	0.006134969325153339	0.0007921716896817088	0.007403284311294556	1	chr1:94008825:C>T	p.V1921M	missense	1921.0	P/LP	24.749217634875983	24.749217634875983			global_fdr	1
ABCA4_72317cd771d69d65	163	1	0	0.006134969325153339	0.0010171420872211456	0.0101127028465271	1	chr1:94055314:C>T	p.S795N	missense	795.0	P/LP	26.31644379822015	26.31644379822015			global_fdr	1
ABCA4_725a79f51991bbeb	163	1	0	0.006134969325153339	0.0009327480220235884	0.011060833930969238	1	chr1:94056646:G>C	p.C779W	missense	779.0	VUS	24.6492367011537	24.6492367011537			global_fdr	1
ABCA4_75e9d94b717ccc78	163	1	0	0.006134969325153339	0.0006750736501999199	0.007937431335449219	1	chr1:94056798:C>T	p.D729N	missense	729.0	VUS	9.376692042559638	9.376692042559638			global_fdr	1
ABCA4_79444bdc9b26b7ab	163	1	0	0.006134969325153339	0.0008948328322730958	0.009412378072738647	1	chr1:94042771:C>A	p.K1106N	missense	1106.0	VUS	23.719959851443427	23.719959851443427			global_fdr	1
ABCA4_7b8065512bf5e082	163	1	0	0.006134969325153339	0.0009291289024986327	0.011347770690917969	1	chr1:94031057:C>T	p.G1398S	missense	1398.0	P/LP	26.280348508389814	26.280348508389814			global_fdr	1
ABCA4_7c37101dbfff5790	163	1	0	0.006134969325153339	0.0011641154997050762	0.012199163436889648	1	chr1:94063263:G>A	p.R537C	missense	537.0	P/LP	18.166750676808864	18.166750676808864			global_fdr	1
ABCA4_7cace35e094fced1	163	1	0	0.006134969325153339	0.0011944586876779795	0.01656341552734375	1	chr1:94042798:T>A	p.R1097S	missense	1097.0	Conflicting	23.506963875882025	23.506963875882025			global_fdr	1
ABCA4_7d038f58c1b94bd7	163	1	0	0.006134969325153339	0.0009066336206160486	0.010668814182281494	1	chr1:94019587:C>A	p.D1731Y	missense	1731.0	Other	30.89650882112101	30.89650882112101			global_fdr	1
ABCA4_7d81ae61db1bdca8	163	1	0	0.006134969325153339	0.0008094520308077335	0.012394309043884277	1	chr1:94014671:T>A	p.M1778L	missense	1778.0	P/LP	23.302930579713607	23.302930579713607			global_fdr	1
ABCA4_7f0400e921eb4aec	163	1	0	0.006134969325153339	0.0008493753266520798	0.010270625352859497	1	chr1:94041387:A>G	p.M1115T	missense	1115.0	P/LP	26.115760418188753	26.115760418188753			global_fdr	1
ABCA4_7f898e5ee57fbd17	163	1	0	0.006134969325153339	0.0006317448569461703	0.007685065269470215	1	chr1:94044713:A>G	p.S984P	missense	984.0	P/LP	25.178059148371418	25.178059148371418			global_fdr	1
ABCA4_8278a38ea9398173	163	1	0	0.006134969325153339	0.0006579416221939027	0.008199632167816162	1	chr1:94030524:A>G	p.M1419T	missense	1419.0	Conflicting	21.009466309692595	21.009466309692595			global_fdr	1
ABCA4_838cdc35475c9159	163	1	0	0.006134969325153339	0.0006036387057974935	0.009312957525253296	1	chr1:94031803:C>T	p.R1368H	missense	1368.0	P/LP	22.416622166493365	22.416622166493365			global_fdr	1
ABCA4_85bcd8b1a6345f4b	163	1	0	0.006134969325153339	0.0010146255372092128	0.011103212833404541	1	chr1:94008758:A>C	p.L1943R	missense	1943.0	P/LP	27.071677322688025	27.071677322688025			global_fdr	1
ABCA4_8c62035257ae019f	163	1	0	0.006134969325153339	0.0007775072590447962	0.010225296020507812	1	chr1:94032038:C>T	p.A1290T	missense	1290.0	VUS	5.7458962443660475	5.7458962443660475			global_fdr	1
ABCA4_8d6b79e8b1246a85	163	1	0	0.006134969325153339	0.0011113575892522931	0.011774301528930664	1	chr1:94021682:T>C	p.I1602M	missense	1602.0	VUS	17.078818773287562	17.078818773287562			global_fdr	1
ABCA4_8dd026b1c2dc9498	163	1	0	0.006134969325153339	0.0006978666642680764	0.008522748947143555	1	chr1:94080574:G>A	p.L335F	missense	335.0	Conflicting	15.41875635855924	15.41875635855924			global_fdr	1
ABCA4_92654c559fd07eeb	163	1	0	0.006134969325153339	0.0012564461212605238	0.013301759958267212	1	chr1:94015820:C>T	p.G1744D	missense	1744.0	VUS	26.062847694200215	26.062847694200215			global_fdr	1
ABCA4_92c340a5f516070c	163	1	0	0.006134969325153339	0.000772326544392854	0.008610457181930542	1	chr1:94063202:T>A	p.Y557F	missense	557.0	VUS	17.644401226442742	17.644401226442742			global_fdr	1
ABCA4_92e464445eca05ca	163	1	0	0.006134969325153339	0.0009040219592861831	0.012249141931533813	1	chr1:94005475:C>G	p.R2038P	missense	2038.0	P/LP	29.378369761087612	29.378369761087612			global_fdr	1
ABCA4_948f29cc2242a57f	163	1	0	0.006134969325153339	0.0007762921159155667	0.008750885725021362	1	chr1:94010830:A>G	p.L1895P	missense	1895.0	VUS	24.02316419510539	24.02316419510539			global_fdr	1
ABCA4_98f97e6873498b32	163	1	0	0.006134969325153339	0.000832126010209322	0.008855223655700684	1	chr1:94042841:A>T	p.V1083E	missense	1083.0	Conflicting	26.11946631893332	26.11946631893332			global_fdr	1
ABCA4_9a14dc66fab598eb	163	1	0	0.006134969325153339	0.0008061098633334041	0.011190950870513916	1	chr1:94120988:T>C	p.R20G	missense	20.0	VUS	24.66519800486948	24.66519800486948			global_fdr	1
ABCA4_9ad40e4a12bde601	163	1	0	0.006134969325153339	0.0014334458392113447	0.019001662731170654	1	chr1:94080562:A>C	p.W339G	missense	339.0	Conflicting	24.865023830835526	24.865023830835526			global_fdr	1
ABCA4_9be79f7a3554c815	163	1	0	0.006134969325153339	0.001030576298944652	0.013452857732772827	1	chr1:94056655:G>T	p.H776Q	missense	776.0	P/LP	20.71902768348943	20.71902768348943			global_fdr	1
ABCA4_9c750b39bcfb0a92	163	1	0	0.006134969325153339	0.0006062396569177508	0.008669540286064148	1	chr1:94023411:T>C	p.S1548G	missense	1548.0	VUS	22.306624295469764	22.306624295469764			global_fdr	1
ABCA4_a185a68bea3581c5	163	1	0	0.006134969325153339	0.0007365397759713233	0.009735241532325745	1	chr1:94063160:A>G	p.I571T	missense	571.0	P/LP	27.300644817786882	27.300644817786882			global_fdr	1
ABCA4_aa8b97d81c5985ec	163	1	0	0.006134969325153339	0.0006609586998820305	0.00726926326751709	1	chr1:94015852:C>T	p.M1733I	missense	1733.0	VUS	14.563245347273536	14.563245347273536			global_fdr	1
ABCA4_ab65d3aa558a924f	163	1	0	0.006134969325153339	0.0005290029803290963	0.006412118673324585	1	chr1:94029603:A>G	p.W1461R	missense	1461.0	P/LP	26.334326308770493	26.334326308770493			global_fdr	1
ABCA4_ae2058f1df70f182	163	1	0	0.006134969325153339	0.0006706497515551746	0.009296655654907227	1	chr1:94008833:T>A	p.D1918V	missense	1918.0	P/LP	25.922828510517864	25.922828510517864			global_fdr	1
ABCA4_ae41f297494245c2	163	1	0	0.006134969325153339	0.0010461596539244056	0.011853575706481934	1	chr1:94112975:T>A	p.E53V	missense	53.0	VUS	31.433365784732633	31.433365784732633			global_fdr	1
ABCA4_aedc8fe3591141dc	163	1	0	0.006134969325153339	0.0006740917451679707	0.007538974285125732	1	chr1:94056783:A>C	p.F734V	missense	734.0	VUS	22.094062553230216	22.094062553230216			global_fdr	1
ABCA4_b355367ac1be7d7d	163	1	0	0.006134969325153339	0.000734411645680666	0.008273899555206299	1	chr1:94031845:T>G	p.H1354P	missense	1354.0	VUS	24.947779611229613	24.947779611229613			global_fdr	1
ABCA4_b8c75ea4301e26f3	163	1	0	0.006134969325153339	0.0011006270069628954	0.012329965829849243	1	chr1:94021385:G>A	p.H1625Y	missense	1625.0	P/LP	28.907690915483016	28.907690915483016			global_fdr	1
ABCA4_b98f0987e5d999db	163	1	0	0.006134969325153339	0.0008933758945204318	0.011575430631637573	1	chr1:94108601:G>C	p.R140G	missense	140.0	B/LB	14.027696724990356	14.027696724990356			global_fdr	1
ABCA4_bedd74514b717a10	163	1	0	0.006134969325153339	0.000540242763236165	0.007699370384216309	1	chr1:94047070:G>C	p.P923A	missense	923.0	VUS	21.75366177441141	21.75366177441141			global_fdr	1
ABCA4_c16396a29d9b7d90	163	1	0	0.006134969325153339	0.0011628656648099422	0.014604687690734863	1	chr1:94019665:G>A	p.R1705W	missense	1705.0	Conflicting	21.941485072458406	21.941485072458406			global_fdr	1
ABCA4_c3d8b362d10ccfef	163	1	0	0.006134969325153339	0.0007872117566876113	0.00969916582107544	1	chr1:94108672:G>A	p.A116V	missense	116.0	VUS	15.014177729094257	15.014177729094257			global_fdr	1
ABCA4_c3e79ddbe121f28a	163	1	0	0.006134969325153339	0.0005579759017564356	0.0069713294506073	1	chr1:94007662:A>G	p.S1993P	missense	1993.0	P/LP	25.440399848670868	25.440399848670868			global_fdr	1
ABCA4_c93a1b0f54ba6980	163	1	0	0.006134969325153339	0.0007697576656937599	0.00852423906326294	1	chr1:94021292:C>T	p.V1656I	missense	1656.0	VUS	9.443534893199907	9.443534893199907			global_fdr	1
ABCA4_cb26df522de86892	163	1	0	0.006134969325153339	0.001287858933210373	0.017913758754730225	1	chr1:94021665:T>C	p.H1608R	missense	1608.0	VUS	16.484868448585875	16.484868448585875			global_fdr	1
ABCA4_cb933c9cf30790b0	163	1	0	0.006134969325153339	0.0006777963135391474	0.00853043794631958	1	chr1:94021345:A>G	p.I1638T	missense	1638.0	VUS	24.3345041502528	24.3345041502528			global_fdr	1
ABCA4_d06b0163cf78cc01	163	1	0	0.006134969325153339	0.0006858908454887569	0.01157619059085846	1	chr1:94048910:T>C	p.T901A	missense	901.0	Conflicting	19.50622112828292	19.50622112828292			global_fdr	1
ABCA4_d1fcdf86b9279f0f	163	1	0	0.006134969325153339	0.0012377641396597028	0.014271318912506104	1	chr1:94037260:A>G	p.L1233P	missense	1233.0	Conflicting	28.732521388257876	28.732521388257876			global_fdr	1
ABCA4_d29b91d9e2b98a71	163	1	0	0.006134969325153339	0.0007049033883959055	0.007662147283554077	1	chr1:94037194:G>A	p.A1255V	missense	1255.0	VUS	18.545363067503512	18.545363067503512			global_fdr	1
ABCA4_d39ab8524cfece10	163	1	0	0.006134969325153339	0.0008793090237304568	0.010040462017059326	1	chr1:94078679:G>T	p.H423N	missense	423.0	VUS	22.69402632231888	22.69402632231888			global_fdr	1
ABCA4_d79507a86851f787	163	1	0	0.006134969325153339	0.0006951055256649852	0.008002102375030518	1	chr1:94037221:A>T	p.L1246H	missense	1246.0	VUS	27.687184587270963	27.687184587270963			global_fdr	1
ABCA4_d8a8e3d56fdfbd0d	163	1	0	0.006134969325153339	0.0009303143597207963	0.010591268539428711	1	chr1:94062659:T>A	p.I619F	missense	619.0	VUS	22.250066249245826	22.250066249245826			global_fdr	1
ABCA4_da1f56ed1fd5c5ce	163	1	0	0.006134969325153339	0.0009369990439154208	0.01154300570487976	1	chr1:94046926:T>G	p.T971P	missense	971.0	Conflicting	30.292353729017847	30.292353729017847			global_fdr	1
ABCA4_dd0c2037e264755c	163	1	0	0.006134969325153339	0.0007072683656588197	0.01024472713470459	1	chr1:94036778:T>C	p.K1275R	missense	1275.0	VUS	23.49120440996131	23.49120440996131			global_fdr	1
ABCA4_ddd623d637e6f6dd	163	1	0	0.006134969325153339	0.0007067706901580095	0.00920802354812622	1	chr1:94037350:C>T	p.G1203E	missense	1203.0	Conflicting	26.126569304805265	26.126569304805265			global_fdr	1
ABCA4_dfc07098f0b69d27	163	1	0	0.006134969325153339	0.001043627504259348	0.01262444257736206	1	chr1:94063227:C>A	p.A549S	missense	549.0	VUS	23.885224151566234	23.885224151566234			global_fdr	1
ABCA4_e3bba996abf7a108	163	1	0	0.006134969325153339	0.0011093170614913106	0.015874087810516357	1	chr1:94024956:G>C	p.S1544R	missense	1544.0	VUS	21.617883607560593	21.617883607560593			global_fdr	1
ABCA4_e42b7f2e5ec92c30	163	1	0	0.006134969325153339	0.0008862267131917179	0.009578466415405273	1	chr1:94007664:G>A	p.T1992I	missense	1992.0	VUS	26.53733548338615	26.53733548338615			global_fdr	1
ABCA4_e605df3af282ffaf	163	1	0	0.006134969325153339	0.0007963665993884206	0.009247452020645142	1	chr1:94121009:T>C	p.K13E	missense	13.0	P/LP	26.01636082576001	26.01636082576001			global_fdr	1
ABCA4_e859edff1a40160c	163	1	0	0.006134969325153339	0.0008518543327227235	0.008941829204559326	1	chr1:94041333:A>G	p.I1133T	missense	1133.0	Conflicting	23.886554215835517	23.886554215835517			global_fdr	1
ABCA4_e89d6bb41f4f6d32	163	1	0	0.006134969325153339	0.0006092844414524734	0.007946312427520752	1	chr1:94021264:T>C	p.K1665R	missense	1665.0	VUS	18.025077249013247	18.025077249013247			global_fdr	1
ABCA4_ea6982a5cc2b376f	163	1	0	0.006134969325153339	0.0004707863845396787	0.007796347141265869	1	chr1:94041349:C>T	p.D1128N	missense	1128.0	VUS	25.607646859796375	25.607646859796375			global_fdr	1
ABCA4_edb911e77295ed55	163	1	0	0.006134969325153339	0.0007935564499348402	0.008890807628631592	1	chr1:94042766:C>T	p.R1108H	missense	1108.0	P/LP	21.731776484703683	21.731776484703683			global_fdr	1
ABCA4_ee7310354e7d6915	163	1	0	0.006134969325153339	0.0006461680750362575	0.008036583662033081	1	chr1:94079376:C>A	p.M395I	missense	395.0	VUS	23.34069773176593	23.34069773176593			global_fdr	1
ABCA4_f5ace0528d6f0039	163	1	0	0.006134969325153339	0.0011468271259218454	0.014348626136779785	1	chr1:94103130:C>T	p.R152Q	missense	152.0	Conflicting	16.712920251222297	16.712920251222297			global_fdr	1
ABCA4_f7703587427bb028	163	1	0	0.006134969325153339	0.0007723784656263888	0.01069691777229309	1	chr1:94007739:C>T	p.C1967Y	missense	1967.0	P/LP	31.12684944762119	31.12684944762119			global_fdr	1
ABCA4_fa5336cfbfd04f6e	163	1	0	0.006134969325153339	0.000531595665961504	0.008036583662033081	1	chr1:94042854:C>T	p.D1079N	missense	1079.0	VUS	20.78917703325168	20.78917703325168			global_fdr	1
ABCA4_fa66e769f21965ff	163	1	0	0.006134969325153339	0.0005764393717981875	0.008184537291526794	1	chr1:94021920:G>A	p.P1567S	missense	1567.0	VUS	19.96617382604334	19.96617382604334			global_fdr	1
ABCA4_fc33ffd680ad8eb5	163	1	0	0.006134969325153339	0.0012078909203410149	0.016455650329589844	1	chr1:94025039:G>T	p.R1517S	missense	1517.0	VUS	19.083993188937463	19.083993188937463			global_fdr	1
ABCA4_fc35ee24b9bce60b	163	1	0	0.006134969325153339	0.0006958244484849274	0.009602755308151245	1	chr1:94077839:C>G	p.G469R	missense	469.0	VUS	11.268152723257606	11.268152723257606			global_fdr	1
ABCA4_fe2f5bb3a8f55492	163	1	0	0.006134969325153339	0.0010280058486387134	0.015990614891052246	1	chr1:94032007:C>A	p.R1300L	missense	1300.0	VUS	7.417421798522761	7.417421798522761			global_fdr	1
ABCA4_WT	162	0	0	0.0	0.0	0.0	1010	chr1:93993239:A>T;chr1:93996109:C>T;chr1:93996110:T>C;chr1:93996112:G>A;chr1:93996119:C>T;chr1:93996120:G>A;chr1:93996123:T>G;chr1:93996124:G>C;chr1:93996130:A>G;chr1:93996137:C>A;chr1:93996137:C>T;chr1:93996138:G>A;chr1:93996138:G>C;chr1:93996140:G>A;chr1:93996140:G>C;chr1:93996145:C>G;chr1:93996150:G>A;chr1:93996151:G>C;chr1:93996153:G>A;chr1:93996153:G>C;chr1:93996153:G>T;chr1:93996159:G>T;chr1:93996161:C>A;chr1:93996166:A>C;chr1:93996178:A>G;chr1:93996179:G>T;chr1:93996190:A>G;chr1:93996193:C>T;chr1:93996194:A>T;chr1:93997868:A>G;chr1:93997869:G>A;chr1:93997869:G>C;chr1:93997872:T>C;chr1:93997876:C>T;chr1:93997877:T>C;chr1:93997882:G>C;chr1:93997887:A>G;chr1:93997892:T>A;chr1:93997896:C>T;chr1:93997897:G>A;chr1:93997899:T>C;chr1:93997904:A>G;chr1:93997905:G>A;chr1:93997909:G>A;chr1:93997915:G>A;chr1:93997921:G>A;chr1:93997921:G>T;chr1:93997924:G>A;chr1:93997932:G>A;chr1:93997933:G>A;chr1:93997936:G>T;chr1:93997942:C>T;chr1:93997943:G>A;chr1:93997943:G>C;chr1:93997943:G>T;chr1:93997951:G>A;chr1:93997958:G>A;chr1:93997958:G>T;chr1:93997964:T>C;chr1:93997966:G>A;chr1:93997967:A>T;chr1:93997970:T>C;chr1:93997970:T>G;chr1:93997972:G>A;chr1:93997974:G>A;chr1:93997978:G>A;chr1:93997981:G>T;chr1:93997986:G>C;chr1:93998002:A>C;chr1:93998011:G>A;chr1:93998013:A>C;chr1:93998017:C>T;chr1:93998020:C>G;chr1:93998021:T>C;chr1:93998021:T>G;chr1:93998022:G>A;chr1:93998026:G>A;chr1:93998027:A>G;chr1:93998029:C>A;chr1:93998030:T>C;chr1:93998031:G>A;chr1:93998053:A>C;chr1:93998054:A>G;chr1:93998058:G>A;chr1:93998061:C>T;chr1:93998062:G>A;chr1:93998068:C>T;chr1:93998069:G>A;chr1:93998071:G>A;chr1:93998075:T>C;chr1:93998089:G>C;chr1:93998091:C>T;chr1:93998092:G>A;chr1:93998092:G>C;chr1:93998092:G>T;chr1:93998094:T>C;chr1:93998095:A>G;chr1:93998096:T>C;chr1:93998098:G>A;chr1:93998099:C>T;chr1:93998100:C>T;chr1:93998106:C>T;chr1:94000836:T>C;chr1:94000837:T>C;chr1:94000842:T>A;chr1:94000852:G>A;chr1:94000856:G>A;chr1:94000856:G>C;chr1:94000856:G>T;chr1:94000860:C>A;chr1:94000861:C>A;chr1:94000861:C>T;chr1:94000862:C>A;chr1:94000864:T>A;chr1:94000866:C>T;chr1:94000867:A>G;chr1:94000869:C>A;chr1:94000869:C>G;chr1:94000869:C>T;chr1:94000870:G>A;chr1:94000873:A>G;chr1:94000876:C>T;chr1:94000877:G>A;chr1:94000878:C>T;chr1:94000887:A>C;chr1:94000887:A>T;chr1:94000889:G>C;chr1:94000890:A>T;chr1:94000891:T>C;chr1:94000893:G>A;chr1:94000895:C>T;chr1:94000896:A>C;chr1:94000899:C>G;chr1:94000899:C>T;chr1:94000900:G>A;chr1:94000901:G>A;chr1:94000901:G>C;chr1:94000904:A>G;chr1:94000905:C>T;chr1:94000908:A>G;chr1:94000909:G>A;chr1:94000911:G>A;chr1:94000913:C>G;chr1:94000914:T>C;chr1:94000917:C>G;chr1:94000918:A>G;chr1:94000919:T>C;chr1:94000921:C>A;chr1:94000924:C>T;chr1:94000926:A>C;chr1:94000926:A>T;chr1:94001002:C>T;chr1:94001004:G>A;chr1:94001005:T>C;chr1:94001008:G>A;chr1:94001009:A>G;chr1:94001011:G>A;chr1:94001018:C>T;chr1:94001019:C>T;chr1:94001028:C>T;chr1:94001031:T>C;chr1:94001046:C>T;chr1:94001048:C>T;chr1:94001049:G>A;chr1:94001049:G>C;chr1:94001051:T>G;chr1:94001054:C>G;chr1:94001054:C>T;chr1:94001055:G>A;chr1:94001059:C>T;chr1:94001060:A>G;chr1:94001062:A>G;chr1:94001068:C>G;chr1:94001068:C>T;chr1:94001069:G>A;chr1:94001069:G>T;chr1:94001071:C>T;chr1:94001072:G>A;chr1:94001077:T>C;chr1:94001078:G>A;chr1:94001080:G>T;chr1:94001082:G>T;chr1:94001083:T>G;chr1:94001084:C>G;chr1:94001086:A>C;chr1:94001087:T>A;chr1:94001089:C>T;chr1:94001091:T>G;chr1:94001096:T>C;chr1:94001098:G>A;chr1:94001099:G>A;chr1:94001099:G>T;chr1:94001100:C>G;chr1:94001101:T>C;chr1:94001102:C>T;chr1:94001103:A>G;chr1:94001104:T>A;chr1:94001864:C>T;chr1:94001870:C>T;chr1:94001871:G>A;chr1:94001871:G>T;chr1:94001883:A>C;chr1:94001885:G>A;chr1:94001887:G>A;chr1:94001888:T>G;chr1:94001890:C>G;chr1:94001890:C>T;chr1:94001891:G>A;chr1:94001891:G>C;chr1:94001891:G>T;chr1:94001895:G>A;chr1:94001895:G>T;chr1:94001896:C>T;chr1:94001904:A>T;chr1:94001906:T>G;chr1:94001908:T>G;chr1:94001910:C>A;chr1:94001910:C>T;chr1:94001911:G>A;chr1:94001911:G>C;chr1:94001913:T>G;chr1:94001914:T>C;chr1:94001915:G>C;chr1:94001919:C>A;chr1:94001919:C>T;chr1:94001920:C>A;chr1:94001920:C>T;chr1:94001922:C>G;chr1:94001924:A>C;chr1:94001924:A>G;chr1:94001925:C>T;chr1:94001926:T>C;chr1:94001927:G>A;chr1:94001927:G>C;chr1:94001929:A>C;chr1:94001929:A>T;chr1:94001930:C>A;chr1:94001930:C>T;chr1:94001931:G>A;chr1:94001931:G>C;chr1:94001931:G>T;chr1:94001932:T>C;chr1:94001932:T>G;chr1:94001934:C>T;chr1:94001941:G>A;chr1:94001942:G>T;chr1:94001947:C>G;chr1:94001947:C>T;chr1:94001948:G>A;chr1:94001949:G>A;chr1:94001949:G>C;chr1:94001950:C>G;chr1:94001950:C>T;chr1:94001951:G>A;chr1:94001956:C>G;chr1:94001957:A>G;chr1:94001961:A>C;chr1:94001961:A>G;chr1:94001962:G>C;chr1:94001962:G>T;chr1:94001964:C>T;chr1:94001966:C>T;chr1:94001967:A>C;chr1:94001967:A>T;chr1:94001972:C>T;chr1:94001973:T>C;chr1:94001974:T>A;chr1:94001975:A>G;chr1:94001978:A>G;chr1:94001979:C>A;chr1:94001981:C>T;chr1:94001992:C>G;chr1:94005441:C>T;chr1:94005442:T>C;chr1:94005442:T>G;chr1:94005446:C>T;chr1:94005447:G>A;chr1:94005447:G>T;chr1:94005474:C>G;chr1:94005474:C>T;chr1:94005476:G>T;chr1:94005486:G>A;chr1:94005504:T>C;chr1:94005510:C>T;chr1:94005512:G>A;chr1:94005519:A>G;chr1:94005534:A>C;chr1:94005534:A>G;chr1:94005564:A>G;chr1:94007639:G>A;chr1:94007648:G>A;chr1:94007663:G>A;chr1:94007663:G>C;chr1:94007666:C>G;chr1:94007669:T>C;chr1:94007672:G>T;chr1:94007678:C>T;chr1:94007681:A>T;chr1:94007684:G>A;chr1:94007702:T>G;chr1:94007708:G>T;chr1:94007711:G>A;chr1:94007717:A>G;chr1:94007729:G>A;chr1:94007732:G>A;chr1:94007738:G>A;chr1:94008235:C>T;chr1:94008247:A>G;chr1:94008253:G>A;chr1:94008265:G>A;chr1:94008289:T>A;chr1:94008289:T>C;chr1:94008766:T>C;chr1:94008768:G>A;chr1:94008772:T>C;chr1:94008775:G>A;chr1:94008790:T>C;chr1:94008823:C>T;chr1:94008832:A>G;chr1:94008838:A>G;chr1:94008865:G>A;chr1:94010802:T>C;chr1:94010814:G>A;chr1:94010831:G>A;chr1:94010832:C>G;chr1:94010834:G>A;chr1:94010841:G>A;chr1:94010844:G>A;chr1:94010850:C>T;chr1:94010862:C>T;chr1:94010871:G>A;chr1:94010880:G>A;chr1:94010892:C>G;chr1:94010895:G>A;chr1:94010901:G>A;chr1:94010904:G>A;chr1:94010907:C>T;chr1:94010916:A>C;chr1:94010922:C>T;chr1:94010928:A>T;chr1:94011269:G>A;chr1:94011269:G>T;chr1:94011275:G>A;chr1:94011284:C>G;chr1:94011296:C>T;chr1:94011298:G>A;chr1:94011317:C>T;chr1:94011323:C>T;chr1:94011335:G>A;chr1:94011344:A>G;chr1:94011347:G>A;chr1:94011359:C>T;chr1:94011365:G>A;chr1:94011368:G>A;chr1:94011382:G>A;chr1:94011383:C>T;chr1:94014549:A>G;chr1:94014552:C>T;chr1:94014567:G>T;chr1:94014582:A>G;chr1:94014588:G>A;chr1:94014594:G>A;chr1:94014597:G>A;chr1:94014605:G>A;chr1:94014612:A>G;chr1:94014618:T>C;chr1:94014624:C>T;chr1:94014630:G>A;chr1:94014642:G>A;chr1:94014675:G>A;chr1:94014684:C>T;chr1:94015741:A>G;chr1:94015744:C>G;chr1:94015746:G>A;chr1:94015759:C>A;chr1:94015762:A>C;chr1:94015786:A>C;chr1:94015786:A>T;chr1:94015807:C>T;chr1:94015810:G>A;chr1:94015819:G>A;chr1:94015825:C>A;chr1:94015837:A>G;chr1:94015840:C>T;chr1:94015843:G>A;chr1:94019624:C>G;chr1:94019639:C>T;chr1:94019645:G>A;chr1:94019657:G>A;chr1:94019663:C>T;chr1:94019702:G>A;chr1:94019723:G>A;chr1:94019729:G>A;chr1:94019741:A>G;chr1:94019744:C>T;chr1:94021245:A>T;chr1:94021278:G>T;chr1:94021293:G>A;chr1:94021305:C>T;chr1:94021311:G>A;chr1:94021311:G>C;chr1:94021329:C>G;chr1:94021332:G>A;chr1:94021335:G>A;chr1:94021344:G>T;chr1:94021347:G>A;chr1:94021350:G>A;chr1:94021353:G>A;chr1:94021380:G>A;chr1:94021383:A>G;chr1:94021389:G>A;chr1:94021646:G>A;chr1:94021679:A>G;chr1:94021694:G>A;chr1:94021694:G>T;chr1:94021697:C>T;chr1:94021712:G>A;chr1:94021846:C>A;chr1:94021849:G>A;chr1:94021852:C>G;chr1:94021855:A>G;chr1:94021861:G>A;chr1:94021870:A>T;chr1:94021873:G>A;chr1:94021876:G>A;chr1:94021879:T>C;chr1:94021882:A>G;chr1:94021888:A>C;chr1:94021888:A>G;chr1:94021894:T>G;chr1:94021900:C>A;chr1:94021903:C>G;chr1:94021903:C>T;chr1:94021906:G>A;chr1:94021906:G>T;chr1:94021912:G>A;chr1:94021915:G>A;chr1:94021933:A>T;chr1:94023397:G>T;chr1:94023418:G>A;chr1:94024977:C>G;chr1:94024977:C>T;chr1:94024992:G>A;chr1:94024995:G>A;chr1:94025001:G>A;chr1:94025010:C>T;chr1:94025013:C>T;chr1:94025015:G>A;chr1:94025019:T>C;chr1:94025022:T>C;chr1:94025025:A>T;chr1:94025028:T>C;chr1:94025031:C>T;chr1:94025034:G>A;chr1:94029448:G>A;chr1:94029448:G>C;chr1:94029448:G>T;chr1:94029451:G>A;chr1:94029454:C>T;chr1:94029457:G>A;chr1:94029460:G>T;chr1:94029466:G>A;chr1:94029469:A>G;chr1:94029475:G>A;chr1:94029478:G>A;chr1:94029484:T>C;chr1:94029487:C>A;chr1:94029487:C>T;chr1:94029493:G>C;chr1:94029517:C>T;chr1:94029523:G>A;chr1:94029526:T>A;chr1:94029526:T>G;chr1:94029535:G>A;chr1:94029556:C>T;chr1:94029568:C>T;chr1:94029574:G>A;chr1:94029577:G>A;chr1:94029583:G>A;chr1:94029586:C>T;chr1:94029610:T>C;chr1:94029613:G>A;chr1:94029622:G>C;chr1:94029628:C>T;chr1:94030436:C>T;chr1:94030442:C>T;chr1:94030447:G>A;chr1:94030451:G>A;chr1:94030460:A>G;chr1:94030469:C>T;chr1:94030484:G>A;chr1:94030496:C>T;chr1:94030511:G>A;chr1:94031007:G>A;chr1:94031010:C>T;chr1:94031016:C>A;chr1:94031019:A>G;chr1:94031031:G>A;chr1:94031034:A>G;chr1:94031043:A>T;chr1:94031046:G>A;chr1:94031046:G>T;chr1:94031049:G>A;chr1:94031055:G>A;chr1:94031064:A>C;chr1:94031076:A>G;chr1:94031103:G>A;chr1:94031109:C>A;chr1:94031109:C>T;chr1:94031118:G>A;chr1:94031118:G>T;chr1:94031778:C>T;chr1:94031781:C>T;chr1:94031784:C>T;chr1:94031787:G>A;chr1:94031805:G>A;chr1:94031808:G>A;chr1:94031826:G>C;chr1:94031835:C>T;chr1:94031844:A>G;chr1:94031847:C>T;chr1:94031856:C>G;chr1:94031858:G>A;chr1:94031865:C>G;chr1:94031868:C>T;chr1:94031877:C>T;chr1:94031880:C>A;chr1:94031880:C>T;chr1:94031883:G>A;chr1:94031883:G>T;chr1:94031886:T>C;chr1:94031892:C>T;chr1:94031898:C>T;chr1:94031931:C>T;chr1:94031934:C>T;chr1:94031946:G>A;chr1:94031952:A>G;chr1:94031958:G>A;chr1:94031982:C>T;chr1:94031997:G>A;chr1:94032000:G>A;chr1:94032006:T>C;chr1:94032012:G>A;chr1:94032018:G>A;chr1:94032039:G>A;chr1:94036750:A>T;chr1:94036762:A>G;chr1:94036771:C>T;chr1:94036780:C>A;chr1:94037145:C>T;chr1:94037154:G>A;chr1:94037172:A>G;chr1:94037181:G>C;chr1:94037184:A>G;chr1:94037198:G>A;chr1:94037199:C>T;chr1:94037226:G>A;chr1:94037241:C>T;chr1:94037253:A>G;chr1:94037262:A>C;chr1:94037265:G>A;chr1:94037268:G>A;chr1:94037268:G>T;chr1:94037289:C>T;chr1:94037295:C>T;chr1:94037298:C>T;chr1:94037304:C>T;chr1:94037313:A>G;chr1:94037322:A>T;chr1:94037328:A>G;chr1:94037346:A>G;chr1:94040047:C>T;chr1:94040053:T>C;chr1:94040067:G>A;chr1:94040068:G>A;chr1:94040071:A>G;chr1:94040074:G>A;chr1:94040077:G>A;chr1:94040083:T>C;chr1:94040089:C>T;chr1:94040098:G>A;chr1:94040110:C>T;chr1:94040122:G>A;chr1:94040122:G>C;chr1:94041223:T>G;chr1:94041236:G>A;chr1:94041245:C>T;chr1:94041257:G>A;chr1:94041263:G>A;chr1:94041266:C>T;chr1:94041299:T>C;chr1:94041302:G>A;chr1:94041305:G>A;chr1:94041317:G>C;chr1:94041320:C>T;chr1:94041344:G>A;chr1:94041353:A>G;chr1:94041362:G>A;chr1:94041368:G>A;chr1:94041377:G>A;chr1:94041392:G>A;chr1:94041395:G>C;chr1:94041395:G>T;chr1:94041401:G>A;chr1:94041401:G>T;chr1:94042765:G>A;chr1:94042771:C>T;chr1:94042777:G>A;chr1:94042792:T>G;chr1:94042795:G>A;chr1:94042798:T>C;chr1:94042801:C>T;chr1:94042804:G>A;chr1:94042810:G>A;chr1:94042825:G>A;chr1:94042831:G>A;chr1:94042843:C>T;chr1:94042858:C>G;chr1:94042870:G>C;chr1:94042873:A>G;chr1:94042876:C>T;chr1:94042879:C>A;chr1:94042879:C>G;chr1:94042879:C>T;chr1:94042885:T>C;chr1:94042897:A>T;chr1:94043342:G>A;chr1:94043343:G>A;chr1:94043361:C>T;chr1:94043388:C>T;chr1:94043406:C>T;chr1:94043412:G>A;chr1:94043412:G>C;chr1:94043421:C>T;chr1:94043427:C>T;chr1:94043430:T>C;chr1:94043451:C>T;chr1:94043457:G>A;chr1:94043463:A>C;chr1:94043466:C>T;chr1:94043469:C>A;chr1:94043469:C>T;chr1:94044618:G>A;chr1:94044621:C>T;chr1:94044630:G>A;chr1:94044633:C>T;chr1:94044639:A>G;chr1:94044660:G>A;chr1:94044669:C>T;chr1:94044671:G>A;chr1:94044681:A>G;chr1:94044690:T>C;chr1:94044693:C>T;chr1:94044699:G>A;chr1:94044702:C>A;chr1:94044708:C>T;chr1:94044717:T>A;chr1:94044717:T>G;chr1:94044729:A>G;chr1:94044732:C>T;chr1:94044735:C>T;chr1:94044741:G>A;chr1:94046924:G>C;chr1:94046933:C>T;chr1:94046942:A>G;chr1:94046948:G>A;chr1:94046953:G>A;chr1:94046960:G>A;chr1:94046960:G>C;chr1:94046972:C>T;chr1:94046975:G>A;chr1:94046996:G>A;chr1:94047005:T>C;chr1:94047017:G>C;chr1:94047020:C>T;chr1:94047032:T>C;chr1:94047035:C>G;chr1:94047035:C>T;chr1:94047047:G>A;chr1:94047053:C>T;chr1:94047056:A>G;chr1:94047059:A>G;chr1:94047065:C>A;chr1:94047065:C>T;chr1:94047068:T>C;chr1:94047074:C>T;chr1:94047080:T>C;chr1:94047089:G>A;chr1:94047092:G>A;chr1:94048869:G>A;chr1:94048881:T>G;chr1:94048896:C>T;chr1:94048899:C>T;chr1:94048908:T>A;chr1:94048908:T>C;chr1:94048920:G>A;chr1:94048931:G>A;chr1:94048938:T>C;chr1:94048947:G>A;chr1:94051634:T>C;chr1:94051640:G>A;chr1:94051640:G>T;chr1:94051652:C>A;chr1:94051652:C>T;chr1:94051655:C>T;chr1:94051661:T>C;chr1:94051664:A>T;chr1:94051670:G>A;chr1:94051682:T>C;chr1:94055115:A>G;chr1:94055130:G>A;chr1:94055136:A>G;chr1:94055139:G>A;chr1:94055139:G>C;chr1:94055166:G>A;chr1:94055181:G>A;chr1:94055184:C>G;chr1:94055186:G>A;chr1:94055189:G>A;chr1:94055202:G>A;chr1:94055211:C>T;chr1:94055220:G>A;chr1:94055226:G>A;chr1:94055226:G>T;chr1:94055229:G>A;chr1:94055241:C>T;chr1:94055243:G>A;chr1:94055244:C>A;chr1:94055262:A>G;chr1:94055271:C>A;chr1:94055274:G>A;chr1:94055280:A>G;chr1:94055283:G>A;chr1:94055289:T>C;chr1:94055301:C>T;chr1:94055307:C>T;chr1:94055310:T>C;chr1:94056601:C>A;chr1:94056604:A>G;chr1:94056616:C>T;chr1:94056622:G>A;chr1:94056640:G>A;chr1:94056643:G>A;chr1:94056646:G>A;chr1:94056652:G>T;chr1:94056661:C>G;chr1:94056663:G>A;chr1:94056685:A>G;chr1:94056712:C>T;chr1:94056739:G>A;chr1:94056754:G>A;chr1:94056766:A>T;chr1:94056771:A>G;chr1:94056778:C>A;chr1:94056790:G>A;chr1:94056799:G>A;chr1:94056808:T>A;chr1:94056811:G>T;chr1:94060543:G>A;chr1:94060549:C>T;chr1:94060552:C>G;chr1:94060570:C>T;chr1:94060576:G>A;chr1:94060591:C>T;chr1:94060594:G>A;chr1:94060612:C>T;chr1:94060630:C>T;chr1:94060642:G>A;chr1:94060648:C>T;chr1:94060651:C>T;chr1:94060656:G>T;chr1:94060659:A>G;chr1:94060675:G>A;chr1:94060696:G>A;chr1:94060699:A>C;chr1:94060711:T>C;chr1:94060714:C>G;chr1:94060714:C>T;chr1:94060729:A>T;chr1:94060735:A>G;chr1:94060750:G>A;chr1:94062579:A>G;chr1:94062582:G>A;chr1:94062588:G>A;chr1:94062597:G>A;chr1:94062609:C>T;chr1:94062612:G>C;chr1:94062636:C>T;chr1:94062660:C>A;chr1:94062660:C>T;chr1:94062681:C>A;chr1:94062693:C>T;chr1:94062696:G>A;chr1:94062720:C>T;chr1:94062723:G>A;chr1:94062729:A>C;chr1:94062729:A>G;chr1:94062741:A>T;chr1:94062750:A>G;chr1:94063120:A>G;chr1:94063126:A>G;chr1:94063129:G>A;chr1:94063144:G>A;chr1:94063159:G>A;chr1:94063180:T>C;chr1:94063189:G>A;chr1:94063207:G>A;chr1:94063213:G>A;chr1:94063219:C>A;chr1:94063219:C>T;chr1:94063225:G>A;chr1:94063225:G>T;chr1:94063231:G>A;chr1:94063246:C>T;chr1:94063249:T>C;chr1:94063255:G>A;chr1:94063258:G>A;chr1:94063264:T>C;chr1:94063267:G>A;chr1:94063282:A>G;chr1:94063288:G>A;chr1:94077690:C>T;chr1:94077696:G>A;chr1:94077708:C>A;chr1:94077708:C>G;chr1:94077717:G>A;chr1:94077720:G>T;chr1:94077726:A>C;chr1:94077744:C>T;chr1:94077753:G>A;chr1:94077759:G>A;chr1:94077765:G>A;chr1:94077768:G>A;chr1:94077771:A>C;chr1:94077774:C>T;chr1:94077777:G>A;chr1:94077792:C>T;chr1:94077795:G>A;chr1:94077798:G>C;chr1:94077804:G>A;chr1:94077809:G>A;chr1:94077813:G>A;chr1:94077819:A>G;chr1:94077858:G>A;chr1:94077864:T>C;chr1:94077867:T>C;chr1:94077867:T>G;chr1:94077879:C>T;chr1:94077881:G>A;chr1:94077882:G>T;chr1:94077885:A>G;chr1:94078592:T>G;chr1:94078599:G>A;chr1:94078644:T>C;chr1:94078656:G>C;chr1:94078668:C>T;chr1:94078671:C>T;chr1:94078674:A>G;chr1:94078677:G>A;chr1:94078683:C>T;chr1:94078686:T>C;chr1:94078695:A>G;chr1:94078698:T>G;chr1:94078704:G>A;chr1:94079340:T>C;chr1:94079379:C>G;chr1:94079379:C>T;chr1:94079388:C>T;chr1:94079394:C>A;chr1:94079394:C>T;chr1:94079403:A>G;chr1:94079406:G>A;chr1:94079430:C>G;chr1:94079460:T>A;chr1:94080482:T>C;chr1:94080491:A>G;chr1:94080500:G>T;chr1:94080518:G>A;chr1:94080521:G>A;chr1:94080527:C>T;chr1:94080542:A>G;chr1:94080548:A>G;chr1:94080551:G>A;chr1:94080557:A>G;chr1:94080575:C>G;chr1:94080575:C>T;chr1:94080580:G>T;chr1:94080596:G>A;chr1:94080608:C>T;chr1:94080620:C>G;chr1:94080632:C>T;chr1:94080634:G>A;chr1:94080641:A>G;chr1:94080644:G>A;chr1:94080668:G>A;chr1:94080671:G>A;chr1:94080674:C>T;chr1:94080677:G>T;chr1:94080686:C>G;chr1:94080691:A>G;chr1:94080704:C>A;chr1:94080704:C>T;chr1:94080707:C>T;chr1:94083388:T>A;chr1:94083394:A>G;chr1:94083397:T>C;chr1:94083421:G>A;chr1:94083424:G>A;chr1:94083430:G>A;chr1:94098794:C>A;chr1:94098794:C>T;chr1:94098803:G>C;chr1:94098821:G>A;chr1:94098824:G>A;chr1:94098830:C>T;chr1:94098833:A>G;chr1:94098836:G>A;chr1:94098848:C>T;chr1:94098854:G>A;chr1:94098857:G>T;chr1:94098866:G>C;chr1:94098866:G>T;chr1:94098875:C>T;chr1:94098887:C>A;chr1:94098887:C>T;chr1:94098890:C>T;chr1:94098893:C>T;chr1:94098902:G>A;chr1:94098914:G>A;chr1:94098932:C>A;chr1:94098944:G>A;chr1:94098953:G>A;chr1:94098956:G>A;chr1:94098965:C>T;chr1:94098968:C>T;chr1:94098974:C>T;chr1:94098977:G>T;chr1:94098989:G>A;chr1:94103018:C>T;chr1:94103021:T>G;chr1:94103054:C>T;chr1:94103060:G>A;chr1:94103066:C>T;chr1:94103069:G>A;chr1:94103069:G>C;chr1:94103072:G>A;chr1:94103090:T>C;chr1:94103093:T>A;chr1:94103096:C>T;chr1:94103108:A>G;chr1:94103114:C>T;chr1:94103116:A>G;chr1:94103117:G>A;chr1:94103120:A>G;chr1:94103123:C>T;chr1:94103129:T>A;chr1:94108590:C>T;chr1:94108596:A>T;chr1:94108605:G>T;chr1:94108632:T>C;chr1:94108635:C>T;chr1:94108647:A>C;chr1:94108680:G>A;chr1:94108683:G>A;chr1:94108683:G>T;chr1:94108686:T>C;chr1:94108707:C>T;chr1:94108715:A>G;chr1:94111440:G>A;chr1:94111470:A>G;chr1:94111485:G>T;chr1:94111488:G>A;chr1:94111494:A>G;chr1:94111503:A>G;chr1:94111506:G>A;chr1:94111521:G>A;chr1:94111524:C>A;chr1:94111524:C>T;chr1:94111536:C>A;chr1:94111536:C>T;chr1:94111539:C>T;chr1:94111551:T>A;chr1:94111554:G>C;chr1:94111560:C>G;chr1:94111560:C>T;chr1:94111563:C>T;chr1:94111572:G>A;chr1:94111575:A>G;chr1:94111578:G>A;chr1:94112977:A>G;chr1:94112980:A>G;chr1:94112989:G>T;chr1:94112992:T>C;chr1:94112998:G>A;chr1:94113019:G>C;chr1:94113031:A>C;chr1:94113034:T>C;chr1:94113043:C>T;chr1:94113046:G>A;chr1:94113052:C>T;chr1:94113055:C>T;chr1:94120986:C>T;chr1:94120994:G>T;chr1:94120995:C>T;chr1:94120998:G>A;chr1:94120998:G>T;chr1:94121007:C>T;chr1:94121013:G>A;chr1:94121019:A>G;chr1:94121037:G>A	p.*2274R;p.A1021A;p.A1038A;p.A1073A;p.A1123A;p.A1244A;p.A1324A;p.A1357A;p.A1375A;p.A1402A;p.A1506A;p.A1575A;p.A1598A;p.A1626A;p.A1637A;p.A1641A;p.A1683A;p.A1773A;p.A1791A;p.A1827A;p.A1859A;p.A1881A;p.A1907A;p.A1976A;p.A199A;p.A2064A;p.A2064G;p.A2064P;p.A2064T;p.A2064V;p.A2082D;p.A2082T;p.A2082V;p.A2084A;p.A2084P;p.A2084T;p.A2135V;p.A2141V;p.A2147T;p.A2216A;p.A2216E;p.A2216G;p.A2216V;p.A2249A;p.A2249D;p.A2265A;p.A2267A;p.A2271A;p.A246A;p.A386A;p.A389A;p.A407A;p.A414A;p.A430A;p.A45A;p.A475A;p.A477A;p.A491A;p.A495A;p.A538A;p.A549A;p.A595A;p.A60A;p.A626A;p.A662A;p.A739A;p.A743A;p.A781A;p.A793A;p.A854A;p.C1008C;p.C1303C;p.C1320C;p.C1502C;p.C1685C;p.C1797C;p.C1967C;p.C2066*;p.C2133R;p.C2133S;p.C2137C;p.C2137Y;p.C2150R;p.C2150Y;p.C54C;p.C654C;p.C748C;p.C779C;p.C930C;p.D1061D;p.D1086D;p.D1093D;p.D1121D;p.D1193D;p.D1194D;p.D1204D;p.D1210D;p.D1316D;p.D1432D;p.D1532D;p.D155D;p.D1582D;p.D159D;p.D1679D;p.D175D;p.D1873D;p.D1916D;p.D1918D;p.D1956D;p.D202D;p.D2065H;p.D2065N;p.D2095D;p.D2095V;p.D2102A;p.D2102E;p.D2102H;p.D2176D;p.D2177N;p.D2227D;p.D242D;p.D262D;p.D342D;p.D352D;p.D453D;p.D462D;p.D492D;p.D493D;p.D530D;p.D555D;p.D576D;p.D644D;p.D645D;p.D832D;p.D915D;p.D947D;p.E111E;p.E1218E;p.E1223E;p.E1271E;p.E128E;p.E1308E;p.E1336E;p.E1338E;p.E1452E;p.E1520E;p.E1597E;p.E1651E;p.E1817E;p.E1864E;p.E189E;p.E1966E;p.E2048K;p.E2096D;p.E2096G;p.E2096K;p.E2119E;p.E2131K;p.E2132*;p.E2132E;p.E2134D;p.E2134G;p.E2232K;p.E2233V;p.E420E;p.E518E;p.E789E;p.E877E;p.E884E;p.E891E;p.E905E;p.E919E;p.E921E;p.E939E;p.E955E;p.F1015F;p.F1184F;p.F1231F;p.F1262F;p.F1373F;p.F1440F;p.F1579F;p.F1692F;p.F1870F;p.F1890F;p.F1900F;p.F191F;p.F2148L;p.F216F;p.F2188F;p.F2188S;p.F2193F;p.F2193V;p.F2208F;p.F2208Y;p.F2219F;p.F2245F;p.F312F;p.F3F;p.F497F;p.F547F;p.F553F;p.F56F;p.F642F;p.F701F;p.F718F;p.F731F;p.F780F;p.F812F;p.F82F;p.F861F;p.G1032G;p.G1064G;p.G1110G;p.G1142G;p.G1258G;p.G1289G;p.G1341G;p.G1347G;p.G1398G;p.G1411G;p.G1423G;p.G1448G;p.G1505G;p.G1508G;p.G1573G;p.G1591G;p.G1592G;p.G1623G;p.G172G;p.G1744G;p.G1748G;p.G1803G;p.G1862G;p.G1932G;p.G1969G;p.G1977G;p.G1987G;p.G2000G;p.G2059D;p.G2069D;p.G2073A;p.G2074C;p.G2074D;p.G2074S;p.G2074V;p.G2100E;p.G2120G;p.G2146D;p.G2146G;p.G2152C;p.G2152S;p.G2152V;p.G2162R;p.G2164D;p.G2164G;p.G2164S;p.G2191G;p.G235G;p.G274G;p.G350G;p.G606G;p.G607G;p.G618G;p.G72G;p.G766G;p.G803G;p.G805G;p.G818G;p.G882G;p.G924G;p.G928G;p.G963G;p.G968G;p.G978G;p.G985G;p.G990G;p.G991G;p.H1011H;p.H1023H;p.H1118H;p.H1191H;p.H1215H;p.H1354H;p.H1406H;p.H1625H;p.H1635H;p.H1711H;p.H1871H;p.H2128H;p.H2128R;p.H2202D;p.H2225H;p.H2256N;p.H423H;p.H51H;p.H52H;p.H55H;p.H914H;p.I1113I;p.I1230I;p.I1367I;p.I1377I;p.I1470I;p.I1521I;p.I1562I;p.I156I;p.I1571I;p.I1586I;p.I1638I;p.I1671I;p.I171I;p.I1747I;p.I1802I;p.I1812I;p.I1834I;p.I1937I;p.I2023I;p.I203I;p.I2047I;p.I2055I;p.I2083I;p.I2083M;p.I2086S;p.I2113I;p.I2113L;p.I2113M;p.I2142M;p.I2142N;p.I2142V;p.I2166I;p.I2166M;p.I2166V;p.I2218I;p.I2231I;p.I2231V;p.I359I;p.I385I;p.I571I;p.I584I;p.I649I;p.I674I;p.I707I;p.I724I;p.I73I;p.I777I;p.I824I;p.I994I;p.K1033K;p.K1106K;p.K1162K;p.K1220K;p.K1239K;p.K13K;p.K1437K;p.K1446K;p.K1476K;p.K2049K;p.K2049R;p.K2049T;p.K2056*;p.K2056K;p.K2056R;p.K2076E;p.K2076T;p.K2078N;p.K2078Q;p.K2158M;p.K2160E;p.K2160R;p.K2172R;p.K223K;p.K391K;p.K426K;p.K484K;p.K59K;p.K683K;p.K757K;p.L1014L;p.L1025L;p.L102L;p.L1040L;p.L1046L;p.L1062L;p.L1070L;p.L1104L;p.L1126L;p.L112L;p.L1138L;p.L113L;p.L1155L;p.L1195L;p.L11L;p.L1201L;p.L1221L;p.L1232L;p.L1254L;p.L1259L;p.L1274L;p.L129L;p.L1350L;p.L1374L;p.L1405L;p.L1445L;p.L1499L;p.L1509L;p.L1522L;p.L1525L;p.L157L;p.L1580L;p.L1583L;p.L163L;p.L1643L;p.L165L;p.L173L;p.L1763L;p.L1769L;p.L1795L;p.L17L;p.L1800L;p.L1822L;p.L1829L;p.L1833L;p.L1841L;p.L1850L;p.L1874L;p.L1891L;p.L1894L;p.L1895L;p.L1938L;p.L1940L;p.L1970L;p.L1985L;p.L198L;p.L2026L;p.L2058L;p.L2058Q;p.L2058R;p.L2060M;p.L2060P;p.L2060R;p.L2060V;p.L2067L;p.L2079H;p.L2085F;p.L2085L;p.L2109P;p.L210L;p.L2136L;p.L2136P;p.L2140L;p.L2140R;p.L2178L;p.L2179L;p.L2179P;p.L2206F;p.L2206L;p.L2222L;p.L2223L;p.L2229L;p.L2229P;p.L2241L;p.L2241P;p.L2241V;p.L2258F;p.L2258I;p.L2258L;p.L2258V;p.L2260L;p.L229L;p.L232L;p.L244L;p.L253L;p.L260L;p.L296L;p.L297L;p.L29L;p.L303L;p.L315L;p.L319L;p.L323L;p.L33L;p.L377L;p.L394L;p.L421L;p.L455L;p.L479L;p.L482L;p.L48L;p.L512L;p.L539L;p.L541L;p.L542L;p.L611L;p.L634L;p.L661L;p.L67L;p.L680L;p.L682L;p.L702L;p.L715L;p.L725L;p.L735L;p.L738L;p.L774L;p.L796L;p.L797L;p.L809L;p.L819L;p.L837L;p.L838L;p.L844L;p.L853L;p.L874L;p.L875L;p.L894L;p.L934L;p.L962L;p.L976L;p.L988L;p.L998L;p.L9L;p.M2101L;p.M2101R;p.M2130K;p.M2130R;p.M2143K;p.M2143R;p.M2151I;p.M2151L;p.N1165N;p.N1235N;p.N1296N;p.N1298N;p.N1318N;p.N1457N;p.N1469N;p.N1483N;p.N1529N;p.N1588N;p.N1614N;p.N1636N;p.N1707N;p.N1805N;p.N1818N;p.N1826N;p.N1878N;p.N1974N;p.N2075K;p.N2111N;p.N2204N;p.N247N;p.N343N;p.N449N;p.N480N;p.N582N;p.N78N;p.N79N;p.N823N;p.N826N;p.N965N;p.P1088P;p.P1144P;p.P1189P;p.P1268P;p.P1284P;p.P1302P;p.P1325P;p.P1340P;p.P1342P;p.P1380P;p.P1395P;p.P1401P;p.P143P;p.P1454P;p.P1486P;p.P1500P;p.P1503P;p.P1510P;p.P1511P;p.P1512P;p.P1603P;p.P1649P;p.P1660P;p.P1776P;p.P1837P;p.P1869P;p.P188P;p.P1948P;p.P196P;p.P2018P;p.P2090L;p.P2090P;p.P2090Q;p.P2097L;p.P2097S;p.P2097T;p.P2103H;p.P2174L;p.P2174P;p.P2259S;p.P2262L;p.P2262R;p.P291P;p.P302P;p.P327P;p.P47P;p.P564P;p.P597P;p.P62P;p.P656P;p.P68P;p.P799P;p.P85P;p.P868P;p.P910P;p.P923P;p.P927P;p.P940P;p.P944P;p.P982P;p.Q1010Q;p.Q1035Q;p.Q1199Q;p.Q1343Q;p.Q1353Q;p.Q1376Q;p.Q1413Q;p.Q1472Q;p.Q1523Q;p.Q1713Q;p.Q1904Q;p.Q2104*;p.Q2104R;p.Q2155*;p.Q2187*;p.Q2187H;p.Q2187R;p.Q2190*;p.Q2190H;p.Q2190P;p.Q2190R;p.Q2207P;p.Q2207R;p.Q2209R;p.Q2220*;p.Q2238Q;p.Q2238R;p.Q2272Q;p.Q2272R;p.Q238Q;p.Q490Q;p.Q536Q;p.Q635Q;p.Q689Q;p.R104R;p.R1055R;p.R1068R;p.R1097R;p.R1098R;p.R1108R;p.R1129R;p.R1137R;p.R1170R;p.R124R;p.R1300R;p.R1443R;p.R1489R;p.R152R;p.R154R;p.R1705R;p.R1843R;p.R18R;p.R2038R;p.R2077G;p.R2077L;p.R2077Q;p.R2077W;p.R20R;p.R2106C;p.R2106H;p.R2107C;p.R2107H;p.R2107P;p.R2107S;p.R2139P;p.R2139Q;p.R2139W;p.R2149*;p.R2149L;p.R2149P;p.R2149Q;p.R220R;p.R2263*;p.R2263G;p.R2263L;p.R2263Q;p.R2269*;p.R2269Q;p.R271R;p.R290R;p.R301R;p.R333R;p.R365R;p.R425R;p.R452R;p.R500R;p.R508R;p.R681R;p.S100S;p.S1071S;p.S1096S;p.S1099S;p.S1180S;p.S1280S;p.S1391S;p.S1458S;p.S1467S;p.S1487S;p.S1518S;p.S1531S;p.S1545S;p.S1581S;p.S1590S;p.S1642S;p.S1736S;p.S1738S;p.S1807S;p.S1866S;p.S2008S;p.S2054I;p.S2054S;p.S206S;p.S2072G;p.S2072N;p.S2072R;p.S2072S;p.S2127F;p.S2127P;p.S2129N;p.S2173S;p.S2196R;p.S2211F;p.S2211Y;p.S2213S;p.S2235P;p.S2255I;p.S2268R;p.S263S;p.S272S;p.S34S;p.S353S;p.S416S;p.S489S;p.S561S;p.S591S;p.S63S;p.S666S;p.S709S;p.S728S;p.S839S;p.S84S;p.S878S;p.S90S;p.S916S;p.S974S;p.T1019T;p.T1112T;p.T1143T;p.T1158T;p.T1176T;p.T1187T;p.T1253T;p.T1277T;p.T1346T;p.T1366T;p.T1382T;p.T138T;p.T141T;p.T1428T;p.T1497T;p.T1519T;p.T1526T;p.T1537T;p.T1572T;p.T164T;p.T1655T;p.T16T;p.T1755T;p.T1821T;p.T1979T;p.T1986T;p.T1989T;p.T1990T;p.T1992T;p.T1997T;p.T2028T;p.T2061T;p.T2070A;p.T2070K;p.T2070M;p.T2070P;p.T2070R;p.T2070T;p.T2098A;p.T2099T;p.T2126I;p.T2138T;p.T2153T;p.T2240A;p.T224T;p.T2253T;p.T236T;p.T243T;p.T300T;p.T311T;p.T367T;p.T417T;p.T454T;p.T459T;p.T506T;p.T509T;p.T535T;p.T581T;p.T685T;p.T716T;p.T787T;p.T806T;p.T829T;p.T888T;p.T897T;p.T901T;p.T904T;p.T959T;p.T971T;p.T977T;p.V1001V;p.V1020V;p.V1072V;p.V1077V;p.V1082V;p.V1192V;p.V1212V;p.V1360V;p.V1466V;p.V1552V;p.V1568V;p.V1569V;p.V1577V;p.V1589V;p.V1678V;p.V1718V;p.V1737V;p.V1742V;p.V1764V;p.V177V;p.V1787V;p.V1793V;p.V1854V;p.V1857V;p.V1884V;p.V1888V;p.V1921V;p.V195V;p.V1960V;p.V1962V;p.V1991V;p.V2050L;p.V2062L;p.V2092V;p.V2112I;p.V2112L;p.V2114M;p.V2114V;p.V2123V;p.V2124I;p.V2167I;p.V2167V;p.V2236V;p.V2244E;p.V2244V;p.V225V;p.V256V;p.V26V;p.V27V;p.V30V;p.V334V;p.V38V;p.V424V;p.V434V;p.V460V;p.V551V;p.V598V;p.V667V;p.V695V;p.V794V;p.V926V;p.V935V;p.V987V;p.W2053*;p.W2110*;p.W2110R;p.Y1095Y;p.Y1156Y;p.Y1400Y;p.Y1410Y;p.Y1414Y;p.Y1770Y;p.Y2034Y;p.Y2063Y;p.Y2071*;p.Y2071D;p.Y2071N;p.Y2071Y;p.Y2165C;p.Y2165Y;p.Y2203*;p.Y340Y;p.Y345Y;p.Y362Y;p.Y483Y;p.Y516Y;p.Y528Y;p.Y588Y;p.Y639Y;p.Y808Y;p.Y856Y;p.Y872Y;p.Y954Y	missense;stop_gain;stop_loss;synonymous	1393.0	Mixed	12.239107856023377	41.47351990651393			global_fdr	0
ABCA4_012bc97f9ae51bab	162	0	0	0.0	0.0006853093509562314	0.008603215217590332	1	chr1:94031839:T>G	p.Q1356P	missense	1356.0	VUS	21.364172119214473	21.364172119214473			global_fdr	0
ABCA4_062fbc656c7f8574	162	0	0	0.0	0.0008647479698993266	0.009682685136795044	1	chr1:94044664:G>A	p.A1000V	missense	1000.0	VUS	10.05192214154544	10.05192214154544			global_fdr	0
ABCA4_10a545ae79a8ec97	162	0	0	0.0	0.0007610081811435521	0.010640114545822144	1	chr1:94077773:C>T	p.A491T	missense	491.0	VUS	8.640170706040106	8.640170706040106			global_fdr	0
ABCA4_17880dde01808cb8	162	0	0	0.0	0.0009229817078448832	0.011100023984909058	1	chr1:94055132:A>T	p.Y856N	missense	856.0	Conflicting	25.65383775948351	25.65383775948351			global_fdr	0
ABCA4_3888b4c5cd49b22b	162	0	0	0.0	0.0006539610330946743	0.00850743055343628	1	chr1:94098979:C>G	p.V195L	missense	195.0	VUS	19.104796798484294	19.104796798484294			global_fdr	0
ABCA4_50ce361210ad1e32	162	0	0	0.0	0.0011630215449258685	0.011243432760238647	1	chr1:94103104:C>T	p.E161K	missense	161.0	Conflicting	24.653996258798394	24.653996258798394			global_fdr	0
ABCA4_510a18e7dce43dcd	162	0	0	0.0	0.0006310485769063234	0.007331192493438721	1	chr1:94015763:A>G	p.L1763P	missense	1763.0	P/LP	26.86221567021999	26.86221567021999			global_fdr	0
ABCA4_5e655b42d4dbde5b	162	0	0	0.0	0.0016713599907234311	0.01694321632385254	1	chr1:94046943:T>A	p.N965I	missense	965.0	P/LP	29.15878134674233	29.15878134674233			global_fdr	0
ABCA4_6917004319b4a194	162	0	0	0.0	0.0008846399141475558	0.01041671633720398	1	chr1:94005485:G>A	p.L2035F	missense	2035.0	VUS	19.71895980645482	19.71895980645482			global_fdr	0
ABCA4_70f7c0a5064e0597	162	0	0	0.0	0.0006749078165739775	0.008381545543670654	1	chr1:94019692:T>C	p.S1696G	missense	1696.0	Conflicting	22.034851017314956	22.034851017314956			global_fdr	0
ABCA4_75f3347b3fefa102	162	0	0	0.0	0.0009347725426778197	0.012575745582580566	1	chr1:94080520:A>C	p.S353A	missense	353.0	VUS	13.04189609300909	13.04189609300909			global_fdr	0
ABCA4_7c8aab3fb369d61b	162	0	0	0.0	0.0005800951039418578	0.007231533527374268	1	chr1:94063217:A>G	p.V552A	missense	552.0	VUS	24.23076121050603	24.23076121050603			global_fdr	0
ABCA4_83f5dffe68db38fb	162	0	0	0.0	0.0006409030756913126	0.0064637064933776855	1	chr1:94037158:G>C	p.T1267S	missense	1267.0	VUS	24.59364324738871	24.59364324738871			global_fdr	0
ABCA4_8f3d22d6a84e2a71	162	0	0	0.0	0.00112336955498904	0.011510670185089111	1	chr1:94021943:C>T	p.G1559E	missense	1559.0	Conflicting	31.25280980382042	31.25280980382042			global_fdr	0
ABCA4_98a0208835edffe3	162	0	0	0.0	0.0008033956401050091	0.011296272277832031	1	chr1:94063160:A>T	p.I571N	missense	571.0	VUS	27.218559697972168	27.218559697972168			global_fdr	0
ABCA4_99797f84a8572c1c	162	0	0	0.0	0.0008296227897517383	0.009375602006912231	1	chr1:94040048:A>C	p.L1201R	missense	1201.0	B/LB	23.229837585416394	23.229837585416394			global_fdr	0
ABCA4_a699ca3000f28025	162	0	0	0.0	0.0008951341733336449	0.01017811894416809	1	chr1:94037321:G>A	p.L1213F	missense	1213.0	VUS	5.310289931914866	5.310289931914866			global_fdr	0
ABCA4_b16c6aaf0cf31307	162	0	0	0.0	0.0007614904316142201	0.010391294956207275	1	chr1:94021913:A>G	p.V1569A	missense	1569.0	VUS	17.61524427353975	17.61524427353975			global_fdr	0
ABCA4_b21fcf08ab87e931	162	0	0	0.0	0.0008710154797881842	0.01080244779586792	1	chr1:94043342:G>T	p.L1062I	missense	1062.0	Conflicting	23.64172280550659	23.64172280550659			global_fdr	0
ABCA4_c26205c375a6357e	162	0	0	0.0	0.0011470922036096454	0.01778271794319153	1	chr1:94011337:G>A	p.P1837S	missense	1837.0	P/LP	29.171596813138127	29.171596813138127			global_fdr	0
ABCA4_d01b64a69dee16fc	162	0	0	0.0	0.0008200597367249429	0.008805513381958008	1	chr1:94111454:T>G	p.N96H	missense	96.0	P/LP	25.89568028625546	25.89568028625546			global_fdr	0
ABCA4_d12d71c003679674	162	0	0	0.0	0.0007262926083058119	0.009475082159042358	1	chr1:94113062:C>T	p.R24H	missense	24.0	P/LP	22.897369212331302	22.897369212331302			global_fdr	0
ABCA4_f19228b6740ac4e0	162	0	0	0.0	0.0004951613955199718	0.007820695638656616	1	chr1:94024973:G>T	p.P1539T	missense	1539.0	VUS	23.198313163473312	23.198313163473312			global_fdr	0
ABCA4_f1eb9bc0e122f65a	162	0	0	0.0	0.0011812682496383786	0.015443861484527588	1	chr1:94011385:T>C	p.T1821A	missense	1821.0	VUS	15.320227592022773	15.320227592022773			global_fdr	0
ABCA4_fd5f49c12dfc732f	162	0	0	0.0	0.0008236775174736977	0.008704036474227905	1	chr1:94056678:A>G	p.Y769H	missense	769.0	VUS	24.59319598989335	24.59319598989335			global_fdr	0
