variant	gnomad_variant_id	rsids	hgvsc	hgvsp	transcript_id	is_mane_select	joint_ac	joint_an	joint_homozygote_count	max_population_af	max_population	vcep_frequency_exclusion	population_evidence_tier	clinvar_variation_id	clinical_class	review_stars	protein_status	protein_effect	normalized_hgvs_p	sequence_id	atlas_observable	already_in_clinvar_snapshot	already_screened_by_atlas_ppi	candidate_label_scope
chr1:93996161:C>A	1-93996161-C-A	rs6666652	c.6764G>T	p.Ser2255Ile	ENST00000370225	True	99875	1613784	10691	0.48871127004883774	afr	False	ba1_candidate	99494.0	B/LB	3.0	wt_equivalent	missense	p.S2255I	ABCA4_WT	False	True	True	population-compatible; not clinical benign
chr1:94078678:T>C	1-94078678-T-C	rs3112831	c.1268A>G	p.His423Arg	ENST00000370225	True	475026	1610992	72755	0.32274394592942296	nfe	False	ba1_candidate	99040.0	B/LB	2.0	screened	missense	p.H423R	ABCA4_5fb6c153fc14cd7f	True	True	True	population-compatible; not clinical benign
chr1:94040048:A>C	1-94040048-A-C	rs61750126	c.3602T>G	p.Leu1201Arg	ENST00000370225	True	7989	1603546	369	0.0946995994659546	afr	False	bs1_strong_candidate	7903.0	B/LB	2.0	screened	missense	p.L1201R	ABCA4_99797f84a8572c1c	True	True	True	population-compatible; not clinical benign
chr1:94098927:C>T	1-94098927-C-T	rs6657239	c.635G>A	p.Arg212His	ENST00000370225	True	64113	1613470	1401	0.06952035620017596	afr	False	bs1_strong_candidate	99454.0	Conflicting	1.0	screened	missense	p.R212H	ABCA4_6a565b27c759cb8c	True	True	True	population-compatible; not clinical benign
chr1:94010911:T>A	1-94010911-T-A	rs1801466	c.5603A>T	p.Asn1868Ile	ENST00000370225	True	90059	1613960	2989	0.06732775467934039	nfe	True	excluded_vcep_reduced_penetrance_or_hypomorphic	99390.0	Conflicting	1.0	screened	missense	p.N1868I	ABCA4_9ec2a966379f42bd	True	True	True	population-compatible; not clinical benign
chr1:94032007:C>T	1-94032007-C-T	rs61750129	c.3899G>A	p.Arg1300Gln	ENST00000370225	True	6147	1613304	183	0.06726074544435848	afr	False	bs1_strong_candidate	99246.0	B/LB	3.0	screened	missense	p.R1300Q	ABCA4_ef4b7d3b67f17576	True	True	True	population-compatible; not clinical benign
chr1:94045779:A>T	1-94045779-A-T	rs77518674	c.2883T>A	p.Asp961Glu	ENST00000649773	False	6252	456284	163	0.059989639783232386	afr	False	bs1_strong_candidate									False	False	population-compatible; not clinical benign
chr1:94047009:C>T	1-94047009-C-T	rs1801581	c.2828G>A	p.Arg943Gln	ENST00000370225	True	65522	1614062	1540	0.046447457627118646	nfe	False	bs1_strong_candidate	7913.0	B/LB	3.0	screened	missense	p.R943Q	ABCA4_b7af520a397a903d	True	True	True	population-compatible; not clinical benign
chr1:94008290:G>A	1-94008290-G-A	rs56142141	c.5843C>T	p.Pro1948Leu	ENST00000370225	True	63393	1613262	1534	0.045868836666576214	nfe	False	bs1_strong_candidate	99413.0	B/LB	3.0	screened	missense	p.P1948L	ABCA4_ff0f0a7d824f39f5	True	True	True	population-compatible; not clinical benign
chr1:94030497:G>A	1-94030497-G-A	rs1800549	c.4283C>T	p.Thr1428Met	ENST00000370225	True	2599	1614220	55	0.0453491999821723	eas	False	bs1_strong_candidate	99271.0	B/LB	3.0	screened	missense	p.T1428M	ABCA4_848ad83ad9d2815e	True	True	True	population-compatible; not clinical benign
chr1:94037332:A>G	1-94037332-A-G	rs76258939	c.3626T>C	p.Met1209Thr	ENST00000370225	True	1740	1614204	17	0.021563822677656493	eas	False	bs1_strong_candidate	143075.0	B/LB	2.0	screened	missense	p.M1209T	ABCA4_a9fd5e278729299b	True	True	True	population-compatible; not clinical benign
chr1:94001068:C>T	1-94001068-C-T	rs62642564	c.6320G>A	p.Arg2107His	ENST00000370225	True	1854	1614112	17	0.020718416073760227	afr	True	excluded_vcep_reduced_penetrance_or_hypomorphic	99448.0	P/LP	3.0	wt_equivalent	missense	p.R2107H	ABCA4_WT	False	True	True	population-compatible; not clinical benign
chr1:94008251:C>T	1-94008251-C-T	rs1800553	c.5882G>A	p.Gly1961Glu	ENST00000370225	True	5498	1614012	44	0.020620257340811615	mid	True	excluded_vcep_reduced_penetrance_or_hypomorphic	7888.0	P/LP	3.0	screened	missense	p.G1961E	ABCA4_d5ffd10f7e46e0aa	True	True	True	population-compatible; not clinical benign
chr1:94098944:G>C	1-94098944-G-C	rs61748536	c.618C>G	p.Ser206Arg	ENST00000370225	True	1389	1612628	10	0.016710642040457344	afr	False	bs1_strong_candidate	99434.0	Conflicting	1.0	screened	missense	p.S206R	ABCA4_4d466f11f05ea395	True	True	True	population-compatible; not clinical benign
chr1:94062587:C>T	1-94062587-C-T	rs61749417	c.1927G>A	p.Val643Met	ENST00000370225	True	1446	1614030	14	0.016542255398560385	afr	False	bs1_strong_candidate	99101.0	Conflicting	1.0	screened	missense	p.V643M	ABCA4_db66f9584f4e492e	True	True	True	population-compatible; not clinical benign
chr1:94045879:T>C	1-94045879-T-C	rs146835972	c.2783A>G	p.Gln928Arg	ENST00000649773	False	248	456298	2	0.014246004169562195	eas	False	bs1_supporting_candidate									False	False	population-compatible; not clinical benign
chr1:94055152:A>G	1-94055152-A-G	rs61749435	c.2546T>C	p.Val849Ala	ENST00000370225	True	1170	1614186	7	0.01297870639341204	afr	False	bs1_supporting_candidate	99141.0	Conflicting	1.0	screened	missense	p.V849A	ABCA4_dfe6ad4abf89e04b	True	True	True	population-compatible; not clinical benign
chr1:94021333:C>A	1-94021333-C-A	rs114518437	c.4925G>T	p.Ser1642Ile	ENST00000370225	True	1103	1614182	3	0.012954127462217128	afr	False	bs1_supporting_candidate	298232.0	Conflicting	1.0	screened	missense	p.S1642I	ABCA4_e20c027bca94cf97	True	True	True	population-compatible; not clinical benign
chr1:93998061:C>T	1-93998061-C-T	rs1800555	c.6529G>A	p.Asp2177Asn	ENST00000370225	True	18903	1614162	191	0.012373435206622216	nfe	False	bs1_supporting_candidate	7885.0	B/LB	2.0	wt_equivalent	missense	p.D2177N	ABCA4_WT	False	True	True	population-compatible; not clinical benign
chr1:94029481:C>G	1-94029481-C-G	rs143272984	c.4503G>C	p.Glu1501Asp	ENST00000370225	True	875	1581126	3	0.010500375013393336	afr	False	bs1_supporting_candidate	730660.0	B/LB	1.0	screened	missense	p.E1501D	ABCA4_25513e4919c2a763	True	True	True	population-compatible; not clinical benign
chr1:94040103:C>A	1-94040103-C-A	rs75267647	c.3547G>T	p.Gly1183Cys	ENST00000370225	True	628	1609894	9	0.010171759982154808	eas	False	bs1_supporting_candidate	298250.0	Conflicting	1.0	screened	missense	p.G1183C	ABCA4_461a83cc82311fca	True	True	True	population-compatible; not clinical benign
chr1:94063173:C>T	1-94063173-C-T	rs74516571	c.1699G>A	p.Val567Met	ENST00000370225	True	518	1614084	3	0.010095382421108932	eas	False	bs1_supporting_candidate	143073.0	Conflicting	1.0	screened	missense	p.V567M	ABCA4_7adbce1e8cb59982	True	True	True	population-compatible; not clinical benign
chr1:94051698:C>G	1-94051698-C-G	rs76157638	c.2588G>C	p.Gly863Ala	ENST00000370225	True	11375	1612312	46	0.008896398498907788	nfe	True	excluded_vcep_reduced_penetrance_or_hypomorphic	7879.0	VUS	3.0	screened	missense	p.G863A	ABCA4_e32c99bafc78bd67	True	True	True	population-compatible; not clinical benign
chr1:94055212:G>A	1-94055212-G-A	rs139250920	c.2486C>T	p.Thr829Met	ENST00000370225	True	223	1614000	3	0.008875739644970414	mid	False	bs1_supporting_candidate	873957.0	Conflicting	1.0	screened	missense	p.T829M	ABCA4_44c16bc293ec8885	True	True	True	population-compatible; not clinical benign
chr1:94030524:A>G	1-94030524-A-G	rs142673376	c.4256T>C	p.Met1419Thr	ENST00000370225	True	799	1614176	11	0.00823433828857513	sas	False	bs1_supporting_candidate	298239.0	Conflicting	1.0	screened	missense	p.M1419T	ABCA4_8278a38ea9398173	True	True	True	population-compatible; not clinical benign
chr1:94044692:C>G	1-94044692-C-G	rs61749455	c.2971G>C	p.Gly991Arg	ENST00000370225	True	746	1614172	2	0.008115022786024571	afr	False	bs1_supporting_candidate	99182.0	Conflicting	1.0	screened	missense	p.G991R	ABCA4_4782b9f39a403fac	True	True	True	population-compatible; not clinical benign
chr1:94001992:C>G	1-94001992-C-G	rs41292677	c.6148G>C	p.Val2050Leu	ENST00000370225	True	5886	1614142	13	0.006730865349371897	amr	False	bs1_supporting_candidate	7884.0	B/LB	3.0	wt_equivalent	missense	p.V2050L	ABCA4_WT	False	True	True	population-compatible; not clinical benign
chr1:94007731:G>A	1-94007731-G-A	rs28938473	c.5908C>T	p.Leu1970Phe	ENST00000370225	True	7724	1613956	25	0.005807823994033696	nfe	False	bs1_supporting_candidate	7892.0	Conflicting	1.0	screened	missense	p.L1970F	ABCA4_9eb5496bd8df2c8e	True	True	True	population-compatible; not clinical benign
chr1:94103119:T>C	1-94103119-T-C	rs62646863	c.466A>G	p.Ile156Val	ENST00000370225	True	3215	1614124	11	0.0056816288446799295	amr	False	bs1_supporting_candidate	99310.0	Conflicting	1.0	screened	missense	p.I156V	ABCA4_25293450d032bfd6	True	True	True	population-compatible; not clinical benign
chr1:94098988:C>T	1-94098988-C-T	rs61748535	c.574G>A	p.Ala192Thr	ENST00000370225	True	493	1606020	3	0.005439564834813215	afr	False	bs1_supporting_candidate	99405.0	Conflicting	1.0	screened	missense	p.A192T	ABCA4_f5d9e89b78024107	True	True	True	population-compatible; not clinical benign
chr1:94083372:T>A	1-94083372-T-A	rs138682163	c.838A>T	p.Met280Leu	ENST00000370225	True	471	1612466	1	0.005374049873316442	afr	False	bs1_supporting_candidate	265010.0	Conflicting	1.0	screened	missense	p.M280L	ABCA4_9547b9c68e2472f3	True	True	True	population-compatible; not clinical benign
chr1:94010874:A>T	1-94010874-A-T	rs374811709	c.5640T>A	p.Phe1880Leu	ENST00000370225	True	516	1614160	2	0.005368434920077288	sas	False	bs1_supporting_candidate	874746.0	Conflicting	1.0	screened	missense	p.F1880L	ABCA4_eaf9621fda60936f	True	True	True	population-compatible; not clinical benign
chr1:94103130:C>T	1-94103130-C-T	rs62646862	c.455G>A	p.Arg152Gln	ENST00000370225	True	6892	1613942	28	0.005108768979907316	nfe	False	bs1_supporting_candidate	99301.0	Conflicting	1.0	screened	missense	p.R152Q	ABCA4_f5ace0528d6f0039	True	True	True	population-compatible; not clinical benign
chr1:94078652:C>T	1-94078652-C-T	rs201117452	c.1294G>A	p.Glu432Lys	ENST00000370225	True	167	1499752	1	0.004683100614836523	eas	False	bs1_supporting_candidate	143072.0	Conflicting	1.0	screened	missense	p.E432K	ABCA4_cb5b6065de08463f	True	True	True	population-compatible; not clinical benign
chr1:94077712:C>T	1-94077712-C-T	rs140482171	c.1532G>A	p.Arg511His	ENST00000370225	True	1293	1613274	8	0.004586348738479136	sas	False	bs1_supporting_candidate	283387.0	Conflicting	1.0	screened	missense	p.R511H	ABCA4_a0362f455fef7564	True	True	True	population-compatible; not clinical benign
chr1:94063218:C>T	1-94063218-C-T	rs145525174	c.1654G>A	p.Val552Ile	ENST00000370225	True	5986	1614084	16	0.00458396046048082	nfe	False	bs1_supporting_candidate	193990.0	B/LB	3.0	screened	missense	p.V552I	ABCA4_01890b2702119ad2	True	True	True	population-compatible; not clinical benign
chr1:94048910:T>C	1-94048910-T-C	rs61754030	c.2701A>G	p.Thr901Ala	ENST00000370225	True	5484	1614130	13	0.004311747478034494	nfe	False	bs1_supporting_candidate	99155.0	Conflicting	1.0	screened	missense	p.T901A	ABCA4_d06b0163cf78cc01	True	True	True	population-compatible; not clinical benign
chr1:94047046:C>T	1-94047046-C-T	rs58331765	c.2791G>A	p.Val931Met	ENST00000370225	True	436	1614130	0	0.004225652510064251	afr	False	bs1_supporting_candidate	7880.0	Conflicting	1.0	screened	missense	p.V931M	ABCA4_6c89d4b9d5e03791	True	True	True	population-compatible; not clinical benign
chr1:94098885:C>A	1-94098885-C-A	rs144310835	c.677G>T	p.Arg226Leu	ENST00000370225	True	310	1614056	1	0.0036773523063394356	afr	False	bs1_supporting_candidate	417980.0	Conflicting	1.0	screened	missense	p.R226L	ABCA4_14f1d5f5297c589a	True	True	True	population-compatible; not clinical benign
chr1:94029517:C>A	1-94029517-C-A	rs140952412	c.4467G>T	p.Arg1489Ser	ENST00000370225	True	277	1607546	0	0.003440642253220601	afr	False	bs1_supporting_candidate	780251.0	Conflicting	1.0	screened	missense	p.R1489S	ABCA4_043043490891c921	True	True	True	population-compatible; not clinical benign
chr1:94062586:A>C	1-94062586-A-C	rs61754024	c.1928T>G	p.Val643Gly	ENST00000370225	True	4136	1613566	9	0.0033379896791868122	nfe	False	bs1_supporting_candidate	99102.0	Conflicting	1.0	screened	missense	p.V643G	ABCA4_d197ba80fbda5b1a	True	True	True	population-compatible; not clinical benign
chr1:94030483:C>T	1-94030483-C-T	rs56357060	c.4297G>A	p.Val1433Ile	ENST00000370225	True	4108	1614254	10	0.00311429065356885	nfe	False	bs1_supporting_candidate	99274.0	Conflicting	1.0	screened	missense	p.V1433I	ABCA4_008763282f44a984	True	True	True	population-compatible; not clinical benign
chr1:94044697:A>G	1-94044697-A-G	rs61749454	c.2966T>C	p.Val989Ala	ENST00000370225	True	247	1614202	0	0.002824708202313063	afr	False	bs1_supporting_candidate	99180.0	Conflicting	1.0	screened	missense	p.V989A	ABCA4_f512c1294eb1d8af	True	True	True	population-compatible; not clinical benign
chr1:94021848:C>T	1-94021848-C-T	rs113106943	c.4771G>A	p.Gly1591Arg	ENST00000370225	True	3981	1614112	15	0.0028059892743581226	nfe	False	bs1_supporting_candidate	166616.0	Conflicting	1.0	screened	missense	p.G1591R	ABCA4_700316d817f6e632	True	True	True	population-compatible; not clinical benign
chr1:94019701:C>T	1-94019701-C-T	rs61750563	c.5077G>A	p.Val1693Ile	ENST00000370225	True	282	1613704	0	0.0027728157410616683	afr	False	bs1_supporting_candidate	99343.0	VUS	3.0	screened	missense	p.V1693I	ABCA4_074d09fb81d445a4	True	True	True	population-compatible; not clinical benign
chr1:94048921:G>A	1-94048921-G-A	rs61749440	c.2690C>T	p.Thr897Ile	ENST00000370225	True	2326	1614066	7	0.0024744308808973938	mid	False	bs1_supporting_candidate	99153.0	Conflicting	1.0	screened	missense	p.T897I	ABCA4_6b4a090614a05f7a	True	True	True	population-compatible; not clinical benign
chr1:94030438:C>T	1-94030438-C-T	rs142506651	c.4342G>A	p.Gly1448Arg	ENST00000370225	True	189	1614248	0	0.002397506593143131	afr	False	bs1_supporting_candidate	499759.0	Conflicting	1.0	screened	missense	p.G1448R	ABCA4_5e4247410499d322	True	True	True	population-compatible; not clinical benign
chr1:94098987:G>A	1-94098987-G-A	rs185729337	c.575C>T	p.Ala192Val	ENST00000370225	True	111	1606280	1	0.0023642771111210244	eas	False	bs1_supporting_candidate	875884.0	Conflicting	1.0	screened	missense	p.A192V	ABCA4_969cbef1a17c95f7	True	True	True	population-compatible; not clinical benign
chr1:94080705:G>A	1-94080705-G-A	rs190540405	c.872C>T	p.Pro291Leu	ENST00000370225	True	249	1614084	1	0.0023162034259814703	amr	False	bs1_supporting_candidate	198719.0	Conflicting	1.0	screened	missense	p.P291L	ABCA4_660dd164b9bee0aa	True	True	True	population-compatible; not clinical benign
chr1:94010921:G>A	1-94010921-G-A	rs201707267	c.5593C>T	p.His1865Tyr	ENST00000370225	True	107	1614058	0	0.002184476840087379	eas	False	bs1_supporting_candidate	874747.0	Conflicting	1.0	screened	missense	p.H1865Y	ABCA4_c0bc4ca82e8990a7	True	True	True	population-compatible; not clinical benign
chr1:94021904:G>A	1-94021904-G-A	rs185093512	c.4715C>T	p.Thr1572Met	ENST00000370225	True	124	1614130	1	0.002116661467849026	eas	False	bs1_supporting_candidate	497936.0	VUS	2.0	screened	missense	p.T1572M	ABCA4_22fbfcdee86a275c	True	True	True	population-compatible; not clinical benign
chr1:94010821:C>T	1-94010821-C-T	rs1800552	c.5693G>A	p.Arg1898His	ENST00000370225	True	2847	1614100	3	0.0020686230309522277	nfe	False	bs1_supporting_candidate	99398.0	Conflicting	1.0	screened	missense	p.R1898H	ABCA4_608ced67a533bb0a	True	True	True	population-compatible; not clinical benign
chr1:94043413:G>A	1-94043413-G-A	rs61751374	c.3113C>T	p.Ala1038Val	ENST00000370225	True	2983	1614144	7	0.002053323706524705	nfe	True	excluded_vcep_reduced_penetrance_or_hypomorphic	7894.0	P/LP	2.0	screened	missense	p.A1038V	ABCA4_29fde0907a90ce52	True	True	True	population-compatible; not clinical benign
chr1:94062653:T>C	1-94062653-T-C	rs141122703	c.1861A>G	p.Arg621Gly	ENST00000370225	True	148	1614068	1	0.002033062258365551	amr	False	bs1_supporting_candidate	1090712.0	B/LB	1.0	screened	missense	p.R621G	ABCA4_bfbb92e26b44f4fe	True	True	True	population-compatible; not clinical benign
chr1:94098889:C>T	1-94098889-C-T	rs540124349	c.673G>A	p.Val225Met	ENST00000370225	True	92	1614072	0	0.00196078431372549	eas	False	bs1_supporting_candidate	723662.0	Conflicting	1.0	screened	missense	p.V225M	ABCA4_ff5aacbb16ac3f87	True	True	True	population-compatible; not clinical benign
chr1:94021934:A>G	1-94021934-A-G	rs1762111	c.4685T>C	p.Ile1562Thr	ENST00000370225	True	2523	1614168	3	0.0019448987720443048	nfe	True	excluded_vcep_reduced_penetrance_or_hypomorphic	99311.0	Conflicting	1.0	screened	missense	p.I1562T	ABCA4_820d792bd2063eca	True	True	True	population-compatible; not clinical benign
chr1:94005469:C>T	1-94005469-C-T	rs148460146	c.6119G>A	p.Arg2040Gln	ENST00000370225	True	251	1614128	2	0.0018491289043354275	eas	False	bs1_supporting_candidate	143076.0	P/LP	2.0	screened	missense	p.R2040Q	ABCA4_c694a3373bec7460	True	True	True	population-compatible; not clinical benign
chr1:94098966:G>A	1-94098966-G-A	rs145065936	c.596C>T	p.Ala199Val	ENST00000370225	True	221	1610218	1	0.0017054387507661152	afr	False	bs1_supporting_candidate	287615.0	Conflicting	1.0	screened	missense	p.A199V	ABCA4_43fe12df8b3d41f0	True	True	True	population-compatible; not clinical benign
chr1:94108702:T>A	1-94108702-T-A	rs201150919	c.317A>T	p.Tyr106Phe	ENST00000370225	True	991	1614004	2	0.0016934046345811052	eas	False	bs1_supporting_candidate	236075.0	Conflicting	1.0	screened	missense	p.Y106F	ABCA4_aa2403e507e7473d	True	True	True	population-compatible; not clinical benign
chr1:94098895:T>G	1-94098895-T-G	rs147619585	c.667A>C	p.Lys223Gln	ENST00000370225	True	252	1613988	2	0.001649620587264929	mid	False	bs1_supporting_candidate	845426.0	Conflicting	1.0	screened	missense	p.K223Q	ABCA4_02c2894e4cadbe1e	True	True	True	population-compatible; not clinical benign
chr1:94098919:T>C	1-94098919-T-C	rs763537540	c.643A>G	p.Ile215Val	ENST00000370225	True	145	1613722	1	0.0015700138336883248	sas	False	below_supporting_threshold	3607050.0	VUS	1.0	screened	missense	p.I215V	ABCA4_9fde974b451cba14	True	True	True	population-compatible; not clinical benign
chr1:94077767:C>T	1-94077767-C-T	rs541850518	c.1477G>A	p.Asp493Asn	ENST00000370225	True	175	1614144	2	0.0015592743883691307	sas	False	below_supporting_threshold	1137749.0	Conflicting	1.0	screened	missense	p.D493N	ABCA4_53abc839d2d1d5e8	True	True	True	population-compatible; not clinical benign
chr1:94041345:C>A	1-94041345-C-A	rs1801269	c.3386G>T	p.Arg1129Leu	ENST00000370225	True	164	1614062	0	0.0015494835054981673	amr	False	below_supporting_threshold	99224.0	P/LP	3.0	screened	missense	p.R1129L	ABCA4_2a967e1781af952b	True	True	True	population-compatible; not clinical benign
chr1:94019722:C>T	1-94019722-C-T	rs61753019	c.5056G>A	p.Val1686Met	ENST00000370225	True	501	1613496	0	0.0015324343052076116	afr	False	below_supporting_threshold	99341.0	Conflicting	1.0	screened	missense	p.V1686M	ABCA4_4e25291ab8bac070	True	True	True	population-compatible; not clinical benign
chr1:94037350:C>T	1-94037350-C-T	rs146786552	c.3608G>A	p.Gly1203Glu	ENST00000370225	True	777	1613974	2	0.0014846585285384361	mid	False	below_supporting_threshold	497057.0	Conflicting	1.0	screened	missense	p.G1203E	ABCA4_ddd623d637e6f6dd	True	True	True	population-compatible; not clinical benign
chr1:94078629:C>G	1-94078629-C-G	rs61752391	c.1317G>C	p.Trp439Cys	ENST00000370225	True	71	1422552	0	0.0013933201405435967	amr	False	below_supporting_threshold	1390928.0	VUS	2.0	screened	missense	p.W439C	ABCA4_39d4900d05cfbdad	True	True	True	population-compatible; not clinical benign
chr1:94037321:G>A	1-94037321-G-A	rs142882518	c.3637C>T	p.Leu1213Phe	ENST00000370225	True	43	1614052	0	0.0013153567905294311	mid	False	below_supporting_threshold	1421215.0	VUS	2.0	screened	missense	p.L1213F	ABCA4_a699ca3000f28025	True	True	True	population-compatible; not clinical benign
chr1:93998092:G>C	1-93998092-G-C	rs61751379	c.6498C>G	p.Ile2166Met	ENST00000370225	True	70	1614160	0	0.0012924503075140386	eas	False	below_supporting_threshold	99465.0	Conflicting	1.0	wt_equivalent	missense	p.I2166M	ABCA4_WT	False	True	True	population-compatible; not clinical benign
chr1:94077713:G>A	1-94077713-G-A	rs752786160	c.1531C>T	p.Arg511Cys	ENST00000370225	True	126	1613382	0	0.001270336527746824	eas	False	below_supporting_threshold	377402.0	P/LP	3.0	screened	missense	p.R511C	ABCA4_cfc619e990d64caa	True	True	True	population-compatible; not clinical benign
chr1:94098885:C>T	1-94098885-C-T	rs144310835	c.677G>A	p.Arg226His	ENST00000370225	True	279	1614056	1	0.0012657215945427415	afr	False	below_supporting_threshold	727524.0	Conflicting	1.0	screened	missense	p.R226H	ABCA4_1ef63ac27470833e	True	True	True	population-compatible; not clinical benign
chr1:94080651:G>C	1-94080651-G-C	rs61748545	c.926C>G	p.Pro309Arg	ENST00000370225	True	97	1613932	0	0.0012289278939916113	afr	False	below_supporting_threshold	99513.0	P/LP	2.0	screened	missense	p.P309R	ABCA4_6e317bb109e161eb	True	True	True	population-compatible; not clinical benign
chr1:94045940:T>C	1-94045940-T-C	rs941714027	c.2722A>G	p.Lys908Glu	ENST00000649773	False	64	456262	0	0.0012152846953819181	afr	False	below_supporting_threshold									False	False	population-compatible; not clinical benign
chr1:94036772:G>A	1-94036772-G-A	rs374565343	c.3830C>T	p.Thr1277Met	ENST00000370225	True	276	1614064	0	0.0012078090344115773	sas	False	below_supporting_threshold	848188.0	VUS	2.0	screened	missense	p.T1277M	ABCA4_950f3b40f56de8ac	True	True	True	population-compatible; not clinical benign
chr1:94010872:G>A	1-94010872-G-A	rs369973540	c.5642C>T	p.Ala1881Val	ENST00000370225	True	186	1614006	0	0.0011505588428665351	mid	False	below_supporting_threshold	853893.0	P/LP	2.0	screened	missense	p.A1881V	ABCA4_3c0e0124157af821	True	True	True	population-compatible; not clinical benign
chr1:94007647:C>T	1-94007647-C-T	rs147870733	c.5992G>A	p.Val1998Ile	ENST00000370225	True	158	1613908	0	0.001146085983101895	afr	False	below_supporting_threshold	835388.0	Conflicting	1.0	screened	missense	p.V1998I	ABCA4_35375a8f98e22570	True	True	True	population-compatible; not clinical benign
chr1:94078627:T>C	1-94078627-T-C	rs770439859	c.1319A>G	p.Tyr440Cys	ENST00000370225	True	121	1446558	0	0.0011091442783840103	sas	False	below_supporting_threshold	298262.0	Conflicting	1.0	screened	missense	p.Y440C	ABCA4_abeef242a2f458a6	True	True	True	population-compatible; not clinical benign
chr1:94041315:T>C	1-94041315-T-C	rs150895509	c.3416A>G	p.Tyr1139Cys	ENST00000370225	True	95	1614066	0	0.001093129282533927	afr	False	below_supporting_threshold	865830.0	Conflicting	1.0	screened	missense	p.Y1139C	ABCA4_19b0925c8a0475f2	True	True	True	population-compatible; not clinical benign
chr1:94055245:C>T	1-94055245-C-T	rs61750202	c.2453G>A	p.Gly818Glu	ENST00000370225	True	67	1614030	0	0.0010832972234258859	amr	False	below_supporting_threshold	99135.0	P/LP	3.0	screened	missense	p.G818E	ABCA4_5714fd03457b6f13	True	True	True	population-compatible; not clinical benign
chr1:94079360:T>A	1-94079360-T-A	rs559674920	c.1201A>T	p.Thr401Ser	ENST00000370225	True	107	1613822	0	0.001076237123591557	sas	False	below_supporting_threshold	1040741.0	B/LB	1.0	screened	missense	p.T401S	ABCA4_4c42db4d7454453b	True	True	True	population-compatible; not clinical benign
chr1:94043450:A>G	1-94043450-A-G	rs369703217	c.3076T>C	p.Phe1026Leu	ENST00000370225	True	80	1614172	0	0.001012901162170807	afr	False	below_supporting_threshold	1003784.0	VUS	2.0	screened	missense	p.F1026L	ABCA4_a08dc17125640f9b	True	True	True	population-compatible; not clinical benign
chr1:94055225:C>T	1-94055225-C-T	rs368367104	c.2473G>A	p.Gly825Arg	ENST00000370225	True	102	1614138	0	0.0009900990099009901	mid	False	below_supporting_threshold	943489.0	VUS	2.0	screened	missense	p.G825R	ABCA4_250ca4b4e7d43748	True	True	True	population-compatible; not clinical benign
chr1:94044733:G>A	1-94044733-G-A	rs148015012	c.2930C>T	p.Thr977Met	ENST00000370225	True	135	1614198	0	0.0009861144425788225	afr	False	below_supporting_threshold	857398.0	Conflicting	1.0	screened	missense	p.T977M	ABCA4_3e82840a95052d79	True	True	True	population-compatible; not clinical benign
chr1:94045859:C>A	1-94045859-C-A	rs763003887	c.2803G>T	p.Gly935Trp	ENST00000649773	False	65	456160	0	0.0009756248644965466	sas	False	below_supporting_threshold	438216.0	B/LB	1.0	excluded				False	True	True	population-compatible; not clinical benign
chr1:94000843:T>G	1-94000843-T-G		c.6472A>C	p.Lys2158Gln	ENST00000370225	True	1175	1594796	0	0.0009169876696986328	nfe	False	below_supporting_threshold									False	False	population-compatible; not clinical benign
chr1:94000899:C>T	1-94000899-C-T	rs761867791	c.6416G>A	p.Arg2139Gln	ENST00000370225	True	130	1614074	1	0.0009002283506060074	sas	False	below_supporting_threshold	1477198.0	P/LP	3.0	wt_equivalent	missense	p.R2139Q	ABCA4_WT	False	True	True	population-compatible; not clinical benign
chr1:94098799:G>A	1-94098799-G-A	rs62645952	c.763C>T	p.Arg255Cys	ENST00000370225	True	58	1614148	0	0.0008911067545891997	eas	False	below_supporting_threshold	143077.0	Conflicting	1.0	screened	missense	p.R255C	ABCA4_a7a8430826daa8b6	True	True	True	population-compatible; not clinical benign
chr1:94111446:G>C	1-94111446-G-C	rs145133167	c.294C>G	p.Asn98Lys	ENST00000370225	True	66	1613904	0	0.0008673605551107553	afr	False	below_supporting_threshold	265007.0	Conflicting	1.0	screened	missense	p.N98K	ABCA4_95fa25c1f748aaf5	True	True	True	population-compatible; not clinical benign
chr1:94063262:C>T	1-94063262-C-T	rs61752395	c.1610G>A	p.Arg537His	ENST00000370225	True	1903	1614098	9	0.0008542199141712372	nfe	False	below_supporting_threshold	99064.0	Conflicting	1.0	screened	missense	p.R537H	ABCA4_c5b0481e5ad6b632	True	True	True	population-compatible; not clinical benign
chr1:94077833:C>T	1-94077833-C-T	rs1800548	c.1411G>A	p.Glu471Lys	ENST00000370225	True	1171	1614108	3	0.0008453549392881453	sas	False	below_supporting_threshold	99052.0	Conflicting	1.0	screened	missense	p.E471K	ABCA4_d31091d5cf500576	True	True	True	population-compatible; not clinical benign
chr1:94047018:G>C	1-94047018-G-C	rs144995371	c.2819C>G	p.Pro940Arg	ENST00000370225	True	1019	1614002	1	0.000838947502224482	nfe	False	below_supporting_threshold	286835.0	VUS	2.0	screened	missense	p.P940R	ABCA4_f1f260a57e519f34	True	True	True	population-compatible; not clinical benign
chr1:94112993:G>A	1-94112993-G-A	rs143207212	c.140C>T	p.Pro47Leu	ENST00000370225	True	88	1613688	0	0.0008266887116989786	afr	False	below_supporting_threshold	876876.0	VUS	1.0	screened	missense	p.P47L	ABCA4_ac1580e3777a3bca	True	True	True	population-compatible; not clinical benign
chr1:94079421:A>T	1-94079421-A-T	rs61748549	c.1140T>A	p.Asn380Lys	ENST00000370225	True	1111	1614226	2	0.0008194623581194568	nfe	False	below_supporting_threshold	99033.0	Conflicting	1.0	screened	missense	p.N380K	ABCA4_38c6492ec2c8cbe0	True	True	True	population-compatible; not clinical benign
chr1:94005464:C>T	1-94005464-C-T	rs138384263	c.6124G>A	p.Val2042Ile	ENST00000370225	True	80	1614178	0	0.0007862682907326954	afr	False	below_supporting_threshold	852606.0	VUS	1.0	screened	missense	p.V2042I	ABCA4_07225d835665b255	True	True	True	population-compatible; not clinical benign
chr1:94001072:G>A	1-94001072-G-A	rs61750648	c.6316C>T	p.Arg2106Cys	ENST00000370225	True	159	1614108	0	0.0007729005090482663	afr	False	below_supporting_threshold	99447.0	P/LP	2.0	wt_equivalent	missense	p.R2106C	ABCA4_WT	False	True	True	population-compatible; not clinical benign
chr1:94063178:G>T	1-94063178-G-T	rs765891059	c.1694C>A	p.Pro565His	ENST00000370225	True	46	1613992	0	0.0007666411119629346	amr	False	below_supporting_threshold	999375.0	B/LB	1.0	screened	missense	p.P565H	ABCA4_86246a400ae5f812	True	True	True	population-compatible; not clinical benign
chr1:94032017:C>T	1-94032017-C-T	rs200753584	c.3889G>A	p.Val1297Ile	ENST00000370225	True	92	1612984	1	0.0007665133639938678	amr	False	below_supporting_threshold	1559116.0	VUS	3.0	screened	missense	p.V1297I	ABCA4_534f8d20b1042a88	True	True	True	population-compatible; not clinical benign
chr1:94063280:T>C	1-94063280-T-C	rs145718830	c.1592A>G	p.Glu531Gly	ENST00000370225	True	64	1614178	0	0.0007594531937005356	afr	False	below_supporting_threshold	843109.0	P/LP	2.0	screened	missense	p.E531G	ABCA4_75abb350373a370e	True	True	True	population-compatible; not clinical benign
chr1:94007655:T>A	1-94007655-T-A	rs141489669	c.5984A>T	p.Asp1995Val	ENST00000370225	True	60	1613898	0	0.0007475637431584568	afr	False	below_supporting_threshold	1058512.0	Conflicting	1.0	screened	missense	p.D1995V	ABCA4_ff8e1e78866db24a	True	True	True	population-compatible; not clinical benign
chr1:94083419:C>T	1-94083419-C-T	rs567985213	c.791G>A	p.Arg264His	ENST00000370225	True	139	1613516	1	0.0007247968372501647	sas	False	below_supporting_threshold	298265.0	Conflicting	1.0	screened	missense	p.R264H	ABCA4_47a9a9678f97098d	True	True	True	population-compatible; not clinical benign
chr1:94045807:T>C	1-94045807-T-C	rs776598189	c.2855A>G	p.Glu952Gly	ENST00000649773	False	46	456166	1	0.0007123389494549058	sas	False	below_supporting_threshold									False	False	population-compatible; not clinical benign
chr1:94045814:G>A	1-94045814-G-A	rs1157789971	c.2848C>T	p.Pro950Ser	ENST00000649773	False	11	456134	0	0.0006942515967786726	eas	False	below_supporting_threshold									False	False	population-compatible; not clinical benign
chr1:94056621:C>T	1-94056621-C-T	rs149214080	c.2362G>A	p.Ala788Thr	ENST00000370225	True	100	1613056	0	0.0006942219374132222	afr	False	below_supporting_threshold	849842.0	B/LB	2.0	screened	missense	p.A788T	ABCA4_f36d8b7f1eef2dee	True	True	True	population-compatible; not clinical benign
chr1:94024978:G>A	1-94024978-G-A	rs62642575	c.4610C>T	p.Thr1537Met	ENST00000370225	True	64	1614118	0	0.0006906385064385332	eas	False	below_supporting_threshold	99306.0	Conflicting	1.0	screened	missense	p.T1537M	ABCA4_318e1d60b2436993	True	True	True	population-compatible; not clinical benign
chr1:94029527:G>A	1-94029527-G-A	rs61750145	c.4457C>T	p.Pro1486Leu	ENST00000370225	True	61	1610682	0	0.0006542526421741318	amr	False	below_supporting_threshold	99283.0	P/LP	3.0	screened	missense	p.P1486L	ABCA4_77c2beaaba74731c	True	True	True	population-compatible; not clinical benign
chr1:94113062:C>T	1-94113062-C-T	rs62645958	c.71G>A	p.Arg24His	ENST00000370225	True	108	1613844	0	0.0006463691882494539	eas	False	below_supporting_threshold	99498.0	P/LP	2.0	screened	missense	p.R24H	ABCA4_d12d71c003679674	True	True	True	population-compatible; not clinical benign
chr1:94005509:G>A	1-94005509-G-A	rs61751408	c.6079C>T	p.Leu2027Phe	ENST00000370225	True	757	1614112	0	0.0006110221273061636	nfe	False	below_supporting_threshold	7882.0	P/LP	2.0	screened	missense	p.L2027F	ABCA4_1a12d992e8d60e59	True	True	True	population-compatible; not clinical benign
chr1:94077873:G>T	1-94077873-G-T	rs766282109	c.1371C>A	p.Asn457Lys	ENST00000370225	True	56	1614136	2	0.0006038647342995169	sas	False	below_supporting_threshold	1496149.0	VUS	1.0	screened	missense	p.N457K	ABCA4_e1a404ff97caf69c	True	True	True	population-compatible; not clinical benign
chr1:94103071:C>T	1-94103071-C-T	rs61748532	c.514G>A	p.Gly172Ser	ENST00000370225	True	628	1614088	3	0.0005998000666444518	amr	False	below_supporting_threshold	99347.0	Conflicting	1.0	screened	missense	p.G172S	ABCA4_ff039ee4f555f4ad	True	True	True	population-compatible; not clinical benign
chr1:94025032:G>A	1-94025032-G-A	rs115859773	c.4556C>T	p.Thr1519Met	ENST00000370225	True	122	1614156	1	0.0005997121381736767	afr	False	below_supporting_threshold	851444.0	B/LB	1.0	screened	missense	p.T1519M	ABCA4_00edcb9a7703a3fe	True	True	True	population-compatible; not clinical benign
chr1:94005520:A>G	1-94005520-A-G	rs150633517	c.6068T>C	p.Ile2023Thr	ENST00000370225	True	55	1614128	0	0.0005996482063855872	afr	False	below_supporting_threshold	1023206.0	VUS	1.0	screened	missense	p.I2023T	ABCA4_1167f4ffeba0f0a1	True	True	True	population-compatible; not clinical benign
chr1:94043363:G>A	1-94043363-G-A	rs61752412	c.3163C>T	p.Arg1055Trp	ENST00000370225	True	78	1613922	0	0.0005929504776545514	sas	False	below_supporting_threshold	99200.0	VUS	2.0	screened	missense	p.R1055W	ABCA4_95345418a7790ec3	True	True	True	population-compatible; not clinical benign
chr1:94005499:C>T	1-94005499-C-T	rs61750641	c.6089G>A	p.Arg2030Gln	ENST00000370225	True	770	1614138	0	0.0005872811678505509	nfe	False	below_supporting_threshold	99428.0	P/LP	3.0	screened	missense	p.R2030Q	ABCA4_7edbce95a2c4e1c6	True	True	True	population-compatible; not clinical benign
chr1:94056630:G>C	1-94056630-G-C	rs781254854	c.2353C>G	p.Arg785Gly	ENST00000370225	True	34	1613452	0	0.0005499450054994501	amr	False	below_supporting_threshold	417985.0	P/LP	2.0	screened	missense	p.R785G	ABCA4_879632ddaf104a69	True	True	True	population-compatible; not clinical benign
chr1:93998030:T>C	1-93998030-T-C	rs1339233014	c.6560A>G	p.Gln2187Arg	ENST00000370225	True	33	1614102	0	0.0005499083486085652	amr	False	below_supporting_threshold	1488510.0	VUS	2.0	wt_equivalent	missense	p.Q2187R	ABCA4_WT	False	True	True	population-compatible; not clinical benign
chr1:94029465:C>T	1-94029465-C-T	rs568792949	c.4519G>A	p.Gly1507Arg	ENST00000370225	True	51	1561378	0	0.0005359672294322575	amr	False	below_supporting_threshold	236115.0	P/LP	2.0	screened	missense	p.G1507R	ABCA4_b68eb42a193b540c	True	True	True	population-compatible; not clinical benign
chr1:94010908:G>A	1-94010908-G-A	rs376925793	c.5606C>T	p.Pro1869Leu	ENST00000370225	True	58	1614068	0	0.0005064370818562251	afr	False	below_supporting_threshold	236136.0	VUS	2.0	screened	missense	p.P1869L	ABCA4_a5ab959bf25878aa	True	True	True	population-compatible; not clinical benign
chr1:94056654:T>C	1-94056654-T-C	rs759110306	c.2329A>G	p.Ile777Val	ENST00000370225	True	7	1614006	0	0.0005057316250842886	mid	False	below_supporting_threshold	1044602.0	VUS	1.0	screened	missense	p.I777V	ABCA4_bf4e4d25e024aee0	True	True	True	population-compatible; not clinical benign
chr1:94021262:C>T	1-94021262-C-T	rs773880325	c.4996G>A	p.Glu1666Lys	ENST00000370225	True	33	1614054	0	0.0005	amr	False	below_supporting_threshold	1013982.0	VUS	2.0	screened	missense	p.E1666K	ABCA4_8424f7f0a7443869	True	True	True	population-compatible; not clinical benign
chr1:94041361:C>T	1-94041361-C-T	rs770774738	c.3370G>A	p.Asp1124Asn	ENST00000370225	True	41	1613968	0	0.0004999333422210372	amr	False	below_supporting_threshold	1038084.0	VUS	2.0	screened	missense	p.D1124N	ABCA4_05eedf26a2287d23	True	True	True	population-compatible; not clinical benign
chr1:94029567:G>T	1-94029567-G-T	rs142732109	c.4417C>A	p.Leu1473Met	ENST00000370225	True	93	1613992	1	0.0004955401387512388	mid	False	below_supporting_threshold	546600.0	Conflicting	1.0	screened	missense	p.L1473M	ABCA4_7d5b16b5535ea5a1	True	True	True	population-compatible; not clinical benign
chr1:93997869:G>C	1-93997869-G-C	rs61748521	c.6721C>G	p.Leu2241Val	ENST00000370225	True	150	1614110	0	0.0004952129415648729	mid	False	below_supporting_threshold	99487.0	Conflicting	1.0	wt_equivalent	missense	p.L2241V	ABCA4_WT	False	True	True	population-compatible; not clinical benign
chr1:94055266:C>T	1-94055266-C-T	rs368016280	c.2432G>A	p.Arg811His	ENST00000370225	True	23	1614070	0	0.0004950495049504951	mid	False	below_supporting_threshold	1520561.0	Conflicting	1.0	screened	missense	p.R811H	ABCA4_a55ae46ea51dd132	True	True	True	population-compatible; not clinical benign
chr1:94010822:G>A	1-94010822-G-A	rs201357151	c.5692C>T	p.Arg1898Cys	ENST00000370225	True	291	1614124	0	0.0004948861761794787	mid	False	below_supporting_threshold	1013243.0	VUS	2.0	screened	missense	p.R1898C	ABCA4_2518068599710556	True	True	True	population-compatible; not clinical benign
chr1:94047019:G>A	1-94047019-G-A	rs771000047	c.2818C>T	p.Pro940Ser	ENST00000370225	True	8	1614142	0	0.0004948861761794787	mid	False	below_supporting_threshold	3249670.0	VUS	1.0	screened	missense	p.P940S	ABCA4_51ea230173a7fe01	True	True	True	population-compatible; not clinical benign
chr1:94021695:G>T	1-94021695-G-T	rs61750155	c.4793C>A	p.Ala1598Asp	ENST00000370225	True	33	1613150	0	0.0004942339373970346	mid	False	below_supporting_threshold	99321.0	P/LP	2.0	screened	missense	p.A1598D	ABCA4_228d95b46571ab55	True	True	True	population-compatible; not clinical benign
chr1:94001922:C>G	1-94001922-C-G	rs752850266	c.6218G>C	p.Gly2073Ala	ENST00000370225	True	84	1614112	1	0.0004939952137352625	sas	False	below_supporting_threshold	429847.0	VUS	2.0	wt_equivalent	missense	p.G2073A	ABCA4_WT	False	True	True	population-compatible; not clinical benign
chr1:94000876:C>T	1-94000876-C-T	rs966835207	c.6439G>A	p.Ala2147Thr	ENST00000370225	True	24	1614078	0	0.0004930966469428008	mid	False	below_supporting_threshold	875640.0	VUS	2.0	wt_equivalent	missense	p.A2147T	ABCA4_WT	False	True	True	population-compatible; not clinical benign
chr1:94037203:T>A	1-94037203-T-A	rs377098736	c.3755A>T	p.Glu1252Val	ENST00000370225	True	22	1614098	1	0.0004930966469428008	mid	False	below_supporting_threshold	501982.0	VUS	2.0	screened	missense	p.E1252V	ABCA4_0f58bab53aec7a2b	True	True	True	population-compatible; not clinical benign
chr1:94045848:G>T	1-94045848-G-T	rs181419124	c.2814C>A	p.Asn938Lys	ENST00000649773	False	8	456238	0	0.00048665183537263625	eas	False	below_supporting_threshold									False	False	population-compatible; not clinical benign
chr1:94063236:T>G	1-94063236-T-G	rs148391873	c.1636A>C	p.Met546Leu	ENST00000370225	True	41	1614004	0	0.0004806665242469558	afr	False	below_supporting_threshold	1016750.0	VUS	1.0	screened	missense	p.M546L	ABCA4_2b9115346d115640	True	True	True	population-compatible; not clinical benign
chr1:94098798:C>T	1-94098798-C-T	rs148387660	c.764G>A	p.Arg255His	ENST00000370225	True	54	1614170	0	0.0004678727386150967	eas	False	below_supporting_threshold	424903.0	Conflicting	1.0	screened	missense	p.R255H	ABCA4_ee00bd8cfc065238	True	True	True	population-compatible; not clinical benign
chr1:94047015:C>T	1-94047015-C-T	rs113503406	c.2822G>A	p.Cys941Tyr	ENST00000370225	True	41	1614134	0	0.000466554693540217	afr	False	below_supporting_threshold	1446525.0	VUS	1.0	screened	missense	p.C941Y	ABCA4_b8a01619f4e49b8a	True	True	True	population-compatible; not clinical benign
chr1:94008852:C>T	1-94008852-C-T	rs145299063	c.5734G>A	p.Glu1912Lys	ENST00000370225	True	560	1613090	1	0.0004593656347043109	nfe	False	below_supporting_threshold	950192.0	VUS	1.0	screened	missense	p.E1912K	ABCA4_5452f4299d429999	True	True	True	population-compatible; not clinical benign
chr1:94083363:T>C	1-94083363-T-C	rs141802200	c.847A>G	p.Arg283Gly	ENST00000370225	True	23	1610814	0	0.00044585135315885685	eas	False	below_supporting_threshold	866569.0	Conflicting	1.0	screened	missense	p.R283G	ABCA4_22aca87021c450c0	True	True	True	population-compatible; not clinical benign
chr1:94080708:C>T	1-94080708-C-T	rs959119236	c.869G>A	p.Arg290Gln	ENST00000370225	True	82	1613898	0	0.0004232379934063976	eas	False	below_supporting_threshold	970444.0	P/LP	1.0	screened	missense	p.R290Q	ABCA4_afbbb9dec54d0274	True	True	True	population-compatible; not clinical benign
chr1:94019664:C>T	1-94019664-C-T	rs61753021	c.5114G>A	p.Arg1705Gln	ENST00000370225	True	45	1613254	0	0.00041748772586085967	amr	False	below_supporting_threshold	1071730.0	Conflicting	1.0	screened	missense	p.R1705Q	ABCA4_92b29cd67c99c475	True	True	True	population-compatible; not clinical benign
chr1:94008831:C>A	1-94008831-C-A	rs756324586	c.5755G>T	p.Asp1919Tyr	ENST00000370225	True	25	1613540	0	0.0004169863562064249	amr	False	below_supporting_threshold	1036059.0	VUS	1.0	screened	missense	p.D1919Y	ABCA4_5f2d3c37c22c6e93	True	True	True	population-compatible; not clinical benign
chr1:94029455:G>A	1-94029455-G-A	rs756106154	c.4529C>T	p.Pro1510Leu	ENST00000370225	True	25	1553972	0	0.0004130524576621231	mid	False	below_supporting_threshold	502047.0	VUS	2.0	screened	missense	p.P1510L	ABCA4_e5edebdfe1c6e106	True	True	True	population-compatible; not clinical benign
chr1:94060616:G>A	1-94060616-G-A	rs770140944	c.2081C>T	p.Ala694Val	ENST00000370225	True	40	1614042	0	0.00040623627580149317	sas	False	below_supporting_threshold	859014.0	B/LB	1.0	screened	missense	p.A694V	ABCA4_3c001eacbef5a276	True	True	True	population-compatible; not clinical benign
chr1:94042869:T>C	1-94042869-T-C	rs368054254	c.3220A>G	p.Ile1074Val	ENST00000370225	True	41	1614138	0	0.0003998507223969718	afr	False	below_supporting_threshold	1474591.0	VUS	1.0	screened	missense	p.I1074V	ABCA4_52d5e2f50b551f9b	True	True	True	population-compatible; not clinical benign
chr1:94098943:C>G	1-94098943-C-G	rs147807073	c.619G>C	p.Glu207Gln	ENST00000370225	True	23	1612572	0	0.00038334611153705125	amr	False	below_supporting_threshold	1034847.0	B/LB	1.0	screened	missense	p.E207Q	ABCA4_0d2f93451aa8a885	True	True	True	population-compatible; not clinical benign
chr1:94077700:T>C	1-94077700-T-C	rs372838089	c.1544A>G	p.Gln515Arg	ENST00000370225	True	29	1612372	0	0.00037330346905580886	afr	False	below_supporting_threshold	857123.0	VUS	2.0	screened	missense	p.Q515R	ABCA4_04a769b474d3577b	True	True	True	population-compatible; not clinical benign
chr1:94060733:A>C	1-94060733-A-C	rs200692438	c.1964T>G	p.Phe655Cys	ENST00000370225	True	482	1613460	0	0.0003504555922699509	amr	False	below_supporting_threshold	212727.0	P/LP	2.0	screened	missense	p.F655C	ABCA4_0a84901f1f6d4b29	True	True	True	population-compatible; not clinical benign
chr1:93997904:A>G	1-93997904-A-G	rs61750659	c.6686T>C	p.Leu2229Pro	ENST00000370225	True	21	1613986	0	0.0003500116670555685	amr	False	below_supporting_threshold	99481.0	P/LP	2.0	wt_equivalent	missense	p.L2229P	ABCA4_WT	False	True	True	population-compatible; not clinical benign
chr1:94062664:T>C	1-94062664-T-C	rs769283184	c.1850A>G	p.Gln617Arg	ENST00000370225	True	21	1614074	0	0.00034997666822211853	amr	False	below_supporting_threshold	960937.0	B/LB	1.0	screened	missense	p.Q617R	ABCA4_bfdc980c525f33b6	True	True	True	population-compatible; not clinical benign
chr1:94023410:C>T	1-94023410-C-T	rs750192063	c.4643G>A	p.Ser1548Asn	ENST00000370225	True	31	1609102	1	0.0003413570594842205	sas	False	below_supporting_threshold	1035090.0	VUS	1.0	screened	missense	p.S1548N	ABCA4_93f4a7074ad99a1f	True	True	True	population-compatible; not clinical benign
chr1:93997896:C>T	1-93997896-C-T	rs774350716	c.6694G>A	p.Glu2232Lys	ENST00000370225	True	39	1613880	0	0.0003404573110461924	sas	False	below_supporting_threshold	948653.0	VUS	2.0	wt_equivalent	missense	p.E2232K	ABCA4_WT	False	True	True	population-compatible; not clinical benign
chr1:94044698:C>T	1-94044698-C-T	rs552307838	c.2965G>A	p.Val989Ile	ENST00000370225	True	53	1614196	1	0.00033428418612943485	eas	False	below_supporting_threshold	875783.0	VUS	2.0	screened	missense	p.V989I	ABCA4_f1a7eef364940bb2	True	True	True	population-compatible; not clinical benign
chr1:94047010:G>A	1-94047010-G-A	rs61749446	c.2827C>T	p.Arg943Trp	ENST00000370225	True	72	1614104	0	0.0003342692873378794	eas	False	below_supporting_threshold	99162.0	P/LP	2.0	screened	missense	p.R943W	ABCA4_cbcfa337e8515bd2	True	True	True	population-compatible; not clinical benign
chr1:94080579:C>T	1-94080579-C-T	rs142231757	c.998G>A	p.Arg333Gln	ENST00000370225	True	42	1613978	0	0.00033425438987432036	eas	False	below_supporting_threshold	937074.0	B/LB	1.0	screened	missense	p.R333Q	ABCA4_a4d4d114daa15221	True	True	True	population-compatible; not clinical benign
chr1:94031929:G>C	1-94031929-G-C	rs761989194	c.3977C>G	p.Ala1326Gly	ENST00000370225	True	15	1614150	0	0.00033423949373858014	eas	False	below_supporting_threshold	298243.0	VUS	2.0	screened	missense	p.A1326G	ABCA4_ecae42b2f20b02e1	True	True	True	population-compatible; not clinical benign
chr1:94083438:G>A	1-94083438-G-A	rs780691922	c.772C>T	p.Pro258Ser	ENST00000370225	True	21	1612654	0	0.0003333888981496916	amr	False	below_supporting_threshold	864494.0	VUS	2.0	screened	missense	p.P258S	ABCA4_70c29d2a94957805	True	True	True	population-compatible; not clinical benign
chr1:94098928:G>A	1-94098928-G-A	rs61750200	c.634C>T	p.Arg212Cys	ENST00000370225	True	183	1613308	0	0.00033331111259249385	amr	False	below_supporting_threshold	7898.0	P/LP	3.0	screened	missense	p.R212C	ABCA4_6bf3ef2e07b84897	True	True	True	population-compatible; not clinical benign
chr1:94060674:C>T	1-94060674-C-T	rs575453437	c.2023G>A	p.Val675Ile	ENST00000370225	True	50	1614116	0	0.0003332888948140248	amr	False	below_supporting_threshold	288341.0	P/LP	2.0	screened	missense	p.V675I	ABCA4_9e9b8de3706c76ce	True	True	True	population-compatible; not clinical benign
chr1:94098973:C>T	1-94098973-C-T	rs142985501	c.589G>A	p.Asp197Asn	ENST00000370225	True	2	1609650	0	0.00033112582781456954	mid	False	below_supporting_threshold	2134473.0	VUS	1.0	screened	missense	p.D197N	ABCA4_b5aedac18504030d	True	True	True	population-compatible; not clinical benign
chr1:94019662:C>A	1-94019662-C-A	rs1044818989	c.5116G>T	p.Val1706Leu	ENST00000370225	True	7	1613392	0	0.00033003300330033004	mid	False	below_supporting_threshold	1374224.0	VUS	1.0	screened	missense	p.V1706L	ABCA4_06440aa5ce45c224	True	True	True	population-compatible; not clinical benign
chr1:94014574:G>A	1-94014574-G-A	rs1327166984	c.5429C>T	p.Thr1810Ile	ENST00000370225	True	14	1614198	0	0.0003299241174529858	mid	False	below_supporting_threshold									False	False	population-compatible; not clinical benign
chr1:94048919:C>T	1-94048919-C-T	rs61749441	c.2692G>A	p.Glu898Lys	ENST00000370225	True	274	1614078	0	0.0003299241174529858	mid	False	below_supporting_threshold	99154.0	VUS	2.0	screened	missense	p.E898K	ABCA4_9f654a03c148481b	True	True	True	population-compatible; not clinical benign
chr1:94098903:C>T	1-94098903-C-T	rs193009561	c.659G>A	p.Arg220His	ENST00000370225	True	36	1613966	0	0.0003299241174529858	mid	False	below_supporting_threshold									False	False	population-compatible; not clinical benign
chr1:94008245:C>T	1-94008245-C-T	rs758431657	c.5888G>A	p.Arg1963His	ENST00000370225	True	32	1613972	0	0.0003287310979618672	mid	False	below_supporting_threshold	1470554.0	VUS	2.0	screened	missense	p.R1963H	ABCA4_b9a6a8d30f90c7c3	True	True	True	population-compatible; not clinical benign
chr1:94008864:C>T	1-94008864-C-T	rs543742946	c.5722G>A	p.Glu1908Lys	ENST00000370225	True	15	1612576	0	0.0003287310979618672	mid	False	below_supporting_threshold									False	False	population-compatible; not clinical benign
chr1:94011384:G>A	1-94011384-G-A	rs774891564	c.5462C>T	p.Thr1821Met	ENST00000370225	True	75	1613774	0	0.0003287310979618672	mid	False	below_supporting_threshold	1497023.0	VUS	1.0	screened	missense	p.T1821M	ABCA4_02dd46fb8880b7da	True	True	True	population-compatible; not clinical benign
chr1:94030452:C>T	1-94030452-C-T	rs61750142	c.4328G>A	p.Arg1443His	ENST00000370225	True	46	1614056	0	0.0003287310979618672	mid	False	below_supporting_threshold	99278.0	P/LP	2.0	screened	missense	p.R1443H	ABCA4_a7a7f17f95c9efab	True	True	True	population-compatible; not clinical benign
chr1:94037348:C>T	1-94037348-C-T	rs61750127	c.3610G>A	p.Asp1204Asn	ENST00000370225	True	37	1613888	0	0.0003287310979618672	mid	False	below_supporting_threshold	99234.0	VUS	2.0	screened	missense	p.D1204N	ABCA4_accc45c7487fdb2c	True	True	True	population-compatible; not clinical benign
chr1:94042797:G>A	1-94042797-G-A	rs756840095	c.3292C>T	p.Arg1098Cys	ENST00000370225	True	46	1614088	0	0.0003287310979618672	mid	False	below_supporting_threshold	236100.0	P/LP	2.0	screened	missense	p.R1098C	ABCA4_3669047c30753e5b	True	True	True	population-compatible; not clinical benign
chr1:94048938:T>A	1-94048938-T-A	rs766079334	c.2673A>T	p.Glu891Asp	ENST00000370225	True	25	1614014	0	0.0003204443494979705	afr	False	below_supporting_threshold	941963.0	Conflicting	1.0	screened	missense	p.E891D	ABCA4_36e906af53c14e06	True	True	True	population-compatible; not clinical benign
chr1:94111445:T>G	1-94111445-T-G	rs575809706	c.295A>C	p.Asn99His	ENST00000370225	True	29	1614004	0	0.00031869532726713263	sas	False	below_supporting_threshold									False	False	population-compatible; not clinical benign
chr1:94043362:C>T	1-94043362-C-T	rs187071406	c.3164G>A	p.Arg1055Gln	ENST00000370225	True	91	1614086	0	0.00031665611146295124	amr	False	below_supporting_threshold	1047803.0	VUS	2.0	screened	missense	p.R1055Q	ABCA4_67a53a07ca95fd13	True	True	True	population-compatible; not clinical benign
chr1:94056672:T>A	1-94056672-T-A	rs758090662	c.2311A>T	p.Thr771Ser	ENST00000370225	True	15	1613620	0	0.0003119568608226748	eas	False	below_supporting_threshold	836903.0	Conflicting	1.0	screened	missense	p.T771S	ABCA4_8a3129e4fa738b78	True	True	True	population-compatible; not clinical benign
chr1:94021258:T>C	1-94021258-T-C	rs779222611	c.5000A>G	p.Gln1667Arg	ENST00000370225	True	30	1614106	0	0.0003069613495622464	afr	False	below_supporting_threshold	1516615.0	VUS	2.0	screened	missense	p.Q1667R	ABCA4_09c25f6432d89328	True	True	True	population-compatible; not clinical benign
chr1:94056629:C>T	1-94056629-C-T	rs368457541	c.2354G>A	p.Arg785His	ENST00000370225	True	71	1613376	0	0.00030655222050434506	afr	False	below_supporting_threshold	1020932.0	VUS	1.0	screened	missense	p.R785H	ABCA4_d8cb2a58f9769a4e	True	True	True	population-compatible; not clinical benign
chr1:94031110:G>A	1-94031110-G-A	rs61750130	c.4139C>T	p.Pro1380Leu	ENST00000370225	True	466	1613962	0	0.00030593427752052555	nfe	False	below_supporting_threshold	7904.0	P/LP	3.0	screened	missense	p.P1380L	ABCA4_bac70513b5620408	True	True	True	population-compatible; not clinical benign
chr1:94011364:C>T	1-94011364-C-T	rs200297761	c.5482G>A	p.Val1828Met	ENST00000370225	True	75	1614044	0	0.00029991002699190244	amr	False	below_supporting_threshold	1125939.0	B/LB	1.0	screened	missense	p.V1828M	ABCA4_8410f9fbff631a1f	True	True	True	population-compatible; not clinical benign
chr1:94062722:C>T	1-94062722-C-T	rs201838557	c.1792G>A	p.Val598Met	ENST00000370225	True	378	1613942	0	0.00029660614771325134	nfe	False	below_supporting_threshold	849480.0	VUS	2.0	screened	missense	p.V598M	ABCA4_7cbebab82cd89368	True	True	True	population-compatible; not clinical benign
chr1:94083384:T>C	1-94083384-T-C	rs747686223	c.826A>G	p.Ile276Val	ENST00000370225	True	25	1613566	0	0.00029364655632674856	afr	False	below_supporting_threshold	1025115.0	VUS	1.0	screened	missense	p.I276V	ABCA4_b9c7c3cf28e67dc5	True	True	True	population-compatible; not clinical benign
chr1:94078679:G>A	1-94078679-G-A	rs138044729	c.1267C>T	p.His423Tyr	ENST00000370225	True	364	1612134	1	0.0002917469536190192	nfe	False	below_supporting_threshold	500022.0	Conflicting	1.0	screened	missense	p.H423Y	ABCA4_75f2b30cd103df24	True	True	True	population-compatible; not clinical benign
chr1:94047078:C>T	1-94047078-C-T	rs376526710	c.2759G>A	p.Arg920His	ENST00000370225	True	65	1613986	0	0.00028959679215860996	eas	False	below_supporting_threshold	849603.0	VUS	2.0	screened	missense	p.R920H	ABCA4_8563d73e3fee80bc	True	True	True	population-compatible; not clinical benign
chr1:94060753:C>A	1-94060753-C-A	rs770565005	c.1944G>T	p.Met648Ile	ENST00000370225	True	26	1610590	0	0.00028746434336510184	sas	False	below_supporting_threshold	859013.0	VUS	1.0	screened	missense	p.M648I	ABCA4_59cc3cd25495f685	True	True	True	population-compatible; not clinical benign
chr1:94031890:C>T	1-94031890-C-T	rs771461979	c.4016G>A	p.Cys1339Tyr	ENST00000370225	True	26	1614076	0	0.0002854257234444298	sas	False	below_supporting_threshold									False	False	population-compatible; not clinical benign
chr1:93998094:T>C	1-93998094-T-C	rs200658526	c.6496A>G	p.Ile2166Val	ENST00000370225	True	20	1614170	0	0.0002673915949908641	eas	False	below_supporting_threshold	1401352.0	VUS	2.0	wt_equivalent	missense	p.I2166V	ABCA4_WT	False	True	True	population-compatible; not clinical benign
chr1:94077721:C>A	1-94077721-C-A	rs375961838	c.1523G>T	p.Arg508Leu	ENST00000370225	True	12	1613550	0	0.000267367764359877	eas	False	below_supporting_threshold									False	False	population-compatible; not clinical benign
chr1:94063184:A>T	1-94063184-A-T	rs754652550	c.1688T>A	p.Leu563Gln	ENST00000370225	True	12	1614010	0	0.00026733202637675994	eas	False	below_supporting_threshold	1388135.0	VUS	2.0	screened	missense	p.L563Q	ABCA4_3269a87d1d38fd50	True	True	True	population-compatible; not clinical benign
chr1:94031876:G>C	1-94031876-G-C	rs749605584	c.4030C>G	p.Leu1344Val	ENST00000370225	True	12	1614080	0	0.00026728439059158947	eas	False	below_supporting_threshold	2777240.0	B/LB	1.0	screened	missense	p.L1344V	ABCA4_e03a910ca5ab69fa	True	True	True	population-compatible; not clinical benign
chr1:94014685:G>A	1-94014685-G-A	rs760549861	c.5318C>T	p.Ala1773Val	ENST00000370225	True	41	1613990	0	0.0002666133439978671	amr	False	below_supporting_threshold	236129.0	P/LP	3.0	screened	missense	p.A1773V	ABCA4_1c8660b365b1d358	True	True	True	population-compatible; not clinical benign
chr1:94060690:C>T	1-94060690-C-T	rs545963645	c.2007G>A	p.Met669Ile	ENST00000370225	True	24	1614130	0	0.0002636261780794833	sas	False	below_supporting_threshold									False	False	population-compatible; not clinical benign
chr1:94079405:C>T	1-94079405-C-T	rs770754513	c.1156G>A	p.Ala386Thr	ENST00000370225	True	55	1613986	0	0.0002635103976811085	sas	False	below_supporting_threshold	1359836.0	VUS	1.0	screened	missense	p.A386T	ABCA4_666510fd5279df0d	True	True	True	population-compatible; not clinical benign
chr1:94077784:C>T	1-94077784-C-T	rs145614671	c.1460G>A	p.Arg487Gln	ENST00000370225	True	36	1614034	0	0.0002525529812232349	sas	False	below_supporting_threshold	876828.0	Conflicting	1.0	screened	missense	p.R487Q	ABCA4_ea7cdafaf89cb313	True	True	True	population-compatible; not clinical benign
chr1:94079408:T>C	1-94079408-T-C	rs753720666	c.1153A>G	p.Ile385Val	ENST00000370225	True	16	1614188	0	0.00024988338775238224	amr	False	below_supporting_threshold	1026028.0	VUS	2.0	screened	missense	p.I385V	ABCA4_a08ee18f3c4765cb	True	True	True	population-compatible; not clinical benign
chr1:94042767:G>A	1-94042767-G-A	rs61750120	c.3322C>T	p.Arg1108Cys	ENST00000370225	True	313	1614208	0	0.0002466026460209689	nfe	False	below_supporting_threshold	92867.0	P/LP	3.0	screened	missense	p.R1108C	ABCA4_838eca6165fc0b5a	True	True	True	population-compatible; not clinical benign
chr1:94011345:A>G	1-94011345-A-G	rs748355733	c.5501T>C	p.Ile1834Thr	ENST00000370225	True	16	1613948	0	0.0002452073116362015	eas	False	below_supporting_threshold	1481089.0	VUS	2.0	screened	missense	p.I1834T	ABCA4_221975d7541877de	True	True	True	population-compatible; not clinical benign
chr1:94008825:C>T	1-94008825-C-T	rs61753032	c.5761G>A	p.Val1921Met	ENST00000370225	True	12	1613722	0	0.00024516359097797983	eas	False	below_supporting_threshold	99406.0	P/LP	2.0	screened	missense	p.V1921M	ABCA4_6e8e9dd5eeef517f	True	True	True	population-compatible; not clinical benign
chr1:94042815:C>A	1-94042815-C-A	rs555116112	c.3274G>T	p.Val1092Leu	ENST00000370225	True	11	1614200	0	0.00024514173649491886	eas	False	below_supporting_threshold	3251392.0	VUS	1.0	screened	missense	p.V1092L	ABCA4_42bee50329a47be3	True	True	True	population-compatible; not clinical benign
chr1:94021911:G>A	1-94021911-G-A	rs766707707	c.4708C>T	p.Pro1570Ser	ENST00000370225	True	11	1614154	0	0.0002451198859078349	eas	False	below_supporting_threshold									False	False	population-compatible; not clinical benign
chr1:94108678:A>G	1-94108678-A-G	rs768544956	c.341T>C	p.Met114Thr	ENST00000370225	True	11	1614048	0	0.0002450761964174316	eas	False	below_supporting_threshold	3028150.0	VUS	1.0	screened	missense	p.M114T	ABCA4_3932726dad2104ae	True	True	True	population-compatible; not clinical benign
chr1:94014580:G>C	1-94014580-G-C	rs1004237594	c.5423C>G	p.Ala1808Gly	ENST00000370225	True	11	1614102	0	0.00024498886414253896	eas	False	below_supporting_threshold	3027698.0	VUS	1.0	screened	missense	p.A1808G	ABCA4_54ff615540a48d7f	True	True	True	population-compatible; not clinical benign
chr1:94063143:C>T	1-94063143-C-T	rs547063913	c.1729G>A	p.Val577Met	ENST00000370225	True	35	1614124	0	0.0002415618068823155	sas	False	below_supporting_threshold	1445204.0	VUS	2.0	screened	missense	p.V577M	ABCA4_8161c1fd7ab9f80f	True	True	True	population-compatible; not clinical benign
chr1:94083402:G>C	1-94083402-G-C	rs770829495	c.808C>G	p.Leu270Val	ENST00000370225	True	23	1613698	0	0.00024154058979820381	sas	False	below_supporting_threshold									False	False	population-compatible; not clinical benign
chr1:94041282:C>T	1-94041282-C-T	rs375783686	c.3449G>A	p.Cys1150Tyr	ENST00000370225	True	19	1614044	0	0.00024027551592492724	afr	False	below_supporting_threshold	839622.0	Conflicting	1.0	screened	missense	p.C1150Y	ABCA4_65785c8f3023f444	True	True	True	population-compatible; not clinical benign
chr1:94108649:G>A	1-94108649-G-A	rs138359497	c.370C>T	p.Arg124Cys	ENST00000370225	True	63	1613934	0	0.00023993601706211678	afr	False	below_supporting_threshold	374737.0	Conflicting	1.0	screened	missense	p.R124C	ABCA4_a08924b9ae7a8922	True	True	True	population-compatible; not clinical benign
chr1:94047024:A>G	1-94047024-A-G	rs149071415	c.2813T>C	p.Phe938Ser	ENST00000370225	True	25	1614060	0	0.00022695717184663037	afr	False	below_supporting_threshold	438091.0	P/LP	2.0	screened	missense	p.F938S	ABCA4_8ff4190c18379ba3	True	True	True	population-compatible; not clinical benign
chr1:94083408:T>C	1-94083408-T-C	rs763010473	c.802A>G	p.Ile268Val	ENST00000370225	True	11	1613860	0	0.00022290580000891623	eas	False	below_supporting_threshold									False	False	population-compatible; not clinical benign
chr1:94063257:G>C	1-94063257-G-C	rs748615703	c.1615C>G	p.Leu539Val	ENST00000370225	True	10	1614172	0	0.00022283625991621357	eas	False	below_supporting_threshold	875836.0	VUS	2.0	screened	missense	p.L539V	ABCA4_4043eb9ee7517e0e	True	True	True	population-compatible; not clinical benign
chr1:94046943:T>C	1-94046943-T-C	rs201471607	c.2894A>G	p.Asn965Ser	ENST00000370225	True	121	1614088	0	0.00022274691495522786	eas	False	below_supporting_threshold	236096.0	P/LP	3.0	screened	missense	p.N965S	ABCA4_2a67c1fdf7258210	True	True	True	population-compatible; not clinical benign
chr1:94029593:G>A	1-94029593-G-A	rs761652443	c.4391C>T	p.Pro1464Leu	ENST00000370225	True	22	1613936	0	0.0002196836555360281	sas	False	below_supporting_threshold	970392.0	VUS	2.0	screened	missense	p.P1464L	ABCA4_2239c983a3159afa	True	True	True	population-compatible; not clinical benign
chr1:94113066:T>C	1-94113066-T-C	rs756045993	c.67A>G	p.Ile23Val	ENST00000370225	True	22	1613870	1	0.00021959199806759043	sas	False	below_supporting_threshold									False	False	population-compatible; not clinical benign
chr1:94098973:C>G	1-94098973-C-G	rs142985501	c.589G>C	p.Asp197His	ENST00000370225	True	291	1609532	0	0.00021950826757973066	nfe	False	below_supporting_threshold	851017.0	VUS	1.0	screened	missense	p.D197H	ABCA4_622665725c5a0edc	True	True	True	population-compatible; not clinical benign
chr1:94077722:G>A	1-94077722-G-A	rs138157885	c.1522C>T	p.Arg508Cys	ENST00000370225	True	287	1613918	0	0.00021781802278868093	nfe	False	below_supporting_threshold	298258.0	Conflicting	1.0	screened	missense	p.R508C	ABCA4_5832aa18928e9a87	True	True	True	population-compatible; not clinical benign
chr1:94043456:T>C	1-94043456-T-C	rs759064844	c.3070A>G	p.Met1024Val	ENST00000370225	True	22	1614212	0	0.00020859407592824363	sas	False	below_supporting_threshold	2981522.0	VUS	1.0	screened	missense	p.M1024V	ABCA4_a72365eb794bf178	True	True	True	population-compatible; not clinical benign
chr1:94045955:C>T	1-94045955-C-T	rs1252583112	c.2707G>A	p.Ala903Thr	ENST00000649773	False	12	456094	0	0.00020839121978327314	eas	False	below_supporting_threshold									False	False	population-compatible; not clinical benign
chr1:94029515:C>T	1-94029515-C-T	rs61751402	c.4469G>A	p.Cys1490Tyr	ENST00000370225	True	250	1606364	0	0.00020236305632835192	nfe	False	below_supporting_threshold	99288.0	P/LP	3.0	screened	missense	p.C1490Y	ABCA4_44ebb56ef4b1220f	True	True	True	population-compatible; not clinical benign
chr1:94010903:G>A	1-94010903-G-A	rs1659526754	c.5611C>T	p.His1871Tyr	ENST00000370225	True	10	1614134	0	0.00020063310892148558	eas	False	below_supporting_threshold	3027685.0	VUS	1.0	screened	missense	p.H1871Y	ABCA4_d2ddc249aac0d96d	True	True	True	population-compatible; not clinical benign
chr1:94008252:C>T	1-94008252-C-T	rs142253670	c.5881G>A	p.Gly1961Arg	ENST00000370225	True	125	1614086	0	0.00020058839261834715	eas	False	below_supporting_threshold	236140.0	P/LP	2.0	screened	missense	p.G1961R	ABCA4_773c77e05c368954	True	True	True	population-compatible; not clinical benign
chr1:94031054:C>T	1-94031054-C-T	rs62642573	c.4195G>A	p.Glu1399Lys	ENST00000370225	True	32	1613868	0	0.00020052582326990777	eas	False	below_supporting_threshold	99256.0	P/LP	2.0	screened	missense	p.E1399K	ABCA4_dd8a1a180a70812d	True	True	True	population-compatible; not clinical benign
chr1:94113045:C>T	1-94113045-C-T	rs202127496	c.88G>A	p.Val30Met	ENST00000370225	True	40	1614054	0	0.0001976284584980237	sas	False	below_supporting_threshold	493047.0	VUS	2.0	screened	missense	p.V30M	ABCA4_4ea4b7dd5832977f	True	True	True	population-compatible; not clinical benign
chr1:94056618:C>G	1-94056618-C-G	rs1340980590	c.2365G>C	p.Glu789Gln	ENST00000370225	True	4	1613016	0	0.00019011406844106463	mid	False	below_supporting_threshold									False	False	population-compatible; not clinical benign
chr1:94077784:C>G	1-94077784-C-G	rs145614671	c.1460G>C	p.Arg487Pro	ENST00000370225	True	16	1614034	0	0.0001868709789369711	afr	False	below_supporting_threshold	1051526.0	VUS	2.0	screened	missense	p.R487P	ABCA4_172c2652e811a905	True	True	True	population-compatible; not clinical benign
chr1:94063123:C>G	1-94063123-C-G	rs145265791	c.1749G>C	p.Lys583Asn	ENST00000370225	True	18	1613616	0	0.0001866616890216261	afr	False	below_supporting_threshold	814001.0	Conflicting	1.0	screened	missense	p.K583N	ABCA4_4400deb73c689eb3	True	True	True	population-compatible; not clinical benign
chr1:94098886:G>A	1-94098886-G-A	rs149780335	c.676C>T	p.Arg226Cys	ENST00000370225	True	52	1614016	0	0.00018655224795458786	afr	False	below_supporting_threshold	1500955.0	VUS	2.0	screened	missense	p.R226C	ABCA4_431ce296a54739dc	True	True	True	population-compatible; not clinical benign
chr1:94056716:G>A	1-94056716-G-A	rs372508062	c.2267C>T	p.Ser756Phe	ENST00000370225	True	59	1613966	0	0.00018337612109492214	amr	False	below_supporting_threshold	858235.0	VUS	2.0	screened	missense	p.S756F	ABCA4_9daa8cd54779e145	True	True	True	population-compatible; not clinical benign
chr1:93997872:T>C	1-93997872-T-C	rs779585931	c.6718A>G	p.Thr2240Ala	ENST00000370225	True	59	1613978	0	0.00018336389398233038	amr	False	below_supporting_threshold	866115.0	P/LP	2.0	wt_equivalent	missense	p.T2240A	ABCA4_WT	False	True	True	population-compatible; not clinical benign
chr1:94031944:G>A	1-94031944-G-A	rs779524552	c.3962C>T	p.Ser1321Phe	ENST00000370225	True	19	1613996	0	0.0001833455563704247	amr	False	below_supporting_threshold	1007295.0	VUS	2.0	screened	missense	p.S1321F	ABCA4_b3e9dd58def8923c	True	True	True	population-compatible; not clinical benign
chr1:94062671:C>G	1-94062671-C-G	rs374931400	c.1843G>C	p.Val615Leu	ENST00000370225	True	14	1614056	0	0.00018330278286952175	amr	False	below_supporting_threshold	1501186.0	VUS	1.0	screened	missense	p.V615L	ABCA4_25f7307f12045a8c	True	True	True	population-compatible; not clinical benign
chr1:94055302:G>A	1-94055302-G-A	rs542919944	c.2396C>T	p.Pro799Leu	ENST00000370225	True	29	1614022	0	0.00018328445747800586	amr	False	below_supporting_threshold	858329.0	P/LP	1.0	screened	missense	p.P799L	ABCA4_374bbb5ecca19751	True	True	True	population-compatible; not clinical benign
chr1:94098901:C>T	1-94098901-C-T	rs777187728	c.661G>A	p.Gly221Arg	ENST00000370225	True	47	1613978	0	0.0001832417124770948	amr	False	below_supporting_threshold	959077.0	VUS	2.0	screened	missense	p.G221R	ABCA4_32fca9b9ed9900f1	True	True	True	population-compatible; not clinical benign
chr1:94021349:C>T	1-94021349-C-T	rs61754056	c.4909G>A	p.Ala1637Thr	ENST00000370225	True	228	1614032	0	0.00018219659605913	nfe	False	below_supporting_threshold	99329.0	Conflicting	1.0	screened	missense	p.A1637T	ABCA4_b3ba5c403a224a73	True	True	True	population-compatible; not clinical benign
chr1:94078595:T>G	1-94078595-T-G	rs1661600929	c.1351A>C	p.Ile451Leu	ENST00000370225	True	4	1183126	0	0.00018058690744920993	eas	False	below_supporting_threshold	3028066.0	VUS	1.0	screened	missense	p.I451L	ABCA4_c1b4ddc5d5cfbf12	True	True	True	population-compatible; not clinical benign
chr1:94046962:T>A	1-94046962-T-A	rs368846708	c.2875A>T	p.Thr959Ser	ENST00000370225	True	221	1613992	0	0.00017965827639917356	nfe	False	below_supporting_threshold	424902.0	Conflicting	1.0	screened	missense	p.T959S	ABCA4_e6275d0d6ac6bd8f	True	True	True	population-compatible; not clinical benign
chr1:94029558:T>C	1-94029558-T-C	rs1224522600	c.4426A>G	p.Lys1476Glu	ENST00000370225	True	8	1613798	0	0.00017825311942959	eas	False	below_supporting_threshold	2110103.0	VUS	2.0	screened	missense	p.K1476E	ABCA4_9620ecaaaea8ee4e	True	True	True	population-compatible; not clinical benign
chr1:94031071:A>G	1-94031071-A-G	rs757042025	c.4178T>C	p.Val1393Ala	ENST00000370225	True	8	1614084	0	0.00017816578326132465	eas	False	below_supporting_threshold									False	False	population-compatible; not clinical benign
chr1:94014665:G>C	1-94014665-G-C	rs121909207	c.5338C>G	p.Pro1780Ala	ENST00000370225	True	214	1614058	0	0.00017457035354733738	nfe	False	below_supporting_threshold	7912.0	Conflicting	1.0	screened	missense	p.P1780A	ABCA4_e5e3b98b59e24548	True	True	True	population-compatible; not clinical benign
chr1:94043342:G>T	1-94043342-G-T	rs966434923	c.3184C>A	p.Leu1062Ile	ENST00000370225	True	14	1613934	0	0.00017357402264473403	afr	False	below_supporting_threshold	960635.0	Conflicting	1.0	screened	missense	p.L1062I	ABCA4_b21fcf08ab87e931	True	True	True	population-compatible; not clinical benign
chr1:94037228:C>T	1-94037228-C-T	rs374303695	c.3730G>A	p.Ala1244Thr	ENST00000370225	True	13	1614098	0	0.00017349063150589867	afr	False	below_supporting_threshold	1910879.0	VUS	1.0	screened	missense	p.A1244T	ABCA4_062c8432631658f1	True	True	True	population-compatible; not clinical benign
chr1:94029503:T>C	1-94029503-T-C	rs1660137490	c.4481A>G	p.Glu1494Gly	ENST00000370225	True	1	1599050	0	0.00017024174327545113	mid	False	below_supporting_threshold									False	False	population-compatible; not clinical benign
chr1:94108699:C>T	1-94108699-C-T	rs759799179	c.320G>A	p.Arg107Gln	ENST00000370225	True	40	1613778	0	0.0001675603217158177	mid	False	below_supporting_threshold	1058365.0	Conflicting	1.0	screened	missense	p.R107Q	ABCA4_be9052bdd1454fc1	True	True	True	population-compatible; not clinical benign
chr1:94041372:A>G	1-94041372-A-G	rs376831329	c.3359T>C	p.Met1120Thr	ENST00000370225	True	1	1614064	0	0.00016722408026755852	mid	False	below_supporting_threshold									False	False	population-compatible; not clinical benign
chr1:94077701:G>T	1-94077701-G-T	rs767631662	c.1543C>A	p.Gln515Lys	ENST00000370225	True	205	1612316	0	0.00016710861381284174	nfe	False	below_supporting_threshold	1005777.0	Conflicting	1.0	screened	missense	p.Q515K	ABCA4_9256834a287e1fa3	True	True	True	population-compatible; not clinical benign
chr1:94029608:G>A	1-94029608-G-A	rs759626083	c.4376C>T	p.Thr1459Ile	ENST00000370225	True	17	1613926	0	0.00016668889185224696	amr	False	below_supporting_threshold									False	False	population-compatible; not clinical benign
chr1:94021332:G>C	1-94021332-G-C	rs61753017	c.4926C>G	p.Ser1642Arg	ENST00000370225	True	25	1614078	0	0.00016663889351774705	amr	False	below_supporting_threshold	99332.0	Conflicting	1.0	screened	missense	p.S1642R	ABCA4_c0db17c3f6eb75e4	True	True	True	population-compatible; not clinical benign
chr1:94001919:C>A	1-94001919-C-A	rs367839100	c.6221G>T	p.Gly2074Val	ENST00000370225	True	12	1614104	0	0.00016662223407091443	amr	False	below_supporting_threshold	689736.0	P/LP	2.0	wt_equivalent	missense	p.G2074V	ABCA4_WT	False	True	True	population-compatible; not clinical benign
chr1:94029540:C>T	1-94029540-C-T	rs779222666	c.4444G>A	p.Val1482Ile	ENST00000370225	True	7	1612836	0	0.0001656726308813784	mid	False	below_supporting_threshold	1926167.0	VUS	2.0	screened	missense	p.V1482I	ABCA4_112f4d38e61e242d	True	True	True	population-compatible; not clinical benign
chr1:94060569:T>C	1-94060569-T-C		c.2128A>G	p.Met710Val	ENST00000370225	True	1	1614162	0	0.00016561775422325274	mid	False	below_supporting_threshold									False	False	population-compatible; not clinical benign
chr1:94111452:G>T	1-94111452-G-T	rs886039297	c.288C>A	p.Asn96Lys	ENST00000370225	True	5	1614032	0	0.00016545334215751158	mid	False	below_supporting_threshold	265006.0	Conflicting	1.0	screened	missense	p.N96K	ABCA4_518b49baa4105cea	True	True	True	population-compatible; not clinical benign
chr1:94056695:G>C	1-94056695-G-C		c.2288C>G	p.Ala763Gly	ENST00000370225	True	4	1614162	0	0.00016528925619834712	mid	False	below_supporting_threshold	2872833.0	P/LP	1.0	screened	missense	p.A763G	ABCA4_de7017c27c730f03	True	True	True	population-compatible; not clinical benign
chr1:94056794:G>C	1-94056794-G-C	rs559433489	c.2189C>G	p.Pro730Arg	ENST00000370225	True	1	1610472	0	0.00016512549537648613	mid	False	below_supporting_threshold									False	False	population-compatible; not clinical benign
chr1:93997931:T>C	1-93997931-T-C	rs1403697239	c.6659A>G	p.Gln2220Arg	ENST00000370225	True	1	1614030	0	0.00016501650165016502	mid	False	below_supporting_threshold									False	False	population-compatible; not clinical benign
chr1:94060755:T>C	1-94060755-T-C	rs1459874784	c.1942A>G	p.Met648Val	ENST00000370225	True	4	1610320	0	0.00016501650165016502	mid	False	below_supporting_threshold									False	False	population-compatible; not clinical benign
chr1:94083405:T>C	1-94083405-T-C		c.805A>G	p.Asn269Asp	ENST00000370225	True	1	1613854	0	0.00016501650165016502	mid	False	below_supporting_threshold									False	False	population-compatible; not clinical benign
chr1:94098925:A>G	1-94098925-A-G		c.637T>C	p.Phe213Leu	ENST00000370225	True	1	1613634	0	0.00016501650165016502	mid	False	below_supporting_threshold									False	False	population-compatible; not clinical benign
chr1:94000863:A>G	1-94000863-A-G	rs758183365	c.6452T>C	p.Met2151Thr	ENST00000370225	True	3	1614218	0	0.0001649620587264929	mid	False	below_supporting_threshold									False	False	population-compatible; not clinical benign
chr1:94005473:G>T	1-94005473-G-T	rs1469384146	c.6115C>A	p.Leu2039Ile	ENST00000370225	True	1	1614178	0	0.0001649620587264929	mid	False	below_supporting_threshold									False	False	population-compatible; not clinical benign
chr1:94007673:G>A	1-94007673-G-A	rs766811018	c.5966C>T	p.Thr1989Ile	ENST00000370225	True	59	1614088	0	0.0001649620587264929	mid	False	below_supporting_threshold	1519612.0	VUS	2.0	screened	missense	p.T1989I	ABCA4_67650b18da8a6280	True	True	True	population-compatible; not clinical benign
chr1:94011334:G>C	1-94011334-G-C	rs62642562	c.5512C>G	p.His1838Asp	ENST00000370225	True	2	1614120	0	0.0001649620587264929	mid	False	below_supporting_threshold	99380.0	P/LP	2.0	screened	missense	p.H1838D	ABCA4_0a759241d1987a17	True	True	True	population-compatible; not clinical benign
chr1:94011369:T>C	1-94011369-T-C	rs1417966624	c.5477A>G	p.Asn1826Ser	ENST00000370225	True	2	1613960	0	0.0001649620587264929	mid	False	below_supporting_threshold									False	False	population-compatible; not clinical benign
chr1:94014652:A>C	1-94014652-A-C	rs746252741	c.5351T>G	p.Leu1784Arg	ENST00000370225	True	2	1614268	0	0.0001649620587264929	mid	False	below_supporting_threshold	812198.0	P/LP	2.0	screened	missense	p.L1784R	ABCA4_38ee20da6619b6c9	True	True	True	population-compatible; not clinical benign
chr1:94021378:A>G	1-94021378-A-G	rs2101023087	c.4880T>C	p.Leu1627Pro	ENST00000370225	True	7	1614232	0	0.0001649620587264929	mid	False	below_supporting_threshold	3027729.0	P/LP	1.0	screened	missense	p.L1627P	ABCA4_7f02211ace69a8af	True	True	True	population-compatible; not clinical benign
chr1:94031075:T>C	1-94031075-T-C		c.4174A>G	p.Ile1392Val	ENST00000370225	True	1	1613928	0	0.0001649620587264929	mid	False	below_supporting_threshold									False	False	population-compatible; not clinical benign
chr1:94031104:G>A	1-94031104-G-A	rs1660189911	c.4145C>T	p.Thr1382Ile	ENST00000370225	True	5	1614152	0	0.0001649620587264929	mid	False	below_supporting_threshold	957256.0	VUS	1.0	screened	missense	p.T1382I	ABCA4_1a5ff5b9fa30a524	True	True	True	population-compatible; not clinical benign
chr1:94031977:G>T	1-94031977-G-T	rs775563920	c.3929C>A	p.Ala1310Asp	ENST00000370225	True	1	1614024	0	0.0001649620587264929	mid	False	below_supporting_threshold									False	False	population-compatible; not clinical benign
chr1:94031978:C>G	1-94031978-C-G		c.3928G>C	p.Ala1310Pro	ENST00000370225	True	1	1614018	0	0.0001649620587264929	mid	False	below_supporting_threshold									False	False	population-compatible; not clinical benign
chr1:94031993:C>G	1-94031993-C-G		c.3913G>C	p.Gly1305Arg	ENST00000370225	True	1	1613798	0	0.0001649620587264929	mid	False	below_supporting_threshold									False	False	population-compatible; not clinical benign
chr1:94032038:C>T	1-94032038-C-T	rs143576497	c.3868G>A	p.Ala1290Thr	ENST00000370225	True	13	1610872	0	0.0001649620587264929	mid	False	below_supporting_threshold	1360867.0	VUS	1.0	screened	missense	p.A1290T	ABCA4_8c62035257ae019f	True	True	True	population-compatible; not clinical benign
chr1:94037252:T>C	1-94037252-T-C	rs769819432	c.3706A>G	p.Lys1236Glu	ENST00000370225	True	4	1614240	0	0.0001649620587264929	mid	False	below_supporting_threshold	1462047.0	VUS	1.0	screened	missense	p.K1236E	ABCA4_e7b93de4144aa1cd	True	True	True	population-compatible; not clinical benign
chr1:94037327:C>T	1-94037327-C-T	rs767956362	c.3631G>A	p.Val1211Ile	ENST00000370225	True	3	1614216	0	0.0001649620587264929	mid	False	below_supporting_threshold	1370208.0	VUS	1.0	screened	missense	p.V1211I	ABCA4_6a48a010751a498d	True	True	True	population-compatible; not clinical benign
chr1:94041250:G>A	1-94041250-G-A	rs553776104	c.3481C>T	p.Arg1161Cys	ENST00000370225	True	24	1614120	0	0.0001649620587264929	mid	False	below_supporting_threshold	452706.0	P/LP	2.0	screened	missense	p.R1161C	ABCA4_9edec8f9e834a67d	True	True	True	population-compatible; not clinical benign
chr1:94044620:A>T	1-94044620-A-T	rs1219526989	c.3043T>A	p.Phe1015Ile	ENST00000370225	True	5	1614166	0	0.0001649620587264929	mid	False	below_supporting_threshold									False	False	population-compatible; not clinical benign
chr1:94044659:G>A	1-94044659-G-A	rs757678409	c.3004C>T	p.Arg1002Trp	ENST00000370225	True	18	1614176	0	0.0001649620587264929	mid	False	below_supporting_threshold	1075396.0	Conflicting	1.0	screened	missense	p.R1002W	ABCA4_749f444f63453f29	True	True	True	population-compatible; not clinical benign
chr1:94044716:T>A	1-94044716-T-A		c.2947A>T	p.Thr983Ser	ENST00000370225	True	2	1614016	0	0.0001649620587264929	mid	False	below_supporting_threshold	2845789.0	VUS	1.0	screened	missense	p.T983S	ABCA4_58ca8a93896ff8be	True	True	True	population-compatible; not clinical benign
chr1:94055149:T>C	1-94055149-T-C	rs143797418	c.2549A>G	p.Tyr850Cys	ENST00000370225	True	4	1614124	0	0.0001649620587264929	mid	False	below_supporting_threshold	1358935.0	P/LP	2.0	screened	missense	p.Y850C	ABCA4_9af98e1a4cfddfe7	True	True	True	population-compatible; not clinical benign
chr1:94055178:C>T	1-94055178-C-T		c.2520G>A	p.Met840Ile	ENST00000370225	True	2	1614180	0	0.0001649620587264929	mid	False	below_supporting_threshold									False	False	population-compatible; not clinical benign
chr1:94060662:C>T	1-94060662-C-T		c.2035G>A	p.Glu679Lys	ENST00000370225	True	2	1614154	0	0.0001649620587264929	mid	False	below_supporting_threshold									False	False	population-compatible; not clinical benign
chr1:94060690:C>G	1-94060690-C-G	rs545963645	c.2007G>C	p.Met669Ile	ENST00000370225	True	14	1614130	0	0.0001649620587264929	mid	False	below_supporting_threshold	1402951.0	Conflicting	1.0	screened	missense	p.M669I	ABCA4_4c31777f779622ae	True	True	True	population-compatible; not clinical benign
chr1:94060712:G>A	1-94060712-G-A	rs1218846489	c.1985C>T	p.Ala662Val	ENST00000370225	True	1	1613984	0	0.0001649620587264929	mid	False	below_supporting_threshold									False	False	population-compatible; not clinical benign
chr1:94060719:C>T	1-94060719-C-T	rs1011974288	c.1978G>A	p.Val660Met	ENST00000370225	True	1	1613896	0	0.0001649620587264929	mid	False	below_supporting_threshold									False	False	population-compatible; not clinical benign
chr1:94060749:T>A	1-94060749-T-A	rs1557786421	c.1948A>T	p.Ile650Phe	ENST00000370225	True	1	1611810	0	0.0001649620587264929	mid	False	below_supporting_threshold									False	False	population-compatible; not clinical benign
chr1:94079362:T>C	1-94079362-T-C		c.1199A>G	p.Tyr400Cys	ENST00000370225	True	4	1614166	0	0.0001649620587264929	mid	False	below_supporting_threshold									False	False	population-compatible; not clinical benign
chr1:94080559:A>G	1-94080559-A-G	rs61748548	c.1018T>C	p.Tyr340His	ENST00000370225	True	8	1614116	0	0.0001649620587264929	mid	False	below_supporting_threshold	438086.0	P/LP	2.0	screened	missense	p.Y340H	ABCA4_772c70666f58fa35	True	True	True	population-compatible; not clinical benign
chr1:94080672:G>A	1-94080672-G-A	rs1661670179	c.905C>T	p.Pro302Leu	ENST00000370225	True	2	1614026	0	0.0001649620587264929	mid	False	below_supporting_threshold	3249487.0	VUS	1.0	screened	missense	p.P302L	ABCA4_53f79cb9a8351c54	True	True	True	population-compatible; not clinical benign
chr1:94111454:T>C	1-94111454-T-C	rs61748529	c.286A>G	p.Asn96Asp	ENST00000370225	True	10	1613962	0	0.00016469038208168644	mid	False	below_supporting_threshold	99166.0	P/LP	2.0	screened	missense	p.N96D	ABCA4_56f9e1f8e8d151bb	True	True	True	population-compatible; not clinical benign
chr1:94046959:C>T	1-94046959-C-T	rs772463435	c.2878G>A	p.Ala960Thr	ENST00000370225	True	15	1614008	0	0.00016463615409944023	mid	False	below_supporting_threshold									False	False	population-compatible; not clinical benign
chr1:94051639:C>T	1-94051639-C-T	rs750311446	c.2647G>A	p.Gly883Ser	ENST00000370225	True	25	1613594	0	0.0001644736842105263	mid	False	below_supporting_threshold	1470589.0	VUS	1.0	screened	missense	p.G883S	ABCA4_3e708e1a91bf2dd6	True	True	True	population-compatible; not clinical benign
chr1:94055267:G>A	1-94055267-G-A	rs758777521	c.2431C>T	p.Arg811Cys	ENST00000370225	True	97	1614032	0	0.0001644736842105263	mid	False	below_supporting_threshold	857838.0	Conflicting	1.0	screened	missense	p.R811C	ABCA4_2735310f286cbb07	True	True	True	population-compatible; not clinical benign
chr1:94015853:A>G	1-94015853-A-G	rs765563320	c.5198T>C	p.Met1733Thr	ENST00000370225	True	76	1612364	0	0.0001644195988161789	mid	False	below_supporting_threshold	813148.0	Conflicting	1.0	screened	missense	p.M1733T	ABCA4_aada4a1fbf0283a5	True	True	True	population-compatible; not clinical benign
chr1:94041322:T>C	1-94041322-T-C	rs765328414	c.3409A>G	p.Arg1137Gly	ENST00000370225	True	18	1614022	0	0.0001644195988161789	mid	False	below_supporting_threshold	1005368.0	Conflicting	1.0	screened	missense	p.R1137G	ABCA4_e464fd91a22e8c25	True	True	True	population-compatible; not clinical benign
chr1:94111570:G>A	1-94111570-G-A	rs754713440	c.170C>T	p.Pro57Leu	ENST00000370225	True	9	1614102	0	0.0001644195988161789	mid	False	below_supporting_threshold									False	False	population-compatible; not clinical benign
chr1:94001890:C>T	1-94001890-C-T	rs1250914690	c.6250G>A	p.Ala2084Thr	ENST00000370225	True	25	1614084	0	0.0001643655489809336	mid	False	below_supporting_threshold	855992.0	Conflicting	1.0	wt_equivalent	missense	p.A2084T	ABCA4_WT	False	True	True	population-compatible; not clinical benign
chr1:94005446:C>T	1-94005446-C-T	rs755513058	c.6142G>A	p.Glu2048Lys	ENST00000370225	True	8	1613920	0	0.0001643655489809336	mid	False	below_supporting_threshold	2119626.0	VUS	1.0	wt_equivalent	missense	p.E2048K	ABCA4_WT	False	True	True	population-compatible; not clinical benign
chr1:94014544:C>T	1-94014544-C-T	rs62646875	c.5459G>A	p.Arg1820Gln	ENST00000370225	True	49	1614036	0	0.0001643655489809336	mid	False	below_supporting_threshold	1435192.0	VUS	1.0	screened	missense	p.R1820Q	ABCA4_072cb160e624dcdc	True	True	True	population-compatible; not clinical benign
chr1:94015812:T>C	1-94015812-T-C	rs745658425	c.5239A>G	p.Ile1747Val	ENST00000370225	True	3	1613846	0	0.0001643655489809336	mid	False	below_supporting_threshold	1406435.0	VUS	1.0	screened	missense	p.I1747V	ABCA4_2847dcc1f41acbbc	True	True	True	population-compatible; not clinical benign
chr1:94015842:C>T	1-94015842-C-T	rs761017794	c.5209G>A	p.Val1737Met	ENST00000370225	True	57	1613332	0	0.0001643655489809336	mid	False	below_supporting_threshold	1524182.0	VUS	2.0	screened	missense	p.V1737M	ABCA4_efa4074a504c55f1	True	True	True	population-compatible; not clinical benign
chr1:94021340:G>A	1-94021340-G-A	rs61751404	c.4918C>T	p.Arg1640Trp	ENST00000370225	True	87	1614098	0	0.0001643655489809336	mid	False	below_supporting_threshold	99330.0	P/LP	2.0	screened	missense	p.R1640W	ABCA4_10e79a05ae6953d6	True	True	True	population-compatible; not clinical benign
chr1:94037288:A>C	1-94037288-A-C	rs762213896	c.3670T>G	p.Cys1224Gly	ENST00000370225	True	21	1613860	0	0.0001643655489809336	mid	False	below_supporting_threshold	298247.0	VUS	2.0	screened	missense	p.C1224G	ABCA4_00390d3625128f49	True	True	True	population-compatible; not clinical benign
chr1:94041249:C>T	1-94041249-C-T	rs768278935	c.3482G>A	p.Arg1161His	ENST00000370225	True	19	1614038	0	0.0001643655489809336	mid	False	below_supporting_threshold	236102.0	P/LP	2.0	screened	missense	p.R1161H	ABCA4_11d275134536d8f6	True	True	True	population-compatible; not clinical benign
chr1:94044664:G>A	1-94044664-G-A	rs781780151	c.2999C>T	p.Ala1000Val	ENST00000370225	True	22	1614102	0	0.0001643655489809336	mid	False	below_supporting_threshold	967417.0	VUS	1.0	screened	missense	p.A1000V	ABCA4_062fbc656c7f8574	True	True	True	population-compatible; not clinical benign
chr1:94051692:T>C	1-94051692-T-C	rs1660845176	c.2594A>G	p.Tyr865Cys	ENST00000370225	True	5	1613374	0	0.0001643655489809336	mid	False	below_supporting_threshold									False	False	population-compatible; not clinical benign
chr1:94077785:G>A	1-94077785-G-A	rs369286283	c.1459C>T	p.Arg487Trp	ENST00000370225	True	32	1614048	0	0.0001643655489809336	mid	False	below_supporting_threshold	955382.0	VUS	2.0	screened	missense	p.R487W	ABCA4_b544d6a9441ef90b	True	True	True	population-compatible; not clinical benign
chr1:94098796:C>A	1-94098796-C-A	rs374851665	c.766G>T	p.Val256Leu	ENST00000370225	True	27	1614084	0	0.0001643655489809336	mid	False	below_supporting_threshold	968588.0	VUS	2.0	screened	missense	p.V256L	ABCA4_43ddf9ff13471895	True	True	True	population-compatible; not clinical benign
chr1:94078603:A>T	1-94078603-A-T	rs777078540	c.1343T>A	p.Met448Lys	ENST00000370225	True	23	1338414	0	0.00016004755698836225	sas	False	below_supporting_threshold	288325.0	Conflicting	1.0	screened	missense	p.M448K	ABCA4_76af0040e46ef2ee	True	True	True	population-compatible; not clinical benign
chr1:94001048:C>T	1-94001048-C-T	rs202127235	c.6340G>A	p.Val2114Met	ENST00000370225	True	187	1614172	0	0.0001560271041369472	eas	False	below_supporting_threshold	298223.0	B/LB	3.0	wt_equivalent	missense	p.V2114M	ABCA4_WT	False	True	True	population-compatible; not clinical benign
chr1:94021680:G>A	1-94021680-G-A	rs773251303	c.4808C>T	p.Pro1603Leu	ENST00000370225	True	7	1613276	0	0.0001559784304113374	eas	False	below_supporting_threshold									False	False	population-compatible; not clinical benign
chr1:94001950:C>T	1-94001950-C-T	rs61753040	c.6190G>A	p.Ala2064Thr	ENST00000370225	True	15	1614038	0	0.00015596452920992827	eas	False	below_supporting_threshold	1457651.0	P/LP	2.0	wt_equivalent	missense	p.A2064T	ABCA4_WT	False	True	True	population-compatible; not clinical benign
chr1:94025011:G>A	1-94025011-G-A	rs61750152	c.4577C>T	p.Thr1526Met	ENST00000370225	True	198	1614058	0	0.0001542336283545814	nfe	False	below_supporting_threshold	99303.0	P/LP	3.0	screened	missense	p.T1526M	ABCA4_b70cdbbedf1653ff	True	True	True	population-compatible; not clinical benign
chr1:94005479:C>T	1-94005479-C-T	rs756555985	c.6109G>A	p.Ala2037Thr	ENST00000370225	True	14	1614014	0	0.0001537042729787888	sas	False	below_supporting_threshold	1302943.0	Conflicting	1.0	screened	missense	p.A2037T	ABCA4_c171cd2f2bd2f4b6	True	True	True	population-compatible; not clinical benign
chr1:94024967:G>C	1-94024967-G-C	rs779872369	c.4621C>G	p.Leu1541Val	ENST00000370225	True	15	1613902	0	0.0001537042729787888	sas	False	below_supporting_threshold									False	False	population-compatible; not clinical benign
chr1:94062632:C>T	1-94062632-C-T	rs753058962	c.1882G>A	p.Ala628Thr	ENST00000370225	True	16	1614050	0	0.0001536907741623853	sas	False	below_supporting_threshold	1444729.0	VUS	1.0	screened	missense	p.A628T	ABCA4_c7cd33455502ff2c	True	True	True	population-compatible; not clinical benign
chr1:94019691:C>T	1-94019691-C-T	rs61750564	c.5087G>A	p.Ser1696Asn	ENST00000370225	True	28	1613676	0	0.0001501601708489055	amr	False	below_supporting_threshold	99344.0	P/LP	2.0	screened	missense	p.S1696N	ABCA4_d5408998e23f583d	True	True	True	population-compatible; not clinical benign
chr1:94000869:C>T	1-94000869-C-T	rs61750655	c.6446G>A	p.Arg2149Gln	ENST00000370225	True	202	1614098	0	0.00014999364433710435	nfe	False	below_supporting_threshold	940293.0	VUS	1.0	wt_equivalent	missense	p.R2149Q	ABCA4_WT	False	True	True	population-compatible; not clinical benign
chr1:94037194:G>A	1-94037194-G-A	rs762125655	c.3764C>T	p.Ala1255Val	ENST00000370225	True	10	1614118	1	0.00014997500416597234	amr	False	below_supporting_threshold	962375.0	VUS	2.0	screened	missense	p.A1255V	ABCA4_d29b91d9e2b98a71	True	True	True	population-compatible; not clinical benign
chr1:94046994:C>T	1-94046994-C-T	rs148545207	c.2843G>A	p.Arg948His	ENST00000370225	True	47	1614144	0	0.00014995001666111296	amr	False	below_supporting_threshold	849073.0	VUS	1.0	screened	missense	p.R948H	ABCA4_33e6d539158f9845	True	True	True	population-compatible; not clinical benign
chr1:94079405:C>A	1-94079405-C-A	rs770754513	c.1156G>T	p.Ala386Ser	ENST00000370225	True	12	1614102	0	0.00014995001666111296	amr	False	below_supporting_threshold	1503633.0	VUS	1.0	screened	missense	p.A386S	ABCA4_78d5fa05b3aa0ce9	True	True	True	population-compatible; not clinical benign
chr1:94055122:T>C	1-94055122-T-C	rs140281495	c.2576A>G	p.Gln859Arg	ENST00000370225	True	188	1614022	0	0.00014830533611073917	nfe	False	below_supporting_threshold	866492.0	VUS	2.0	screened	missense	p.Q859R	ABCA4_0a44507a7f37c3f6	True	True	True	population-compatible; not clinical benign
chr1:94031045:C>T	1-94031045-C-T	rs554101094	c.4204G>A	p.Ala1402Thr	ENST00000370225	True	22	1613906	0	0.00014690955713446232	afr	False	below_supporting_threshold	963602.0	VUS	1.0	screened	missense	p.A1402T	ABCA4_28efc22e683cc255	True	True	True	population-compatible; not clinical benign
chr1:94098811:A>G	1-94098811-A-G	rs146365399	c.751T>C	p.Phe251Leu	ENST00000370225	True	21	1614048	0	0.00014679192911284296	afr	False	below_supporting_threshold	1408051.0	VUS	1.0	screened	missense	p.F251L	ABCA4_f8a9508fed2d4e97	True	True	True	population-compatible; not clinical benign
chr1:94098991:A>T	1-94098991-A-T	rs200696846	c.571T>A	p.Phe191Ile	ENST00000370225	True	15	1605408	0	0.00014660802345728375	afr	False	below_supporting_threshold	1042537.0	VUS	2.0	screened	missense	p.F191I	ABCA4_0e2aed696a221435	True	True	True	population-compatible; not clinical benign
chr1:94077692:C>T	1-94077692-C-T	rs369860406	c.1552G>A	p.Glu518Lys	ENST00000370225	True	174	1610550	0	0.00014265117203221878	nfe	False	below_supporting_threshold	876827.0	VUS	2.0	screened	missense	p.E518K	ABCA4_af5d31d1051138bf	True	True	True	population-compatible; not clinical benign
chr1:94045768:G>C	1-94045768-G-C	rs1232863973	c.2894C>G	p.Ser965Cys	ENST00000649773	False	6	456136	0	0.00014095757177089697	amr	False	below_supporting_threshold									False	False	population-compatible; not clinical benign
chr1:94063250:A>G	1-94063250-A-G	rs61751392	c.1622T>C	p.Leu541Pro	ENST00000370225	True	210	1614014	0	0.00013898093079936068	nfe	False	below_supporting_threshold	99067.0	Conflicting	1.0	screened	missense	p.L541P	ABCA4_4feb53990ec249b6	True	True	True	population-compatible; not clinical benign
chr1:94045945:G>A	1-94045945-G-A	rs1312133743	c.2717C>T	p.Ser906Phe	ENST00000649773	False	2	456160	0	0.00013894678338196472	eas	False	below_supporting_threshold									False	False	population-compatible; not clinical benign
chr1:94029447:G>C	1-94029447-G-C	rs759373898	c.4537C>G	p.Gln1513Glu	ENST00000370225	True	8	1548894	0	0.0001370399373531715	amr	False	below_supporting_threshold	3624162.0	VUS	2.0	screened	missense	p.Q1513E	ABCA4_9a7225405e2f1a8e	True	True	True	population-compatible; not clinical benign
chr1:94120994:G>A	1-94120994-G-A	rs121909205	c.52C>T	p.Arg18Trp	ENST00000370225	True	22	1606580	0	0.0001354004468214745	amr	False	below_supporting_threshold	7899.0	P/LP	2.0	screened	missense	p.R18W	ABCA4_8d893f2aaab01799	True	True	True	population-compatible; not clinical benign
chr1:94040117:C>T	1-94040117-C-T	rs760620913	c.3533G>A	p.Ser1178Asn	ENST00000370225	True	12	1607766	0	0.00013390167153919973	sas	False	below_supporting_threshold	873900.0	VUS	2.0	screened	missense	p.S1178N	ABCA4_c0fe6fc68b28643a	True	True	True	population-compatible; not clinical benign
chr1:94077721:C>T	1-94077721-C-T	rs375961838	c.1523G>A	p.Arg508His	ENST00000370225	True	27	1613670	0	0.0001337196344996657	eas	False	below_supporting_threshold	2184846.0	VUS	1.0	screened	missense	p.R508H	ABCA4_5084239dfe7724b1	True	True	True	population-compatible; not clinical benign
chr1:94077883:G>A	1-94077883-G-A	rs1661579932	c.1361C>T	p.Thr454Ile	ENST00000370225	True	7	1613638	0	0.00013370175594972815	eas	False	below_supporting_threshold									False	False	population-compatible; not clinical benign
chr1:94047045:A>G	1-94047045-A-G	rs573904763	c.2792T>C	p.Val931Ala	ENST00000370225	True	7	1614180	0	0.00013369579749543205	eas	False	below_supporting_threshold	2777907.0	Conflicting	1.0	screened	missense	p.V931A	ABCA4_ed5a060d3660972a	True	True	True	population-compatible; not clinical benign
chr1:94113048:G>A	1-94113048-G-A	rs146663678	c.85C>T	p.Leu29Phe	ENST00000370225	True	18	1614086	0	0.00013368983957219252	eas	False	below_supporting_threshold									False	False	population-compatible; not clinical benign
chr1:94062710:G>A	1-94062710-G-A	rs61749409	c.1804C>T	p.Arg602Trp	ENST00000370225	True	37	1613984	0	0.00013366601318837997	eas	False	below_supporting_threshold	99084.0	P/LP	3.0	screened	missense	p.R602W	ABCA4_9a6c1fb7a12e9781	True	True	True	population-compatible; not clinical benign
chr1:94060752:T>A	1-94060752-T-A	rs374458630	c.1945A>T	p.Ile649Phe	ENST00000370225	True	10	1610886	0	0.00013359339514254414	afr	False	below_supporting_threshold	842302.0	VUS	1.0	screened	missense	p.I649F	ABCA4_ae76238892fa1573	True	True	True	population-compatible; not clinical benign
chr1:94021307:C>T	1-94021307-C-T	rs775080600	c.4951G>A	p.Glu1651Lys	ENST00000370225	True	14	1614064	0	0.00013349708976344315	afr	False	below_supporting_threshold	1003921.0	VUS	1.0	screened	missense	p.E1651K	ABCA4_36fd58a257af98ab	True	True	True	population-compatible; not clinical benign
chr1:94010855:C>T	1-94010855-C-T	rs764320529	c.5659G>A	p.Val1887Met	ENST00000370225	True	11	1613992	0	0.00013336445170539793	amr	False	below_supporting_threshold	383346.0	VUS	2.0	screened	missense	p.V1887M	ABCA4_661a99b4b7d697c3	True	True	True	population-compatible; not clinical benign
chr1:94032030:C>G	1-94032030-C-G	rs758846438	c.3876G>C	p.Gln1292His	ENST00000370225	True	8	1611828	0	0.00013331111481419764	amr	False	below_supporting_threshold									False	False	population-compatible; not clinical benign
chr1:94080595:C>T	1-94080595-C-T	rs61751418	c.982G>A	p.Glu328Lys	ENST00000370225	True	28	1614136	0	0.00013328890369876707	amr	False	below_supporting_threshold	1429209.0	P/LP	2.0	screened	missense	p.E328K	ABCA4_713d7cb86f66b330	True	True	True	population-compatible; not clinical benign
chr1:94001051:T>G	1-94001051-T-G	rs763507963	c.6337A>C	p.Ile2113Leu	ENST00000370225	True	8	1614170	0	0.00013327114013460386	amr	False	below_supporting_threshold	3956681.0	VUS	1.0	wt_equivalent	missense	p.I2113L	ABCA4_WT	False	True	True	population-compatible; not clinical benign
chr1:94008762:C>G	1-94008762-C-G	rs760353830	c.5824G>C	p.Glu1942Gln	ENST00000370225	True	8	1614010	0	0.00013326226012793177	amr	False	below_supporting_threshold	867010.0	VUS	3.0	screened	missense	p.E1942Q	ABCA4_f5b4f392766105ec	True	True	True	population-compatible; not clinical benign
chr1:94111526:C>T	1-94111526-C-T	rs61751412	c.214G>A	p.Gly72Arg	ENST00000370225	True	15	1614086	0	0.00013174073423502546	sas	False	below_supporting_threshold	99120.0	P/LP	2.0	screened	missense	p.G72R	ABCA4_9bd6d654bad4c503	True	True	True	population-compatible; not clinical benign
chr1:94011286:C>A	1-94011286-C-A	rs374687000	c.5560G>T	p.Val1854Leu	ENST00000370225	True	151	1613970	0	0.00012542160302367756	nfe	False	below_supporting_threshold	493043.0	VUS	2.0	screened	missense	p.V1854L	ABCA4_ff87134948593e0a	True	True	True	population-compatible; not clinical benign
chr1:94015773:G>T	1-94015773-G-T	rs755278800	c.5278C>A	p.Leu1760Ile	ENST00000370225	True	12	1613910	0	0.00012081804801968235	sas	False	below_supporting_threshold	1701934.0	VUS	1.0	screened	missense	p.L1760I	ABCA4_972b0fc08a2275a6	True	True	True	population-compatible; not clinical benign
chr1:94098891:G>A	1-94098891-G-A	rs373540612	c.671C>T	p.Thr224Met	ENST00000370225	True	100	1614062	0	0.00012076764305476264	sas	False	below_supporting_threshold	853139.0	VUS	1.0	screened	missense	p.T224M	ABCA4_2ca46938e63f7b6f	True	True	True	population-compatible; not clinical benign
chr1:94112999:G>C	1-94112999-G-C	rs368503198	c.134C>G	p.Ala45Gly	ENST00000370225	True	144	1613784	0	0.00011696223645356938	nfe	False	below_supporting_threshold	3955986.0	VUS	1.0	screened	missense	p.A45G	ABCA4_7947a4d837a42831	True	True	True	population-compatible; not clinical benign
chr1:94077764:T>C	1-94077764-T-C	rs377135053	c.1480A>G	p.Met494Val	ENST00000370225	True	143	1614070	0	0.00011694558471097492	nfe	False	below_supporting_threshold	943762.0	VUS	2.0	screened	missense	p.M494V	ABCA4_8f1678bd4a1ebe16	True	True	True	population-compatible; not clinical benign
chr1:94001984:G>T	1-94001984-G-T	rs761879757	c.6156C>A	p.Asn2052Lys	ENST00000370225	True	8	1614066	0	0.00011665888940737284	amr	False	below_supporting_threshold									False	False	population-compatible; not clinical benign
chr1:94108583:T>C	1-94108583-T-C	rs755152303	c.436A>G	p.Ile146Val	ENST00000370225	True	7	1613368	0	0.00011665111318490868	amr	False	below_supporting_threshold	4563429.0	VUS	1.0	screened	missense	p.I146V	ABCA4_10cee51d9c759746	True	True	True	population-compatible; not clinical benign
chr1:94080523:C>T	1-94080523-C-T	rs577385550	c.1054G>A	p.Asp352Asn	ENST00000370225	True	19	1614120	0	0.00011661224761777837	amr	False	below_supporting_threshold	1047684.0	VUS	1.0	screened	missense	p.D352N	ABCA4_170fe78d08e3dee3	True	True	True	population-compatible; not clinical benign
chr1:93997970:T>C	1-93997970-T-C	rs565752959	c.6620A>G	p.Gln2207Arg	ENST00000370225	True	7	1614160	0	0.00011143302874972142	eas	False	below_supporting_threshold	3027555.0	VUS	1.0	wt_equivalent	missense	p.Q2207R	ABCA4_WT	False	True	True	population-compatible; not clinical benign
chr1:94043420:C>T	1-94043420-C-T	rs61750061	c.3106G>A	p.Glu1036Lys	ENST00000370225	True	6	1614022	0	0.00011141812995810679	eas	False	below_supporting_threshold	7886.0	P/LP	2.0	screened	missense	p.E1036K	ABCA4_3b34f669b61f895e	True	True	True	population-compatible; not clinical benign
chr1:94063127:T>C	1-94063127-T-C	rs368362755	c.1745A>G	p.Asn582Ser	ENST00000370225	True	30	1613684	0	0.00011136353512405898	eas	False	below_supporting_threshold	861202.0	VUS	2.0	screened	missense	p.N582S	ABCA4_a7f2ac9b67e305d8	True	True	True	population-compatible; not clinical benign
chr1:94103130:C>A	1-94103130-C-A	rs62646862	c.455G>T	p.Arg152Leu	ENST00000370225	True	10	1613962	0	0.0001098201146521997	sas	False	below_supporting_threshold									False	False	population-compatible; not clinical benign
chr1:94103140:T>C	1-94103140-T-C	rs1448232035	c.445A>G	p.Arg149Gly	ENST00000370225	True	10	1613930	1	0.00010980805551895287	sas	False	below_supporting_threshold	1931309.0	VUS	1.0	screened	missense	p.R149G	ABCA4_366fb5426aab4e18	True	True	True	population-compatible; not clinical benign
chr1:94047079:G>A	1-94047079-G-A	rs533451778	c.2758C>T	p.Arg920Cys	ENST00000370225	True	20	1614100	0	0.00010980323260716795	sas	False	below_supporting_threshold	1014061.0	VUS	1.0	screened	missense	p.R920C	ABCA4_7ba2cb8594bdd737	True	True	True	population-compatible; not clinical benign
chr1:94041223:T>C	1-94041223-T-C	rs781521866	c.3508A>G	p.Arg1170Gly	ENST00000370225	True	10	1614178	0	0.00010978635575170718	sas	False	below_supporting_threshold									False	False	population-compatible; not clinical benign
chr1:94021880:A>G	1-94021880-A-G	rs777415466	c.4739T>C	p.Leu1580Ser	ENST00000370225	True	17	1614184	0	0.00010978394519585456	sas	False	below_supporting_threshold	236121.0	Conflicting	1.0	screened	missense	p.L1580S	ABCA4_9563401f16dc99bf	True	True	True	population-compatible; not clinical benign
chr1:94077751:T>C	1-94077751-T-C	rs147135304	c.1493A>G	p.Asp498Gly	ENST00000370225	True	130	1614028	0	0.00010932055158574121	nfe	False	below_supporting_threshold	298259.0	VUS	2.0	screened	missense	p.D498G	ABCA4_ba6abca9b757a791	True	True	True	population-compatible; not clinical benign
chr1:94045928:G>A	1-94045928-G-A	rs767799670	c.2734C>T	p.Arg912Cys	ENST00000649773	False	8	456136	0	0.00010840947808579835	sas	False	below_supporting_threshold									False	False	population-compatible; not clinical benign
chr1:94029597:T>G	1-94029597-T-G	rs113134400	c.4387A>C	p.Thr1463Pro	ENST00000370225	True	11	1613572	0	0.0001069919221098807	afr	False	below_supporting_threshold	936175.0	VUS	1.0	screened	missense	p.T1463P	ABCA4_edbae703547e328e	True	True	True	population-compatible; not clinical benign
chr1:94021681:G>A	1-94021681-G-A	rs919216834	c.4807C>T	p.Pro1603Ser	ENST00000370225	True	8	1613102	0	0.00010684046048238467	afr	False	below_supporting_threshold	1479699.0	VUS	1.0	screened	missense	p.P1603S	ABCA4_be9e617d55493e0e	True	True	True	population-compatible; not clinical benign
chr1:94080619:A>T	1-94080619-A-T	rs1308641693	c.958T>A	p.Ser320Thr	ENST00000370225	True	8	1614066	0	0.00010678341653541205	afr	False	below_supporting_threshold									False	False	population-compatible; not clinical benign
chr1:94001973:T>C	1-94001973-T-C	rs768592753	c.6167A>G	p.Lys2056Arg	ENST00000370225	True	8	1614094	0	0.00010677486519673269	afr	False	below_supporting_threshold	3023758.0	VUS	1.0	wt_equivalent	missense	p.K2056R	ABCA4_WT	False	True	True	population-compatible; not clinical benign
chr1:94046922:G>A	1-94046922-G-A	rs61749451	c.2915C>T	p.Thr972Ile	ENST00000370225	True	10	1614002	0	0.00010676916506512919	afr	False	below_supporting_threshold	1472288.0	P/LP	1.0	screened	missense	p.T972I	ABCA4_c42ea602377d6bf5	True	True	True	population-compatible; not clinical benign
chr1:94024963:A>G	1-94024963-A-G	rs374921762	c.4625T>C	p.Ile1542Thr	ENST00000370225	True	11	1613828	0	0.00010675776662752215	afr	False	below_supporting_threshold	943421.0	VUS	1.0	screened	missense	p.I1542T	ABCA4_ca903724593507c4	True	True	True	population-compatible; not clinical benign
chr1:94037339:C>T	1-94037339-C-T	rs780950161	c.3619G>A	p.Glu1207Lys	ENST00000370225	True	8	1614044	0	0.0001067378252168112	afr	False	below_supporting_threshold	1012000.0	VUS	2.0	screened	missense	p.E1207K	ABCA4_f7e8026746912833	True	True	True	population-compatible; not clinical benign
chr1:94112977:A>C	1-94112977-A-C	rs557725292	c.156T>G	p.His52Gln	ENST00000370225	True	8	1613088	0	0.00010664107280919246	afr	False	below_supporting_threshold	841821.0	VUS	3.0	screened	missense	p.H52Q	ABCA4_a3453c0473252673	True	True	True	population-compatible; not clinical benign
chr1:94031080:A>G	1-94031080-A-G	rs61752430	c.4169T>C	p.Leu1390Pro	ENST00000370225	True	8	1614150	0	0.0001066069667652781	afr	False	below_supporting_threshold	99255.0	Conflicting	1.0	screened	missense	p.L1390P	ABCA4_db76ca94149fe253	True	True	True	population-compatible; not clinical benign
chr1:94078610:T>C	1-94078610-T-C	rs746685896	c.1336A>G	p.Thr446Ala	ENST00000370225	True	14	1326364	0	0.00010320627494151644	sas	False	below_supporting_threshold	2103040.0	VUS	1.0	screened	missense	p.T446A	ABCA4_c3a851d83b14d87b	True	True	True	population-compatible; not clinical benign
chr1:94014674:T>A	1-94014674-T-A	rs375184282	c.5329A>T	p.Met1777Leu	ENST00000370225	True	121	1614044	0	0.00010084506469338016	nfe	False	below_supporting_threshold	813140.0	Conflicting	1.0	screened	missense	p.M1777L	ABCA4_694fe05a9c29940e	True	True	True	population-compatible; not clinical benign
chr1:94005475:C>T	1-94005475-C-T	rs767729255	c.6113G>A	p.Arg2038Gln	ENST00000370225	True	52	1613972	0	0.00010003000900270081	amr	False	below_supporting_threshold	282260.0	P/LP	3.0	screened	missense	p.R2038Q	ABCA4_e9da142b27d7a1cb	True	True	True	population-compatible; not clinical benign
chr1:94044655:T>C	1-94044655-T-C	rs764324152	c.3008A>G	p.Gln1003Arg	ENST00000370225	True	6	1614126	0	9.998333611064822e-05	amr	False	below_supporting_threshold	1348937.0	VUS	1.0	screened	missense	p.Q1003R	ABCA4_9f5b6a5c5288eade	True	True	True	population-compatible; not clinical benign
chr1:94001082:G>T	1-94001082-G-T	rs568627877	c.6306C>A	p.Asp2102Glu	ENST00000370225	True	7	1614068	0	9.997000899730081e-05	amr	False	below_supporting_threshold	965953.0	P/LP	2.0	wt_equivalent	missense	p.D2102E	ABCA4_WT	False	True	True	population-compatible; not clinical benign
chr1:94021260:C>A	1-94021260-C-A	rs200443984	c.4998G>T	p.Glu1666Asp	ENST00000370225	True	8	1614200	0	9.996001599360256e-05	amr	False	below_supporting_threshold	1525392.0	VUS	1.0	screened	missense	p.E1666D	ABCA4_12192275360877e6	True	True	True	population-compatible; not clinical benign
chr1:94079360:T>C	1-94079360-T-C	rs559674920	c.1201A>G	p.Thr401Ala	ENST00000370225	True	14	1613822	0	9.883810318697973e-05	sas	False	below_supporting_threshold	2170510.0	VUS	1.0	screened	missense	p.T401A	ABCA4_905246b3ddb3b311	True	True	True	population-compatible; not clinical benign
chr1:94108648:C>T	1-94108648-C-T	rs769541140	c.371G>A	p.Arg124His	ENST00000370225	True	27	1613828	0	9.882942042035447e-05	sas	False	below_supporting_threshold	1466093.0	VUS	1.0	screened	missense	p.R124H	ABCA4_327206b2f49cc151	True	True	True	population-compatible; not clinical benign
chr1:94111579:C>T	1-94111579-C-T	rs150774447	c.161G>A	p.Cys54Tyr	ENST00000370225	True	129	1614050	0	9.830208569908037e-05	nfe	False	below_supporting_threshold	99065.0	P/LP	2.0	screened	missense	p.C54Y	ABCA4_4dbdfdf4b2db59b4	True	True	True	population-compatible; not clinical benign
chr1:94056642:C>T	1-94056642-C-T	rs774505934	c.2341G>A	p.Ala781Thr	ENST00000370225	True	127	1613684	0	9.406381085547223e-05	nfe	False	below_supporting_threshold	1523198.0	VUS	1.0	screened	missense	p.A781T	ABCA4_4baed427bf965123	True	True	True	population-compatible; not clinical benign
chr1:93997967:A>T	1-93997967-A-T	rs768248480	c.6623T>A	p.Phe2208Tyr	ENST00000370225	True	7	1613948	0	9.347291955987608e-05	afr	False	below_supporting_threshold	4267449.0	VUS	1.0	wt_equivalent	missense	p.F2208Y	ABCA4_WT	False	True	True	population-compatible; not clinical benign
chr1:94014599:T>C	1-94014599-T-C	rs974596881	c.5404A>G	p.Ile1802Val	ENST00000370225	True	15	1614054	0	9.34454678948071e-05	afr	False	below_supporting_threshold	1052497.0	VUS	2.0	screened	missense	p.I1802V	ABCA4_d320bbee55350c8a	True	True	True	population-compatible; not clinical benign
chr1:94031881:G>A	1-94031881-G-A	rs981447805	c.4025C>T	p.Pro1342Leu	ENST00000370225	True	12	1614062	0	9.344297308842375e-05	afr	False	below_supporting_threshold	1515849.0	VUS	1.0	screened	missense	p.P1342L	ABCA4_ba76e0ead6fe3299	True	True	True	population-compatible; not clinical benign
chr1:94063277:G>A	1-94063277-G-A	rs1023123094	c.1595C>T	p.Thr532Ile	ENST00000370225	True	7	1614036	0	9.34280070471411e-05	afr	False	below_supporting_threshold	1408033.0	VUS	1.0	screened	missense	p.T532I	ABCA4_9acf908e8f013d75	True	True	True	population-compatible; not clinical benign
chr1:94079395:G>A	1-94079395-G-A	rs201263774	c.1166C>T	p.Ala389Val	ENST00000370225	True	41	1614128	0	9.330596358401536e-05	afr	False	below_supporting_threshold	939751.0	VUS	1.0	screened	missense	p.A389V	ABCA4_cb058cb3e4f1eebb	True	True	True	population-compatible; not clinical benign
chr1:93996119:C>T	1-93996119-C-T	rs202223056	c.6806G>A	p.Arg2269Gln	ENST00000370225	True	42	1613916	1	9.328855482701637e-05	afr	False	below_supporting_threshold	866026.0	VUS	3.0	wt_equivalent	missense	p.R2269Q	ABCA4_WT	False	True	True	population-compatible; not clinical benign
chr1:94045931:C>T	1-94045931-C-T	rs1330990974	c.2731G>A	p.Glu911Lys	ENST00000649773	False	6	456148	0	9.291953168556031e-05	sas	False	below_supporting_threshold									False	False	population-compatible; not clinical benign
chr1:94040064:T>A	1-94040064-T-A	rs370967816	c.3586A>T	p.Thr1196Ser	ENST00000370225	True	115	1607690	0	9.261808380831966e-05	nfe	False	below_supporting_threshold	298249.0	VUS	2.0	screened	missense	p.T1196S	ABCA4_4643725a4b6e340c	True	True	True	population-compatible; not clinical benign
chr1:94040081:G>T	1-94040081-G-T	rs1025059311	c.3569C>A	p.Ala1190Asp	ENST00000370225	True	4	1610018	0	8.922596475574392e-05	eas	False	below_supporting_threshold									False	False	population-compatible; not clinical benign
chr1:94083371:A>G	1-94083371-A-G	rs768480500	c.839T>C	p.Met280Thr	ENST00000370225	True	55	1612368	1	8.917424647761727e-05	eas	False	below_supporting_threshold	1349490.0	VUS	1.0	screened	missense	p.M280T	ABCA4_929519a207fbac4a	True	True	True	population-compatible; not clinical benign
chr1:94031045:C>A	1-94031045-C-A	rs554101094	c.4204G>T	p.Ala1402Ser	ENST00000370225	True	6	1614024	0	8.914642299977714e-05	eas	False	below_supporting_threshold	1497679.0	VUS	1.0	screened	missense	p.A1402S	ABCA4_01fd60050c6d32aa	True	True	True	population-compatible; not clinical benign
chr1:94030453:G>A	1-94030453-G-A	rs533422156	c.4327C>T	p.Arg1443Cys	ENST00000370225	True	15	1614192	0	8.9122588119959e-05	eas	False	below_supporting_threshold	1476832.0	P/LP	2.0	screened	missense	p.R1443C	ABCA4_0515d6d3a070e83d	True	True	True	population-compatible; not clinical benign
chr1:94062637:G>A	1-94062637-G-A	rs778392569	c.1877C>T	p.Ala626Val	ENST00000370225	True	40	1614004	1	8.911861687906604e-05	eas	False	below_supporting_threshold	2981423.0	Conflicting	1.0	screened	missense	p.A626V	ABCA4_f1fd794886aceacf	True	True	True	population-compatible; not clinical benign
chr1:94080483:C>A	1-94080483-C-A	rs768881855	c.1094G>T	p.Arg365Ile	ENST00000370225	True	4	1614184	0	8.91146459920688e-05	eas	False	below_supporting_threshold									False	False	population-compatible; not clinical benign
chr1:94005461:G>A	1-94005461-G-A	rs763230559	c.6127C>T	p.Pro2043Ser	ENST00000370225	True	4	1614010	0	8.909876598209114e-05	eas	False	below_supporting_threshold									False	False	population-compatible; not clinical benign
chr1:94040076:C>G	1-94040076-C-G	rs770363333	c.3574G>C	p.Val1192Leu	ENST00000370225	True	9	1609716	0	8.903728436282693e-05	sas	False	below_supporting_threshold									False	False	population-compatible; not clinical benign
chr1:94021674:A>T	1-94021674-A-T	rs771717115	c.4814T>A	p.Phe1605Tyr	ENST00000370225	True	9	1613298	0	8.795074758135444e-05	sas	False	below_supporting_threshold									False	False	population-compatible; not clinical benign
chr1:94011339:A>C	1-94011339-A-C	rs749345027	c.5507T>G	p.Phe1836Cys	ENST00000370225	True	9	1613998	0	8.785609172175975e-05	sas	False	below_supporting_threshold									False	False	population-compatible; not clinical benign
chr1:94063212:G>A	1-94063212-G-A	rs1380991789	c.1660C>T	p.Pro554Ser	ENST00000370225	True	9	1614124	1	8.783679922703617e-05	sas	False	below_supporting_threshold	1429805.0	VUS	1.0	screened	missense	p.P554S	ABCA4_cd9c7f6034f44df1	True	True	True	population-compatible; not clinical benign
chr1:94001865:A>G	1-94001865-A-G	rs1427296561	c.6275T>C	p.Val2092Ala	ENST00000370225	True	8	1614220	0	8.783294174480139e-05	sas	False	below_supporting_threshold									False	False	population-compatible; not clinical benign
chr1:94001898:G>A	1-94001898-G-A	rs1447707905	c.6242C>T	p.Thr2081Ile	ENST00000370225	True	12	1614252	0	8.782908460136574e-05	sas	False	below_supporting_threshold									False	False	population-compatible; not clinical benign
chr1:94037200:G>A	1-94037200-G-A	rs61752424	c.3758C>T	p.Thr1253Met	ENST00000370225	True	392	1614066	3	8.782908460136574e-05	sas	False	below_supporting_threshold	99239.0	Conflicting	1.0	screened	missense	p.T1253M	ABCA4_965d0c7f1379e0d8	True	True	True	population-compatible; not clinical benign
chr1:94098814:A>T	1-94098814-A-T	rs1161233650	c.748T>A	p.Phe250Ile	ENST00000370225	True	8	1614086	0	8.782908460136574e-05	sas	False	below_supporting_threshold									False	False	population-compatible; not clinical benign
chr1:94080480:G>A	1-94080480-G-A	rs749494322	c.1097C>T	p.Thr366Ile	ENST00000370225	True	105	1614028	0	8.389546117080777e-05	nfe	False	below_supporting_threshold	1196901.0	VUS	2.0	screened	missense	p.T366I	ABCA4_6f65511847adb21f	True	True	True	population-compatible; not clinical benign
chr1:94056789:T>C	1-94056789-T-C	rs1660995528	c.2194A>G	p.Ile732Val	ENST00000370225	True	5	1611250	0	8.373245805003852e-05	amr	False	below_supporting_threshold	2183311.0	VUS	1.0	screened	missense	p.I732V	ABCA4_a5fcc6c625701f9d	True	True	True	population-compatible; not clinical benign
chr1:94021696:C>T	1-94021696-C-T	rs1281982868	c.4792G>A	p.Ala1598Thr	ENST00000370225	True	6	1613186	0	8.343345347750634e-05	amr	False	below_supporting_threshold	1359074.0	VUS	1.0	screened	missense	p.A1598T	ABCA4_a3ceedfde20c833d	True	True	True	population-compatible; not clinical benign
chr1:94080521:G>T	1-94080521-G-T	rs1456527211	c.1056C>A	p.Asp352Glu	ENST00000370225	True	5	1614020	0	8.332777814812346e-05	amr	False	below_supporting_threshold	3851019.0	VUS	1.0	screened	missense	p.D352E	ABCA4_675fec7a4daf4720	True	True	True	population-compatible; not clinical benign
chr1:94014682:A>G	1-94014682-A-G	rs927897822	c.5321T>C	p.Val1774Ala	ENST00000370225	True	7	1614132	0	8.331389342486753e-05	amr	False	below_supporting_threshold	1477264.0	VUS	1.0	screened	missense	p.V1774A	ABCA4_a47c9905c7ec4938	True	True	True	population-compatible; not clinical benign
chr1:94031905:G>A	1-94031905-G-A	rs770774620	c.4001C>T	p.Pro1334Leu	ENST00000370225	True	6	1614058	0	8.331389342486753e-05	amr	False	below_supporting_threshold	941791.0	VUS	1.0	screened	missense	p.P1334L	ABCA4_6de3470b3e151c77	True	True	True	population-compatible; not clinical benign
chr1:94014679:A>T	1-94014679-A-T	rs771742619	c.5324T>A	p.Ile1775Asn	ENST00000370225	True	5	1614194	0	8.330556481172943e-05	amr	False	below_supporting_threshold	1040597.0	P/LP	2.0	screened	missense	p.I1775N	ABCA4_e5ac91a55bca0702	True	True	True	population-compatible; not clinical benign
chr1:94044683:T>C	1-94044683-T-C	rs546606452	c.2980A>G	p.Ile994Val	ENST00000370225	True	6	1614198	0	8.330001332800213e-05	amr	False	below_supporting_threshold	839262.0	VUS	2.0	screened	missense	p.I994V	ABCA4_b76fd8aad4381006	True	True	True	population-compatible; not clinical benign
chr1:94000891:T>C	1-94000891-T-C	rs769683820	c.6424A>G	p.Ile2142Val	ENST00000370225	True	5	1614206	0	8.329446258412741e-05	amr	False	below_supporting_threshold	1024043.0	VUS	1.0	wt_equivalent	missense	p.I2142V	ABCA4_WT	False	True	True	population-compatible; not clinical benign
chr1:94008767:A>G	1-94008767-A-G	rs61753033	c.5819T>C	p.Leu1940Pro	ENST00000370225	True	10	1614104	0	8.329168748958855e-05	amr	False	below_supporting_threshold	7911.0	P/LP	2.0	screened	missense	p.L1940P	ABCA4_98bc4bdde253620d	True	True	True	population-compatible; not clinical benign
chr1:94014590:T>C	1-94014590-T-C	rs61753029	c.5413A>G	p.Asn1805Asp	ENST00000370225	True	15	1614214	0	8.329168748958855e-05	amr	False	below_supporting_threshold	99373.0	P/LP	2.0	screened	missense	p.N1805D	ABCA4_9e196ed6f290b0cd	True	True	True	population-compatible; not clinical benign
chr1:94042791:T>C	1-94042791-T-C	rs572604704	c.3298A>G	p.Ile1100Val	ENST00000370225	True	9	1614188	0	8.328891257995735e-05	amr	False	below_supporting_threshold	937731.0	Conflicting	1.0	screened	missense	p.I1100V	ABCA4_971471fd1d2ed488	True	True	True	population-compatible; not clinical benign
chr1:94079353:T>A	1-94079353-T-A	rs913030626	c.1208A>T	p.Asp403Val	ENST00000370225	True	8	1614000	0	8.011750567498999e-05	afr	False	below_supporting_threshold	866970.0	Conflicting	1.0	screened	missense	p.D403V	ABCA4_f394606ae87c227a	True	True	True	population-compatible; not clinical benign
chr1:94001054:C>T	1-94001054-C-T	rs571031879	c.6334G>A	p.Val2112Ile	ENST00000370225	True	25	1614012	0	8.009611533840609e-05	afr	False	below_supporting_threshold	1044964.0	VUS	2.0	wt_equivalent	missense	p.V2112I	ABCA4_WT	False	True	True	population-compatible; not clinical benign
chr1:94025004:C>A	1-94025004-C-A	rs141395755	c.4584G>T	p.Arg1528Ser	ENST00000370225	True	8	1614074	0	8.008756240155903e-05	afr	False	below_supporting_threshold									False	False	population-compatible; not clinical benign
chr1:94044738:G>C	1-94044738-G-C	rs150098352	c.2925C>G	p.Ile975Met	ENST00000370225	True	6	1614086	0	8.008114889754952e-05	afr	False	below_supporting_threshold	2202796.0	VUS	1.0	screened	missense	p.I975M	ABCA4_3aeb61928e406b42	True	True	True	population-compatible; not clinical benign
chr1:94005442:T>G	1-94005442-T-G	rs760481450	c.6146A>C	p.Lys2049Thr	ENST00000370225	True	6	1614010	0	8.007687379884689e-05	afr	False	below_supporting_threshold	1037438.0	Conflicting	1.0	wt_equivalent	missense	p.K2049T	ABCA4_WT	False	True	True	population-compatible; not clinical benign
chr1:94042871:G>A	1-94042871-G-A	rs754788289	c.3218C>T	p.Ala1073Val	ENST00000370225	True	8	1614088	0	8.007473642065928e-05	afr	False	below_supporting_threshold	1502984.0	Conflicting	1.0	screened	missense	p.A1073V	ABCA4_4a576397ddb61210	True	True	True	population-compatible; not clinical benign
chr1:94001932:T>C	1-94001932-T-C	rs151212933	c.6208A>G	p.Thr2070Ala	ENST00000370225	True	6	1614088	0	8.007046200656577e-05	afr	False	below_supporting_threshold	1488280.0	VUS	1.0	wt_equivalent	missense	p.T2070A	ABCA4_WT	False	True	True	population-compatible; not clinical benign
chr1:94056679:G>C	1-94056679-G-C	rs946594091	c.2304C>G	p.Ile768Met	ENST00000370225	True	8	1614050	0	8.004909677935801e-05	afr	False	below_supporting_threshold	917610.0	VUS	2.0	screened	missense	p.I768M	ABCA4_4c19fdf8090d8768	True	True	True	population-compatible; not clinical benign
chr1:94062695:C>T	1-94062695-C-T	rs61749412	c.1819G>A	p.Gly607Arg	ENST00000370225	True	28	1614146	0	7.998293697344567e-05	afr	False	below_supporting_threshold	99087.0	P/LP	3.0	screened	missense	p.G607R	ABCA4_abbec84c07d9a53a	True	True	True	population-compatible; not clinical benign
chr1:94060739:C>T	1-94060739-C-T	rs141823837	c.1958G>A	p.Arg653His	ENST00000370225	True	24	1612788	0	7.70738367355927e-05	sas	False	below_supporting_threshold	417982.0	P/LP	2.0	screened	missense	p.R653H	ABCA4_c3abd4b9e656ce95	True	True	True	population-compatible; not clinical benign
chr1:94060722:T>C	1-94060722-T-C	rs1315758729	c.1975A>G	p.Met659Val	ENST00000370225	True	9	1613760	0	7.693322196333583e-05	sas	False	below_supporting_threshold									False	False	population-compatible; not clinical benign
chr1:94098820:C>T	1-94098820-C-T	rs200719724	c.742G>A	p.Val248Met	ENST00000370225	True	67	1614176	0	7.685551163812033e-05	sas	False	below_supporting_threshold	1516567.0	VUS	2.0	screened	missense	p.V248M	ABCA4_9ace86c31f8e3b6f	True	True	True	population-compatible; not clinical benign
chr1:94042793:G>A	1-94042793-G-A	rs776773510	c.3296C>T	p.Ser1099Leu	ENST00000370225	True	13	1614090	0	7.684876163709819e-05	sas	False	below_supporting_threshold									False	False	population-compatible; not clinical benign
chr1:94014550:T>C	1-94014550-T-C	rs768118386	c.5453A>G	p.Asn1818Ser	ENST00000370225	True	16	1614100	1	7.684369991437416e-05	sas	False	below_supporting_threshold									False	False	population-compatible; not clinical benign
chr1:94029449:G>T	1-94029449-G-T	rs61750150	c.4535C>A	p.Pro1512His	ENST00000370225	True	96	1550786	1	7.671920769981867e-05	nfe	False	below_supporting_threshold	837214.0	VUS	1.0	screened	missense	p.P1512H	ABCA4_bfa36f84082b6e14	True	True	True	population-compatible; not clinical benign
chr1:94019719:T>A	1-94019719-T-A	rs201996979	c.5059A>T	p.Ile1687Phe	ENST00000370225	True	91	1613256	0	7.458777540264684e-05	nfe	False	below_supporting_threshold	865833.0	Conflicting	1.0	screened	missense	p.I1687F	ABCA4_775e5a7d87936ea9	True	True	True	population-compatible; not clinical benign
chr1:94029453:G>T	1-94029453-G-T	rs1316934987	c.4531C>A	p.Pro1511Thr	ENST00000370225	True	3	1552028	0	7.229264060918598e-05	eas	False	below_supporting_threshold	2697215.0	P/LP	1.0	screened	missense	p.P1511T	ABCA4_93dfcb71c36e34c6	True	True	True	population-compatible; not clinical benign
chr1:94060728:T>C	1-94060728-T-C	rs199590367	c.1969A>G	p.Ile657Val	ENST00000370225	True	232	1613618	0	7.119862891783169e-05	nfe	False	below_supporting_threshold	1129209.0	Conflicting	1.0	screened	missense	p.I657V	ABCA4_5b81c052431e608c	True	True	True	population-compatible; not clinical benign
chr1:94045957:C>T	1-94045957-C-T	rs1336922993	c.2705G>A	p.Gly902Asp	ENST00000649773	False	7	456188	0	7.047216349541931e-05	amr	False	below_supporting_threshold									False	False	population-compatible; not clinical benign
chr1:94045781:C>G	1-94045781-C-G	rs1284100067	c.2881G>C	p.Asp961His	ENST00000649773	False	3	456316	0	7.043576258452291e-05	amr	False	below_supporting_threshold									False	False	population-compatible; not clinical benign
chr1:94078693:A>G	1-94078693-A-G	rs794726979	c.1253T>C	p.Phe418Ser	ENST00000370225	True	83	1613422	0	6.951968678837699e-05	nfe	False	below_supporting_threshold	193580.0	P/LP	2.0	screened	missense	p.F418S	ABCA4_8ca6759468c4ba1c	True	True	True	population-compatible; not clinical benign
chr1:94045804:C>T	1-94045804-C-T	rs1365244303	c.2858G>A	p.Gly953Glu	ENST00000649773	False	4	456268	0	6.949270326615705e-05	eas	False	below_supporting_threshold									False	False	population-compatible; not clinical benign
chr1:94045789:G>A	1-94045789-G-A	rs1212343103	c.2873C>T	p.Thr958Ile	ENST00000649773	False	2	456180	0	6.944444444444444e-05	eas	False	below_supporting_threshold									False	False	population-compatible; not clinical benign
chr1:94060655:C>T	1-94060655-C-T	rs761380652	c.2042G>A	p.Arg681Gln	ENST00000370225	True	92	1614002	0	6.779500147454128e-05	nfe	False	below_supporting_threshold	1040174.0	Conflicting	1.0	screened	missense	p.R681Q	ABCA4_f5ac9b735cf571fe	True	True	True	population-compatible; not clinical benign
chr1:94011267:C>T	1-94011267-C-T	rs761240030	c.5579G>A	p.Arg1860Gln	ENST00000370225	True	63	1613938	0	6.688664942477482e-05	eas	False	below_supporting_threshold	1010418.0	VUS	1.0	screened	missense	p.R1860Q	ABCA4_4df44785ff3e30b1	True	True	True	population-compatible; not clinical benign
chr1:94019645:G>T	1-94019645-G-T	rs560385739	c.5133C>A	p.His1711Gln	ENST00000370225	True	4	1612776	0	6.688366700851652e-05	eas	False	below_supporting_threshold	4697281.0	VUS	1.0	screened	missense	p.H1711Q	ABCA4_04570654cfd2a004	True	True	True	population-compatible; not clinical benign
chr1:94008246:G>T	1-94008246-G-T		c.5887C>A	p.Arg1963Ser	ENST00000370225	True	4	1614120	0	6.68657780947711e-05	eas	False	below_supporting_threshold	3027647.0	Conflicting	1.0	screened	missense	p.R1963S	ABCA4_4ef12b9209e1d491	True	True	True	population-compatible; not clinical benign
chr1:94055234:T>C	1-94055234-T-C	rs769908894	c.2464A>G	p.Ser822Gly	ENST00000370225	True	3	1614070	0	6.68657780947711e-05	eas	False	below_supporting_threshold	3027929.0	VUS	1.0	screened	missense	p.S822G	ABCA4_3dd4d54ef4ecc321	True	True	True	population-compatible; not clinical benign
chr1:94001075:C>T	1-94001075-C-T	rs749244504	c.6313G>A	p.Ala2105Thr	ENST00000370225	True	4	1614082	0	6.685683722588696e-05	eas	False	below_supporting_threshold									False	False	population-compatible; not clinical benign
chr1:94014545:G>A	1-94014545-G-A	rs748806015	c.5458C>T	p.Arg1820Trp	ENST00000370225	True	12	1614096	0	6.685087797486407e-05	eas	False	below_supporting_threshold	1913651.0	VUS	1.0	screened	missense	p.R1820W	ABCA4_f7f40b0638665988	True	True	True	population-compatible; not clinical benign
chr1:94060574:A>T	1-94060574-A-T	rs754874649	c.2123T>A	p.Met708Lys	ENST00000370225	True	3	1614190	0	6.685087797486407e-05	eas	False	below_supporting_threshold	3027958.0	VUS	1.0	screened	missense	p.M708K	ABCA4_6970932b7ac36bfc	True	True	True	population-compatible; not clinical benign
chr1:93996153:G>A	1-93996153-G-A	rs757212387	c.6772C>T	p.Leu2258Phe	ENST00000370225	True	3	1614034	0	6.684491978609626e-05	eas	False	below_supporting_threshold	3027539.0	VUS	1.0	wt_equivalent	missense	p.L2258F	ABCA4_WT	False	True	True	population-compatible; not clinical benign
chr1:93998027:A>G	1-93998027-A-G	rs61750658	c.6563T>C	p.Phe2188Ser	ENST00000370225	True	3	1614160	0	6.684491978609626e-05	eas	False	below_supporting_threshold	99468.0	P/LP	2.0	wt_equivalent	missense	p.F2188S	ABCA4_WT	False	True	True	population-compatible; not clinical benign
chr1:94062674:T>G	1-94062674-T-G	rs749053239	c.1840A>C	p.Met614Leu	ENST00000370225	True	3	1614124	0	6.684491978609626e-05	eas	False	below_supporting_threshold									False	False	population-compatible; not clinical benign
chr1:94046958:G>A	1-94046958-G-A	rs761945060	c.2879C>T	p.Ala960Val	ENST00000370225	True	32	1614182	0	6.684194108996925e-05	eas	False	below_supporting_threshold									False	False	population-compatible; not clinical benign
chr1:94079423:T>G	1-94079423-T-G	rs778706938	c.1138A>C	p.Asn380His	ENST00000370225	True	3	1614182	0	6.684194108996925e-05	eas	False	below_supporting_threshold	4838745.0	VUS	1.0	screened	missense	p.N380H	ABCA4_3c0c092e2d926f64	True	True	True	population-compatible; not clinical benign
chr1:94001891:G>C	1-94001891-G-C	rs1801359	c.6249C>G	p.Ile2083Met	ENST00000370225	True	3	1614096	0	6.683896265929952e-05	eas	False	below_supporting_threshold	3027622.0	VUS	1.0	wt_equivalent	missense	p.I2083M	ABCA4_WT	False	True	True	population-compatible; not clinical benign
chr1:94001910:C>T	1-94001910-C-T	rs886044759	c.6230G>A	p.Arg2077Gln	ENST00000370225	True	7	1614210	0	6.683896265929952e-05	eas	False	below_supporting_threshold	236145.0	P/LP	2.0	wt_equivalent	missense	p.R2077Q	ABCA4_WT	False	True	True	population-compatible; not clinical benign
chr1:94021871:A>G	1-94021871-A-G	rs61750153	c.4748T>C	p.Leu1583Pro	ENST00000370225	True	3	1614234	0	6.683896265929952e-05	eas	False	below_supporting_threshold	99316.0	P/LP	2.0	screened	missense	p.L1583P	ABCA4_971200b467160c4b	True	True	True	population-compatible; not clinical benign
chr1:94044652:C>T	1-94044652-C-T	rs758560501	c.3011G>A	p.Ser1004Asn	ENST00000370225	True	3	1614210	0	6.683896265929952e-05	eas	False	below_supporting_threshold									False	False	population-compatible; not clinical benign
chr1:94042785:C>A	1-94042785-C-A	rs138641544	c.3304G>T	p.Asp1102Tyr	ENST00000370225	True	3	1614076	0	6.68359844940516e-05	eas	False	below_supporting_threshold	1456034.0	P/LP	2.0	screened	missense	p.D1102Y	ABCA4_18363dd8ac13496b	True	True	True	population-compatible; not clinical benign
chr1:94031935:G>A	1-94031935-G-A	rs369361520	c.3971C>T	p.Ala1324Val	ENST00000370225	True	24	1613978	0	6.683002895967921e-05	eas	False	below_supporting_threshold	875736.0	VUS	2.0	screened	missense	p.A1324V	ABCA4_cc4fcca6be35ac10	True	True	True	population-compatible; not clinical benign
chr1:94021286:T>G	1-94021286-T-G	rs776189664	c.4972A>C	p.Ser1658Arg	ENST00000370225	True	3	1614220	0	6.682407448656836e-05	eas	False	below_supporting_threshold									False	False	population-compatible; not clinical benign
chr1:94079338:C>T	1-94079338-C-T	rs766946915	c.1223G>A	p.Arg408Gln	ENST00000370225	True	7	1614014	0	6.682407448656836e-05	eas	False	below_supporting_threshold									False	False	population-compatible; not clinical benign
chr1:94031872:T>C	1-94031872-T-C	rs1253110874	c.4034A>G	p.Asn1345Ser	ENST00000370225	True	14	1614106	0	6.681812107443539e-05	eas	False	below_supporting_threshold	3027803.0	VUS	1.0	screened	missense	p.N1345S	ABCA4_db432773caf6d3a7	True	True	True	population-compatible; not clinical benign
chr1:94063172:A>G	1-94063172-A-G	rs774819519	c.1700T>C	p.Val567Ala	ENST00000370225	True	5	1613898	0	6.678777516563368e-05	afr	False	below_supporting_threshold	1935855.0	VUS	1.0	screened	missense	p.V567A	ABCA4_775ec63bdedd76d5	True	True	True	population-compatible; not clinical benign
chr1:94042784:T>C	1-94042784-T-C	rs143689372	c.3305A>G	p.Asp1102Gly	ENST00000370225	True	5	1614056	0	6.675389175188913e-05	afr	False	below_supporting_threshold	1046290.0	Conflicting	1.0	screened	missense	p.D1102G	ABCA4_6a300b8c16cd3c2c	True	True	True	population-compatible; not clinical benign
chr1:94060571:G>A	1-94060571-G-A	rs374152623	c.2126C>T	p.Ser709Leu	ENST00000370225	True	11	1614010	0	6.675389175188913e-05	afr	False	below_supporting_threshold	866280.0	VUS	2.0	screened	missense	p.S709L	ABCA4_ec29311e65c30d3d	True	True	True	population-compatible; not clinical benign
chr1:94062709:C>T	1-94062709-C-T	rs61749410	c.1805G>A	p.Arg602Gln	ENST00000370225	True	75	1613988	0	6.675210936665599e-05	afr	False	below_supporting_threshold	99085.0	P/LP	2.0	screened	missense	p.R602Q	ABCA4_a70ba9ea7a0425a2	True	True	True	population-compatible; not clinical benign
chr1:94031966:G>T	1-94031966-G-T	rs61754041	c.3940C>A	p.Pro1314Thr	ENST00000370225	True	72	1613996	0	6.674676278200507e-05	afr	False	below_supporting_threshold	99248.0	VUS	1.0	screened	missense	p.P1314T	ABCA4_f7e1c65c8a34ecc9	True	True	True	population-compatible; not clinical benign
chr1:94042766:C>T	1-94042766-C-T	rs61750121	c.3323G>A	p.Arg1108His	ENST00000370225	True	75	1614058	0	6.674676278200507e-05	afr	False	below_supporting_threshold	99219.0	P/LP	3.0	screened	missense	p.R1108H	ABCA4_edb911e77295ed55	True	True	True	population-compatible; not clinical benign
chr1:94031803:C>T	1-94031803-C-T	rs761163530	c.4103G>A	p.Arg1368His	ENST00000370225	True	16	1613762	0	6.674319886803534e-05	afr	False	below_supporting_threshold	1479388.0	P/LP	1.0	screened	missense	p.R1368H	ABCA4_838cdc35475c9159	True	True	True	population-compatible; not clinical benign
chr1:94023386:C>G	1-94023386-C-G	rs1385119665	c.4667G>C	p.Arg1556Thr	ENST00000370225	True	4	1605908	0	6.673117346768543e-05	amr	False	below_supporting_threshold	866739.0	P/LP	2.0	screened	missense	p.R1556T	ABCA4_73ee583ae8816b20	True	True	True	population-compatible; not clinical benign
chr1:94029578:T>G	1-94029578-T-G	rs745321062	c.4406A>C	p.Asn1469Thr	ENST00000370225	True	4	1614006	0	6.667111140742716e-05	amr	False	below_supporting_threshold	1904459.0	VUS	1.0	screened	missense	p.N1469T	ABCA4_d700de3f0b76b2c0	True	True	True	population-compatible; not clinical benign
chr1:94098943:C>T	1-94098943-C-T	rs147807073	c.619G>A	p.Glu207Lys	ENST00000370225	True	14	1612572	0	6.666888896296543e-05	amr	False	below_supporting_threshold	837854.0	P/LP	2.0	screened	missense	p.E207K	ABCA4_e74a565fc544b4a3	True	True	True	population-compatible; not clinical benign
chr1:94014570:G>T	1-94014570-G-T	rs955581838	c.5433C>A	p.Phe1811Leu	ENST00000370225	True	4	1614084	0	6.666222251849876e-05	amr	False	below_supporting_threshold	4267017.0	VUS	1.0	screened	missense	p.F1811L	ABCA4_60fa4cf98c1bb9c7	True	True	True	population-compatible; not clinical benign
chr1:94008284:G>T	1-94008284-G-T	rs1215922056	c.5849C>A	p.Thr1950Asn	ENST00000370225	True	5	1614042	0	6.666000066660001e-05	amr	False	below_supporting_threshold									False	False	population-compatible; not clinical benign
chr1:94021339:C>T	1-94021339-C-T	rs61751403	c.4919G>A	p.Arg1640Gln	ENST00000370225	True	29	1614020	0	6.665555740709882e-05	amr	False	below_supporting_threshold	99331.0	P/LP	2.0	screened	missense	p.R1640Q	ABCA4_3782b9daa881a290	True	True	True	population-compatible; not clinical benign
chr1:94014672:C>T	1-94014672-C-T	rs773822474	c.5331G>A	p.Met1777Ile	ENST00000370225	True	4	1614194	0	6.66466726648672e-05	amr	False	below_supporting_threshold									False	False	population-compatible; not clinical benign
chr1:94056614:A>C	1-94056614-A-C	rs547925462	c.2369T>G	p.Leu790Arg	ENST00000370225	True	5	1613040	1	6.664356356463092e-05	afr	False	below_supporting_threshold	1403323.0	VUS	2.0	screened	missense	p.L790R	ABCA4_52f3e74a680f1af3	True	True	True	population-compatible; not clinical benign
chr1:94001054:C>G	1-94001054-C-G	rs571031879	c.6334G>C	p.Val2112Leu	ENST00000370225	True	30	1614130	0	6.664223118189997e-05	amr	False	below_supporting_threshold	967078.0	VUS	2.0	wt_equivalent	missense	p.V2112L	ABCA4_WT	False	True	True	population-compatible; not clinical benign
chr1:94000873:A>G	1-94000873-A-G	rs780798765	c.6442T>C	p.Phe2148Leu	ENST00000370225	True	4	1614174	0	6.66400106624017e-05	amr	False	below_supporting_threshold	1413134.0	VUS	2.0	wt_equivalent	missense	p.F2148L	ABCA4_WT	False	True	True	population-compatible; not clinical benign
chr1:94041387:A>G	1-94041387-A-G	rs376947008	c.3344T>C	p.Met1115Thr	ENST00000370225	True	9	1613896	0	6.66400106624017e-05	afr	False	below_supporting_threshold	1052465.0	P/LP	1.0	screened	missense	p.M1115T	ABCA4_7f0400e921eb4aec	True	True	True	population-compatible; not clinical benign
chr1:94063149:T>G	1-94063149-T-G	rs1286420049	c.1723A>C	p.Ile575Leu	ENST00000370225	True	4	1614196	0	6.663779029087395e-05	amr	False	below_supporting_threshold	3698370.0	VUS	1.0	screened	missense	p.I575L	ABCA4_73b67276cc486648	True	True	True	population-compatible; not clinical benign
chr1:93998106:C>T	1-93998106-C-T	rs545397722	c.6484G>A	p.Gly2162Arg	ENST00000370225	True	8	1614122	0	6.662047646964771e-05	afr	False	below_supporting_threshold	1364902.0	VUS	2.0	wt_equivalent	missense	p.G2162R	ABCA4_WT	False	True	True	population-compatible; not clinical benign
chr1:94098924:A>T	1-94098924-A-T	rs751029989	c.638T>A	p.Phe213Tyr	ENST00000370225	True	81	1613518	0	6.609979034502396e-05	nfe	False	below_supporting_threshold	842321.0	VUS	1.0	screened	missense	p.F213Y	ABCA4_7fe878fc6000197d	True	True	True	population-compatible; not clinical benign
chr1:94015809:C>T	1-94015809-C-T	rs61753025	c.5242G>A	p.Gly1748Arg	ENST00000370225	True	33	1613842	0	6.593406593406593e-05	sas	False	below_supporting_threshold	99361.0	P/LP	2.0	screened	missense	p.G1748R	ABCA4_7fef6c84af38c21c	True	True	True	population-compatible; not clinical benign
chr1:94056723:A>G	1-94056723-A-G	rs1274302295	c.2260T>C	p.Phe754Leu	ENST00000370225	True	8	1613998	0	6.588917440864466e-05	sas	False	below_supporting_threshold									False	False	population-compatible; not clinical benign
chr1:94080495:G>T	1-94080495-G-T	rs748487419	c.1082C>A	p.Ser361Tyr	ENST00000370225	True	36	1614190	1	6.588483331137172e-05	sas	False	below_supporting_threshold	546602.0	Conflicting	1.0	screened	missense	p.S361Y	ABCA4_0e17e080ec910e3a	True	True	True	population-compatible; not clinical benign
chr1:94113063:G>A	1-94113063-G-A	rs62645942	c.70C>T	p.Arg24Cys	ENST00000370225	True	24	1613954	0	6.588483331137172e-05	sas	False	below_supporting_threshold	99497.0	P/LP	2.0	screened	missense	p.R24C	ABCA4_0042ad14ad53e30b	True	True	True	population-compatible; not clinical benign
chr1:94008243:G>A	1-94008243-G-A	rs1460131190	c.5890C>T	p.Pro1964Ser	ENST00000370225	True	6	1614084	0	6.588338640606127e-05	sas	False	below_supporting_threshold									False	False	population-compatible; not clinical benign
chr1:94060550:G>A	1-94060550-G-A	rs61749426	c.2147C>T	p.Thr716Met	ENST00000370225	True	54	1613808	0	6.587759942027712e-05	sas	False	below_supporting_threshold	99119.0	Conflicting	1.0	screened	missense	p.T716M	ABCA4_4bf66da2035c0b2c	True	True	True	population-compatible; not clinical benign
chr1:94043347:T>G	1-94043347-T-G	rs772663974	c.3179A>C	p.Gln1060Pro	ENST00000370225	True	7	1614060	0	6.587470630860104e-05	sas	False	below_supporting_threshold	1048120.0	Conflicting	1.0	screened	missense	p.Q1060P	ABCA4_1dbc02271e3f76ea	True	True	True	population-compatible; not clinical benign
chr1:94103025:C>T	1-94103025-C-T	rs202198282	c.560G>A	p.Arg187His	ENST00000370225	True	27	1614090	0	6.587325984805235e-05	sas	False	below_supporting_threshold	871576.0	P/LP	2.0	screened	missense	p.R187H	ABCA4_8b7f627a8d663f02	True	True	True	population-compatible; not clinical benign
chr1:94042830:C>T	1-94042830-C-T	rs61751398	c.3259G>A	p.Glu1087Lys	ENST00000370225	True	39	1614036	0	6.587036711751273e-05	sas	False	below_supporting_threshold	99211.0	P/LP	2.0	screened	missense	p.E1087K	ABCA4_0aea7749645f689b	True	True	True	population-compatible; not clinical benign
chr1:94015778:T>C	1-94015778-T-C	rs779399010	c.5273A>G	p.Glu1758Gly	ENST00000370225	True	81	1613946	0	6.186377765649841e-05	nfe	False	below_supporting_threshold	955425.0	VUS	2.0	screened	missense	p.E1758G	ABCA4_585b41ed48d1b40a	True	True	True	population-compatible; not clinical benign
chr1:94000866:C>T	1-94000866-C-T	rs61751384	c.6449G>A	p.Cys2150Tyr	ENST00000370225	True	79	1614100	0	6.1014674029104e-05	nfe	False	below_supporting_threshold	99463.0	P/LP	3.0	wt_equivalent	missense	p.C2150Y	ABCA4_WT	False	True	True	population-compatible; not clinical benign
chr1:94019754:G>C	1-94019754-G-C	rs375156009	c.5024C>G	p.Thr1675Ser	ENST00000370225	True	73	1611960	0	6.0218074242948545e-05	nfe	False	below_supporting_threshold	860966.0	VUS	1.0	screened	missense	p.T1675S	ABCA4_def4ce0afe3aa5f3	True	True	True	population-compatible; not clinical benign
chr1:94045928:G>T	1-94045928-G-T	rs767799670	c.2734C>A	p.Arg912Ser	ENST00000649773	False	3	456136	0	5.9925692141744234e-05	afr	False	below_supporting_threshold									False	False	population-compatible; not clinical benign
chr1:93996177:T>C	1-93996177-T-C	rs777132940	c.6748A>G	p.Lys2250Glu	ENST00000370225	True	70	1613808	0	5.847487360105221e-05	nfe	False	below_supporting_threshold									False	False	population-compatible; not clinical benign
chr1:94031001:G>T	1-94031001-G-T	rs1480701186	c.4248C>A	p.Phe1416Leu	ENST00000370225	True	71	1613944	0	5.7628583777553666e-05	nfe	False	below_supporting_threshold	1303028.0	VUS	2.0	screened	missense	p.F1416L	ABCA4_70aacbde4568edc3	True	True	True	population-compatible; not clinical benign
chr1:94045876:T>A	1-94045876-T-A	rs1278897183	c.2786A>T	p.Gln929Leu	ENST00000649773	False	13	456180	0	5.727427327758637e-05	nfe	False	below_supporting_threshold									False	False	population-compatible; not clinical benign
chr1:94031932:G>A	1-94031932-G-A	rs371582683	c.3974C>T	p.Pro1325Leu	ENST00000370225	True	71	1614028	0	5.677773634792041e-05	nfe	False	below_supporting_threshold	1349185.0	VUS	2.0	screened	missense	p.P1325L	ABCA4_02435ae8461603d4	True	True	True	population-compatible; not clinical benign
chr1:94043470:G>A	1-94043470-G-A	rs201855602	c.3056C>T	p.Thr1019Met	ENST00000370225	True	84	1614042	0	5.677764011789411e-05	nfe	False	below_supporting_threshold	289310.0	P/LP	3.0	screened	missense	p.T1019M	ABCA4_ff3acf07a7d0f9ae	True	True	True	population-compatible; not clinical benign
chr1:94042785:C>T	1-94042785-C-T	rs138641544	c.3304G>A	p.Asp1102Asn	ENST00000370225	True	70	1614076	0	5.677735142977235e-05	nfe	False	below_supporting_threshold	69298.0	P/LP	1.0	screened	missense	p.D1102N	ABCA4_9bcdfe510afc6c57	True	True	True	population-compatible; not clinical benign
chr1:94021866:G>A	1-94021866-G-A	rs745512565	c.4753C>T	p.Arg1585Trp	ENST00000370225	True	74	1613890	0	5.593116060548024e-05	nfe	False	below_supporting_threshold	387934.0	VUS	2.0	screened	missense	p.R1585W	ABCA4_0a40bc67ab34337e	True	True	True	population-compatible; not clinical benign
chr1:94029522:A>G	1-94029522-A-G	rs61750146	c.4462T>C	p.Cys1488Arg	ENST00000370225	True	15	1609386	0	5.560869275085081e-05	sas	False	below_supporting_threshold	99284.0	P/LP	2.0	screened	missense	p.C1488R	ABCA4_a4400739c33bddce	True	True	True	population-compatible; not clinical benign
chr1:94021710:G>A	1-94021710-G-A		c.4778C>T	p.Pro1593Leu	ENST00000370225	True	5	1611914	1	5.504667958428747e-05	sas	False	below_supporting_threshold									False	False	population-compatible; not clinical benign
chr1:94098975:G>A	1-94098975-G-A	rs769176363	c.587C>T	p.Pro196Leu	ENST00000370225	True	17	1608902	0	5.492936084195724e-05	sas	False	below_supporting_threshold	546603.0	Conflicting	1.0	screened	missense	p.P196L	ABCA4_d2c98376b2abee0d	True	True	True	population-compatible; not clinical benign
chr1:93997989:T>C	1-93997989-T-C	rs773123480	c.6601A>G	p.Arg2201Gly	ENST00000370225	True	5	1613992	0	5.491608821720411e-05	sas	False	below_supporting_threshold									False	False	population-compatible; not clinical benign
chr1:93997897:G>C	1-93997897-G-C	rs1801626	c.6693C>G	p.Ile2231Met	ENST00000370225	True	6	1613956	0	5.490282200505106e-05	sas	False	below_supporting_threshold									False	False	population-compatible; not clinical benign
chr1:94043462:C>T	1-94043462-C-T	rs61749459	c.3064G>A	p.Glu1022Lys	ENST00000370225	True	6	1614176	0	5.49004106550717e-05	sas	False	below_supporting_threshold	99196.0	P/LP	2.0	screened	missense	p.E1022K	ABCA4_371f0d345e9f49d0	True	True	True	population-compatible; not clinical benign
chr1:94031842:A>G	1-94031842-A-G	rs751689141	c.4064T>C	p.Val1355Ala	ENST00000370225	True	5	1614152	0	5.489920505951074e-05	sas	False	below_supporting_threshold									False	False	population-compatible; not clinical benign
chr1:94055176:T>G	1-94055176-T-G	rs2101067700	c.2522A>C	p.Gln841Pro	ENST00000370225	True	5	1614160	0	5.489920505951074e-05	sas	False	below_supporting_threshold	1350758.0	P/LP	2.0	screened	missense	p.Q841P	ABCA4_b1946ff63e64d711	True	True	True	population-compatible; not clinical benign
chr1:94025007:G>C	1-94025007-G-C		c.4581C>G	p.Asp1527Glu	ENST00000370225	True	5	1614166	2	5.4897999516897606e-05	sas	False	below_supporting_threshold	2098022.0	VUS	1.0	screened	missense	p.D1527E	ABCA4_6211bf71f48d2375	True	True	True	population-compatible; not clinical benign
chr1:94046997:T>C	1-94046997-T-C	rs1343910380	c.2840A>G	p.Asp947Gly	ENST00000370225	True	6	1614012	0	5.489679402722881e-05	sas	False	below_supporting_threshold									False	False	population-compatible; not clinical benign
chr1:94030428:G>A	1-94030428-G-A	rs747928913	c.4352C>T	p.Pro1451Leu	ENST00000370225	True	12	1614048	0	5.489438320671029e-05	sas	False	below_supporting_threshold									False	False	population-compatible; not clinical benign
chr1:94008794:C>G	1-94008794-C-G	rs954069176	c.5792G>C	p.Gly1931Ala	ENST00000370225	True	4	1613838	0	5.345306820611503e-05	afr	False	below_supporting_threshold	1463384.0	VUS	1.0	screened	missense	p.G1931A	ABCA4_77dde5fe77570a50	True	True	True	population-compatible; not clinical benign
chr1:94048919:C>G	1-94048919-C-G	rs61749441	c.2692G>C	p.Glu898Gln	ENST00000370225	True	4	1613964	0	5.3424511165722836e-05	afr	False	below_supporting_threshold									False	False	population-compatible; not clinical benign
chr1:94080629:C>T	1-94080629-C-T	rs775277234	c.948G>A	p.Met316Ile	ENST00000370225	True	6	1613974	0	5.3421657139804475e-05	afr	False	below_supporting_threshold	1969101.0	VUS	1.0	screened	missense	p.M316I	ABCA4_370dfa0734ef24fc	True	True	True	population-compatible; not clinical benign
chr1:94112979:G>C	1-94112979-G-C	rs941059389	c.154C>G	p.His52Asp	ENST00000370225	True	4	1612858	0	5.34159500026708e-05	afr	False	below_supporting_threshold	835857.0	VUS	2.0	screened	missense	p.H52D	ABCA4_b1abdc13684ba5e4	True	True	True	population-compatible; not clinical benign
chr1:94077706:A>G	1-94077706-A-G	rs750393418	c.1538T>C	p.Val513Ala	ENST00000370225	True	4	1612598	0	5.3407391582995086e-05	afr	False	below_supporting_threshold	1007620.0	Conflicting	1.0	screened	missense	p.V513A	ABCA4_81e0439cec2f20b5	True	True	True	population-compatible; not clinical benign
chr1:94008248:A>G	1-94008248-A-G	rs747276412	c.5885T>C	p.Val1962Ala	ENST00000370225	True	4	1614018	0	5.340596544634035e-05	afr	False	below_supporting_threshold									False	False	population-compatible; not clinical benign
chr1:94080513:C>T	1-94080513-C-T	rs1035193409	c.1064G>A	p.Arg355Lys	ENST00000370225	True	5	1614070	0	5.3398835905377265e-05	afr	False	below_supporting_threshold	3956861.0	VUS	1.0	screened	missense	p.R355K	ABCA4_e46d50728a876479	True	True	True	population-compatible; not clinical benign
chr1:94021914:C>T	1-94021914-C-T	rs373023236	c.4705G>A	p.Val1569Ile	ENST00000370225	True	42	1614058	0	5.3394559094428276e-05	afr	False	below_supporting_threshold	998881.0	VUS	1.0	screened	missense	p.V1569I	ABCA4_20780750304aa46e	True	True	True	population-compatible; not clinical benign
chr1:94031970:C>G	1-94031970-C-G	rs759373941	c.3936G>C	p.Gln1312His	ENST00000370225	True	13	1613948	0	5.339313364301351e-05	afr	False	below_supporting_threshold	4563219.0	VUS	1.0	screened	missense	p.Q1312H	ABCA4_e9ba5ac373ae4793	True	True	True	population-compatible; not clinical benign
chr1:94111508:T>G	1-94111508-T-G	rs148529158	c.232A>C	p.Asn78His	ENST00000370225	True	4	1614006	0	5.339313364301351e-05	afr	False	below_supporting_threshold	1973376.0	VUS	1.0	screened	missense	p.N78H	ABCA4_600b084bd2591083	True	True	True	population-compatible; not clinical benign
chr1:94047004:C>A	1-94047004-C-A	rs150616268	c.2833G>T	p.Ala945Ser	ENST00000370225	True	4	1614074	0	5.3390282968499735e-05	afr	False	below_supporting_threshold	1515079.0	VUS	1.0	screened	missense	p.A945S	ABCA4_b5213ef52bc3ad2b	True	True	True	population-compatible; not clinical benign
chr1:94055120:C>T	1-94055120-C-T	rs775189672	c.2578G>A	p.Val860Met	ENST00000370225	True	4	1613988	0	5.3390282968499735e-05	afr	False	below_supporting_threshold									False	False	population-compatible; not clinical benign
chr1:94063157:C>T	1-94063157-C-T	rs61748559	c.1715G>A	p.Arg572Gln	ENST00000370225	True	78	1614116	0	5.338910658838524e-05	nfe	False	below_supporting_threshold	7900.0	P/LP	3.0	screened	missense	p.R572Q	ABCA4_e4ccecbdac2b3402	True	True	True	population-compatible; not clinical benign
chr1:94063263:G>A	1-94063263-G-A	rs61748556	c.1609C>T	p.Arg537Cys	ENST00000370225	True	18	1614046	0	5.3388857745388535e-05	afr	False	below_supporting_threshold	99062.0	P/LP	2.0	screened	missense	p.R537C	ABCA4_7c37101dbfff5790	True	True	True	population-compatible; not clinical benign
chr1:94077772:G>A	1-94077772-G-A	rs1336011415	c.1472C>T	p.Ala491Val	ENST00000370225	True	4	1614060	0	5.3388857745388535e-05	afr	False	below_supporting_threshold									False	False	population-compatible; not clinical benign
chr1:94044620:A>G	1-94044620-A-G	rs1219526989	c.3043T>C	p.Phe1015Leu	ENST00000370225	True	4	1614048	0	5.338600752742706e-05	afr	False	below_supporting_threshold	3768900.0	VUS	1.0	screened	missense	p.F1015L	ABCA4_7fddf0be570c949c	True	True	True	population-compatible; not clinical benign
chr1:94031900:C>G	1-94031900-C-G	rs760242485	c.4006G>C	p.Glu1336Gln	ENST00000370225	True	4	1614036	0	5.338315761377286e-05	afr	False	below_supporting_threshold	2764671.0	VUS	1.0	screened	missense	p.E1336Q	ABCA4_b2045b0ce5ea329e	True	True	True	population-compatible; not clinical benign
chr1:94019721:A>G	1-94019721-A-G	rs6681879	c.5057T>C	p.Val1686Ala	ENST00000370225	True	4	1613508	0	5.337745869919133e-05	afr	False	below_supporting_threshold									False	False	population-compatible; not clinical benign
chr1:94098916:A>G	1-94098916-A-G	rs1320363264	c.646T>C	p.Phe216Leu	ENST00000370225	True	4	1613694	0	5.33731853116994e-05	afr	False	below_supporting_threshold	1368581.0	VUS	1.0	screened	missense	p.F216L	ABCA4_57ca0505675c0703	True	True	True	population-compatible; not clinical benign
chr1:94029498:G>T	1-94029498-G-T	rs1444297329	c.4486C>A	p.Leu1496Ile	ENST00000370225	True	3	1594816	0	5.235784844148138e-05	amr	False	below_supporting_threshold									False	False	population-compatible; not clinical benign
chr1:94019584:T>C	1-94019584-T-C		c.5194A>G	p.Ile1732Val	ENST00000370225	True	5	1603612	0	5.1206772949168745e-05	amr	False	below_supporting_threshold									False	False	population-compatible; not clinical benign
chr1:94019683:G>A	1-94019683-G-A	rs1178161569	c.5095C>T	p.Leu1699Phe	ENST00000370225	True	9	1613790	0	5.004003202562049e-05	amr	False	below_supporting_threshold	3697476.0	VUS	1.0	screened	missense	p.L1699F	ABCA4_1eec4498b96f2bc3	True	True	True	population-compatible; not clinical benign
chr1:94029579:T>C	1-94029579-T-C	rs769441167	c.4405A>G	p.Asn1469Asp	ENST00000370225	True	17	1613906	0	5.0011669389524224e-05	amr	False	below_supporting_threshold	1373665.0	VUS	1.0	screened	missense	p.N1469D	ABCA4_2dc39349c249fc58	True	True	True	population-compatible; not clinical benign
chr1:94001986:T>C	1-94001986-T-C	rs1256218315	c.6154A>G	p.Asn2052Asp	ENST00000370225	True	5	1613982	0	5.000166672222407e-05	amr	False	below_supporting_threshold									False	False	population-compatible; not clinical benign
chr1:94098952:C>T	1-94098952-C-T	rs754899561	c.610G>A	p.Ala204Thr	ENST00000370225	True	18	1611986	0	5e-05	amr	False	below_supporting_threshold	1402978.0	VUS	1.0	screened	missense	p.A204T	ABCA4_369395a5bb059b76	True	True	True	population-compatible; not clinical benign
chr1:94108591:G>A	1-94108591-G-A	rs62646860	c.428C>T	p.Pro143Leu	ENST00000370225	True	14	1613404	0	5e-05	amr	False	below_supporting_threshold	99273.0	P/LP	2.0	screened	missense	p.P143L	ABCA4_1d66327ea0a5ff7f	True	True	True	population-compatible; not clinical benign
chr1:94011319:G>C	1-94011319-G-C	rs62642576	c.5527C>G	p.Arg1843Gly	ENST00000370225	True	60	1614090	0	4.999966101924733e-05	nfe	False	below_supporting_threshold	1960314.0	P/LP	1.0	screened	missense	p.R1843G	ABCA4_8cad9e90c1d50c1e	True	True	True	population-compatible; not clinical benign
chr1:94031910:C>A	1-94031910-C-A	rs765176802	c.3996G>T	p.Gln1332His	ENST00000370225	True	3	1614054	0	4.999833338888704e-05	amr	False	below_supporting_threshold	1034173.0	VUS	1.0	screened	missense	p.Q1332H	ABCA4_f8d93428cf7c448f	True	True	True	population-compatible; not clinical benign
chr1:94021310:C>T	1-94021310-C-T	rs762754528	c.4948G>A	p.Glu1650Lys	ENST00000370225	True	24	1614038	0	4.999666688887407e-05	amr	False	below_supporting_threshold	871794.0	VUS	2.0	screened	missense	p.E1650K	ABCA4_eb32db7be3b4c28e	True	True	True	population-compatible; not clinical benign
chr1:94037231:A>G	1-94037231-A-G	rs1036812400	c.3727T>C	p.Tyr1243His	ENST00000370225	True	4	1614112	0	4.999333422210372e-05	amr	False	below_supporting_threshold									False	False	population-compatible; not clinical benign
chr1:94079434:C>T	1-94079434-C-T	rs139650730	c.1127G>A	p.Ser376Asn	ENST00000370225	True	6	1614096	0	4.999000199960008e-05	amr	False	below_supporting_threshold									False	False	population-compatible; not clinical benign
chr1:94005460:G>A	1-94005460-G-A	rs866555749	c.6128C>T	p.Pro2043Leu	ENST00000370225	True	3	1614152	0	4.9986670221274325e-05	amr	False	below_supporting_threshold									False	False	population-compatible; not clinical benign
chr1:94021404:C>G	1-94021404-C-G	rs61752439	c.4854G>C	p.Trp1618Cys	ENST00000370225	True	4	1614148	0	4.9986670221274325e-05	amr	False	below_supporting_threshold	812203.0	P/LP	2.0	screened	missense	p.W1618C	ABCA4_8648d2b88bb9a189	True	True	True	population-compatible; not clinical benign
chr1:94031048:G>C	1-94031048-G-C	rs1305455299	c.4201C>G	p.Pro1401Ala	ENST00000370225	True	3	1614062	0	4.998333888703765e-05	amr	False	below_supporting_threshold	1444671.0	VUS	1.0	screened	missense	p.P1401A	ABCA4_94f7009fd5e445b5	True	True	True	population-compatible; not clinical benign
chr1:94014620:A>C	1-94014620-A-C	rs1188515677	c.5383T>G	p.Leu1795Val	ENST00000370225	True	3	1614214	0	4.997667755047644e-05	amr	False	below_supporting_threshold	839263.0	VUS	3.0	screened	missense	p.L1795V	ABCA4_d4e0d1a8a2538123	True	True	True	population-compatible; not clinical benign
chr1:94014580:G>A	1-94014580-G-A	rs1004237594	c.5423C>T	p.Ala1808Val	ENST00000370225	True	3	1614220	0	4.9970017989206476e-05	amr	False	below_supporting_threshold									False	False	population-compatible; not clinical benign
chr1:94037270:T>C	1-94037270-T-C	rs768895720	c.3688A>G	p.Ile1230Val	ENST00000370225	True	3	1614248	0	4.9970017989206476e-05	amr	False	below_supporting_threshold									False	False	population-compatible; not clinical benign
chr1:94077844:T>C	1-94077844-T-C	rs771814374	c.1400A>G	p.Gln467Arg	ENST00000370225	True	3	1614262	0	4.996835337619508e-05	amr	False	below_supporting_threshold									False	False	population-compatible; not clinical benign
chr1:94060575:T>C	1-94060575-T-C	rs147051178	c.2122A>G	p.Met708Val	ENST00000370225	True	63	1614042	0	4.830352920838142e-05	nfe	False	below_supporting_threshold	1903302.0	VUS	2.0	screened	missense	p.M708V	ABCA4_f0d626b37dd25519	True	True	True	population-compatible; not clinical benign
chr1:94079376:C>A	1-94079376-C-A	rs61783978	c.1185G>T	p.Met395Ile	ENST00000370225	True	61	1614066	0	4.660898451734278e-05	nfe	False	below_supporting_threshold	1932864.0	VUS	1.0	screened	missense	p.M395I	ABCA4_ee7310354e7d6915	True	True	True	population-compatible; not clinical benign
chr1:94045770:G>C	1-94045770-G-C	rs746765719	c.2892C>G	p.Phe964Leu	ENST00000649773	False	6	456276	0	4.6465522582243974e-05	sas	False	below_supporting_threshold									False	False	population-compatible; not clinical benign
chr1:94045951:G>T	1-94045951-G-T	rs750849200	c.2711C>A	p.Pro904Gln	ENST00000649773	False	3	456238	0	4.6465522582243974e-05	sas	False	below_supporting_threshold									False	False	population-compatible; not clinical benign
chr1:94045903:C>T	1-94045903-C-T	rs1171682972	c.2759G>A	p.Gly920Asp	ENST00000649773	False	9	456158	0	4.645688800792864e-05	sas	False	below_supporting_threshold									False	False	population-compatible; not clinical benign
chr1:94029506:C>T	1-94029506-C-T	rs1365918183	c.4478G>A	p.Arg1493Lys	ENST00000370225	True	2	1601346	0	4.481491440351349e-05	eas	False	below_supporting_threshold	3392832.0	VUS	1.0	screened	missense	p.R1493K	ABCA4_900ccdb9f260e9ca	True	True	True	population-compatible; not clinical benign
chr1:94029518:C>T	1-94029518-C-T	rs764121941	c.4466G>A	p.Arg1489Lys	ENST00000370225	True	2	1607944	0	4.4626918957515175e-05	eas	False	below_supporting_threshold									False	False	population-compatible; not clinical benign
chr1:94056769:C>A	1-94056769-C-A	rs200277065	c.2214G>T	p.Leu738Phe	ENST00000370225	True	2	1613190	0	4.461696336947308e-05	eas	False	below_supporting_threshold	3282116.0	VUS	1.0	screened	missense	p.L738F	ABCA4_53d853d4e58d723c	True	True	True	population-compatible; not clinical benign
chr1:94040073:C>T	1-94040073-C-T	rs777239290	c.3577G>A	p.Asp1193Asn	ENST00000370225	True	11	1609124	0	4.460104366442175e-05	eas	False	below_supporting_threshold	941483.0	VUS	1.0	screened	missense	p.D1193N	ABCA4_ccc8744157fc3992	True	True	True	population-compatible; not clinical benign
chr1:94010868:C>T	1-94010868-C-T	rs752160946	c.5646G>A	p.Met1882Ile	ENST00000370225	True	2	1614164	0	4.458314757021846e-05	eas	False	below_supporting_threshold	377407.0	P/LP	2.0	screened	missense	p.M1882I	ABCA4_6df607fd5419ea76	True	True	True	population-compatible; not clinical benign
chr1:94041333:A>G	1-94041333-A-G	rs1432207212	c.3398T>C	p.Ile1133Thr	ENST00000370225	True	8	1614144	0	4.458314757021846e-05	eas	False	below_supporting_threshold	865806.0	Conflicting	1.0	screened	missense	p.I1133T	ABCA4_e859edff1a40160c	True	True	True	population-compatible; not clinical benign
chr1:94043407:A>G	1-94043407-A-G	rs566342133	c.3119T>C	p.Leu1040Pro	ENST00000370225	True	2	1614154	0	4.4581160001783245e-05	eas	False	below_supporting_threshold	2069631.0	VUS	2.0	screened	missense	p.L1040P	ABCA4_b7fab3536b423434	True	True	True	population-compatible; not clinical benign
chr1:94098972:T>G	1-94098972-T-G	rs1662216089	c.590A>C	p.Asp197Ala	ENST00000370225	True	2	1609654	0	4.4581160001783245e-05	eas	False	below_supporting_threshold	1054207.0	VUS	1.0	screened	missense	p.D197A	ABCA4_75614ce7f682ec81	True	True	True	population-compatible; not clinical benign
chr1:94008788:T>C	1-94008788-T-C		c.5798A>G	p.Asn1933Ser	ENST00000370225	True	3	1614080	0	4.457917261055635e-05	eas	False	below_supporting_threshold									False	False	population-compatible; not clinical benign
chr1:94007694:A>G	1-94007694-A-G	rs1413097229	c.5945T>C	p.Phe1982Ser	ENST00000370225	True	2	1613976	0	4.457718539651406e-05	eas	False	below_supporting_threshold									False	False	population-compatible; not clinical benign
chr1:94080594:T>A	1-94080594-T-A	rs61751419	c.983A>T	p.Glu328Val	ENST00000370225	True	2	1614138	0	4.457718539651406e-05	eas	False	below_supporting_threshold	99518.0	P/LP	2.0	screened	missense	p.E328V	ABCA4_a3be591a6aec4f6f	True	True	True	population-compatible; not clinical benign
chr1:94048891:G>A	1-94048891-G-A	rs769948281	c.2720C>T	p.Pro907Leu	ENST00000370225	True	3	1614074	0	4.45751983596327e-05	eas	False	below_supporting_threshold									False	False	population-compatible; not clinical benign
chr1:94077731:T>C	1-94077731-T-C	rs202008219	c.1513A>G	p.Ile505Val	ENST00000370225	True	3	1614094	0	4.45751983596327e-05	eas	False	below_supporting_threshold									False	False	population-compatible; not clinical benign
chr1:94001099:G>A	1-94001099-G-A	rs1166357291	c.6289C>T	p.Pro2097Ser	ENST00000370225	True	2	1613554	0	4.457321149988857e-05	eas	False	below_supporting_threshold	2202780.0	P/LP	3.0	wt_equivalent	missense	p.P2097S	ABCA4_WT	False	True	True	population-compatible; not clinical benign
chr1:94044698:C>A	1-94044698-C-A		c.2965G>T	p.Val989Phe	ENST00000370225	True	3	1614196	0	4.457122481725798e-05	eas	False	below_supporting_threshold	4807394.0	P/LP	1.0	screened	missense	p.V989F	ABCA4_e271cd0fab3f9b01	True	True	True	population-compatible; not clinical benign
chr1:94062689:C>T	1-94062689-C-T		c.1825G>A	p.Ala609Thr	ENST00000370225	True	5	1614170	0	4.457122481725798e-05	eas	False	below_supporting_threshold									False	False	population-compatible; not clinical benign
chr1:93996137:C>T	1-93996137-C-T	rs281865407	c.6788G>A	p.Arg2263Gln	ENST00000370225	True	11	1613986	0	4.456923831171725e-05	eas	False	below_supporting_threshold	1015873.0	Conflicting	1.0	wt_equivalent	missense	p.R2263Q	ABCA4_WT	False	True	True	population-compatible; not clinical benign
chr1:93997869:G>T	1-93997869-G-T		c.6721C>A	p.Leu2241Met	ENST00000370225	True	2	1614110	0	4.456923831171725e-05	eas	False	below_supporting_threshold									False	False	population-compatible; not clinical benign
chr1:94031120:T>C	1-94031120-T-C	rs1327707460	c.4129A>G	p.Ile1377Val	ENST00000370225	True	2	1614010	0	4.456923831171725e-05	eas	False	below_supporting_threshold	866769.0	VUS	2.0	screened	missense	p.I1377V	ABCA4_818e603f47477a2d	True	True	True	population-compatible; not clinical benign
chr1:94056627:T>C	1-94056627-T-C	rs1660983811	c.2356A>G	p.Met786Val	ENST00000370225	True	2	1613478	0	4.456923831171725e-05	eas	False	below_supporting_threshold									False	False	population-compatible; not clinical benign
chr1:94063209:C>T	1-94063209-C-T	rs2101079203	c.1663G>A	p.Asp555Asn	ENST00000370225	True	3	1614126	0	4.456923831171725e-05	eas	False	below_supporting_threshold	1523956.0	VUS	1.0	screened	missense	p.D555N	ABCA4_632d0ceb75028317	True	True	True	population-compatible; not clinical benign
chr1:94031989:G>A	1-94031989-G-A	rs1660219224	c.3917C>T	p.Pro1306Leu	ENST00000370225	True	2	1613938	0	4.456725198324271e-05	eas	False	below_supporting_threshold									False	False	population-compatible; not clinical benign
chr1:94046973:T>A	1-94046973-T-A	rs760102207	c.2864A>T	p.Glu955Val	ENST00000370225	True	2	1614154	0	4.456725198324271e-05	eas	False	below_supporting_threshold									False	False	population-compatible; not clinical benign
chr1:94047027:A>G	1-94047027-A-G	rs1234899018	c.2810T>C	p.Ile937Thr	ENST00000370225	True	2	1614144	0	4.456725198324271e-05	eas	False	below_supporting_threshold									False	False	population-compatible; not clinical benign
chr1:94021349:C>A	1-94021349-C-A		c.4909G>T	p.Ala1637Ser	ENST00000370225	True	2	1614150	0	4.45632798573975e-05	eas	False	below_supporting_threshold	2247525.0	VUS	1.0	screened	missense	p.A1637S	ABCA4_4af09584a0b48f70	True	True	True	population-compatible; not clinical benign
chr1:94111571:G>A	1-94111571-G-A		c.169C>T	p.Pro57Ser	ENST00000370225	True	5	1614232	0	4.45632798573975e-05	eas	False	below_supporting_threshold									False	False	population-compatible; not clinical benign
chr1:94113021:C>G	1-94113021-C-G	rs771350693	c.112G>C	p.Val38Leu	ENST00000370225	True	2	1613990	0	4.45632798573975e-05	eas	False	below_supporting_threshold									False	False	population-compatible; not clinical benign
chr1:94025039:G>A	1-94025039-G-A	rs1800550	c.4549C>T	p.Arg1517Cys	ENST00000370225	True	17	1614092	1	4.45612940599795e-05	eas	False	below_supporting_threshold	873849.0	VUS	1.0	screened	missense	p.R1517C	ABCA4_dcd686467f39d254	True	True	True	population-compatible; not clinical benign
chr1:94037293:A>G	1-94037293-A-G		c.3665T>C	p.Val1222Ala	ENST00000370225	True	2	1614206	0	4.45612940599795e-05	eas	False	below_supporting_threshold	3004003.0	VUS	1.0	screened	missense	p.V1222A	ABCA4_cfa13780499b993f	True	True	True	population-compatible; not clinical benign
chr1:94047039:T>A	1-94047039-T-A	rs527236129	c.2798A>T	p.Asn933Ile	ENST00000370225	True	2	1614184	0	4.45612940599795e-05	eas	False	below_supporting_threshold	143074.0	VUS	1.0	screened	missense	p.N933I	ABCA4_e922cfe8e003a3f8	True	True	True	population-compatible; not clinical benign
chr1:94079398:C>T	1-94079398-C-T	rs762323426	c.1163G>A	p.Arg388Lys	ENST00000370225	True	2	1614174	0	4.45612940599795e-05	eas	False	below_supporting_threshold									False	False	population-compatible; not clinical benign
chr1:94098906:C>T	1-94098906-C-T	rs61748537	c.656G>A	p.Arg219Lys	ENST00000370225	True	2	1613976	0	4.45612940599795e-05	eas	False	below_supporting_threshold									False	False	population-compatible; not clinical benign
chr1:94103074:T>A	1-94103074-T-A	rs765059735	c.511A>T	p.Ile171Phe	ENST00000370225	True	5	1614244	0	4.45612940599795e-05	eas	False	below_supporting_threshold	947180.0	VUS	2.0	screened	missense	p.I171F	ABCA4_abc198161b2e8dd1	True	True	True	population-compatible; not clinical benign
chr1:94108688:C>G	1-94108688-C-G	rs766512063	c.331G>C	p.Glu111Gln	ENST00000370225	True	2	1613990	0	4.45612940599795e-05	eas	False	below_supporting_threshold									False	False	population-compatible; not clinical benign
chr1:94031959:T>A	1-94031959-T-A	rs746468013	c.3947A>T	p.Asp1316Val	ENST00000370225	True	3	1613732	0	4.45573229960344e-05	eas	False	below_supporting_threshold									False	False	population-compatible; not clinical benign
chr1:94037303:C>G	1-94037303-C-G	rs766740575	c.3655G>C	p.Ala1219Pro	ENST00000370225	True	2	1614214	0	4.45573229960344e-05	eas	False	below_supporting_threshold	2733927.0	P/LP	2.0	screened	missense	p.A1219P	ABCA4_5e1e862b3d110653	True	True	True	population-compatible; not clinical benign
chr1:94056630:G>A	1-94056630-G-A	rs781254854	c.2353C>T	p.Arg785Cys	ENST00000370225	True	17	1613452	0	4.45573229960344e-05	eas	False	below_supporting_threshold	265013.0	VUS	2.0	screened	missense	p.R785C	ABCA4_5940742875e78281	True	True	True	population-compatible; not clinical benign
chr1:94079342:C>T	1-94079342-C-T	rs1169001202	c.1219G>A	p.Ala407Thr	ENST00000370225	True	4	1614012	0	4.45573229960344e-05	eas	False	below_supporting_threshold									False	False	population-compatible; not clinical benign
chr1:94108582:A>G	1-94108582-A-G	rs1280893607	c.437T>C	p.Ile146Thr	ENST00000370225	True	6	1613414	0	4.45573229960344e-05	eas	False	below_supporting_threshold									False	False	population-compatible; not clinical benign
chr1:94037333:T>G	1-94037333-T-G	rs1339763583	c.3625A>C	p.Met1209Leu	ENST00000370225	True	3	1614184	0	4.455533772945999e-05	eas	False	below_supporting_threshold	3027819.0	VUS	1.0	screened	missense	p.M1209L	ABCA4_ea7e69515e351b10	True	True	True	population-compatible; not clinical benign
chr1:94021901:C>G	1-94021901-C-G	rs774279555	c.4718G>C	p.Gly1573Ala	ENST00000370225	True	2	1614076	0	4.455136772698922e-05	eas	False	below_supporting_threshold	1461849.0	VUS	1.0	screened	missense	p.G1573A	ABCA4_5aa3852e140b35c8	True	True	True	population-compatible; not clinical benign
chr1:94025038:C>T	1-94025038-C-T	rs201523394	c.4550G>A	p.Arg1517His	ENST00000370225	True	27	1614014	0	4.455136772698922e-05	eas	False	below_supporting_threshold	1381080.0	VUS	1.0	screened	missense	p.R1517H	ABCA4_f709d0b25f138a15	True	True	True	population-compatible; not clinical benign
chr1:94037241:C>A	1-94037241-C-A	rs2101043553	c.3717G>T	p.Lys1239Asn	ENST00000370225	True	2	1614240	0	4.455136772698922e-05	eas	False	below_supporting_threshold									False	False	population-compatible; not clinical benign
chr1:94079365:A>G	1-94079365-A-G	rs1227986044	c.1196T>C	p.Leu399Pro	ENST00000370225	True	2	1614088	0	4.4543429844097995e-05	eas	False	below_supporting_threshold	3957221.0	VUS	1.0	screened	missense	p.L399P	ABCA4_3980a37303dfbd97	True	True	True	population-compatible; not clinical benign
chr1:94019646:T>G	1-94019646-T-G	rs754737758	c.5132A>C	p.His1711Pro	ENST00000370225	True	4	1612296	0	4.4145237832468826e-05	sas	False	below_supporting_threshold									False	False	population-compatible; not clinical benign
chr1:94031027:A>G	1-94031027-A-G	rs61750135	c.4222T>C	p.Trp1408Arg	ENST00000370225	True	58	1613976	0	4.4067199088825914e-05	nfe	False	below_supporting_threshold	99260.0	P/LP	2.0	screened	missense	p.W1408R	ABCA4_eb6b0ef2e8f72e98	True	True	True	population-compatible; not clinical benign
chr1:94077752:C>T	1-94077752-C-T	rs750836609	c.1492G>A	p.Asp498Asn	ENST00000370225	True	56	1614026	0	4.406697502249958e-05	nfe	False	below_supporting_threshold	193810.0	VUS	2.0	screened	missense	p.D498N	ABCA4_be5c62654af9e50d	True	True	True	population-compatible; not clinical benign
chr1:94060740:G>A	1-94060740-G-A	rs61749420	c.1957C>T	p.Arg653Cys	ENST00000370225	True	43	1612644	0	4.405674508767292e-05	sas	False	below_supporting_threshold	99108.0	P/LP	3.0	screened	missense	p.R653C	ABCA4_12c1cba83eb438cd	True	True	True	population-compatible; not clinical benign
chr1:94078676:C>T	1-94078676-C-T	rs773118252	c.1270G>A	p.Val424Ile	ENST00000370225	True	15	1593534	0	4.4049952646300906e-05	sas	False	below_supporting_threshold									False	False	population-compatible; not clinical benign
chr1:94031953:T>C	1-94031953-T-C	rs960704174	c.3953A>G	p.Asn1318Ser	ENST00000370225	True	9	1613908	1	4.392708104546453e-05	sas	False	below_supporting_threshold	955008.0	VUS	1.0	screened	missense	p.N1318S	ABCA4_d3f886c91e049155	True	True	True	population-compatible; not clinical benign
chr1:94021252:G>A	1-94021252-G-A	rs768914472	c.5006C>T	p.Ser1669Leu	ENST00000370225	True	6	1614098	0	4.3915506565368234e-05	sas	False	below_supporting_threshold									False	False	population-compatible; not clinical benign
chr1:94103026:G>A	1-94103026-G-A	rs772735093	c.559C>T	p.Arg187Cys	ENST00000370225	True	23	1614048	0	4.3915506565368234e-05	sas	False	below_supporting_threshold	2733948.0	P/LP	2.0	screened	missense	p.R187C	ABCA4_a264b43569d85a38	True	True	True	population-compatible; not clinical benign
chr1:94037244:G>T	1-94037244-G-T	rs746958360	c.3714C>A	p.Phe1238Leu	ENST00000370225	True	4	1614230	0	4.391454230068287e-05	sas	False	below_supporting_threshold									False	False	population-compatible; not clinical benign
chr1:94078623:G>T	1-94078623-G-T		c.1323C>A	p.Phe441Leu	ENST00000370225	True	1	1369380	0	4.3308791684711995e-05	eas	False	below_supporting_threshold									False	False	population-compatible; not clinical benign
chr1:94001069:G>A	1-94001069-G-A	rs2297669	c.6319C>T	p.Arg2107Cys	ENST00000370225	True	59	1613986	0	4.2371875921588304e-05	nfe	False	below_supporting_threshold	635988.0	P/LP	3.0	wt_equivalent	missense	p.R2107C	ABCA4_WT	False	True	True	population-compatible; not clinical benign
chr1:94043423:G>C	1-94043423-G-C	rs779067729	c.3103C>G	p.Gln1035Glu	ENST00000370225	True	52	1614008	0	4.237151684945739e-05	nfe	False	below_supporting_threshold	282022.0	VUS	2.0	screened	missense	p.Q1035E	ABCA4_ca8e83ccb0ab549f	True	True	True	population-compatible; not clinical benign
chr1:94078611:G>C	1-94078611-G-C	rs61748552	c.1335C>G	p.Ser445Arg	ENST00000370225	True	45	1461526	0	4.153621219281663e-05	nfe	False	below_supporting_threshold	99045.0	P/LP	2.0	screened	missense	p.S445R	ABCA4_cc9d85df2a2bb95a	True	True	True	population-compatible; not clinical benign
chr1:94029446:T>C	1-94029446-T-C	rs281865402	c.4538A>G	p.Gln1513Arg	ENST00000370225	True	3	1549558	0	4.098360655737705e-05	afr	False	below_supporting_threshold	99293.0	Conflicting	1.0	screened	missense	p.Q1513R	ABCA4_094dcf06d5b9dc40	True	True	True	population-compatible; not clinical benign
chr1:94031117:C>T	1-94031117-C-T	rs777063656	c.4132G>A	p.Val1378Met	ENST00000370225	True	56	1614030	0	4.067879346698577e-05	nfe	False	below_supporting_threshold	1016200.0	VUS	2.0	screened	missense	p.V1378M	ABCA4_00529406a09ce878	True	True	True	population-compatible; not clinical benign
chr1:94008795:C>T	1-94008795-C-T	rs757462382	c.5791G>A	p.Gly1931Ser	ENST00000370225	True	53	1613712	0	4.067844872735778e-05	nfe	False	below_supporting_threshold	866996.0	VUS	2.0	screened	missense	p.G1931S	ABCA4_f3f0bfd0613ae361	True	True	True	population-compatible; not clinical benign
chr1:94019592:A>G	1-94019592-A-G	rs61750567	c.5186T>C	p.Leu1729Pro	ENST00000370225	True	3	1606640	0	4.0106951871657754e-05	afr	False	below_supporting_threshold	99350.0	P/LP	2.0	screened	missense	p.L1729P	ABCA4_e1b8f8636fe29a5e	True	True	True	population-compatible; not clinical benign
chr1:94001102:C>T	1-94001102-C-T	rs61750646	c.6286G>A	p.Glu2096Lys	ENST00000370225	True	15	1613350	0	4.0071594582320414e-05	afr	False	below_supporting_threshold	99445.0	Conflicting	1.0	wt_equivalent	missense	p.E2096K	ABCA4_WT	False	True	True	population-compatible; not clinical benign
chr1:94041318:A>G	1-94041318-A-G	rs1287053724	c.3413T>C	p.Leu1138Pro	ENST00000370225	True	3	1613950	0	4.006731308598445e-05	afr	False	below_supporting_threshold	866229.0	P/LP	3.0	screened	missense	p.L1138P	ABCA4_80025ea85b3d3a14	True	True	True	population-compatible; not clinical benign
chr1:94108600:C>T	1-94108600-C-T	rs369105023	c.419G>A	p.Arg140Gln	ENST00000370225	True	18	1613484	0	4.006517268089425e-05	afr	False	below_supporting_threshold	1059335.0	VUS	1.0	screened	missense	p.R140Q	ABCA4_b6c4b7d92222be18	True	True	True	population-compatible; not clinical benign
chr1:94021865:C>T	1-94021865-C-T	rs754298400	c.4754G>A	p.Arg1585Gln	ENST00000370225	True	26	1614018	0	4.0060892556686166e-05	afr	False	below_supporting_threshold	196811.0	VUS	2.0	screened	missense	p.R1585Q	ABCA4_e523507f1ce0b60e	True	True	True	population-compatible; not clinical benign
chr1:94005476:G>A	1-94005476-G-A	rs61750643	c.6112C>T	p.Arg2038Trp	ENST00000370225	True	12	1613960	0	4.005982266851832e-05	afr	False	below_supporting_threshold	99430.0	P/LP	3.0	screened	missense	p.R2038W	ABCA4_7378f18905d428d4	True	True	True	population-compatible; not clinical benign
chr1:94029597:T>A	1-94029597-T-A	rs113134400	c.4387A>T	p.Thr1463Ser	ENST00000370225	True	16	1613690	0	4.0056613346863564e-05	afr	False	below_supporting_threshold									False	False	population-compatible; not clinical benign
chr1:94041347:G>C	1-94041347-G-C	rs369922919	c.3384C>G	p.Asp1128Glu	ENST00000370225	True	3	1614070	0	4.005233505113348e-05	afr	False	below_supporting_threshold	1474681.0	P/LP	1.0	screened	missense	p.D1128E	ABCA4_2870802540f29354	True	True	True	population-compatible; not clinical benign
chr1:94037281:C>T	1-94037281-C-T	rs929411203	c.3677G>A	p.Gly1226Asp	ENST00000370225	True	7	1614076	0	4.0050196245961604e-05	afr	False	below_supporting_threshold	2024312.0	VUS	1.0	screened	missense	p.G1226D	ABCA4_00ba5d672a00ce94	True	True	True	population-compatible; not clinical benign
chr1:94021859:A>G	1-94021859-A-G	rs374931802	c.4760T>C	p.Met1587Thr	ENST00000370225	True	5	1614062	0	4.004591932082121e-05	afr	False	below_supporting_threshold	2595178.0	VUS	1.0	screened	missense	p.M1587T	ABCA4_d3bdb7a856f104cb	True	True	True	population-compatible; not clinical benign
chr1:94001983:A>G	1-94001983-A-G	rs774264864	c.6157T>C	p.Trp2053Arg	ENST00000370225	True	3	1614038	0	4.004485023226013e-05	afr	False	below_supporting_threshold									False	False	population-compatible; not clinical benign
chr1:94037215:C>T	1-94037215-C-T	rs909796557	c.3743G>A	p.Arg1248Lys	ENST00000370225	True	3	1614104	0	4.0043781200779517e-05	afr	False	below_supporting_threshold	1923011.0	VUS	1.0	screened	missense	p.R1248K	ABCA4_a78a3db4016ab062	True	True	True	population-compatible; not clinical benign
chr1:94111501:G>A	1-94111501-G-A	rs1256178077	c.239C>T	p.Pro80Leu	ENST00000370225	True	4	1614030	0	4.0043781200779517e-05	afr	False	below_supporting_threshold	969491.0	VUS	1.0	screened	missense	p.P80L	ABCA4_74234b7afbd42664	True	True	True	population-compatible; not clinical benign
chr1:94108679:T>A	1-94108679-T-A	rs774358118	c.340A>T	p.Met114Leu	ENST00000370225	True	3	1613950	0	4.00427122263748e-05	afr	False	below_supporting_threshold	3956947.0	VUS	1.0	screened	missense	p.M114L	ABCA4_9a50e0d23f4db514	True	True	True	population-compatible; not clinical benign
chr1:94025035:C>G	1-94025035-C-G	rs750087624	c.4553G>C	p.Ser1518Thr	ENST00000370225	True	3	1614056	0	4.0039505645570296e-05	afr	False	below_supporting_threshold									False	False	population-compatible; not clinical benign
chr1:94044731:C>T	1-94044731-C-T	rs61749452	c.2932G>A	p.Gly978Ser	ENST00000370225	True	3	1614082	0	4.0039505645570296e-05	afr	False	below_supporting_threshold	1048167.0	P/LP	2.0	screened	missense	p.G978S	ABCA4_1ead1ba76ed927d3	True	True	True	population-compatible; not clinical benign
chr1:94098822:T>C	1-94098822-T-C	rs62645950	c.740A>G	p.Asn247Ser	ENST00000370225	True	7	1614048	0	4.00320256204964e-05	afr	False	below_supporting_threshold	99501.0	Conflicting	1.0	screened	missense	p.N247S	ABCA4_14f09ed79be6cad8	True	True	True	population-compatible; not clinical benign
chr1:94079378:T>C	1-94079378-T-C	rs878885399	c.1183A>G	p.Met395Val	ENST00000370225	True	4	1614174	0	3.998080921157844e-05	afr	False	below_supporting_threshold	1464110.0	VUS	1.0	screened	missense	p.M395V	ABCA4_f848862a41518a67	True	True	True	population-compatible; not clinical benign
chr1:94001021:C>T	1-94001021-C-T	rs532732547	c.6367G>A	p.Val2123Met	ENST00000370225	True	4	1614198	0	3.997761253697929e-05	afr	False	below_supporting_threshold									False	False	population-compatible; not clinical benign
chr1:94037164:G>C	1-94037164-G-C	rs531449824	c.3794C>G	p.Ser1265Cys	ENST00000370225	True	3	1614220	0	3.997228588178863e-05	afr	False	below_supporting_threshold									False	False	population-compatible; not clinical benign
chr1:94045882:T>G	1-94045882-T-G	rs1195888670	c.2780A>C	p.Glu927Ala	ENST00000649773	False	4	456130	0	3.996003996003996e-05	afr	False	below_supporting_threshold									False	False	population-compatible; not clinical benign
chr1:94048900:G>A	1-94048900-G-A	rs774699366	c.2711C>T	p.Thr904Met	ENST00000370225	True	47	1613898	0	3.728725081099771e-05	nfe	False	below_supporting_threshold	1016904.0	Conflicting	1.0	screened	missense	p.T904M	ABCA4_84fa03927f241b75	True	True	True	population-compatible; not clinical benign
chr1:94029582:G>C	1-94029582-G-C	rs775082837	c.4402C>G	p.Pro1468Ala	ENST00000370225	True	44	1613912	0	3.559454759330009e-05	nfe	False	below_supporting_threshold	1010801.0	VUS	1.0	screened	missense	p.P1468A	ABCA4_585463735d73cb5d	True	True	True	population-compatible; not clinical benign
chr1:94029449:G>C	1-94029449-G-C	rs61750150	c.4535C>G	p.Pro1512Arg	ENST00000370225	True	20	1550786	0	3.556440714133296e-05	sas	False	below_supporting_threshold	99291.0	VUS	2.0	screened	missense	p.P1512R	ABCA4_85da66ad3b9ab77e	True	True	True	population-compatible; not clinical benign
chr1:94078604:T>C	1-94078604-T-C	rs1169850759	c.1342A>G	p.Met448Val	ENST00000370225	True	2	1199684	0	3.479350057409276e-05	afr	False	below_supporting_threshold	857394.0	P/LP	2.0	screened	missense	p.M448V	ABCA4_19e3883617be6f00	True	True	True	population-compatible; not clinical benign
chr1:94019745:A>G	1-94019745-A-G	rs888733588	c.5033T>C	p.Val1678Ala	ENST00000370225	True	43	1612726	0	3.476326218452339e-05	nfe	False	below_supporting_threshold	3282493.0	VUS	1.0	screened	missense	p.V1678A	ABCA4_8ebc8513a27b96e5	True	True	True	population-compatible; not clinical benign
chr1:94079334:C>A	1-94079334-C-A	rs267598778	c.1227G>T	p.Arg409Ser	ENST00000370225	True	43	1613998	0	3.474487936747371e-05	nfe	False	below_supporting_threshold	1011710.0	VUS	1.0	screened	missense	p.R409S	ABCA4_a30217206d600ece	True	True	True	population-compatible; not clinical benign
chr1:94062577:G>A	1-94062577-G-A	rs548888187	c.1937C>T	p.Ser646Phe	ENST00000370225	True	12	1555396	0	3.445068384607434e-05	amr	False	below_supporting_threshold									False	False	population-compatible; not clinical benign
chr1:94023394:A>T	1-94023394-A-T	rs1354737408	c.4659T>A	p.Asn1553Lys	ENST00000370225	True	41	1608742	0	3.4030968181044753e-05	nfe	False	below_supporting_threshold	967239.0	VUS	1.0	screened	missense	p.N1553K	ABCA4_2182ddd44159aa7f	True	True	True	population-compatible; not clinical benign
chr1:94011268:G>A	1-94011268-G-A	rs200849015	c.5578C>T	p.Arg1860Trp	ENST00000370225	True	44	1613920	0	3.389767309423045e-05	nfe	False	below_supporting_threshold	1275763.0	P/LP	2.0	screened	missense	p.R1860W	ABCA4_48e3a9c5507ae3a8	True	True	True	population-compatible; not clinical benign
chr1:94040070:C>A	1-94040070-C-A	rs1297633961	c.3580G>T	p.Asp1194Tyr	ENST00000370225	True	3	1608908	0	3.358183894150044e-05	amr	False	below_supporting_threshold									False	False	population-compatible; not clinical benign
chr1:94040111:G>A	1-94040111-G-A	rs267598773	c.3539C>T	p.Ser1180Leu	ENST00000370225	True	27	1608814	0	3.357732858773756e-05	amr	False	below_supporting_threshold	73982.0	Conflicting	1.0	screened	missense	p.S1180L	ABCA4_199ac8468645ff14	True	True	True	population-compatible; not clinical benign
chr1:94019594:G>C	1-94019594-G-C		c.5184C>G	p.Phe1728Leu	ENST00000370225	True	3	1607322	0	3.345824411134904e-05	sas	False	below_supporting_threshold									False	False	population-compatible; not clinical benign
chr1:94019640:T>C	1-94019640-T-C	rs755826006	c.5138A>G	p.Gln1713Arg	ENST00000370225	True	4	1612444	0	3.345376689415228e-05	amr	False	below_supporting_threshold	1212473.0	P/LP	2.0	screened	missense	p.Q1713R	ABCA4_928e5c2fc02bc108	True	True	True	population-compatible; not clinical benign
chr1:94062581:C>T	1-94062581-C-T	rs61749418	c.1933G>A	p.Asp645Asn	ENST00000370225	True	25	1501192	0	3.341054882394868e-05	sas	False	below_supporting_threshold	99103.0	P/LP	2.0	screened	missense	p.D645N	ABCA4_7955f6aabd69daac	True	True	True	population-compatible; not clinical benign
chr1:94098979:C>A	1-94098979-C-A	rs1206857720	c.583G>T	p.Val195Phe	ENST00000370225	True	15	1608146	0	3.335779571685903e-05	amr	False	below_supporting_threshold	4268153.0	VUS	1.0	screened	missense	p.V195F	ABCA4_5ea396e70862e812	True	True	True	population-compatible; not clinical benign
chr1:94010828:C>A	1-94010828-C-A	rs759813536	c.5686G>T	p.Val1896Phe	ENST00000370225	True	8	1613958	0	3.333888981496916e-05	amr	False	below_supporting_threshold									False	False	population-compatible; not clinical benign
chr1:94007710:C>T	1-94007710-C-T	rs61750639	c.5929G>A	p.Gly1977Ser	ENST00000370225	True	10	1613898	0	3.3337778370449396e-05	amr	False	below_supporting_threshold	99421.0	P/LP	2.0	screened	missense	p.G1977S	ABCA4_d1382909f47770ab	True	True	True	population-compatible; not clinical benign
chr1:94080574:G>A	1-94080574-G-A	rs1057520668	c.1003C>T	p.Leu335Phe	ENST00000370225	True	23	1613990	0	3.333666700003334e-05	amr	False	below_supporting_threshold	379612.0	Conflicting	1.0	screened	missense	p.L335F	ABCA4_8dd026b1c2dc9498	True	True	True	population-compatible; not clinical benign
chr1:94040091:T>A	1-94040091-T-A	rs1032514901	c.3559A>T	p.Thr1187Ser	ENST00000370225	True	3	1610428	0	3.333555570371358e-05	sas	False	below_supporting_threshold									False	False	population-compatible; not clinical benign
chr1:94062626:C>A	1-94062626-C-A	rs1464323794	c.1888G>T	p.Val630Phe	ENST00000370225	True	2	1613986	0	3.333555570371358e-05	amr	False	below_supporting_threshold									False	False	population-compatible; not clinical benign
chr1:94041346:G>A	1-94041346-G-A	rs779426136	c.3385C>T	p.Arg1129Cys	ENST00000370225	True	25	1613986	0	3.3333333333333335e-05	amr	False	below_supporting_threshold	298251.0	P/LP	2.0	screened	missense	p.R1129C	ABCA4_7f01684d43d8818d	True	True	True	population-compatible; not clinical benign
chr1:94041367:C>T	1-94041367-C-T	rs61751399	c.3364G>A	p.Glu1122Lys	ENST00000370225	True	27	1613956	0	3.3333333333333335e-05	amr	False	below_supporting_threshold	30218.0	P/LP	2.0	screened	missense	p.E1122K	ABCA4_fb5e05149fefbfd5	True	True	True	population-compatible; not clinical benign
chr1:94108712:C>T	1-94108712-C-T	rs1167101620	c.307G>A	p.Ala103Thr	ENST00000370225	True	2	1613844	0	3.3333333333333335e-05	amr	False	below_supporting_threshold									False	False	population-compatible; not clinical benign
chr1:94021854:C>T	1-94021854-C-T	rs767980304	c.4765G>A	p.Val1589Met	ENST00000370225	True	37	1614064	0	3.333222225925803e-05	amr	False	below_supporting_threshold	866045.0	VUS	2.0	screened	missense	p.V1589M	ABCA4_1cdada3f302c7503	True	True	True	population-compatible; not clinical benign
chr1:94080481:T>A	1-94080481-T-A	rs1208590733	c.1096A>T	p.Thr366Ser	ENST00000370225	True	2	1614082	0	3.333111125924938e-05	amr	False	below_supporting_threshold	3957587.0	VUS	1.0	screened	missense	p.T366S	ABCA4_e8297d9ac74dbbb1	True	True	True	population-compatible; not clinical benign
chr1:94044692:C>T	1-94044692-C-T	rs61749455	c.2971G>A	p.Gly991Arg	ENST00000370225	True	7	1614056	0	3.332888948140248e-05	amr	False	below_supporting_threshold	1904854.0	P/LP	1.0	screened	missense	p.G991R	ABCA4_4782b9f39a403fac	True	True	True	population-compatible; not clinical benign
chr1:94029582:G>T	1-94029582-G-T	rs775082837	c.4402C>A	p.Pro1468Thr	ENST00000370225	True	4	1614030	0	3.332777870354941e-05	amr	False	below_supporting_threshold									False	False	population-compatible; not clinical benign
chr1:94031118:G>C	1-94031118-G-C	rs145681797	c.4131C>G	p.Ile1377Met	ENST00000370225	True	3	1614082	0	3.332777870354941e-05	amr	False	below_supporting_threshold									False	False	population-compatible; not clinical benign
chr1:94077742:T>C	1-94077742-T-C	rs768480888	c.1502A>G	p.Asp501Gly	ENST00000370225	True	3	1614152	0	3.332444681418288e-05	amr	False	below_supporting_threshold	1480789.0	VUS	1.0	screened	missense	p.D501G	ABCA4_839bafc11766b1d0	True	True	True	population-compatible; not clinical benign
chr1:93998015:T>G	1-93998015-T-G	rs186908930	c.6575A>C	p.Asn2192Thr	ENST00000370225	True	2	1614178	0	3.33233363324336e-05	amr	False	below_supporting_threshold									False	False	population-compatible; not clinical benign
chr1:94011319:G>A	1-94011319-G-A	rs62642576	c.5527C>T	p.Arg1843Trp	ENST00000370225	True	10	1614090	0	3.33233363324336e-05	amr	False	below_supporting_threshold	99382.0	P/LP	2.0	screened	missense	p.R1843W	ABCA4_0e8604800bc33670	True	True	True	population-compatible; not clinical benign
chr1:94111450:T>C	1-94111450-T-C	rs755691060	c.290A>G	p.Tyr97Cys	ENST00000370225	True	7	1614052	0	3.33233363324336e-05	amr	False	below_supporting_threshold	1053814.0	Conflicting	1.0	screened	missense	p.Y97C	ABCA4_e0fdb3aa75a61296	True	True	True	population-compatible; not clinical benign
chr1:94037255:T>G	1-94037255-T-G	rs61752422	c.3703A>C	p.Asn1235His	ENST00000370225	True	2	1614202	0	3.332111559094999e-05	amr	False	below_supporting_threshold									False	False	population-compatible; not clinical benign
chr1:94032003:G>T	1-94032003-G-T	rs1183899256	c.3903C>A	p.His1301Gln	ENST00000370225	True	2	1613714	0	3.332000533120085e-05	amr	False	below_supporting_threshold									False	False	population-compatible; not clinical benign
chr1:94047058:G>A	1-94047058-G-A	rs985690206	c.2779C>T	p.Pro927Ser	ENST00000370225	True	3	1614136	0	3.332000533120085e-05	amr	False	below_supporting_threshold	929304.0	VUS	2.0	screened	missense	p.P927S	ABCA4_6bff28f0f43699dd	True	True	True	population-compatible; not clinical benign
chr1:94051675:A>C	1-94051675-A-C	rs778392568	c.2611T>G	p.Trp871Gly	ENST00000370225	True	2	1614018	0	3.332000533120085e-05	amr	False	below_supporting_threshold									False	False	population-compatible; not clinical benign
chr1:93996140:G>C	1-93996140-G-C	rs1283482726	c.6785C>G	p.Pro2262Arg	ENST00000370225	True	2	1614048	0	3.3317785033650966e-05	amr	False	below_supporting_threshold	1350445.0	VUS	1.0	wt_equivalent	missense	p.P2262R	ABCA4_WT	False	True	True	population-compatible; not clinical benign
chr1:94041319:G>A	1-94041319-G-A		c.3412C>T	p.Leu1138Phe	ENST00000370225	True	2	1614122	0	3.3316674995835414e-05	amr	False	below_supporting_threshold	2096974.0	P/LP	1.0	screened	missense	p.L1138F	ABCA4_a535886f3b8295bc	True	True	True	population-compatible; not clinical benign
chr1:94041359:G>C	1-94041359-G-C	rs746647738	c.3372C>G	p.Asp1124Glu	ENST00000370225	True	2	1614184	0	3.3316674995835414e-05	amr	False	below_supporting_threshold	999300.0	VUS	2.0	screened	missense	p.D1124E	ABCA4_84d0cb88bf267522	True	True	True	population-compatible; not clinical benign
chr1:93998100:C>T	1-93998100-C-T	rs1395925042	c.6490G>A	p.Gly2164Ser	ENST00000370225	True	2	1614170	0	3.331556503198294e-05	amr	False	below_supporting_threshold	1492643.0	VUS	1.0	wt_equivalent	missense	p.G2164S	ABCA4_WT	False	True	True	population-compatible; not clinical benign
chr1:94056642:C>A	1-94056642-C-A	rs774505934	c.2341G>T	p.Ala781Ser	ENST00000370225	True	4	1613802	0	3.331556503198294e-05	amr	False	below_supporting_threshold	4267616.0	VUS	1.0	screened	missense	p.A781S	ABCA4_47b0e3f661b9be2c	True	True	True	population-compatible; not clinical benign
chr1:94098922:T>A	1-94098922-T-A	rs1255085574	c.640A>T	p.Ile214Phe	ENST00000370225	True	3	1613700	0	3.331556503198294e-05	amr	False	below_supporting_threshold	2613006.0	VUS	1.0	screened	missense	p.I214F	ABCA4_7358182ce392558b	True	True	True	population-compatible; not clinical benign
chr1:94031903:G>T	1-94031903-G-T	rs1194460760	c.4003C>A	p.Pro1335Thr	ENST00000370225	True	39	1614142	0	3.30499511877644e-05	nfe	False	below_supporting_threshold									False	False	population-compatible; not clinical benign
chr1:94083356:T>G	1-94083356-T-G	rs779751177	c.854A>C	p.Gln285Pro	ENST00000370225	True	3	1607132	0	3.299023489047242e-05	sas	False	below_supporting_threshold									False	False	population-compatible; not clinical benign
chr1:94015818:T>C	1-94015818-T-C	rs775593910	c.5233A>G	p.Ile1745Val	ENST00000370225	True	3	1613982	0	3.297065611605671e-05	sas	False	below_supporting_threshold	1047295.0	VUS	1.0	screened	missense	p.I1745V	ABCA4_a26f4c89df4faab8	True	True	True	population-compatible; not clinical benign
chr1:94008801:T>G	1-94008801-T-G	rs1239043938	c.5785A>C	p.Ile1929Leu	ENST00000370225	True	3	1613934	0	3.294603439565991e-05	sas	False	below_supporting_threshold									False	False	population-compatible; not clinical benign
chr1:94062709:C>G	1-94062709-C-G		c.1805G>C	p.Arg602Pro	ENST00000370225	True	3	1614106	0	3.294603439565991e-05	sas	False	below_supporting_threshold	2066654.0	Conflicting	1.0	screened	missense	p.R602P	ABCA4_8553ed1abd1f65aa	True	True	True	population-compatible; not clinical benign
chr1:94077735:A>T	1-94077735-A-T	rs774893612	c.1509T>A	p.Phe503Leu	ENST00000370225	True	3	1614134	0	3.294458720432233e-05	sas	False	below_supporting_threshold									False	False	population-compatible; not clinical benign
chr1:94108601:G>A	1-94108601-G-A	rs1173809441	c.418C>T	p.Arg140Trp	ENST00000370225	True	21	1613556	0	3.294386365632961e-05	sas	False	below_supporting_threshold	1059336.0	VUS	2.0	screened	missense	p.R140W	ABCA4_9afd18dd009de960	True	True	True	population-compatible; not clinical benign
chr1:94113015:T>C	1-94113015-T-C	rs761112891	c.118A>G	p.Ile40Val	ENST00000370225	True	3	1613748	0	3.294314014011816e-05	sas	False	below_supporting_threshold									False	False	population-compatible; not clinical benign
chr1:94031942:G>A	1-94031942-G-A	rs755345494	c.3964C>T	p.Pro1322Ser	ENST00000370225	True	7	1614098	0	3.294024639304302e-05	sas	False	below_supporting_threshold									False	False	population-compatible; not clinical benign
chr1:94042877:G>A	1-94042877-G-A	rs61750065	c.3212C>T	p.Ser1071Leu	ENST00000370225	True	11	1614174	0	3.2939523035706445e-05	sas	False	below_supporting_threshold	99208.0	P/LP	2.0	screened	missense	p.S1071L	ABCA4_6cefff971d11e808	True	True	True	population-compatible; not clinical benign
chr1:94041342:A>G	1-94041342-A-G	rs1064793010	c.3389T>C	p.Ile1130Thr	ENST00000370225	True	3	1614156	0	3.293879971013856e-05	sas	False	below_supporting_threshold	417988.0	P/LP	2.0	screened	missense	p.I1130T	ABCA4_757bc08c90c92d74	True	True	True	population-compatible; not clinical benign
chr1:94046974:C>T	1-94046974-C-T	rs765680067	c.2863G>A	p.Glu955Lys	ENST00000370225	True	19	1614122	0	3.293879971013856e-05	sas	False	below_supporting_threshold	617945.0	VUS	2.0	screened	missense	p.E955K	ABCA4_8a64c9bd86481301	True	True	True	population-compatible; not clinical benign
chr1:94021847:C>T	1-94021847-C-T	rs1472640519	c.4772G>A	p.Gly1591Glu	ENST00000370225	True	4	1614122	0	3.293807641633728e-05	sas	False	below_supporting_threshold	444169.0	VUS	1.0	screened	missense	p.G1591E	ABCA4_77b61c48f2a3b634	True	True	True	population-compatible; not clinical benign
chr1:94021363:T>C	1-94021363-T-C	rs745413308	c.4895A>G	p.Asn1632Ser	ENST00000370225	True	3	1614182	0	3.293735315430052e-05	sas	False	below_supporting_threshold	3957499.0	VUS	1.0	screened	missense	p.N1632S	ABCA4_483f36ff03f4c886	True	True	True	population-compatible; not clinical benign
chr1:94042772:T>C	1-94042772-T-C	rs750079068	c.3317A>G	p.Lys1106Arg	ENST00000370225	True	3	1614186	0	3.293735315430052e-05	sas	False	below_supporting_threshold									False	False	population-compatible; not clinical benign
chr1:94060580:G>A	1-94060580-G-A	rs766854135	c.2117C>T	p.Ser706Phe	ENST00000370225	True	3	1614190	0	3.293735315430052e-05	sas	False	below_supporting_threshold									False	False	population-compatible; not clinical benign
chr1:94010868:C>G	1-94010868-C-G	rs752160946	c.5646G>C	p.Met1882Ile	ENST00000370225	True	3	1614164	0	3.2936629924026174e-05	sas	False	below_supporting_threshold	2749739.0	P/LP	1.0	screened	missense	p.M1882I	ABCA4_6df607fd5419ea76	True	True	True	population-compatible; not clinical benign
chr1:94021292:C>T	1-94021292-C-T	rs758912686	c.4966G>A	p.Val1656Ile	ENST00000370225	True	18	1614058	0	3.293590672551215e-05	sas	False	below_supporting_threshold	965058.0	VUS	2.0	screened	missense	p.V1656I	ABCA4_c93a1b0f54ba6980	True	True	True	population-compatible; not clinical benign
chr1:94080577:C>T	1-94080577-C-T	rs1208713389	c.1000G>A	p.Val334Met	ENST00000370225	True	3	1614140	0	3.293590672551215e-05	sas	False	below_supporting_threshold									False	False	population-compatible; not clinical benign
chr1:94111571:G>C	1-94111571-G-C	rs778422185	c.169C>G	p.Pro57Ala	ENST00000370225	True	3	1614232	0	3.293373732051113e-05	sas	False	below_supporting_threshold									False	False	population-compatible; not clinical benign
chr1:94015852:C>T	1-94015852-C-T	rs1193466111	c.5199G>A	p.Met1733Ile	ENST00000370225	True	40	1612594	0	3.2220865554198884e-05	nfe	False	below_supporting_threshold	1977121.0	VUS	1.0	screened	missense	p.M1733I	ABCA4_aa8b97d81c5985ec	True	True	True	population-compatible; not clinical benign
chr1:94098886:G>T	1-94098886-G-T	rs149780335	c.676C>A	p.Arg226Ser	ENST00000370225	True	41	1613900	1	3.220333524858432e-05	nfe	False	below_supporting_threshold	930839.0	Conflicting	1.0	screened	missense	p.R226S	ABCA4_1ec2ccecfd03cfa0	True	True	True	population-compatible; not clinical benign
chr1:94098868:G>A	1-94098868-G-A	rs757844726	c.694C>T	p.Leu232Phe	ENST00000370225	True	39	1614030	0	3.135492246859847e-05	nfe	False	below_supporting_threshold	1496242.0	VUS	1.0	screened	missense	p.L232F	ABCA4_f21ebd3e9fffed44	True	True	True	population-compatible; not clinical benign
chr1:94045754:A>G	1-94045754-A-G	rs771645321	c.2908T>C	p.Cys970Arg	ENST00000649773	False	2	456282	0	3.0973177228520105e-05	sas	False	below_supporting_threshold									False	False	population-compatible; not clinical benign
chr1:94045808:C>T	1-94045808-C-T	rs1660654605	c.2854G>A	p.Glu952Lys	ENST00000649773	False	2	456206	0	3.0973177228520105e-05	sas	False	below_supporting_threshold									False	False	population-compatible; not clinical benign
chr1:94045756:T>C	1-94045756-T-C	rs1415408196	c.2906A>G	p.Gln969Arg	ENST00000649773	False	3	456302	0	3.097221792052529e-05	sas	False	below_supporting_threshold									False	False	population-compatible; not clinical benign
chr1:94045859:C>T	1-94045859-C-T	rs763003887	c.2803G>A	p.Gly935Arg	ENST00000649773	False	3	456160	0	3.097221792052529e-05	sas	False	below_supporting_threshold									False	False	population-compatible; not clinical benign
chr1:94045964:A>G	1-94045964-A-G	rs1191532551	c.2698T>C	p.Ser900Pro	ENST00000649773	False	7	456086	0	3.084787590340208e-05	nfe	False	below_supporting_threshold									False	False	population-compatible; not clinical benign
chr1:94045859:C>G	1-94045859-C-G	rs763003887	c.2803G>C	p.Gly935Arg	ENST00000649773	False	8	456160	1	3.084026505004934e-05	nfe	False	below_supporting_threshold									False	False	population-compatible; not clinical benign
chr1:94098906:C>G	1-94098906-C-G	rs61748537	c.656G>C	p.Arg219Thr	ENST00000370225	True	36	1613858	0	3.050707848962844e-05	nfe	False	below_supporting_threshold	99470.0	Conflicting	1.0	screened	missense	p.R219T	ABCA4_8d430e7f1420938b	True	True	True	population-compatible; not clinical benign
chr1:94043432:C>G	1-94043432-C-G	rs771495707	c.3094G>C	p.Gly1032Arg	ENST00000370225	True	36	1614072	0	2.965986071729407e-05	nfe	False	below_supporting_threshold	1503129.0	P/LP	2.0	screened	missense	p.G1032R	ABCA4_2f14d8800299897b	True	True	True	population-compatible; not clinical benign
chr1:94029621:A>G	1-94029621-A-G	rs758835368	c.4363T>C	p.Cys1455Arg	ENST00000370225	True	37	1613514	0	2.8818199540603995e-05	nfe	False	below_supporting_threshold	377404.0	Conflicting	1.0	screened	missense	p.C1455R	ABCA4_33f4fbafd7795718	True	True	True	population-compatible; not clinical benign
chr1:94055137:G>C	1-94055137-G-C	rs377670057	c.2561C>G	p.Ala854Gly	ENST00000370225	True	41	1614026	1	2.796543810824828e-05	nfe	False	below_supporting_threshold									False	False	population-compatible; not clinical benign
chr1:94029462:C>T	1-94029462-C-T	rs1444784969	c.4522G>A	p.Gly1508Ser	ENST00000370225	True	2	1559146	0	2.7125264471328594e-05	afr	False	below_supporting_threshold									False	False	population-compatible; not clinical benign
chr1:94008851:T>C	1-94008851-T-C	rs974288771	c.5735A>G	p.Glu1912Gly	ENST00000370225	True	33	1613428	0	2.7119885147286402e-05	nfe	False	below_supporting_threshold									False	False	population-compatible; not clinical benign
chr1:94011367:C>T	1-94011367-C-T	rs530098237	c.5479G>A	p.Ala1827Thr	ENST00000370225	True	34	1613904	0	2.7118827924257113e-05	nfe	False	below_supporting_threshold	874749.0	VUS	2.0	screened	missense	p.A1827T	ABCA4_a59d5149590893ae	True	True	True	population-compatible; not clinical benign
chr1:94014622:G>T	1-94014622-G-T	rs61751406	c.5381C>A	p.Ala1794Asp	ENST00000370225	True	35	1614072	0	2.7118000589816512e-05	nfe	False	below_supporting_threshold	99371.0	P/LP	2.0	screened	missense	p.A1794D	ABCA4_9e4df49ac41aac66	True	True	True	population-compatible; not clinical benign
chr1:94014583:C>T	1-94014583-C-T	rs761435921	c.5420G>A	p.Ser1807Asn	ENST00000370225	True	34	1614106	0	2.711772482288736e-05	nfe	False	below_supporting_threshold	4266647.0	VUS	1.0	screened	missense	p.S1807N	ABCA4_660010febbb5575a	True	True	True	population-compatible; not clinical benign
chr1:94055168:G>A	1-94055168-G-A	rs765425569	c.2530C>T	p.Leu844Phe	ENST00000370225	True	33	1614064	0	2.7117678862277785e-05	nfe	False	below_supporting_threshold	1513570.0	VUS	1.0	screened	missense	p.L844F	ABCA4_aeceae1d45797988	True	True	True	population-compatible; not clinical benign
chr1:94031806:A>G	1-94031806-A-G	rs1054210292	c.4100T>C	p.Ile1367Thr	ENST00000370225	True	33	1613766	0	2.711758694152601e-05	nfe	False	below_supporting_threshold	1393457.0	VUS	1.0	screened	missense	p.I1367T	ABCA4_36a31e435dd7c773	True	True	True	population-compatible; not clinical benign
chr1:94078679:G>T	1-94078679-G-T	rs138044729	c.1267C>A	p.His423Asn	ENST00000370225	True	2	1612020	0	2.6806058169146228e-05	afr	False	below_supporting_threshold	1309985.0	VUS	2.0	screened	missense	p.H423N	ABCA4_d39ab8524cfece10	True	True	True	population-compatible; not clinical benign
chr1:94015746:G>T	1-94015746-G-T	rs1274228304	c.5305C>A	p.Leu1769Met	ENST00000370225	True	2	1612974	0	2.6789541363051864e-05	afr	False	below_supporting_threshold	1334099.0	VUS	1.0	screened	missense	p.L1769M	ABCA4_20458f6ecbaf3c3f	True	True	True	population-compatible; not clinical benign
chr1:94021713:C>T	1-94021713-C-T	rs1425552175	c.4775G>A	p.Gly1592Asp	ENST00000370225	True	5	1610310	0	2.6753705388196265e-05	afr	False	below_supporting_threshold	853274.0	Conflicting	1.0	screened	missense	p.G1592D	ABCA4_c9876e765e10e2e2	True	True	True	population-compatible; not clinical benign
chr1:94023389:T>C	1-94023389-T-C	rs780931193	c.4664A>G	p.Gln1555Arg	ENST00000370225	True	2	1607318	0	2.6740827896031662e-05	afr	False	below_supporting_threshold									False	False	population-compatible; not clinical benign
chr1:94040087:C>T	1-94040087-C-T	rs370644803	c.3563G>A	p.Cys1188Tyr	ENST00000370225	True	2	1610156	0	2.671368274830368e-05	afr	False	below_supporting_threshold									False	False	population-compatible; not clinical benign
chr1:93997989:T>A	1-93997989-T-A	rs773123480	c.6601A>T	p.Arg2201Trp	ENST00000370225	True	2	1613874	0	2.6712969146520635e-05	afr	False	below_supporting_threshold									False	False	population-compatible; not clinical benign
chr1:94041345:C>T	1-94041345-C-T	rs1801269	c.3386G>A	p.Arg1129His	ENST00000370225	True	21	1613942	0	2.671154205732297e-05	afr	False	below_supporting_threshold	865964.0	P/LP	2.0	screened	missense	p.R1129H	ABCA4_2ad907e952b902b3	True	True	True	population-compatible; not clinical benign
chr1:94046995:G>A	1-94046995-G-A	rs751222829	c.2842C>T	p.Arg948Cys	ENST00000370225	True	6	1613980	0	2.671154205732297e-05	afr	False	below_supporting_threshold	1501634.0	VUS	1.0	screened	missense	p.R948C	ABCA4_542b30319a517ee0	True	True	True	population-compatible; not clinical benign
chr1:94047078:C>A	1-94047078-C-A	rs376526710	c.2759G>T	p.Arg920Leu	ENST00000370225	True	2	1613986	0	2.671154205732297e-05	afr	False	below_supporting_threshold	2965535.0	VUS	1.0	screened	missense	p.R920L	ABCA4_4684ab1677fcea64	True	True	True	population-compatible; not clinical benign
chr1:94008287:C>T	1-94008287-C-T	rs1174706469	c.5846G>A	p.Gly1949Asp	ENST00000370225	True	2	1613906	0	2.6710828569902237e-05	afr	False	below_supporting_threshold									False	False	population-compatible; not clinical benign
chr1:94080655:C>T	1-94080655-C-T	rs1476928511	c.922G>A	p.Gly308Ser	ENST00000370225	True	11	1613966	0	2.6708688336315805e-05	afr	False	below_supporting_threshold									False	False	population-compatible; not clinical benign
chr1:94080695:C>A	1-94080695-C-A	rs1042772588	c.882G>T	p.Gln294His	ENST00000370225	True	2	1614016	0	2.6707261704457442e-05	afr	False	below_supporting_threshold									False	False	population-compatible; not clinical benign
chr1:94019638:A>G	1-94019638-A-G	rs1012443608	c.5140T>C	p.Phe1714Leu	ENST00000370225	True	2	1612360	0	2.670654844567888e-05	afr	False	below_supporting_threshold									False	False	population-compatible; not clinical benign
chr1:94019587:C>T	1-94019587-C-T	rs200037640	c.5191G>A	p.Asp1731Asn	ENST00000370225	True	2	1604678	0	2.670583522499666e-05	afr	False	below_supporting_threshold									False	False	population-compatible; not clinical benign
chr1:94021699:C>T	1-94021699-C-T	rs1216892888	c.4789G>A	p.Glu1597Lys	ENST00000370225	True	2	1613248	0	2.670583522499666e-05	afr	False	below_supporting_threshold									False	False	population-compatible; not clinical benign
chr1:94043351:C>A	1-94043351-C-A	rs765972338	c.3175G>T	p.Ala1059Ser	ENST00000370225	True	7	1613956	0	2.670583522499666e-05	afr	False	below_supporting_threshold	1962316.0	VUS	1.0	screened	missense	p.A1059S	ABCA4_2f0beb174d2e48b4	True	True	True	population-compatible; not clinical benign
chr1:93997943:G>A	1-93997943-G-A	rs886044763	c.6647C>T	p.Ala2216Val	ENST00000370225	True	36	1613942	0	2.6705122042407734e-05	afr	False	below_supporting_threshold	236149.0	P/LP	2.0	wt_equivalent	missense	p.A2216V	ABCA4_WT	False	True	True	population-compatible; not clinical benign
chr1:94062628:G>A	1-94062628-G-A	rs765707190	c.1886C>T	p.Pro629Leu	ENST00000370225	True	2	1613994	0	2.6704408897909046e-05	afr	False	below_supporting_threshold									False	False	population-compatible; not clinical benign
chr1:94080537:G>A	1-94080537-G-A	rs369165289	c.1040C>T	p.Ala347Val	ENST00000370225	True	2	1613942	0	2.6704408897909046e-05	afr	False	below_supporting_threshold									False	False	population-compatible; not clinical benign
chr1:94080709:G>A	1-94080709-G-A	rs781716640	c.868C>T	p.Arg290Trp	ENST00000370225	True	12	1614028	0	2.6704408897909046e-05	afr	False	below_supporting_threshold	866516.0	Conflicting	1.0	screened	missense	p.R290W	ABCA4_d37744801df39b7a	True	True	True	population-compatible; not clinical benign
chr1:94008246:G>A	1-94008246-G-A	rs777887467	c.5887C>T	p.Arg1963Cys	ENST00000370225	True	11	1614002	0	2.6703695791497543e-05	afr	False	below_supporting_threshold	1916198.0	VUS	2.0	screened	missense	p.R1963C	ABCA4_896f2e9f364acd37	True	True	True	population-compatible; not clinical benign
chr1:94021660:C>T	1-94021660-C-T	rs889448722	c.4828G>A	p.Glu1610Lys	ENST00000370225	True	2	1612658	0	2.6703695791497543e-05	afr	False	below_supporting_threshold									False	False	population-compatible; not clinical benign
chr1:94055209:T>C	1-94055209-T-C	rs768241038	c.2489A>G	p.Glu830Gly	ENST00000370225	True	2	1613970	0	2.6703695791497543e-05	afr	False	below_supporting_threshold	1515887.0	VUS	1.0	screened	missense	p.E830G	ABCA4_ede8db35812957be	True	True	True	population-compatible; not clinical benign
chr1:94121036:C>T	1-94121036-C-T	rs369852553	c.10G>A	p.Val4Met	ENST00000370225	True	2	1614040	0	2.6703695791497543e-05	afr	False	below_supporting_threshold	2039015.0	VUS	1.0	screened	missense	p.V4M	ABCA4_73530e6914629cb6	True	True	True	population-compatible; not clinical benign
chr1:94080634:G>C	1-94080634-G-C	rs986641166	c.943C>G	p.Leu315Val	ENST00000370225	True	2	1614010	0	2.67022696929239e-05	afr	False	below_supporting_threshold									False	False	population-compatible; not clinical benign
chr1:94112985:T>G	1-94112985-T-G	rs1252712183	c.148A>C	p.Ser50Arg	ENST00000370225	True	3	1613442	0	2.67022696929239e-05	afr	False	below_supporting_threshold									False	False	population-compatible; not clinical benign
chr1:94079441:T>A	1-94079441-T-A	rs1661630042	c.1120A>T	p.Ile374Phe	ENST00000370225	True	2	1614052	0	2.6701556700755655e-05	afr	False	below_supporting_threshold	1370745.0	VUS	1.0	screened	missense	p.I374F	ABCA4_d6d9bf981131d85a	True	True	True	population-compatible; not clinical benign
chr1:94098984:T>A	1-94098984-T-A	rs146117175	c.578A>T	p.His193Leu	ENST00000370225	True	3	1606874	0	2.6699417952688632e-05	afr	False	below_supporting_threshold	1482454.0	VUS	1.0	screened	missense	p.H193L	ABCA4_cb5798f5e51c63af	True	True	True	population-compatible; not clinical benign
chr1:94021920:G>A	1-94021920-G-A	rs777311970	c.4699C>T	p.Pro1567Ser	ENST00000370225	True	20	1614042	0	2.669870511280203e-05	afr	False	below_supporting_threshold	1024546.0	VUS	1.0	screened	missense	p.P1567S	ABCA4_fa66e769f21965ff	True	True	True	population-compatible; not clinical benign
chr1:94111442:A>G	1-94111442-A-G	rs61748530	c.298T>C	p.Ser100Pro	ENST00000370225	True	2	1613800	0	2.669870511280203e-05	afr	False	below_supporting_threshold	99185.0	P/LP	2.0	screened	missense	p.S100P	ABCA4_600393a0fd8c280d	True	True	True	population-compatible; not clinical benign
chr1:93997992:C>T	1-93997992-C-T	rs760573590	c.6598G>A	p.Glu2200Lys	ENST00000370225	True	4	1614036	0	2.6697279547214138e-05	afr	False	below_supporting_threshold									False	False	population-compatible; not clinical benign
chr1:94005494:G>T	1-94005494-G-T	rs183398940	c.6094C>A	p.His2032Asn	ENST00000370225	True	2	1614028	0	2.6697279547214138e-05	afr	False	below_supporting_threshold									False	False	population-compatible; not clinical benign
chr1:94021914:C>G	1-94021914-C-G	rs373023236	c.4705G>C	p.Val1569Leu	ENST00000370225	True	2	1614060	0	2.6697279547214138e-05	afr	False	below_supporting_threshold									False	False	population-compatible; not clinical benign
chr1:94063286:T>C	1-94063286-T-C	rs764995626	c.1586A>G	p.Asn529Ser	ENST00000370225	True	11	1614028	0	2.6697279547214138e-05	afr	False	below_supporting_threshold	867156.0	VUS	2.0	screened	missense	p.N529S	ABCA4_bf359615b325b52c	True	True	True	population-compatible; not clinical benign
chr1:94080589:C>A	1-94080589-C-A	rs1472081651	c.988G>T	p.Gly330Cys	ENST00000370225	True	3	1614046	0	2.6696566821506754e-05	afr	False	below_supporting_threshold									False	False	population-compatible; not clinical benign
chr1:94103108:A>T	1-94103108-A-T	rs767738064	c.477T>A	p.Asp159Glu	ENST00000370225	True	2	1613942	0	2.6695854133853012e-05	afr	False	below_supporting_threshold									False	False	population-compatible; not clinical benign
chr1:94001911:G>C	1-94001911-G-C	rs61750645	c.6229C>G	p.Arg2077Gly	ENST00000370225	True	7	1614086	0	2.6695141484249868e-05	afr	False	below_supporting_threshold	99437.0	P/LP	2.0	wt_equivalent	missense	p.R2077G	ABCA4_WT	False	True	True	population-compatible; not clinical benign
chr1:94014545:G>C	1-94014545-G-C	rs748806015	c.5458C>G	p.Arg1820Gly	ENST00000370225	True	2	1613978	0	2.6695141484249868e-05	afr	False	below_supporting_threshold									False	False	population-compatible; not clinical benign
chr1:94036746:A>G	1-94036746-A-G	rs370076001	c.3856T>C	p.Phe1286Leu	ENST00000370225	True	2	1614038	0	2.6695141484249868e-05	afr	False	below_supporting_threshold									False	False	population-compatible; not clinical benign
chr1:94007641:C>A	1-94007641-C-A	rs1005610645	c.5998G>T	p.Gly2000Cys	ENST00000370225	True	2	1613672	0	2.6694428872694267e-05	afr	False	below_supporting_threshold									False	False	population-compatible; not clinical benign
chr1:94000880:C>A	1-94000880-C-A	rs898249950	c.6435G>T	p.Lys2145Asn	ENST00000370225	True	3	1614094	0	2.669300376371353e-05	afr	False	below_supporting_threshold									False	False	population-compatible; not clinical benign
chr1:94060721:A>G	1-94060721-A-G	rs1375584794	c.1976T>C	p.Met659Thr	ENST00000370225	True	2	1613830	0	2.669300376371353e-05	afr	False	below_supporting_threshold									False	False	population-compatible; not clinical benign
chr1:94008242:G>T	1-94008242-G-T	rs753741017	c.5891C>A	p.Pro1964His	ENST00000370225	True	2	1614036	0	2.6692291266282297e-05	afr	False	below_supporting_threshold									False	False	population-compatible; not clinical benign
chr1:93997990:C>G	1-93997990-C-G	rs1020796297	c.6600G>C	p.Glu2200Asp	ENST00000370225	True	2	1614068	0	2.669157880688643e-05	afr	False	below_supporting_threshold									False	False	population-compatible; not clinical benign
chr1:94001871:G>T	1-94001871-G-T	rs533271864	c.6269C>A	p.Pro2090Gln	ENST00000370225	True	5	1614114	0	2.6690866385522874e-05	afr	False	below_supporting_threshold	1999471.0	VUS	1.0	wt_equivalent	missense	p.P2090Q	ABCA4_WT	False	True	True	population-compatible; not clinical benign
chr1:93998096:T>C	1-93998096-T-C	rs940867738	c.6494A>G	p.Tyr2165Cys	ENST00000370225	True	4	1614094	0	2.6689441656880537e-05	afr	False	below_supporting_threshold	865847.0	VUS	2.0	wt_equivalent	missense	p.Y2165C	ABCA4_WT	False	True	True	population-compatible; not clinical benign
chr1:94037204:C>G	1-94037204-C-G	rs61752423	c.3754G>C	p.Glu1252Gln	ENST00000370225	True	2	1614106	0	2.6689441656880537e-05	afr	False	below_supporting_threshold									False	False	population-compatible; not clinical benign
chr1:94098904:G>A	1-94098904-G-A	rs61748538	c.658C>T	p.Arg220Cys	ENST00000370225	True	14	1613824	0	2.668801708033093e-05	afr	False	below_supporting_threshold	99471.0	P/LP	2.0	screened	missense	p.R220C	ABCA4_ce3ad09887add462	True	True	True	population-compatible; not clinical benign
chr1:94029603:A>G	1-94029603-A-G	rs753984595	c.4381T>C	p.Trp1461Arg	ENST00000370225	True	2	1613856	0	2.668730484908329e-05	afr	False	below_supporting_threshold	2006556.0	P/LP	1.0	screened	missense	p.W1461R	ABCA4_ab65d3aa558a924f	True	True	True	population-compatible; not clinical benign
chr1:93996150:G>A	1-93996150-G-A	rs1224355849	c.6775C>T	p.Pro2259Ser	ENST00000370225	True	2	1613926	0	2.66865926558497e-05	afr	False	below_supporting_threshold	1933508.0	VUS	1.0	wt_equivalent	missense	p.P2259S	ABCA4_WT	False	True	True	population-compatible; not clinical benign
chr1:94111561:G>A	1-94111561-G-A	rs55732384	c.179C>T	p.Ala60Val	ENST00000370225	True	7	1614120	0	2.66851683834125e-05	afr	False	below_supporting_threshold	99083.0	P/LP	2.0	screened	missense	p.A60V	ABCA4_ef6b69bd258bc55b	True	True	True	population-compatible; not clinical benign
chr1:94048957:C>T	1-94048957-C-T	rs1660764005	c.2654G>A	p.Gly885Glu	ENST00000370225	True	3	1613882	0	2.6683744262994982e-05	afr	False	below_supporting_threshold	4537316.0	VUS	1.0	screened	missense	p.G885E	ABCA4_8b891624cf746177	True	True	True	population-compatible; not clinical benign
chr1:94019752:T>A	1-94019752-T-A	rs753489583	c.5026A>T	p.Thr1676Ser	ENST00000370225	True	4	1612062	0	2.6678049301035108e-05	afr	False	below_supporting_threshold	865889.0	VUS	1.0	screened	missense	p.T1676S	ABCA4_5cd4aedb7e2ce2bd	True	True	True	population-compatible; not clinical benign
chr1:94083432:G>T	1-94083432-G-T	rs1187040111	c.778C>A	p.Leu260Ile	ENST00000370225	True	2	1613282	0	2.6667377796741245e-05	afr	False	below_supporting_threshold									False	False	population-compatible; not clinical benign
chr1:94056606:C>T	1-94056606-C-T	rs1375925632	c.2377G>A	p.Ala793Thr	ENST00000370225	True	2	1612702	0	2.6659557451346307e-05	afr	False	below_supporting_threshold	1045847.0	VUS	1.0	screened	missense	p.A793T	ABCA4_87d035c4dbb2e751	True	True	True	population-compatible; not clinical benign
chr1:93998091:C>T	1-93998091-C-T	rs761087853	c.6499G>A	p.Val2167Ile	ENST00000370225	True	16	1614166	0	2.6652452025586353e-05	afr	False	below_supporting_threshold	1492101.0	VUS	2.0	wt_equivalent	missense	p.V2167I	ABCA4_WT	False	True	True	population-compatible; not clinical benign
chr1:94010810:G>A	1-94010810-G-A	rs1290742522	c.5704C>T	p.Leu1902Phe	ENST00000370225	True	2	1614170	0	2.6650321136369694e-05	afr	False	below_supporting_threshold									False	False	population-compatible; not clinical benign
chr1:94001916:T>A	1-94001916-T-A		c.6224A>T	p.Asn2075Ile	ENST00000370225	True	2	1614196	0	2.664748048072055e-05	afr	False	below_supporting_threshold									False	False	population-compatible; not clinical benign
chr1:94014628:T>C	1-94014628-T-C		c.5375A>G	p.Tyr1792Cys	ENST00000370225	True	7	1614188	0	2.6646770411426134e-05	afr	False	below_supporting_threshold									False	False	population-compatible; not clinical benign
chr1:94103032:G>C	1-94103032-G-C	rs1662326723	c.553C>G	p.Gln185Glu	ENST00000370225	True	2	1614218	0	2.664251079021687e-05	afr	False	below_supporting_threshold	2093939.0	VUS	1.0	screened	missense	p.Q185E	ABCA4_880432550cf25e36	True	True	True	population-compatible; not clinical benign
chr1:94063224:C>T	1-94063224-C-T	rs61748558	c.1648G>A	p.Gly550Arg	ENST00000370225	True	33	1613974	0	2.627136455162408e-05	nfe	False	below_supporting_threshold	99070.0	P/LP	2.0	screened	missense	p.G550R	ABCA4_c0226dfd9d0bec01	True	True	True	population-compatible; not clinical benign
chr1:94043429:T>C	1-94043429-T-C	rs771234031	c.3097A>G	p.Lys1033Glu	ENST00000370225	True	31	1614044	0	2.6270251397831603e-05	nfe	False	below_supporting_threshold	874845.0	VUS	2.0	screened	missense	p.K1033E	ABCA4_5f7f637bde4a3a7b	True	True	True	population-compatible; not clinical benign
chr1:94021887:C>T	1-94021887-C-T	rs1800551	c.4732G>A	p.Gly1578Arg	ENST00000370225	True	32	1614166	0	2.542351336005627e-05	nfe	False	below_supporting_threshold	99314.0	VUS	2.0	screened	missense	p.G1578R	ABCA4_734147f2a8bfcd55	True	True	True	population-compatible; not clinical benign
chr1:94021893:G>A	1-94021893-G-A	rs779572379	c.4726C>T	p.Leu1576Phe	ENST00000370225	True	32	1614008	0	2.5422953198038026e-05	nfe	False	below_supporting_threshold	1390241.0	VUS	1.0	screened	missense	p.L1576F	ABCA4_87ffa823d79c3eef	True	True	True	population-compatible; not clinical benign
chr1:94030454:G>T	1-94030454-G-T	rs762150575	c.4326C>A	p.Asn1442Lys	ENST00000370225	True	32	1614110	0	2.542282393338542e-05	nfe	False	below_supporting_threshold	417991.0	P/LP	2.0	screened	missense	p.N1442K	ABCA4_f676d0f38e1718f4	True	True	True	population-compatible; not clinical benign
chr1:94029521:C>A	1-94029521-C-A	rs61750147	c.4463G>T	p.Cys1488Phe	ENST00000370225	True	29	1608892	0	2.46287847648036e-05	nfe	False	below_supporting_threshold	99286.0	P/LP	2.0	screened	missense	p.C1488F	ABCA4_ff6f2ed3b2d74008	True	True	True	population-compatible; not clinical benign
chr1:94078658:C>T	1-94078658-C-T	rs540424205	c.1288G>A	p.Ala430Thr	ENST00000370225	True	1	1573252	0	2.459298608036988e-05	eas	False	below_supporting_threshold									False	False	population-compatible; not clinical benign
chr1:94001087:T>A	1-94001087-T-A	rs1291006472	c.6301A>T	p.Met2101Leu	ENST00000370225	True	30	1613826	0	2.4576146222985305e-05	nfe	False	below_supporting_threshold	1513044.0	VUS	1.0	wt_equivalent	missense	p.M2101L	ABCA4_WT	False	True	True	population-compatible; not clinical benign
chr1:94031837:C>T	1-94031837-C-T	rs754899711	c.4069G>A	p.Ala1357Thr	ENST00000370225	True	31	1614040	0	2.4575104910275445e-05	nfe	False	below_supporting_threshold	636212.0	P/LP	2.0	screened	missense	p.A1357T	ABCA4_dd1a2df4df5c2c2c	True	True	True	population-compatible; not clinical benign
chr1:94029452:G>T	1-94029452-G-T	rs886046564	c.4532C>A	p.Pro1511His	ENST00000370225	True	4	1551676	0	2.4103355187042036e-05	eas	False	below_supporting_threshold	417992.0	P/LP	3.0	screened	missense	p.P1511H	ABCA4_5f54c8badaeb6581	True	True	True	population-compatible; not clinical benign
chr1:94029461:C>T	1-94029461-C-T		c.4523G>A	p.Gly1508Asp	ENST00000370225	True	1	1557204	0	2.376538808878749e-05	eas	False	below_supporting_threshold									False	False	population-compatible; not clinical benign
chr1:94080613:G>T	1-94080613-G-T	rs1409497477	c.964C>A	p.Leu322Ile	ENST00000370225	True	29	1614024	0	2.372784835871083e-05	nfe	False	below_supporting_threshold	1477718.0	VUS	1.0	screened	missense	p.L322I	ABCA4_4a98497aa6fcdd81	True	True	True	population-compatible; not clinical benign
chr1:94045744:T>C	1-94045744-T-C	rs1158836768	c.2918A>G	p.Asn973Ser	ENST00000649773	False	2	456108	0	2.349955350848334e-05	amr	False	below_supporting_threshold									False	False	population-compatible; not clinical benign
chr1:94045895:A>T	1-94045895-A-T	rs1660658846	c.2767T>A	p.Trp923Arg	ENST00000649773	False	1	456066	0	2.3497344800037594e-05	amr	False	below_supporting_threshold									False	False	population-compatible; not clinical benign
chr1:94045784:A>G	1-94045784-A-G	rs1486302476	c.2878T>C	p.Cys960Arg	ENST00000649773	False	1	456292	0	2.3482998309224122e-05	amr	False	below_supporting_threshold									False	False	population-compatible; not clinical benign
chr1:94045867:G>C	1-94045867-G-C	rs1213606051	c.2795C>G	p.Thr932Ser	ENST00000649773	False	1	456280	0	2.3478587528174306e-05	amr	False	below_supporting_threshold									False	False	population-compatible; not clinical benign
chr1:94029467:G>A	1-94029467-G-A	rs147292831	c.4517C>T	p.Ala1506Val	ENST00000370225	True	2	1563144	0	2.3473076381390545e-05	eas	False	below_supporting_threshold	3027753.0	VUS	1.0	screened	missense	p.A1506V	ABCA4_7febc77a2c963a30	True	True	True	population-compatible; not clinical benign
chr1:94029468:C>T	1-94029468-C-T	rs1243394849	c.4516G>A	p.Ala1506Thr	ENST00000370225	True	1	1564232	0	2.3401666198633343e-05	eas	False	below_supporting_threshold	1062948.0	VUS	2.0	screened	missense	p.A1506T	ABCA4_4ed3eb1322fc1075	True	True	True	population-compatible; not clinical benign
chr1:94029486:G>T	1-94029486-G-T		c.4498C>A	p.Pro1500Thr	ENST00000370225	True	1	1584978	0	2.2717979008587397e-05	eas	False	below_supporting_threshold									False	False	population-compatible; not clinical benign
chr1:94120987:C>T	1-94120987-C-T		c.59G>A	p.Arg20Lys	ENST00000370225	True	1	1605452	0	2.2585599421808655e-05	eas	False	below_supporting_threshold									False	False	population-compatible; not clinical benign
chr1:94040046:C>T	1-94040046-C-T	rs1196264082	c.3604G>A	p.Asp1202Asn	ENST00000370225	True	2	1602546	0	2.2348366334420955e-05	eas	False	below_supporting_threshold									False	False	population-compatible; not clinical benign
chr1:94019620:G>T	1-94019620-G-T	rs781126638	c.5158C>A	p.Pro1720Thr	ENST00000370225	True	9	1610980	0	2.231744331369398e-05	eas	False	below_supporting_threshold	3249833.0	VUS	1.0	screened	missense	p.P1720T	ABCA4_7ba3e950d0bceac8	True	True	True	population-compatible; not clinical benign
chr1:94040063:G>C	1-94040063-G-C		c.3587C>G	p.Thr1196Ser	ENST00000370225	True	1	1607916	0	2.231047253580831e-05	eas	False	below_supporting_threshold									False	False	population-compatible; not clinical benign
chr1:94011264:A>C	1-94011264-A-C		c.5582T>G	p.Phe1861Cys	ENST00000370225	True	1	1613894	0	2.230848168473654e-05	eas	False	below_supporting_threshold									False	False	population-compatible; not clinical benign
chr1:94011318:C>T	1-94011318-C-T	rs777519184	c.5528G>A	p.Arg1843Gln	ENST00000370225	True	21	1614072	0	2.230450104831155e-05	eas	False	below_supporting_threshold	2954917.0	Conflicting	1.0	screened	missense	p.R1843Q	ABCA4_c475f457ccfeac11	True	True	True	population-compatible; not clinical benign
chr1:94021701:C>G	1-94021701-C-G	rs1659902747	c.4787G>C	p.Arg1596Thr	ENST00000370225	True	1	1613406	0	2.2303506111160674e-05	eas	False	below_supporting_threshold									False	False	population-compatible; not clinical benign
chr1:93997928:A>T	1-93997928-A-T	rs1367504380	c.6662T>A	p.Leu2221His	ENST00000370225	True	1	1613978	0	2.230251126276819e-05	eas	False	below_supporting_threshold									False	False	population-compatible; not clinical benign
chr1:94077700:T>A	1-94077700-T-A	rs372838089	c.1544A>T	p.Gln515Leu	ENST00000370225	True	1	1612372	0	2.22995272500223e-05	eas	False	below_supporting_threshold									False	False	population-compatible; not clinical benign
chr1:94077706:A>C	1-94077706-A-C	rs750393418	c.1538T>G	p.Val513Gly	ENST00000370225	True	1	1612716	0	2.229853275654462e-05	eas	False	below_supporting_threshold									False	False	population-compatible; not clinical benign
chr1:94060745:A>G	1-94060745-A-G		c.1952T>C	p.Leu651Pro	ENST00000370225	True	1	1612448	0	2.2297538351765965e-05	eas	False	below_supporting_threshold									False	False	population-compatible; not clinical benign
chr1:94077707:C>T	1-94077707-C-T	rs756023611	c.1537G>A	p.Val513Ile	ENST00000370225	True	4	1612616	0	2.229654403567447e-05	eas	False	below_supporting_threshold	3282394.0	VUS	1.0	screened	missense	p.V513I	ABCA4_29385dd9f8716dfd	True	True	True	population-compatible; not clinical benign
chr1:94083437:G>T	1-94083437-G-T		c.773C>A	p.Pro258His	ENST00000370225	True	1	1612754	0	2.229654403567447e-05	eas	False	below_supporting_threshold									False	False	population-compatible; not clinical benign
chr1:93997935:A>G	1-93997935-A-G		c.6655T>C	p.Phe2219Leu	ENST00000370225	True	4	1614106	0	2.229554980825827e-05	eas	False	below_supporting_threshold									False	False	population-compatible; not clinical benign
chr1:94098985:G>C	1-94098985-G-C		c.577C>G	p.His193Asp	ENST00000370225	True	1	1606932	0	2.229554980825827e-05	eas	False	below_supporting_threshold									False	False	population-compatible; not clinical benign
chr1:93997934:A>G	1-93997934-A-G	rs781494461	c.6656T>C	p.Phe2219Ser	ENST00000370225	True	1	1614100	0	2.2294555669505506e-05	eas	False	below_supporting_threshold									False	False	population-compatible; not clinical benign
chr1:94011309:A>G	1-94011309-A-G	rs61750575	c.5537T>C	p.Ile1846Thr	ENST00000370225	True	20	1613982	0	2.2294555669505506e-05	eas	False	below_supporting_threshold	99383.0	P/LP	2.0	screened	missense	p.I1846T	ABCA4_5c2e1344f0055c68	True	True	True	population-compatible; not clinical benign
chr1:94011363:A>C	1-94011363-A-C		c.5483T>G	p.Val1828Gly	ENST00000370225	True	1	1614042	0	2.2294555669505506e-05	eas	False	below_supporting_threshold									False	False	population-compatible; not clinical benign
chr1:94083424:G>C	1-94083424-G-C	rs1280742023	c.786C>G	p.Asp262Glu	ENST00000370225	True	2	1613482	0	2.2294555669505506e-05	eas	False	below_supporting_threshold									False	False	population-compatible; not clinical benign
chr1:94001083:T>C	1-94001083-T-C	rs1409314346	c.6305A>G	p.Asp2102Gly	ENST00000370225	True	2	1613760	0	2.2293561619404318e-05	eas	False	below_supporting_threshold									False	False	population-compatible; not clinical benign
chr1:94001083:T>G	1-94001083-T-G	rs1409314346	c.6305A>C	p.Asp2102Ala	ENST00000370225	True	1	1613760	0	2.2293561619404318e-05	eas	False	below_supporting_threshold	3027592.0	VUS	1.0	wt_equivalent	missense	p.D2102A	ABCA4_WT	False	True	True	population-compatible; not clinical benign
chr1:94023412:C>G	1-94023412-C-G		c.4641G>C	p.Lys1547Asn	ENST00000370225	True	1	1609416	0	2.229256765794284e-05	eas	False	below_supporting_threshold									False	False	population-compatible; not clinical benign
chr1:94041297:A>G	1-94041297-A-G		c.3434T>C	p.Leu1145Pro	ENST00000370225	True	1	1614076	0	2.229256765794284e-05	eas	False	below_supporting_threshold									False	False	population-compatible; not clinical benign
chr1:94019751:G>C	1-94019751-G-C		c.5027C>G	p.Thr1676Ser	ENST00000370225	True	1	1612452	0	2.229157378510923e-05	eas	False	below_supporting_threshold									False	False	population-compatible; not clinical benign
chr1:94041309:G>A	1-94041309-G-A	rs756605933	c.3422C>T	p.Ser1141Leu	ENST00000370225	True	13	1614124	0	2.229157378510923e-05	eas	False	below_supporting_threshold	3027837.0	VUS	1.0	screened	missense	p.S1141L	ABCA4_7783a12e3aa67e7b	True	True	True	population-compatible; not clinical benign
chr1:94047054:C>T	1-94047054-C-T		c.2783G>A	p.Gly928Glu	ENST00000370225	True	1	1614132	0	2.229157378510923e-05	eas	False	below_supporting_threshold									False	False	population-compatible; not clinical benign
chr1:94080543:T>G	1-94080543-T-G	rs1417184535	c.1034A>C	p.Tyr345Ser	ENST00000370225	True	1	1614118	0	2.229157378510923e-05	eas	False	below_supporting_threshold	3720227.0	Conflicting	1.0	screened	missense	p.Y345S	ABCA4_341100fd171d40e2	True	True	True	population-compatible; not clinical benign
chr1:94083375:C>T	1-94083375-C-T	rs1435664229	c.835G>A	p.Asp279Asn	ENST00000370225	True	3	1612892	0	2.229157378510923e-05	eas	False	below_supporting_threshold	2065245.0	VUS	2.0	screened	missense	p.D279N	ABCA4_c65185e341ebe5b9	True	True	True	population-compatible; not clinical benign
chr1:94008777:T>G	1-94008777-T-G	rs752617721	c.5809A>C	p.Ile1937Leu	ENST00000370225	True	1	1614022	0	2.2290580000891622e-05	eas	False	below_supporting_threshold									False	False	population-compatible; not clinical benign
chr1:94083411:C>T	1-94083411-C-T	rs1384022583	c.799G>A	p.Gly267Ser	ENST00000370225	True	1	1613728	0	2.2290580000891622e-05	eas	False	below_supporting_threshold									False	False	population-compatible; not clinical benign
chr1:93997913:T>C	1-93997913-T-C	rs765287252	c.6677A>G	p.Lys2226Arg	ENST00000370225	True	6	1613986	0	2.2289586305278175e-05	eas	False	below_supporting_threshold									False	False	population-compatible; not clinical benign
chr1:94010831:G>C	1-94010831-G-C		c.5683C>G	p.Leu1895Val	ENST00000370225	True	1	1614126	0	2.2289586305278175e-05	eas	False	below_supporting_threshold									False	False	population-compatible; not clinical benign
chr1:94015739:C>A	1-94015739-C-A	rs750709182	c.5312G>T	p.Gly1771Val	ENST00000370225	True	1	1613274	0	2.2289586305278175e-05	eas	False	below_supporting_threshold									False	False	population-compatible; not clinical benign
chr1:94041256:A>C	1-94041256-A-C		c.3475T>G	p.Leu1159Val	ENST00000370225	True	1	1614108	0	2.2289586305278175e-05	eas	False	below_supporting_threshold									False	False	population-compatible; not clinical benign
chr1:94041311:G>C	1-94041311-G-C	rs2101048569	c.3420C>G	p.Cys1140Trp	ENST00000370225	True	1	1614138	0	2.2289586305278175e-05	eas	False	below_supporting_threshold	1073207.0	P/LP	2.0	screened	missense	p.C1140W	ABCA4_26e461ec2ae34083	True	True	True	population-compatible; not clinical benign
chr1:94043409:C>G	1-94043409-C-G	rs2101051467	c.3117G>C	p.Gln1039His	ENST00000370225	True	2	1614180	0	2.2289586305278175e-05	eas	False	below_supporting_threshold	3027869.0	VUS	1.0	screened	missense	p.Q1039H	ABCA4_d51804aaadb115c9	True	True	True	population-compatible; not clinical benign
chr1:94083414:G>T	1-94083414-G-T	rs764368214	c.796C>A	p.Gln266Lys	ENST00000370225	True	1	1613724	0	2.2289586305278175e-05	eas	False	below_supporting_threshold									False	False	population-compatible; not clinical benign
chr1:94098939:G>T	1-94098939-G-T		c.623C>A	p.Ala208Asp	ENST00000370225	True	1	1613006	0	2.2289586305278175e-05	eas	False	below_supporting_threshold									False	False	population-compatible; not clinical benign
chr1:94008783:T>C	1-94008783-T-C	rs1659468279	c.5803A>G	p.Thr1935Ala	ENST00000370225	True	1	1614078	0	2.228859269825703e-05	eas	False	below_supporting_threshold									False	False	population-compatible; not clinical benign
chr1:94044713:A>G	1-94044713-A-G		c.2950T>C	p.Ser984Pro	ENST00000370225	True	1	1614198	0	2.228859269825703e-05	eas	False	below_supporting_threshold	3248879.0	P/LP	1.0	screened	missense	p.S984P	ABCA4_7f898e5ee57fbd17	True	True	True	population-compatible; not clinical benign
chr1:94060727:A>G	1-94060727-A-G	rs1226435882	c.1970T>C	p.Ile657Thr	ENST00000370225	True	1	1613782	0	2.228859269825703e-05	eas	False	below_supporting_threshold									False	False	population-compatible; not clinical benign
chr1:93993242:C>A	1-93993242-C-A	rs1305529425	c.6817G>T	p.Asp2273Tyr	ENST00000370225	True	1	1613806	0	2.228759917981635e-05	eas	False	below_supporting_threshold									False	False	population-compatible; not clinical benign
chr1:94030999:A>G	1-94030999-A-G		c.4250T>C	p.Phe1417Ser	ENST00000370225	True	1	1614018	0	2.228759917981635e-05	eas	False	below_supporting_threshold									False	False	population-compatible; not clinical benign
chr1:94043383:T>C	1-94043383-T-C	rs751441724	c.3143A>G	p.Asp1048Gly	ENST00000370225	True	1	1614134	0	2.228759917981635e-05	eas	False	below_supporting_threshold	3851633.0	VUS	1.0	screened	missense	p.D1048G	ABCA4_c535c20c2f38b5be	True	True	True	population-compatible; not clinical benign
chr1:94080544:A>G	1-94080544-A-G		c.1033T>C	p.Tyr345His	ENST00000370225	True	1	1614148	0	2.228759917981635e-05	eas	False	below_supporting_threshold									False	False	population-compatible; not clinical benign
chr1:94098828:T>C	1-94098828-T-C	rs74601638	c.734A>G	p.Tyr245Cys	ENST00000370225	True	1	1614186	0	2.228759917981635e-05	eas	False	below_supporting_threshold									False	False	population-compatible; not clinical benign
chr1:94008257:C>T	1-94008257-C-T	rs2101004162	c.5876G>A	p.Cys1959Tyr	ENST00000370225	True	2	1614138	0	2.2286605749944284e-05	eas	False	below_supporting_threshold	1348998.0	VUS	1.0	screened	missense	p.C1959Y	ABCA4_f73884185e20f90d	True	True	True	population-compatible; not clinical benign
chr1:94031032:T>C	1-94031032-T-C	rs1660186858	c.4217A>G	p.His1406Arg	ENST00000370225	True	1	1613532	0	2.2286605749944284e-05	eas	False	below_supporting_threshold	1024633.0	P/LP	2.0	screened	missense	p.H1406R	ABCA4_ee04cc7e1a57513b	True	True	True	population-compatible; not clinical benign
chr1:94041303:G>T	1-94041303-G-T	rs767894041	c.3428C>A	p.Thr1143Asn	ENST00000370225	True	2	1614004	0	2.2286605749944284e-05	eas	False	below_supporting_threshold	1308034.0	VUS	1.0	screened	missense	p.T1143N	ABCA4_f594064b119dd815	True	True	True	population-compatible; not clinical benign
chr1:94044668:C>A	1-94044668-C-A	rs1194603868	c.2995G>T	p.Asp999Tyr	ENST00000370225	True	3	1614196	0	2.2286605749944284e-05	eas	False	below_supporting_threshold									False	False	population-compatible; not clinical benign
chr1:94055225:C>A	1-94055225-C-A		c.2473G>T	p.Gly825Trp	ENST00000370225	True	1	1614138	0	2.2286605749944284e-05	eas	False	below_supporting_threshold									False	False	population-compatible; not clinical benign
chr1:94062608:G>T	1-94062608-G-T		c.1906C>A	p.Gln636Lys	ENST00000370225	True	1	1614140	0	2.2286605749944284e-05	eas	False	below_supporting_threshold	2202801.0	P/LP	2.0	screened	missense	p.Q636K	ABCA4_2148891e4f40368f	True	True	True	population-compatible; not clinical benign
chr1:94083404:T>C	1-94083404-T-C	rs1338260475	c.806A>G	p.Asn269Ser	ENST00000370225	True	6	1613850	0	2.2286605749944284e-05	eas	False	below_supporting_threshold	1433337.0	VUS	2.0	screened	missense	p.N269S	ABCA4_44a933b2ebd27474	True	True	True	population-compatible; not clinical benign
chr1:94113065:A>T	1-94113065-A-T	rs201387193	c.68T>A	p.Ile23Asn	ENST00000370225	True	2	1614026	0	2.2286605749944284e-05	eas	False	below_supporting_threshold									False	False	population-compatible; not clinical benign
chr1:94001931:G>A	1-94001931-G-A	rs778066205	c.6209C>T	p.Thr2070Met	ENST00000370225	True	1	1614162	0	2.228561240862899e-05	eas	False	below_supporting_threshold	3250283.0	VUS	1.0	wt_equivalent	missense	p.T2070M	ABCA4_WT	False	True	True	population-compatible; not clinical benign
chr1:94041253:C>A	1-94041253-C-A	rs747634650	c.3478G>T	p.Val1160Leu	ENST00000370225	True	1	1614158	0	2.228561240862899e-05	eas	False	below_supporting_threshold	3515927.0	VUS	1.0	screened	missense	p.V1160L	ABCA4_e19bd0b1b35a8161	True	True	True	population-compatible; not clinical benign
chr1:94043471:T>C	1-94043471-T-C	rs61749457	c.3055A>G	p.Thr1019Ala	ENST00000370225	True	1	1614150	0	2.228561240862899e-05	eas	False	below_supporting_threshold	99194.0	P/LP	2.0	screened	missense	p.T1019A	ABCA4_398f71972d7b8513	True	True	True	population-compatible; not clinical benign
chr1:94063299:A>G	1-94063299-A-G	rs1390212030	c.1573T>C	p.Phe525Leu	ENST00000370225	True	1	1614116	0	2.228561240862899e-05	eas	False	below_supporting_threshold	1408647.0	VUS	1.0	screened	missense	p.F525L	ABCA4_3d6dafdf7c77bd04	True	True	True	population-compatible; not clinical benign
chr1:94121025:T>C	1-94121025-T-C	rs1308464856	c.21A>G	p.Ile7Met	ENST00000370225	True	10	1614114	0	2.228561240862899e-05	eas	False	below_supporting_threshold									False	False	population-compatible; not clinical benign
chr1:94121026:A>G	1-94121026-A-G		c.20T>C	p.Ile7Thr	ENST00000370225	True	1	1614076	0	2.228561240862899e-05	eas	False	below_supporting_threshold									False	False	population-compatible; not clinical benign
chr1:94001098:G>C	1-94001098-G-C	rs747046963	c.6290C>G	p.Pro2097Arg	ENST00000370225	True	1	1613740	0	2.2284619155858625e-05	eas	False	below_supporting_threshold									False	False	population-compatible; not clinical benign
chr1:94001955:A>G	1-94001955-A-G	rs769706474	c.6185T>C	p.Val2062Ala	ENST00000370225	True	1	1614222	0	2.2284619155858625e-05	eas	False	below_supporting_threshold									False	False	population-compatible; not clinical benign
chr1:94031060:A>C	1-94031060-A-C	rs751233838	c.4189T>G	p.Phe1397Val	ENST00000370225	True	1	1614154	0	2.2284619155858625e-05	eas	False	below_supporting_threshold									False	False	population-compatible; not clinical benign
chr1:94043372:G>A	1-94043372-G-A	rs1557778526	c.3154C>T	p.His1052Tyr	ENST00000370225	True	2	1614118	0	2.2284619155858625e-05	eas	False	below_supporting_threshold									False	False	population-compatible; not clinical benign
chr1:94055303:G>A	1-94055303-G-A	rs1660945696	c.2395C>T	p.Pro799Ser	ENST00000370225	True	2	1614106	0	2.2284619155858625e-05	eas	False	below_supporting_threshold									False	False	population-compatible; not clinical benign
chr1:94108706:C>T	1-94108706-C-T		c.313G>A	p.Val105Ile	ENST00000370225	True	2	1613922	0	2.2284619155858625e-05	eas	False	below_supporting_threshold									False	False	population-compatible; not clinical benign
chr1:94111483:G>A	1-94111483-G-A	rs1463176839	c.257C>T	p.Thr86Ile	ENST00000370225	True	1	1614148	0	2.2284619155858625e-05	eas	False	below_supporting_threshold	1900176.0	VUS	1.0	screened	missense	p.T86I	ABCA4_1978237145478718	True	True	True	population-compatible; not clinical benign
chr1:93996114:C>T	1-93996114-C-T		c.6811G>A	p.Ala2271Thr	ENST00000370225	True	1	1613914	0	2.2283625991621356e-05	eas	False	below_supporting_threshold									False	False	population-compatible; not clinical benign
chr1:93998003:C>G	1-93998003-C-G	rs1402664483	c.6587G>C	p.Ser2196Thr	ENST00000370225	True	1	1614192	0	2.2283625991621356e-05	eas	False	below_supporting_threshold									False	False	population-compatible; not clinical benign
chr1:93998036:A>G	1-93998036-A-G		c.6554T>C	p.Val2185Ala	ENST00000370225	True	1	1614198	0	2.2283625991621356e-05	eas	False	below_supporting_threshold									False	False	population-compatible; not clinical benign
chr1:94001018:C>T	1-94001018-C-T	rs749156523	c.6370G>A	p.Val2124Ile	ENST00000370225	True	2	1614002	0	2.2283625991621356e-05	eas	False	below_supporting_threshold	3718929.0	VUS	1.0	wt_equivalent	missense	p.V2124I	ABCA4_WT	False	True	True	population-compatible; not clinical benign
chr1:94021911:G>T	1-94021911-G-T		c.4708C>A	p.Pro1570Thr	ENST00000370225	True	1	1614154	0	2.2283625991621356e-05	eas	False	below_supporting_threshold									False	False	population-compatible; not clinical benign
chr1:94024985:C>T	1-94024985-C-T		c.4603G>A	p.Val1535Ile	ENST00000370225	True	2	1614170	0	2.2283625991621356e-05	eas	False	below_supporting_threshold									False	False	population-compatible; not clinical benign
chr1:94048923:C>A	1-94048923-C-A		c.2688G>T	p.Lys896Asn	ENST00000370225	True	1	1614120	0	2.2283625991621356e-05	eas	False	below_supporting_threshold									False	False	population-compatible; not clinical benign
chr1:94056707:C>A	1-94056707-C-A		c.2276G>T	p.Ser759Ile	ENST00000370225	True	1	1614122	0	2.2283625991621356e-05	eas	False	below_supporting_threshold									False	False	population-compatible; not clinical benign
chr1:94098928:G>T	1-94098928-G-T	rs61750200	c.634C>A	p.Arg212Ser	ENST00000370225	True	1	1613426	0	2.2283625991621356e-05	eas	False	below_supporting_threshold									False	False	population-compatible; not clinical benign
chr1:94001026:C>T	1-94001026-C-T		c.6362G>A	p.Arg2121Lys	ENST00000370225	True	1	1614220	0	2.2282632915905342e-05	eas	False	below_supporting_threshold									False	False	population-compatible; not clinical benign
chr1:94005526:T>A	1-94005526-T-A	rs763030891	c.6062A>T	p.Asp2021Val	ENST00000370225	True	1	1614134	0	2.2282632915905342e-05	eas	False	below_supporting_threshold									False	False	population-compatible; not clinical benign
chr1:94037284:A>G	1-94037284-A-G	rs1660365201	c.3674T>C	p.Ile1225Thr	ENST00000370225	True	2	1614210	0	2.2282632915905342e-05	eas	False	below_supporting_threshold	1014386.0	VUS	2.0	screened	missense	p.I1225T	ABCA4_e94e02e1c65ee762	True	True	True	population-compatible; not clinical benign
chr1:94047061:C>T	1-94047061-C-T	rs1302568799	c.2776G>A	p.Val926Ile	ENST00000370225	True	1	1614104	0	2.2282632915905342e-05	eas	False	below_supporting_threshold									False	False	population-compatible; not clinical benign
chr1:94048871:G>C	1-94048871-G-C	rs1660761157	c.2740C>G	p.His914Asp	ENST00000370225	True	1	1614088	0	2.2282632915905342e-05	eas	False	below_supporting_threshold									False	False	population-compatible; not clinical benign
chr1:94060595:A>T	1-94060595-A-T		c.2102T>A	p.Phe701Tyr	ENST00000370225	True	1	1614194	0	2.2282632915905342e-05	eas	False	below_supporting_threshold									False	False	population-compatible; not clinical benign
chr1:94062632:C>G	1-94062632-C-G	rs753058962	c.1882G>C	p.Ala628Pro	ENST00000370225	True	1	1614168	0	2.2282632915905342e-05	eas	False	below_supporting_threshold									False	False	population-compatible; not clinical benign
chr1:94063114:G>C	1-94063114-G-C	rs1570393727	c.1758C>G	p.Asp586Glu	ENST00000370225	True	2	1612752	0	2.2282632915905342e-05	eas	False	below_supporting_threshold	1024921.0	P/LP	2.0	screened	missense	p.D586E	ABCA4_ef792fe12a5cd36e	True	True	True	population-compatible; not clinical benign
chr1:94077745:C>T	1-94077745-C-T	rs1204946868	c.1499G>A	p.Arg500Lys	ENST00000370225	True	2	1614170	0	2.2282632915905342e-05	eas	False	below_supporting_threshold									False	False	population-compatible; not clinical benign
chr1:94098911:G>C	1-94098911-G-C		c.651C>G	p.Ser217Arg	ENST00000370225	True	1	1613878	0	2.2282632915905342e-05	eas	False	below_supporting_threshold									False	False	population-compatible; not clinical benign
chr1:93996153:G>C	1-93996153-G-C	rs757212387	c.6772C>G	p.Leu2258Val	ENST00000370225	True	1	1614034	0	2.228163992869875e-05	eas	False	below_supporting_threshold	3027544.0	VUS	1.0	wt_equivalent	missense	p.L2258V	ABCA4_WT	False	True	True	population-compatible; not clinical benign
chr1:93998004:T>A	1-93998004-T-A	rs775491217	c.6586A>T	p.Ser2196Cys	ENST00000370225	True	2	1614210	0	2.228163992869875e-05	eas	False	below_supporting_threshold									False	False	population-compatible; not clinical benign
chr1:94001967:A>C	1-94001967-A-C		c.6173T>G	p.Leu2058Arg	ENST00000370225	True	1	1614204	0	2.228163992869875e-05	eas	False	below_supporting_threshold	3720216.0	P/LP	1.0	wt_equivalent	missense	p.L2058R	ABCA4_WT	False	True	True	population-compatible; not clinical benign
chr1:94030501:A>G	1-94030501-A-G		c.4279T>C	p.Phe1427Leu	ENST00000370225	True	1	1614206	0	2.228163992869875e-05	eas	False	below_supporting_threshold									False	False	population-compatible; not clinical benign
chr1:94037179:C>T	1-94037179-C-T	rs768807569	c.3779G>A	p.Ser1260Asn	ENST00000370225	True	1	1614196	0	2.228163992869875e-05	eas	False	below_supporting_threshold									False	False	population-compatible; not clinical benign
chr1:94044715:G>A	1-94044715-G-A	rs61752411	c.2948C>T	p.Thr983Ile	ENST00000370225	True	2	1614246	0	2.228163992869875e-05	eas	False	below_supporting_threshold	99178.0	P/LP	2.0	screened	missense	p.T983I	ABCA4_34d99cf9ac13a9c0	True	True	True	population-compatible; not clinical benign
chr1:94047041:C>A	1-94047041-C-A	rs775951957	c.2796G>T	p.Lys932Asn	ENST00000370225	True	8	1614168	0	2.228163992869875e-05	eas	False	below_supporting_threshold									False	False	population-compatible; not clinical benign
chr1:94079323:T>C	1-94079323-T-C	rs1661622820	c.1238A>G	p.Asn413Ser	ENST00000370225	True	1	1614114	0	2.228163992869875e-05	eas	False	below_supporting_threshold									False	False	population-compatible; not clinical benign
chr1:94080651:G>A	1-94080651-G-A	rs61748545	c.926C>T	p.Pro309Leu	ENST00000370225	True	1	1614050	0	2.228163992869875e-05	eas	False	below_supporting_threshold									False	False	population-compatible; not clinical benign
chr1:94103098:G>T	1-94103098-G-T	rs1662328658	c.487C>A	p.Leu163Met	ENST00000370225	True	1	1613900	0	2.228163992869875e-05	eas	False	below_supporting_threshold									False	False	population-compatible; not clinical benign
chr1:94014628:T>G	1-94014628-T-G	rs1166219309	c.5375A>C	p.Tyr1792Ser	ENST00000370225	True	1	1614188	0	2.228064702998975e-05	eas	False	below_supporting_threshold									False	False	population-compatible; not clinical benign
chr1:94031782:G>T	1-94031782-G-T	rs1267585230	c.4124C>A	p.Ala1375Glu	ENST00000370225	True	1	1613600	0	2.228064702998975e-05	eas	False	below_supporting_threshold									False	False	population-compatible; not clinical benign
chr1:94042782:G>C	1-94042782-G-C	rs1424302918	c.3307C>G	p.Leu1103Val	ENST00000370225	True	1	1614100	0	2.228064702998975e-05	eas	False	below_supporting_threshold									False	False	population-compatible; not clinical benign
chr1:94060551:T>C	1-94060551-T-C	rs1441572907	c.2146A>G	p.Thr716Ala	ENST00000370225	True	6	1613978	0	2.228064702998975e-05	eas	False	below_supporting_threshold									False	False	population-compatible; not clinical benign
chr1:94060560:A>G	1-94060560-A-G	rs1239889663	c.2137T>C	p.Phe713Leu	ENST00000370225	True	2	1614106	0	2.228064702998975e-05	eas	False	below_supporting_threshold									False	False	population-compatible; not clinical benign
chr1:94060626:C>T	1-94060626-C-T		c.2071G>A	p.Val691Ile	ENST00000370225	True	1	1614158	0	2.228064702998975e-05	eas	False	below_supporting_threshold									False	False	population-compatible; not clinical benign
chr1:94079402:A>G	1-94079402-A-G		c.1159T>C	p.Trp387Arg	ENST00000370225	True	1	1614190	0	2.228064702998975e-05	eas	False	below_supporting_threshold									False	False	population-compatible; not clinical benign
chr1:93996158:T>C	1-93996158-T-C	rs201392741	c.6767A>G	p.His2256Arg	ENST00000370225	True	2	1614094	0	2.227965421976651e-05	eas	False	below_supporting_threshold									False	False	population-compatible; not clinical benign
chr1:94001887:G>A	1-94001887-G-A	rs763910995	c.6253C>T	p.Leu2085Phe	ENST00000370225	True	1	1614208	0	2.227965421976651e-05	eas	False	below_supporting_threshold	3010939.0	VUS	1.0	wt_equivalent	missense	p.L2085F	ABCA4_WT	False	True	True	population-compatible; not clinical benign
chr1:94005472:A>G	1-94005472-A-G		c.6116T>C	p.Leu2039Pro	ENST00000370225	True	1	1614194	0	2.227965421976651e-05	eas	False	below_supporting_threshold									False	False	population-compatible; not clinical benign
chr1:94037221:A>C	1-94037221-A-C		c.3737T>G	p.Leu1246Arg	ENST00000370225	True	1	1614218	0	2.227965421976651e-05	eas	False	below_supporting_threshold									False	False	population-compatible; not clinical benign
chr1:94063124:T>G	1-94063124-T-G		c.1748A>C	p.Lys583Thr	ENST00000370225	True	2	1613684	0	2.227965421976651e-05	eas	False	below_supporting_threshold	4848160.0	VUS	1.0	screened	missense	p.K583T	ABCA4_77704837fab7e5e6	True	True	True	population-compatible; not clinical benign
chr1:94063304:T>C	1-94063304-T-C	rs752286972	c.1568A>G	p.Asp523Gly	ENST00000370225	True	1	1613990	0	2.227965421976651e-05	eas	False	below_supporting_threshold									False	False	population-compatible; not clinical benign
chr1:94103031:T>C	1-94103031-T-C		c.554A>G	p.Gln185Arg	ENST00000370225	True	1	1614062	0	2.227965421976651e-05	eas	False	below_supporting_threshold									False	False	population-compatible; not clinical benign
chr1:94103053:C>A	1-94103053-C-A		c.532G>T	p.Val178Phe	ENST00000370225	True	1	1614200	0	2.227965421976651e-05	eas	False	below_supporting_threshold									False	False	population-compatible; not clinical benign
chr1:94103071:C>A	1-94103071-C-A		c.514G>T	p.Gly172Cys	ENST00000370225	True	2	1614088	0	2.227965421976651e-05	eas	False	below_supporting_threshold	2019001.0	P/LP	1.0	screened	missense	p.G172C	ABCA4_72fad5d9d0eced9d	True	True	True	population-compatible; not clinical benign
chr1:94113047:A>T	1-94113047-A-T	rs886044719	c.86T>A	p.Leu29His	ENST00000370225	True	1	1614178	0	2.227965421976651e-05	eas	False	below_supporting_threshold									False	False	population-compatible; not clinical benign
chr1:94005571:T>C	1-94005571-T-C	rs2101000596	c.6017A>G	p.Asn2006Ser	ENST00000370225	True	9	1613992	0	2.22786614980172e-05	eas	False	below_supporting_threshold	1061146.0	Conflicting	1.0	screened	missense	p.N2006S	ABCA4_584776b60ade69fc	True	True	True	population-compatible; not clinical benign
chr1:94021312:G>C	1-94021312-G-C	rs1335975904	c.4946C>G	p.Pro1649Arg	ENST00000370225	True	1	1614202	0	2.22786614980172e-05	eas	False	below_supporting_threshold									False	False	population-compatible; not clinical benign
chr1:94031063:G>A	1-94031063-G-A		c.4186C>T	p.Pro1396Ser	ENST00000370225	True	2	1614170	0	2.22786614980172e-05	eas	False	below_supporting_threshold									False	False	population-compatible; not clinical benign
chr1:94037236:C>T	1-94037236-C-T	rs777892957	c.3722G>A	p.Arg1241Lys	ENST00000370225	True	2	1614224	0	2.22786614980172e-05	eas	False	below_supporting_threshold									False	False	population-compatible; not clinical benign
chr1:94037276:C>T	1-94037276-C-T		c.3682G>A	p.Glu1228Lys	ENST00000370225	True	1	1614234	0	2.22786614980172e-05	eas	False	below_supporting_threshold	4849237.0	VUS	3.0	screened	missense	p.E1228K	ABCA4_c425e84e1848c589	True	True	True	population-compatible; not clinical benign
chr1:94037345:C>T	1-94037345-C-T	rs1570367456	c.3613G>A	p.Val1205Ile	ENST00000370225	True	4	1614092	0	2.22786614980172e-05	eas	False	below_supporting_threshold	3027823.0	VUS	1.0	screened	missense	p.V1205I	ABCA4_2f4ab91e2c3c6631	True	True	True	population-compatible; not clinical benign
chr1:94108663:C>A	1-94108663-C-A		c.356G>T	p.Ser119Ile	ENST00000370225	True	1	1614022	0	2.22786614980172e-05	eas	False	below_supporting_threshold									False	False	population-compatible; not clinical benign
chr1:94014578:T>C	1-94014578-T-C	rs1395978584	c.5425A>G	p.Ile1809Val	ENST00000370225	True	2	1614172	0	2.2277668864729994e-05	eas	False	below_supporting_threshold									False	False	population-compatible; not clinical benign
chr1:94047046:C>A	1-94047046-C-A	rs58331765	c.2791G>T	p.Val931Leu	ENST00000370225	True	5	1614014	0	2.2277668864729994e-05	eas	False	below_supporting_threshold	865894.0	Conflicting	1.0	screened	missense	p.V931L	ABCA4_2062e018223b9806	True	True	True	population-compatible; not clinical benign
chr1:94060628:C>T	1-94060628-C-T	rs942734318	c.2069G>A	p.Gly690Asp	ENST00000370225	True	1	1614168	0	2.2277668864729994e-05	eas	False	below_supporting_threshold	957414.0	P/LP	1.0	screened	missense	p.G690D	ABCA4_3a75a751a4e53c89	True	True	True	population-compatible; not clinical benign
chr1:94077839:C>G	1-94077839-C-G	rs1661578472	c.1405G>C	p.Gly469Arg	ENST00000370225	True	1	1614246	0	2.2277668864729994e-05	eas	False	below_supporting_threshold	957304.0	VUS	1.0	screened	missense	p.G469R	ABCA4_fc35ee24b9bce60b	True	True	True	population-compatible; not clinical benign
chr1:94077839:C>T	1-94077839-C-T	rs1661578472	c.1405G>A	p.Gly469Ser	ENST00000370225	True	1	1614246	0	2.2277668864729994e-05	eas	False	below_supporting_threshold									False	False	population-compatible; not clinical benign
chr1:94111559:T>G	1-94111559-T-G	rs1394943055	c.181A>C	p.Met61Leu	ENST00000370225	True	3	1614100	0	2.2277668864729994e-05	eas	False	below_supporting_threshold									False	False	population-compatible; not clinical benign
chr1:93996174:G>C	1-93996174-G-C	rs753934929	c.6751C>G	p.Gln2251Glu	ENST00000370225	True	3	1613968	0	2.2276676319893072e-05	eas	False	below_supporting_threshold									False	False	population-compatible; not clinical benign
chr1:94014554:C>G	1-94014554-C-G		c.5449G>C	p.Glu1817Gln	ENST00000370225	True	1	1614172	0	2.2276676319893072e-05	eas	False	below_supporting_threshold									False	False	population-compatible; not clinical benign
chr1:94031827:A>G	1-94031827-A-G	rs1660213080	c.4079T>C	p.Val1360Ala	ENST00000370225	True	2	1613978	0	2.2276676319893072e-05	eas	False	below_supporting_threshold	3027793.0	VUS	1.0	screened	missense	p.V1360A	ABCA4_d477018fb117b74c	True	True	True	population-compatible; not clinical benign
chr1:94037337:C>G	1-94037337-C-G	rs1331283717	c.3621G>C	p.Glu1207Asp	ENST00000370225	True	1	1614186	0	2.2276676319893072e-05	eas	False	below_supporting_threshold									False	False	population-compatible; not clinical benign
chr1:94051653:G>A	1-94051653-G-A	rs779160669	c.2633C>T	p.Ser878Leu	ENST00000370225	True	4	1613938	0	2.2276676319893072e-05	eas	False	below_supporting_threshold	1042343.0	VUS	1.0	screened	missense	p.S878L	ABCA4_dd530800190ea7b4	True	True	True	population-compatible; not clinical benign
chr1:94000888:T>A	1-94000888-T-A	rs1286076948	c.6427A>T	p.Met2143Leu	ENST00000370225	True	1	1614076	0	2.227568386349461e-05	eas	False	below_supporting_threshold									False	False	population-compatible; not clinical benign
chr1:94014648:A>C	1-94014648-A-C	rs1659672973	c.5355T>G	p.Phe1785Leu	ENST00000370225	True	1	1614258	0	2.227568386349461e-05	eas	False	below_supporting_threshold									False	False	population-compatible; not clinical benign
chr1:94021362:A>T	1-94021362-A-T		c.4896T>A	p.Asn1632Lys	ENST00000370225	True	1	1614252	0	2.227568386349461e-05	eas	False	below_supporting_threshold									False	False	population-compatible; not clinical benign
chr1:94063151:T>C	1-94063151-T-C	rs1661176279	c.1721A>G	p.Asp574Gly	ENST00000370225	True	1	1614212	0	2.227568386349461e-05	eas	False	below_supporting_threshold									False	False	population-compatible; not clinical benign
chr1:94014686:C>T	1-94014686-C-T	rs1472064768	c.5317G>A	p.Ala1773Thr	ENST00000370225	True	1	1614054	0	2.2274691495522786e-05	eas	False	below_supporting_threshold									False	False	population-compatible; not clinical benign
chr1:94031782:G>A	1-94031782-G-A	rs1267585230	c.4124C>T	p.Ala1375Val	ENST00000370225	True	24	1613482	0	2.2274691495522786e-05	eas	False	below_supporting_threshold	450896.0	Conflicting	1.0	screened	missense	p.A1375V	ABCA4_5adecaf5443acb70	True	True	True	population-compatible; not clinical benign
chr1:94047076:C>T	1-94047076-C-T	rs1277583380	c.2761G>A	p.Glu921Lys	ENST00000370225	True	2	1614006	0	2.2274691495522786e-05	eas	False	below_supporting_threshold									False	False	population-compatible; not clinical benign
chr1:94031911:T>C	1-94031911-T-C	rs1221005102	c.3995A>G	p.Gln1332Arg	ENST00000370225	True	2	1614026	0	2.227369921596579e-05	eas	False	below_supporting_threshold									False	False	population-compatible; not clinical benign
chr1:94060539:T>C	1-94060539-T-C	rs762593392	c.2158A>G	p.Met720Val	ENST00000370225	True	4	1613512	0	2.227369921596579e-05	eas	False	below_supporting_threshold	1406116.0	VUS	1.0	screened	missense	p.M720V	ABCA4_ac35c48ebe79d3d7	True	True	True	population-compatible; not clinical benign
chr1:94021875:C>T	1-94021875-C-T	rs1659910931	c.4744G>A	p.Asp1582Asn	ENST00000370225	True	5	1614058	0	2.2271714922048998e-05	eas	False	below_supporting_threshold	3027739.0	VUS	1.0	screened	missense	p.D1582N	ABCA4_579b510fb12d6b5c	True	True	True	population-compatible; not clinical benign
chr1:94005466:C>T	1-94005466-C-T	rs1462350577	c.6122G>A	p.Gly2041Asp	ENST00000370225	True	2	1614066	0	2.2270722907665582e-05	eas	False	below_supporting_threshold	1048145.0	P/LP	2.0	screened	missense	p.G2041D	ABCA4_887c991a0ff7edf8	True	True	True	population-compatible; not clinical benign
chr1:94014676:G>A	1-94014676-G-A	rs1553187939	c.5327C>T	p.Pro1776Leu	ENST00000370225	True	5	1614038	0	2.2270722907665582e-05	eas	False	below_supporting_threshold	431947.0	P/LP	2.0	screened	missense	p.P1776L	ABCA4_8e335001defc7063	True	True	True	population-compatible; not clinical benign
chr1:94021314:G>T	1-94021314-G-T	rs1659889244	c.4944C>A	p.Ser1648Arg	ENST00000370225	True	2	1614074	0	2.2270722907665582e-05	eas	False	below_supporting_threshold									False	False	population-compatible; not clinical benign
chr1:94078663:A>G	1-94078663-A-G	rs762811617	c.1283T>C	p.Val428Ala	ENST00000370225	True	2	1575332	0	2.2072131726482144e-05	sas	False	below_supporting_threshold									False	False	population-compatible; not clinical benign
chr1:94108621:G>A	1-94108621-G-A	rs2101155799	c.398C>T	p.Ser133Phe	ENST00000370225	True	27	1613834	0	2.2033562199898645e-05	nfe	False	below_supporting_threshold									False	False	population-compatible; not clinical benign
chr1:94045760:C>G	1-94045760-C-G	rs958309321	c.2902G>C	p.Val968Leu	ENST00000649773	False	6	456170	0	2.2029148969916994e-05	nfe	False	below_supporting_threshold									False	False	population-compatible; not clinical benign
chr1:94120993:C>T	1-94120993-C-T	rs868543294	c.53G>A	p.Arg18Gln	ENST00000370225	True	2	1601454	0	2.2000264003168037e-05	sas	False	below_supporting_threshold	1350865.0	P/LP	2.0	screened	missense	p.R18Q	ABCA4_b3dd2185950c80d2	True	True	True	population-compatible; not clinical benign
chr1:94029606:G>A	1-94029606-G-A	rs373181448	c.4378C>T	p.Pro1460Ser	ENST00000370225	True	6	1613914	0	2.198381990854731e-05	sas	False	below_supporting_threshold	1389682.0	VUS	1.0	screened	missense	p.P1460S	ABCA4_910ca60569b84325	True	True	True	population-compatible; not clinical benign
chr1:94077722:G>T	1-94077722-G-T	rs138157885	c.1522C>A	p.Arg508Ser	ENST00000370225	True	2	1613918	0	2.1974158389733675e-05	sas	False	below_supporting_threshold									False	False	population-compatible; not clinical benign
chr1:94056672:T>C	1-94056672-T-C	rs758090662	c.2311A>G	p.Thr771Ala	ENST00000370225	True	2	1613738	0	2.1970778864110734e-05	sas	False	below_supporting_threshold									False	False	population-compatible; not clinical benign
chr1:94029588:C>G	1-94029588-C-G	rs1315143020	c.4396G>C	p.Val1466Leu	ENST00000370225	True	3	1614050	0	2.1969813476283587e-05	sas	False	below_supporting_threshold									False	False	population-compatible; not clinical benign
chr1:93997876:C>A	1-93997876-C-A		c.6714G>T	p.Gln2238His	ENST00000370225	True	2	1614046	0	2.1967400377839286e-05	sas	False	below_supporting_threshold									False	False	population-compatible; not clinical benign
chr1:94056728:C>T	1-94056728-C-T		c.2255G>A	p.Ser752Asn	ENST00000370225	True	2	1614010	0	2.196691782176043e-05	sas	False	below_supporting_threshold	2910119.0	VUS	1.0	screened	missense	p.S752N	ABCA4_f27bade6030a036e	True	True	True	population-compatible; not clinical benign
chr1:94031794:T>C	1-94031794-T-C	rs774010684	c.4112A>G	p.Lys1371Arg	ENST00000370225	True	3	1613842	0	2.1964987809431767e-05	sas	False	below_supporting_threshold									False	False	population-compatible; not clinical benign
chr1:94051633:C>A	1-94051633-C-A	rs1253585396	c.2653G>T	p.Gly885Trp	ENST00000370225	True	2	1613328	0	2.1964987809431767e-05	sas	False	below_supporting_threshold									False	False	population-compatible; not clinical benign
chr1:94080490:C>A	1-94080490-C-A		c.1087G>T	p.Asp363Tyr	ENST00000370225	True	2	1614158	0	2.1964022930439938e-05	sas	False	below_supporting_threshold									False	False	population-compatible; not clinical benign
chr1:94063125:T>G	1-94063125-T-G		c.1747A>C	p.Lys583Gln	ENST00000370225	True	2	1613708	0	2.1963540522732265e-05	sas	False	below_supporting_threshold									False	False	population-compatible; not clinical benign
chr1:93997938:T>G	1-93997938-T-G	rs746382656	c.6652A>C	p.Ile2218Leu	ENST00000370225	True	2	1614082	0	2.1961611103790576e-05	sas	False	below_supporting_threshold									False	False	population-compatible; not clinical benign
chr1:94041376:G>T	1-94041376-G-T	rs762035001	c.3355C>A	p.His1119Asn	ENST00000370225	True	2	1613998	0	2.1961611103790576e-05	sas	False	below_supporting_threshold									False	False	population-compatible; not clinical benign
chr1:94047066:C>A	1-94047066-C-A		c.2771G>T	p.Gly924Val	ENST00000370225	True	2	1614114	0	2.1961611103790576e-05	sas	False	below_supporting_threshold									False	False	population-compatible; not clinical benign
chr1:94083390:C>T	1-94083390-C-T		c.820G>A	p.Gly274Arg	ENST00000370225	True	2	1613724	0	2.1961611103790576e-05	sas	False	below_supporting_threshold									False	False	population-compatible; not clinical benign
chr1:93996191:A>C	1-93996191-A-C		c.6734T>G	p.Phe2245Cys	ENST00000370225	True	2	1612614	0	2.196064652143359e-05	sas	False	below_supporting_threshold									False	False	population-compatible; not clinical benign
chr1:94080682:C>T	1-94080682-C-T	rs1005920303	c.895G>A	p.Val299Met	ENST00000370225	True	3	1614126	0	2.196064652143359e-05	sas	False	below_supporting_threshold									False	False	population-compatible; not clinical benign
chr1:93998003:C>T	1-93998003-C-T	rs1402664483	c.6587G>A	p.Ser2196Asn	ENST00000370225	True	2	1614192	0	2.196016426202868e-05	sas	False	below_supporting_threshold									False	False	population-compatible; not clinical benign
chr1:94014544:C>G	1-94014544-C-G	rs62646875	c.5459G>C	p.Arg1820Pro	ENST00000370225	True	10	1614154	0	2.196016426202868e-05	sas	False	below_supporting_threshold	99374.0	VUS	1.0	screened	missense	p.R1820P	ABCA4_122ab3fbeda346e6	True	True	True	population-compatible; not clinical benign
chr1:94079357:G>A	1-94079357-G-A	rs1281131866	c.1204C>T	p.Pro402Ser	ENST00000370225	True	2	1614162	0	2.196016426202868e-05	sas	False	below_supporting_threshold	1506683.0	VUS	1.0	screened	missense	p.P402S	ABCA4_1edb6811a2b006be	True	True	True	population-compatible; not clinical benign
chr1:94011373:A>G	1-94011373-A-G		c.5473T>C	p.Phe1825Leu	ENST00000370225	True	2	1614018	0	2.1959682023804296e-05	sas	False	below_supporting_threshold									False	False	population-compatible; not clinical benign
chr1:94042814:A>G	1-94042814-A-G	rs761290184	c.3275T>C	p.Val1092Ala	ENST00000370225	True	2	1614108	0	2.1959682023804296e-05	sas	False	below_supporting_threshold									False	False	population-compatible; not clinical benign
chr1:94060635:T>G	1-94060635-T-G	rs1259726208	c.2062A>C	p.Asn688His	ENST00000370225	True	2	1614006	0	2.1959682023804296e-05	sas	False	below_supporting_threshold									False	False	population-compatible; not clinical benign
chr1:94062659:T>A	1-94062659-T-A	rs1231688819	c.1855A>T	p.Ile619Phe	ENST00000370225	True	2	1614108	0	2.1959682023804296e-05	sas	False	below_supporting_threshold	1485732.0	VUS	1.0	screened	missense	p.I619F	ABCA4_d8a8e3d56fdfbd0d	True	True	True	population-compatible; not clinical benign
chr1:94046986:T>C	1-94046986-T-C	rs1338802362	c.2851A>G	p.Ile951Val	ENST00000370225	True	3	1614150	0	2.1959199806759043e-05	sas	False	below_supporting_threshold									False	False	population-compatible; not clinical benign
chr1:94010929:C>T	1-94010929-C-T	rs565564468	c.5585G>A	p.Gly1862Asp	ENST00000370225	True	3	1614092	0	2.1958717610891526e-05	sas	False	below_supporting_threshold									False	False	population-compatible; not clinical benign
chr1:94037257:G>A	1-94037257-G-A	rs1383231039	c.3701C>T	p.Pro1234Leu	ENST00000370225	True	2	1614156	0	2.1958717610891526e-05	sas	False	below_supporting_threshold	623694.0	Conflicting	1.0	screened	missense	p.P1234L	ABCA4_0e8599e576bd3330	True	True	True	population-compatible; not clinical benign
chr1:94041286:T>A	1-94041286-T-A	rs761915394	c.3445A>T	p.Asn1149Tyr	ENST00000370225	True	2	1614116	0	2.1958717610891526e-05	sas	False	below_supporting_threshold									False	False	population-compatible; not clinical benign
chr1:94044670:A>G	1-94044670-A-G	rs1660621523	c.2993T>C	p.Leu998Pro	ENST00000370225	True	2	1614184	0	2.1958717610891526e-05	sas	False	below_supporting_threshold	938163.0	VUS	1.0	screened	missense	p.L998P	ABCA4_49b0b3b74855327e	True	True	True	population-compatible; not clinical benign
chr1:94098870:G>C	1-94098870-G-C		c.692C>G	p.Ser231Cys	ENST00000370225	True	2	1614122	0	2.1958717610891526e-05	sas	False	below_supporting_threshold									False	False	population-compatible; not clinical benign
chr1:94011327:C>A	1-94011327-C-A	rs946348819	c.5519G>T	p.Cys1840Phe	ENST00000370225	True	3	1614160	0	2.1958235436200346e-05	sas	False	below_supporting_threshold	4796883.0	P/LP	1.0	screened	missense	p.C1840F	ABCA4_cb326b48eed29480	True	True	True	population-compatible; not clinical benign
chr1:94011327:C>G	1-94011327-C-G	rs946348819	c.5519G>C	p.Cys1840Ser	ENST00000370225	True	2	1614160	0	2.1958235436200346e-05	sas	False	below_supporting_threshold	866743.0	VUS	2.0	screened	missense	p.C1840S	ABCA4_9b6979f254838261	True	True	True	population-compatible; not clinical benign
chr1:94021312:G>T	1-94021312-G-T		c.4946C>A	p.Pro1649His	ENST00000370225	True	2	1614202	0	2.1958235436200346e-05	sas	False	below_supporting_threshold									False	False	population-compatible; not clinical benign
chr1:94046925:G>T	1-94046925-G-T	rs61749450	c.2912C>A	p.Thr971Asn	ENST00000370225	True	3	1614122	0	2.1958235436200346e-05	sas	False	below_supporting_threshold	99173.0	P/LP	2.0	screened	missense	p.T971N	ABCA4_d75679951657650f	True	True	True	population-compatible; not clinical benign
chr1:94079345:C>T	1-94079345-C-T	rs755715955	c.1216G>A	p.Ala406Thr	ENST00000370225	True	2	1614164	0	2.1958235436200346e-05	sas	False	below_supporting_threshold									False	False	population-compatible; not clinical benign
chr1:93998085:T>C	1-93998085-T-C	rs780593170	c.6505A>G	p.Met2169Val	ENST00000370225	True	27	1614216	0	2.1957753282684117e-05	sas	False	below_supporting_threshold									False	False	population-compatible; not clinical benign
chr1:94001071:C>T	1-94001071-C-T	rs1057520213	c.6317G>A	p.Arg2106His	ENST00000370225	True	4	1613958	0	2.1957753282684117e-05	sas	False	below_supporting_threshold	377409.0	P/LP	2.0	wt_equivalent	missense	p.R2106H	ABCA4_WT	False	True	True	population-compatible; not clinical benign
chr1:94001949:G>A	1-94001949-G-A	rs1362964563	c.6191C>T	p.Ala2064Val	ENST00000370225	True	3	1614204	0	2.1957753282684117e-05	sas	False	below_supporting_threshold	865907.0	P/LP	2.0	wt_equivalent	missense	p.A2064V	ABCA4_WT	False	True	True	population-compatible; not clinical benign
chr1:94021877:C>T	1-94021877-C-T	rs757975622	c.4742G>A	p.Ser1581Asn	ENST00000370225	True	2	1614198	0	2.1957753282684117e-05	sas	False	below_supporting_threshold									False	False	population-compatible; not clinical benign
chr1:94062655:G>A	1-94062655-G-A	rs780772475	c.1859C>T	p.Thr620Ile	ENST00000370225	True	2	1614152	0	2.1957753282684117e-05	sas	False	below_supporting_threshold									False	False	population-compatible; not clinical benign
chr1:94113026:A>G	1-94113026-A-G		c.107T>C	p.Phe36Ser	ENST00000370225	True	2	1614158	1	2.1957753282684117e-05	sas	False	below_supporting_threshold									False	False	population-compatible; not clinical benign
chr1:93996179:G>T	1-93996179-G-T		c.6746C>A	p.Ala2249Asp	ENST00000370225	True	2	1613864	0	2.1957271150341434e-05	sas	False	below_supporting_threshold	2910113.0	P/LP	1.0	wt_equivalent	missense	p.A2249D	ABCA4_WT	False	True	True	population-compatible; not clinical benign
chr1:94080549:T>C	1-94080549-T-C	rs1392115832	c.1028A>G	p.Asn343Ser	ENST00000370225	True	5	1614162	0	2.1957271150341434e-05	sas	False	below_supporting_threshold									False	False	population-compatible; not clinical benign
chr1:94111537:G>A	1-94111537-G-A	rs62654397	c.203C>T	p.Pro68Leu	ENST00000370225	True	9	1614086	0	2.1957271150341434e-05	sas	False	below_supporting_threshold	99113.0	P/LP	3.0	screened	missense	p.P68L	ABCA4_132dc27b600f50e8	True	True	True	population-compatible; not clinical benign
chr1:93998037:C>G	1-93998037-C-G	rs1243362165	c.6553G>C	p.Val2185Leu	ENST00000370225	True	2	1614226	0	2.1956789039170913e-05	sas	False	below_supporting_threshold									False	False	population-compatible; not clinical benign
chr1:94001880:C>G	1-94001880-C-G	rs769480667	c.6260G>C	p.Gly2087Ala	ENST00000370225	True	2	1614242	0	2.1956789039170913e-05	sas	False	below_supporting_threshold									False	False	population-compatible; not clinical benign
chr1:94001947:C>G	1-94001947-C-G	rs886043588	c.6193G>C	p.Asp2065His	ENST00000370225	True	2	1614068	0	2.1956789039170913e-05	sas	False	below_supporting_threshold	287181.0	VUS	1.0	wt_equivalent	missense	p.D2065H	ABCA4_WT	False	True	True	population-compatible; not clinical benign
chr1:94031869:G>A	1-94031869-G-A	rs780550919	c.4037C>T	p.Thr1346Met	ENST00000370225	True	17	1614098	0	2.1956789039170913e-05	sas	False	below_supporting_threshold	1512314.0	VUS	2.0	screened	missense	p.T1346M	ABCA4_c4b3a6c0da25831e	True	True	True	population-compatible; not clinical benign
chr1:94037341:T>C	1-94037341-T-C	rs1660367971	c.3617A>G	p.Asn1206Ser	ENST00000370225	True	2	1614004	0	2.1956789039170913e-05	sas	False	below_supporting_threshold									False	False	population-compatible; not clinical benign
chr1:94000900:G>A	1-94000900-G-A	rs61750653	c.6415C>T	p.Arg2139Trp	ENST00000370225	True	18	1614184	0	2.195630694917115e-05	sas	False	below_supporting_threshold	99458.0	P/LP	3.0	wt_equivalent	missense	p.R2139W	ABCA4_WT	False	True	True	population-compatible; not clinical benign
chr1:94014581:C>T	1-94014581-C-T	rs1659670791	c.5422G>A	p.Ala1808Thr	ENST00000370225	True	2	1614212	0	2.195630694917115e-05	sas	False	below_supporting_threshold									False	False	population-compatible; not clinical benign
chr1:94121029:T>G	1-94121029-T-G	rs1662937406	c.17A>C	p.Gln6Pro	ENST00000370225	True	2	1614060	0	2.195630694917115e-05	sas	False	below_supporting_threshold									False	False	population-compatible; not clinical benign
chr1:94010866:A>C	1-94010866-A-C		c.5648T>G	p.Val1883Gly	ENST00000370225	True	2	1614146	0	2.1955824880340756e-05	sas	False	below_supporting_threshold	1719459.0	VUS	1.0	screened	missense	p.V1883G	ABCA4_05414e9598c4a26f	True	True	True	population-compatible; not clinical benign
chr1:94019662:C>T	1-94019662-C-T	rs1044818989	c.5116G>A	p.Val1706Met	ENST00000370225	True	26	1613274	0	2.1191433235965763e-05	nfe	False	below_supporting_threshold	2091141.0	VUS	1.0	screened	missense	p.V1706M	ABCA4_afe875330b4b0bb2	True	True	True	population-compatible; not clinical benign
chr1:94030433:C>A	1-94030433-C-A	rs886044741	c.4347G>T	p.Trp1449Cys	ENST00000370225	True	26	1614172	0	2.1186225224828222e-05	nfe	False	below_supporting_threshold	236112.0	P/LP	1.0	screened	missense	p.W1449C	ABCA4_27c547fe49e583b1	True	True	True	population-compatible; not clinical benign
chr1:94041301:G>A	1-94041301-G-A	rs1047230065	c.3430C>T	p.Pro1144Ser	ENST00000370225	True	24	1613986	0	2.0338776215835095e-05	nfe	False	below_supporting_threshold	1060710.0	VUS	1.0	screened	missense	p.P1144S	ABCA4_33f88defde5e209b	True	True	True	population-compatible; not clinical benign
chr1:94037204:C>T	1-94037204-C-T	rs61752423	c.3754G>A	p.Glu1252Lys	ENST00000370225	True	24	1614106	0	2.0338155736037856e-05	nfe	False	below_supporting_threshold									False	False	population-compatible; not clinical benign
chr1:94045867:G>A	1-94045867-G-A	rs1213606051	c.2795C>T	p.Thr932Ile	ENST00000649773	False	1	456162	0	1.9968848596189943e-05	afr	False	below_supporting_threshold									False	False	population-compatible; not clinical benign
chr1:94045929:C>A	1-94045929-C-A	rs1660659828	c.2733G>T	p.Glu911Asp	ENST00000649773	False	1	456180	0	1.996725370392556e-05	afr	False	below_supporting_threshold									False	False	population-compatible; not clinical benign
chr1:94045741:A>G	1-94045741-A-G	rs1406145435	c.2921T>C	p.Val974Ala	ENST00000649773	False	2	456162	0	1.9966456353326413e-05	afr	False	below_supporting_threshold									False	False	population-compatible; not clinical benign
chr1:94045954:G>T	1-94045954-G-T		c.2708C>A	p.Ala903Asp	ENST00000649773	False	1	456236	0	1.9926669854933842e-05	afr	False	below_supporting_threshold									False	False	population-compatible; not clinical benign
chr1:94045915:C>T	1-94045915-C-T	rs1298844231	c.2747G>A	p.Arg916Lys	ENST00000649773	False	1	456306	0	1.9921906127978326e-05	afr	False	below_supporting_threshold									False	False	population-compatible; not clinical benign
chr1:94078634:T>C	1-94078634-T-C	rs745630457	c.1312A>G	p.Ile438Val	ENST00000370225	True	1	1475096	0	1.9501540621709114e-05	amr	False	below_supporting_threshold									False	False	population-compatible; not clinical benign
chr1:94041225:T>C	1-94041225-T-C	rs776916571	c.3506A>G	p.Gln1169Arg	ENST00000370225	True	26	1614070	0	1.9490831682262157e-05	nfe	False	below_supporting_threshold	3516739.0	VUS	2.0	screened	missense	p.Q1169R	ABCA4_2f022f42d24cac56	True	True	True	population-compatible; not clinical benign
chr1:94055218:C>G	1-94055218-C-G	rs144018419	c.2480G>C	p.Ser827Thr	ENST00000370225	True	23	1614072	0	1.949076561422182e-05	nfe	False	below_supporting_threshold	873958.0	VUS	2.0	screened	missense	p.S827T	ABCA4_50f02edff23cda4b	True	True	True	population-compatible; not clinical benign
chr1:94029474:C>T	1-94029474-C-T	rs190370456	c.4510G>A	p.Glu1504Lys	ENST00000370225	True	19	1570864	0	1.869508319312021e-05	amr	False	below_supporting_threshold	298238.0	VUS	2.0	screened	missense	p.E1504K	ABCA4_033c6dddb1544abc	True	True	True	population-compatible; not clinical benign
chr1:94024954:C>T	1-94024954-C-T		c.4634G>A	p.Ser1545Asn	ENST00000370225	True	22	1612674	0	1.866478887578583e-05	nfe	False	below_supporting_threshold	4687400.0	VUS	1.0	screened	missense	p.S1545N	ABCA4_cc5148c89b0c9a6a	True	True	True	population-compatible; not clinical benign
chr1:94098985:G>A	1-94098985-G-A	rs761305962	c.577C>T	p.His193Tyr	ENST00000370225	True	22	1606816	0	1.8648840635484676e-05	nfe	False	below_supporting_threshold	1974332.0	VUS	1.0	screened	missense	p.H193Y	ABCA4_b1d8e68a651538b2	True	True	True	population-compatible; not clinical benign
chr1:94030461:A>G	1-94030461-A-G	rs61750141	c.4319T>C	p.Phe1440Ser	ENST00000370225	True	23	1614204	0	1.8643720201826745e-05	nfe	False	below_supporting_threshold	99277.0	P/LP	2.0	screened	missense	p.F1440S	ABCA4_60109be534de11de	True	True	True	population-compatible; not clinical benign
chr1:94021923:G>A	1-94021923-G-A	rs377398404	c.4696C>T	p.Leu1566Phe	ENST00000370225	True	24	1614182	0	1.864346741376125e-05	nfe	False	below_supporting_threshold	635493.0	VUS	2.0	screened	missense	p.L1566F	ABCA4_84514262bf2bcd25	True	True	True	population-compatible; not clinical benign
chr1:94055204:C>T	1-94055204-C-T	rs866110084	c.2494G>A	p.Asp832Asn	ENST00000370225	True	23	1614054	0	1.864346741376125e-05	nfe	False	below_supporting_threshold	4854061.0	VUS	1.0	screened	missense	p.D832N	ABCA4_20864a7aecc0a6f5	True	True	True	population-compatible; not clinical benign
chr1:94014596:C>T	1-94014596-C-T	rs755666756	c.5407G>A	p.Gly1803Ser	ENST00000370225	True	24	1613958	0	1.7796610169491526e-05	nfe	False	below_supporting_threshold	959215.0	VUS	2.0	screened	missense	p.G1803S	ABCA4_26350caf16654a14	True	True	True	population-compatible; not clinical benign
chr1:94080573:A>G	1-94080573-A-G		c.1004T>C	p.Leu335Pro	ENST00000370225	True	21	1614134	0	1.779630853714344e-05	nfe	False	below_supporting_threshold									False	False	population-compatible; not clinical benign
chr1:94055138:C>T	1-94055138-C-T	rs61749437	c.2560G>A	p.Ala854Thr	ENST00000370225	True	26	1613978	0	1.7796248211900774e-05	nfe	False	below_supporting_threshold	99143.0	Conflicting	1.0	screened	missense	p.A854T	ABCA4_9891dda8e0006a10	True	True	True	population-compatible; not clinical benign
chr1:94043377:C>T	1-94043377-C-T	rs61750062	c.3149G>A	p.Gly1050Asp	ENST00000370225	True	25	1613998	0	1.7796097400583374e-05	nfe	False	below_supporting_threshold	99199.0	Conflicting	1.0	screened	missense	p.G1050D	ABCA4_5451a790134c77d1	True	True	True	population-compatible; not clinical benign
chr1:94021313:G>A	1-94021313-G-A	rs886046563	c.4945C>T	p.Pro1649Ser	ENST00000370225	True	22	1614094	0	1.7796037076772103e-05	nfe	False	below_supporting_threshold	298231.0	VUS	2.0	screened	missense	p.P1649S	ABCA4_53263bf343fa271f	True	True	True	population-compatible; not clinical benign
chr1:94045864:G>A	1-94045864-G-A	rs1349111321	c.2798C>T	p.Ser933Leu	ENST00000649773	False	4	456134	0	1.7623008600028198e-05	nfe	False	below_supporting_threshold									False	False	population-compatible; not clinical benign
chr1:94029578:T>A	1-94029578-T-A		c.4406A>T	p.Asn1469Ile	ENST00000370225	True	21	1614006	0	1.694978456823814e-05	nfe	False	below_supporting_threshold									False	False	population-compatible; not clinical benign
chr1:94021889:A>G	1-94021889-A-G	rs771574413	c.4730T>C	p.Val1577Ala	ENST00000370225	True	20	1614034	0	1.6949037633643163e-05	nfe	False	below_supporting_threshold	502045.0	VUS	2.0	screened	missense	p.V1577A	ABCA4_71e8b0e82bfe7396	True	True	True	population-compatible; not clinical benign
chr1:94062697:C>T	1-94062697-C-T	rs147932486	c.1817G>A	p.Gly606Asp	ENST00000370225	True	21	1614122	0	1.694880782085788e-05	nfe	False	below_supporting_threshold	1015434.0	Conflicting	1.0	screened	missense	p.G606D	ABCA4_7de986dcaade9442	True	True	True	population-compatible; not clinical benign
chr1:94098897:G>A	1-94098897-G-A	rs2101135772	c.665C>T	p.Ala222Val	ENST00000370225	True	21	1614034	0	1.6948664191031785e-05	nfe	False	below_supporting_threshold	1418365.0	VUS	1.0	screened	missense	p.A222V	ABCA4_c4e0861ab8c7f627	True	True	True	population-compatible; not clinical benign
chr1:94031839:T>G	1-94031839-T-G	rs994570602	c.4067A>C	p.Gln1356Pro	ENST00000370225	True	24	1614170	0	1.6948606739782956e-05	nfe	False	below_supporting_threshold	1415352.0	VUS	2.0	screened	missense	p.Q1356P	ABCA4_012bc97f9ae51bab	True	True	True	population-compatible; not clinical benign
chr1:94029519:T>A	1-94029519-T-A	rs751402865	c.4465A>T	p.Arg1489Trp	ENST00000370225	True	1	1608344	0	1.6865681710854754e-05	amr	False	below_supporting_threshold									False	False	population-compatible; not clinical benign
chr1:94019620:G>A	1-94019620-G-A	rs781126638	c.5158C>T	p.Pro1720Ser	ENST00000370225	True	10	1610980	0	1.6772332360538056e-05	amr	False	below_supporting_threshold	4267710.0	VUS	1.0	screened	missense	p.P1720S	ABCA4_c086261c1a08528e	True	True	True	population-compatible; not clinical benign
chr1:94040103:C>T	1-94040103-C-T	rs75267647	c.3547G>A	p.Gly1183Ser	ENST00000370225	True	1	1609900	0	1.6765583609965462e-05	amr	False	below_supporting_threshold									False	False	population-compatible; not clinical benign
chr1:94040102:C>A	1-94040102-C-A	rs1448698653	c.3548G>T	p.Gly1183Val	ENST00000370225	True	1	1609968	0	1.6759963798478194e-05	amr	False	below_supporting_threshold									False	False	population-compatible; not clinical benign
chr1:94040093:G>A	1-94040093-G-A	rs1190228533	c.3557C>T	p.Thr1186Ile	ENST00000370225	True	1	1610460	0	1.6753786355716393e-05	amr	False	below_supporting_threshold	3619173.0	VUS	1.0	screened	missense	p.T1186I	ABCA4_43306d94a0d25528	True	True	True	population-compatible; not clinical benign
chr1:94019746:C>T	1-94019746-C-T	rs1659845637	c.5032G>A	p.Val1678Met	ENST00000370225	True	1	1612536	0	1.6725204883759826e-05	amr	False	below_supporting_threshold	858338.0	VUS	1.0	screened	missense	p.V1678M	ABCA4_8acb9381d8f1f786	True	True	True	population-compatible; not clinical benign
chr1:94015852:C>A	1-94015852-C-A	rs1193466111	c.5199G>T	p.Met1733Ile	ENST00000370225	True	1	1612594	0	1.671011296036361e-05	amr	False	below_supporting_threshold									False	False	population-compatible; not clinical benign
chr1:94021656:G>C	1-94021656-G-C	rs1659900849	c.4832C>G	p.Thr1611Ser	ENST00000370225	True	1	1612356	0	1.671011296036361e-05	amr	False	below_supporting_threshold									False	False	population-compatible; not clinical benign
chr1:94021708:T>C	1-94021708-T-C	rs1659903213	c.4780A>G	p.Ile1594Val	ENST00000370225	True	5	1612532	0	1.671011296036361e-05	amr	False	below_supporting_threshold	3957946.0	B/LB	1.0	screened	missense	p.I1594V	ABCA4_bb7f1b742767af90	True	True	True	population-compatible; not clinical benign
chr1:94019730:G>A	1-94019730-G-A	rs1402394753	c.5048C>T	p.Ala1683Val	ENST00000370225	True	1	1612918	0	1.6698393614534282e-05	amr	False	below_supporting_threshold									False	False	population-compatible; not clinical benign
chr1:94008845:A>G	1-94008845-A-G	rs1557762858	c.5741T>C	p.Ile1914Thr	ENST00000370225	True	5	1612902	0	1.6690032712464117e-05	amr	False	below_supporting_threshold									False	False	population-compatible; not clinical benign
chr1:94008867:C>A	1-94008867-C-A	rs949868061	c.5719G>T	p.Ala1907Ser	ENST00000370225	True	1	1612592	0	1.6688361536664332e-05	amr	False	below_supporting_threshold									False	False	population-compatible; not clinical benign
chr1:94021680:G>C	1-94021680-G-C	rs773251303	c.4808C>G	p.Pro1603Arg	ENST00000370225	True	6	1613158	0	1.6683906703593712e-05	amr	False	below_supporting_threshold	1423732.0	VUS	1.0	screened	missense	p.P1603R	ABCA4_58d6de9bc86e6af9	True	True	True	population-compatible; not clinical benign
chr1:94056768:C>T	1-94056768-C-T	rs1292586798	c.2215G>A	p.Ala739Thr	ENST00000370225	True	8	1613200	0	1.668335001668335e-05	amr	False	below_supporting_threshold									False	False	population-compatible; not clinical benign
chr1:94021699:C>G	1-94021699-C-G	rs1216892888	c.4789G>C	p.Glu1597Gln	ENST00000370225	True	1	1613364	0	1.6682793366921357e-05	amr	False	below_supporting_threshold									False	False	population-compatible; not clinical benign
chr1:94021673:G>T	1-94021673-G-T	rs1363935972	c.4815C>A	p.Phe1605Leu	ENST00000370225	True	1	1613204	0	1.6682236754304018e-05	amr	False	below_supporting_threshold									False	False	population-compatible; not clinical benign
chr1:94121014:A>G	1-94121014-A-G	rs62645946	c.32T>C	p.Leu11Pro	ENST00000370225	True	7	1613874	0	1.667722891164404e-05	amr	False	below_supporting_threshold	99217.0	P/LP	3.0	screened	missense	p.L11P	ABCA4_b50864e1f37ed202	True	True	True	population-compatible; not clinical benign
chr1:94113015:T>A	1-94113015-T-A	rs761112891	c.118A>T	p.Ile40Phe	ENST00000370225	True	4	1613630	0	1.6675004168751043e-05	amr	False	below_supporting_threshold	847680.0	VUS	1.0	screened	missense	p.I40F	ABCA4_8efe2aae5f9babd7	True	True	True	population-compatible; not clinical benign
chr1:94062751:T>A	1-94062751-T-A	rs972888328	c.1763A>T	p.Tyr588Phe	ENST00000370225	True	1	1613680	0	1.667389201987528e-05	amr	False	below_supporting_threshold	1354877.0	VUS	1.0	screened	missense	p.Y588F	ABCA4_c372c52d83c99a6e	True	True	True	population-compatible; not clinical benign
chr1:94029588:C>A	1-94029588-C-A	rs1315143020	c.4396G>T	p.Val1466Leu	ENST00000370225	True	1	1613932	0	1.6672780019340425e-05	amr	False	below_supporting_threshold	2084446.0	VUS	1.0	screened	missense	p.V1466L	ABCA4_e6b81784aa79d911	True	True	True	population-compatible; not clinical benign
chr1:94031993:C>T	1-94031993-C-T	rs1660219342	c.3913G>A	p.Gly1305Ser	ENST00000370225	True	3	1613680	0	1.667111229661243e-05	amr	False	below_supporting_threshold	959487.0	VUS	1.0	screened	missense	p.G1305S	ABCA4_3092a33dbc896b64	True	True	True	population-compatible; not clinical benign
chr1:94056752:G>T	1-94056752-G-T		c.2231C>A	p.Thr744Asn	ENST00000370225	True	1	1613878	0	1.667111229661243e-05	amr	False	below_supporting_threshold									False	False	population-compatible; not clinical benign
chr1:94056753:T>A	1-94056753-T-A	rs1276613701	c.2230A>T	p.Thr744Ser	ENST00000370225	True	1	1613770	0	1.6670000666800028e-05	amr	False	below_supporting_threshold									False	False	population-compatible; not clinical benign
chr1:93997899:T>C	1-93997899-T-C	rs1659052861	c.6691A>G	p.Ile2231Val	ENST00000370225	True	2	1613946	0	1.666944490748458e-05	amr	False	below_supporting_threshold	2167230.0	VUS	1.0	wt_equivalent	missense	p.I2231V	ABCA4_WT	False	True	True	population-compatible; not clinical benign
chr1:94063298:A>C	1-94063298-A-C	rs1661181033	c.1574T>G	p.Phe525Cys	ENST00000370225	True	1	1614026	0	1.6668889185224698e-05	amr	False	below_supporting_threshold	2202804.0	P/LP	1.0	screened	missense	p.F525C	ABCA4_bdd110dcb1fabe5a	True	True	True	population-compatible; not clinical benign
chr1:94015793:G>A	1-94015793-G-A	rs1249295549	c.5258C>T	p.Ala1753Val	ENST00000370225	True	1	1614010	0	1.666833350001667e-05	amr	False	below_supporting_threshold	942382.0	VUS	1.0	screened	missense	p.A1753V	ABCA4_844f60d2e555c3e0	True	True	True	population-compatible; not clinical benign
chr1:94098960:T>G	1-94098960-T-G	rs1040637568	c.602A>C	p.Lys201Thr	ENST00000370225	True	1	1611326	0	1.666833350001667e-05	amr	False	below_supporting_threshold									False	False	population-compatible; not clinical benign
chr1:94023411:T>C	1-94023411-T-C	rs1211477643	c.4642A>G	p.Ser1548Gly	ENST00000370225	True	3	1609494	0	1.666777785185679e-05	amr	False	below_supporting_threshold	3281829.0	VUS	1.0	screened	missense	p.S1548G	ABCA4_9c750b39bcfb0a92	True	True	True	population-compatible; not clinical benign
chr1:94029601:C>G	1-94029601-C-G	rs1347261858	c.4383G>C	p.Trp1461Cys	ENST00000370225	True	2	1613976	0	1.666777785185679e-05	amr	False	below_supporting_threshold	1048125.0	P/LP	2.0	screened	missense	p.W1461C	ABCA4_f1d51828d7968cf0	True	True	True	population-compatible; not clinical benign
chr1:94060635:T>A	1-94060635-T-A	rs1259726208	c.2062A>T	p.Asn688Tyr	ENST00000370225	True	2	1614006	0	1.666777785185679e-05	amr	False	below_supporting_threshold									False	False	population-compatible; not clinical benign
chr1:94010866:A>G	1-94010866-A-G	rs1659524799	c.5648T>C	p.Val1883Ala	ENST00000370225	True	2	1614028	0	1.666722224074136e-05	amr	False	below_supporting_threshold	1371363.0	Conflicting	1.0	screened	missense	p.V1883A	ABCA4_c2ef844fa32c2750	True	True	True	population-compatible; not clinical benign
chr1:94029570:G>C	1-94029570-G-C		c.4414C>G	p.Gln1472Glu	ENST00000370225	True	1	1614028	0	1.6666666666666667e-05	amr	False	below_supporting_threshold	2072929.0	VUS	1.0	screened	missense	p.Q1472E	ABCA4_9e64c5fa768a2403	True	True	True	population-compatible; not clinical benign
chr1:94079390:T>C	1-94079390-T-C	rs1661626138	c.1171A>G	p.Lys391Glu	ENST00000370225	True	2	1614056	0	1.6666666666666667e-05	amr	False	below_supporting_threshold									False	False	population-compatible; not clinical benign
chr1:94044695:C>T	1-94044695-C-T	rs865963204	c.2968G>A	p.Gly990Arg	ENST00000370225	True	2	1614050	0	1.6666111129629014e-05	amr	False	below_supporting_threshold									False	False	population-compatible; not clinical benign
chr1:94011289:C>T	1-94011289-C-T		c.5557G>A	p.Ala1853Thr	ENST00000370225	True	1	1613984	0	1.666555562962469e-05	amr	False	below_supporting_threshold									False	False	population-compatible; not clinical benign
chr1:94031010:C>G	1-94031010-C-G	rs1201535434	c.4239G>C	p.Gln1413His	ENST00000370225	True	1	1614040	0	1.666555562962469e-05	amr	False	below_supporting_threshold	862952.0	VUS	1.0	screened	missense	p.Q1413H	ABCA4_6ca5984553497639	True	True	True	population-compatible; not clinical benign
chr1:94041253:C>T	1-94041253-C-T	rs747634650	c.3478G>A	p.Val1160Met	ENST00000370225	True	2	1614040	0	1.666555562962469e-05	amr	False	below_supporting_threshold									False	False	population-compatible; not clinical benign
chr1:94041349:C>T	1-94041349-C-T	rs777447834	c.3382G>A	p.Asp1128Asn	ENST00000370225	True	2	1613992	0	1.666555562962469e-05	amr	False	below_supporting_threshold	3251920.0	VUS	1.0	screened	missense	p.D1128N	ABCA4_ea6982a5cc2b376f	True	True	True	population-compatible; not clinical benign
chr1:94043456:T>G	1-94043456-T-G	rs759064844	c.3070A>C	p.Met1024Leu	ENST00000370225	True	4	1614096	0	1.666555562962469e-05	amr	False	below_supporting_threshold									False	False	population-compatible; not clinical benign
chr1:94044617:G>A	1-94044617-G-A	rs1660619183	c.3046C>T	p.His1016Tyr	ENST00000370225	True	1	1614098	0	1.666555562962469e-05	amr	False	below_supporting_threshold									False	False	population-compatible; not clinical benign
chr1:94044658:C>T	1-94044658-C-T	rs752000268	c.3005G>A	p.Arg1002Gln	ENST00000370225	True	12	1614062	0	1.666555562962469e-05	amr	False	below_supporting_threshold	1005582.0	Conflicting	1.0	screened	missense	p.R1002Q	ABCA4_e4081c76c0dbb46e	True	True	True	population-compatible; not clinical benign
chr1:94024955:T>G	1-94024955-T-G	rs1659997169	c.4633A>C	p.Ser1545Arg	ENST00000370225	True	1	1611978	0	1.6665000166650003e-05	amr	False	below_supporting_threshold									False	False	population-compatible; not clinical benign
chr1:94024994:C>T	1-94024994-C-T	rs62642574	c.4594G>A	p.Asp1532Asn	ENST00000370225	True	74	1614062	0	1.6665000166650003e-05	amr	False	below_supporting_threshold	99304.0	P/LP	2.0	screened	missense	p.D1532N	ABCA4_322a6e657c08d8ca	True	True	True	population-compatible; not clinical benign
chr1:94031807:T>G	1-94031807-T-G	rs1660212470	c.4099A>C	p.Ile1367Leu	ENST00000370225	True	1	1613844	0	1.6665000166650003e-05	amr	False	below_supporting_threshold									False	False	population-compatible; not clinical benign
chr1:94042796:C>T	1-94042796-C-T	rs891533398	c.3293G>A	p.Arg1098His	ENST00000370225	True	13	1614070	0	1.6665000166650003e-05	amr	False	below_supporting_threshold	1487349.0	Conflicting	1.0	screened	missense	p.R1098H	ABCA4_f21c9a18682948fd	True	True	True	population-compatible; not clinical benign
chr1:94047009:C>A	1-94047009-C-A	rs1801581	c.2828G>T	p.Arg943Leu	ENST00000370225	True	27	1613956	0	1.6665000166650003e-05	amr	False	below_supporting_threshold	1023776.0	VUS	2.0	screened	missense	p.R943L	ABCA4_4a1388b60526954c	True	True	True	population-compatible; not clinical benign
chr1:94060677:T>C	1-94060677-T-C	rs759410405	c.2020A>G	p.Ile674Val	ENST00000370225	True	1	1614076	0	1.6665000166650003e-05	amr	False	below_supporting_threshold	848681.0	VUS	1.0	screened	missense	p.I674V	ABCA4_4ba6098fdcfd7531	True	True	True	population-compatible; not clinical benign
chr1:94077880:A>T	1-94077880-A-T	rs1366296798	c.1364T>A	p.Leu455Gln	ENST00000370225	True	2	1613972	0	1.6665000166650003e-05	amr	False	below_supporting_threshold	801519.0	P/LP	2.0	screened	missense	p.L455Q	ABCA4_9f6af7609f5446ca	True	True	True	population-compatible; not clinical benign
chr1:94001952:T>C	1-94001952-T-C	rs959036320	c.6188A>G	p.Tyr2063Cys	ENST00000370225	True	2	1614026	0	1.666444474070124e-05	amr	False	below_supporting_threshold									False	False	population-compatible; not clinical benign
chr1:94108662:G>T	1-94108662-G-T	rs1662507066	c.357C>A	p.Ser119Arg	ENST00000370225	True	1	1613922	0	1.666444474070124e-05	amr	False	below_supporting_threshold									False	False	population-compatible; not clinical benign
chr1:93997899:T>A	1-93997899-T-A		c.6691A>T	p.Ile2231Phe	ENST00000370225	True	2	1614064	0	1.6663889351774705e-05	amr	False	below_supporting_threshold									False	False	population-compatible; not clinical benign
chr1:93997977:T>C	1-93997977-T-C	rs772018688	c.6613A>G	p.Met2205Val	ENST00000370225	True	2	1614052	0	1.6663889351774705e-05	amr	False	below_supporting_threshold									False	False	population-compatible; not clinical benign
chr1:94025011:G>T	1-94025011-G-T	rs61750152	c.4577C>A	p.Thr1526Lys	ENST00000370225	True	1	1614058	0	1.6663889351774705e-05	amr	False	below_supporting_threshold									False	False	population-compatible; not clinical benign
chr1:94048877:C>T	1-94048877-C-T	rs1216408517	c.2734G>A	p.Gly912Arg	ENST00000370225	True	2	1614070	0	1.6663889351774705e-05	amr	False	below_supporting_threshold	2438728.0	VUS	1.0	screened	missense	p.G912R	ABCA4_737cf754e2577bd0	True	True	True	population-compatible; not clinical benign
chr1:93997893:C>T	1-93997893-C-T		c.6697G>A	p.Glu2233Lys	ENST00000370225	True	1	1614040	0	1.6663333999866694e-05	amr	False	below_supporting_threshold									False	False	population-compatible; not clinical benign
chr1:94025044:G>C	1-94025044-G-C	rs1660002129	c.4544C>G	p.Thr1515Arg	ENST00000370225	True	1	1613960	0	1.6663333999866694e-05	amr	False	below_supporting_threshold	2077677.0	VUS	1.0	screened	missense	p.T1515R	ABCA4_a4117b4b2f6ff8e0	True	True	True	population-compatible; not clinical benign
chr1:94043354:C>G	1-94043354-C-G	rs1265535267	c.3172G>C	p.Glu1058Gln	ENST00000370225	True	1	1614102	0	1.6663333999866694e-05	amr	False	below_supporting_threshold	1509268.0	VUS	1.0	screened	missense	p.E1058Q	ABCA4_81706d6e886f6790	True	True	True	population-compatible; not clinical benign
chr1:94083420:G>A	1-94083420-G-A	rs767947718	c.790C>T	p.Arg264Cys	ENST00000370225	True	6	1613492	0	1.6663333999866694e-05	amr	False	below_supporting_threshold	1473017.0	VUS	2.0	screened	missense	p.R264C	ABCA4_16c7262561229f75	True	True	True	population-compatible; not clinical benign
chr1:93997964:T>C	1-93997964-T-C	rs1448385291	c.6626A>G	p.Gln2209Arg	ENST00000370225	True	1	1614140	0	1.6662778684973507e-05	amr	False	below_supporting_threshold	3103055.0	VUS	1.0	wt_equivalent	missense	p.Q2209R	ABCA4_WT	False	True	True	population-compatible; not clinical benign
chr1:94007688:A>C	1-94007688-A-C	rs1259778135	c.5951T>G	p.Met1984Arg	ENST00000370225	True	1	1614112	0	1.6662778684973507e-05	amr	False	below_supporting_threshold	866385.0	Conflicting	1.0	screened	missense	p.M1984R	ABCA4_521943996d8b692e	True	True	True	population-compatible; not clinical benign
chr1:94024975:T>A	1-94024975-T-A	rs1427105205	c.4613A>T	p.Tyr1538Phe	ENST00000370225	True	1	1614072	0	1.6662778684973507e-05	amr	False	below_supporting_threshold	1019158.0	Conflicting	1.0	screened	missense	p.Y1538F	ABCA4_458624ce0f7e1c83	True	True	True	population-compatible; not clinical benign
chr1:94031938:C>G	1-94031938-C-G		c.3968G>C	p.Gly1323Ala	ENST00000370225	True	1	1614082	0	1.6662778684973507e-05	amr	False	below_supporting_threshold									False	False	population-compatible; not clinical benign
chr1:94031951:C>T	1-94031951-C-T	rs1428867662	c.3955G>A	p.Val1319Ile	ENST00000370225	True	6	1614094	0	1.6662778684973507e-05	amr	False	below_supporting_threshold									False	False	population-compatible; not clinical benign
chr1:94037342:T>G	1-94037342-T-G	rs1267724855	c.3616A>C	p.Asn1206His	ENST00000370225	True	1	1614078	0	1.6662778684973507e-05	amr	False	below_supporting_threshold									False	False	population-compatible; not clinical benign
chr1:94055159:C>A	1-94055159-C-A	rs1390658269	c.2539G>T	p.Ala847Ser	ENST00000370225	True	1	1614156	0	1.6662778684973507e-05	amr	False	below_supporting_threshold	1513361.0	VUS	1.0	screened	missense	p.A847S	ABCA4_fd872e3336b2e523	True	True	True	population-compatible; not clinical benign
chr1:94055275:T>A	1-94055275-T-A	rs1317347413	c.2423A>T	p.Tyr808Phe	ENST00000370225	True	1	1614098	0	1.6662778684973507e-05	amr	False	below_supporting_threshold									False	False	population-compatible; not clinical benign
chr1:94060538:A>G	1-94060538-A-G	rs1661092784	c.2159T>C	p.Met720Thr	ENST00000370225	True	2	1613504	0	1.6662778684973507e-05	amr	False	below_supporting_threshold									False	False	population-compatible; not clinical benign
chr1:94098834:G>A	1-94098834-G-A	rs1662208390	c.728C>T	p.Thr243Ile	ENST00000370225	True	2	1614074	0	1.6662778684973507e-05	amr	False	below_supporting_threshold									False	False	population-compatible; not clinical benign
chr1:94011367:C>A	1-94011367-C-A	rs530098237	c.5479G>T	p.Ala1827Ser	ENST00000370225	True	1	1614022	0	1.666222340709144e-05	amr	False	below_supporting_threshold									False	False	population-compatible; not clinical benign
chr1:94014671:T>A	1-94014671-T-A	rs768206358	c.5332A>T	p.Met1778Leu	ENST00000370225	True	15	1614164	0	1.666222340709144e-05	amr	False	below_supporting_threshold	2750376.0	P/LP	1.0	screened	missense	p.M1778L	ABCA4_7d81ae61db1bdca8	True	True	True	population-compatible; not clinical benign
chr1:94046972:C>G	1-94046972-C-G	rs1553191096	c.2865G>C	p.Glu955Asp	ENST00000370225	True	1	1614146	0	1.666222340709144e-05	amr	False	below_supporting_threshold									False	False	population-compatible; not clinical benign
chr1:94056721:G>T	1-94056721-G-T	rs375943659	c.2262C>A	p.Phe754Leu	ENST00000370225	True	4	1614122	0	1.666222340709144e-05	amr	False	below_supporting_threshold									False	False	population-compatible; not clinical benign
chr1:94063174:G>T	1-94063174-G-T	rs768129542	c.1698C>A	p.His566Gln	ENST00000370225	True	1	1614044	0	1.666222340709144e-05	amr	False	below_supporting_threshold									False	False	population-compatible; not clinical benign
chr1:94063208:T>C	1-94063208-T-C	rs1179239331	c.1664A>G	p.Asp555Gly	ENST00000370225	True	1	1614104	0	1.666222340709144e-05	amr	False	below_supporting_threshold									False	False	population-compatible; not clinical benign
chr1:94077742:T>A	1-94077742-T-A	rs768480888	c.1502A>T	p.Asp501Val	ENST00000370225	True	1	1614152	0	1.666222340709144e-05	amr	False	below_supporting_threshold									False	False	population-compatible; not clinical benign
chr1:94080639:G>T	1-94080639-G-T	rs911073778	c.938C>A	p.Thr313Lys	ENST00000370225	True	1	1614146	0	1.666222340709144e-05	amr	False	below_supporting_threshold									False	False	population-compatible; not clinical benign
chr1:94111510:A>G	1-94111510-A-G	rs61748527	c.230T>C	p.Val77Ala	ENST00000370225	True	1	1614078	0	1.666222340709144e-05	amr	False	below_supporting_threshold									False	False	population-compatible; not clinical benign
chr1:94007709:C>T	1-94007709-C-T	rs867079318	c.5930G>A	p.Gly1977Asp	ENST00000370225	True	1	1614006	0	1.66616681662168e-05	amr	False	below_supporting_threshold									False	False	population-compatible; not clinical benign
chr1:94008279:T>C	1-94008279-T-C	rs763465478	c.5854A>G	p.Ser1952Gly	ENST00000370225	True	3	1614124	0	1.66616681662168e-05	amr	False	below_supporting_threshold									False	False	population-compatible; not clinical benign
chr1:94011316:C>A	1-94011316-C-A	rs2101008373	c.5530G>T	p.Gly1844Cys	ENST00000370225	True	2	1614040	0	1.66616681662168e-05	amr	False	below_supporting_threshold	1065669.0	Conflicting	1.0	screened	missense	p.G1844C	ABCA4_f06b496262b3864f	True	True	True	population-compatible; not clinical benign
chr1:94044707:T>C	1-94044707-T-C	rs1327544801	c.2956A>G	p.Thr986Ala	ENST00000370225	True	1	1614144	0	1.66616681662168e-05	amr	False	below_supporting_threshold									False	False	population-compatible; not clinical benign
chr1:94048894:T>G	1-94048894-T-G		c.2717A>C	p.Asp906Ala	ENST00000370225	True	1	1614148	0	1.66616681662168e-05	amr	False	below_supporting_threshold									False	False	population-compatible; not clinical benign
chr1:94055146:C>A	1-94055146-C-A		c.2552G>T	p.Gly851Val	ENST00000370225	True	1	1614084	0	1.66616681662168e-05	amr	False	below_supporting_threshold									False	False	population-compatible; not clinical benign
chr1:94062596:G>T	1-94062596-G-T	rs766570903	c.1918C>A	p.Pro640Thr	ENST00000370225	True	1	1614170	0	1.66616681662168e-05	amr	False	below_supporting_threshold	3629462.0	P/LP	1.0	screened	missense	p.P640T	ABCA4_191215ead80b8511	True	True	True	population-compatible; not clinical benign
chr1:94063206:T>A	1-94063206-T-A	rs1038826469	c.1666A>T	p.Met556Leu	ENST00000370225	True	5	1614116	0	1.66616681662168e-05	amr	False	below_supporting_threshold									False	False	population-compatible; not clinical benign
chr1:94063238:T>C	1-94063238-T-C	rs780313752	c.1634A>G	p.Asn545Ser	ENST00000370225	True	1	1614126	0	1.66616681662168e-05	amr	False	below_supporting_threshold									False	False	population-compatible; not clinical benign
chr1:94080667:T>C	1-94080667-T-C	rs755078118	c.910A>G	p.Met304Val	ENST00000370225	True	1	1614134	0	1.66616681662168e-05	amr	False	below_supporting_threshold									False	False	population-compatible; not clinical benign
chr1:94083392:C>A	1-94083392-C-A	rs1388510409	c.818G>T	p.Trp273Leu	ENST00000370225	True	1	1613800	0	1.66616681662168e-05	amr	False	below_supporting_threshold	1059305.0	VUS	1.0	screened	missense	p.W273L	ABCA4_0f51862470fc74a1	True	True	True	population-compatible; not clinical benign
chr1:94005494:G>A	1-94005494-G-A	rs183398940	c.6094C>T	p.His2032Tyr	ENST00000370225	True	1	1614146	0	1.6661112962345883e-05	amr	False	below_supporting_threshold	866474.0	Conflicting	1.0	screened	missense	p.H2032Y	ABCA4_21ae597155ea0d49	True	True	True	population-compatible; not clinical benign
chr1:94015770:G>A	1-94015770-G-A	rs1454355504	c.5281C>T	p.Pro1761Ser	ENST00000370225	True	1	1614016	0	1.6661112962345883e-05	amr	False	below_supporting_threshold									False	False	population-compatible; not clinical benign
chr1:94031107:G>T	1-94031107-G-T	rs543127423	c.4142C>A	p.Ala1381Asp	ENST00000370225	True	1	1614140	0	1.6661112962345883e-05	amr	False	below_supporting_threshold									False	False	population-compatible; not clinical benign
chr1:94041297:A>C	1-94041297-A-C	rs1660479149	c.3434T>G	p.Leu1145Arg	ENST00000370225	True	2	1614076	0	1.6661112962345883e-05	amr	False	below_supporting_threshold	958219.0	VUS	1.0	screened	missense	p.L1145R	ABCA4_47e7a98b87008afc	True	True	True	population-compatible; not clinical benign
chr1:94046926:T>G	1-94046926-T-G	rs745825311	c.2911A>C	p.Thr971Pro	ENST00000370225	True	1	1614028	0	1.6661112962345883e-05	amr	False	below_supporting_threshold	866288.0	Conflicting	1.0	screened	missense	p.T971P	ABCA4_da1f56ed1fd5c5ce	True	True	True	population-compatible; not clinical benign
chr1:94055314:C>T	1-94055314-C-T	rs1420128252	c.2384G>A	p.Ser795Asn	ENST00000370225	True	1	1613982	0	1.6661112962345883e-05	amr	False	below_supporting_threshold	2151888.0	P/LP	2.0	screened	missense	p.S795N	ABCA4_72317cd771d69d65	True	True	True	population-compatible; not clinical benign
chr1:94060660:C>A	1-94060660-C-A	rs760611542	c.2037G>T	p.Glu679Asp	ENST00000370225	True	1	1614186	0	1.6661112962345883e-05	amr	False	below_supporting_threshold									False	False	population-compatible; not clinical benign
chr1:94063227:C>A	1-94063227-C-A	rs61748557	c.1645G>T	p.Ala549Ser	ENST00000370225	True	1	1614116	0	1.6661112962345883e-05	amr	False	below_supporting_threshold	3359855.0	VUS	1.0	screened	missense	p.A549S	ABCA4_dfc07098f0b69d27	True	True	True	population-compatible; not clinical benign
chr1:94108613:T>C	1-94108613-T-C	rs1372134179	c.406A>G	p.Met136Val	ENST00000370225	True	1	1613788	0	1.6661112962345883e-05	amr	False	below_supporting_threshold	1413292.0	VUS	1.0	screened	missense	p.M136V	ABCA4_87088cfb28c8f4e5	True	True	True	population-compatible; not clinical benign
chr1:93997943:G>T	1-93997943-G-T	rs886044763	c.6647C>A	p.Ala2216Glu	ENST00000370225	True	3	1614060	0	1.6660557795474994e-05	amr	False	below_supporting_threshold	2856450.0	P/LP	1.0	wt_equivalent	missense	p.A2216E	ABCA4_WT	False	True	True	population-compatible; not clinical benign
chr1:94001005:T>C	1-94001005-T-C	rs61750651	c.6383A>G	p.His2128Arg	ENST00000370225	True	2	1614076	0	1.6660557795474994e-05	amr	False	below_supporting_threshold	99455.0	P/LP	3.0	wt_equivalent	missense	p.H2128R	ABCA4_WT	False	True	True	population-compatible; not clinical benign
chr1:94005554:G>C	1-94005554-G-C	rs1248217831	c.6034C>G	p.Gln2012Glu	ENST00000370225	True	1	1614044	0	1.6660557795474994e-05	amr	False	below_supporting_threshold									False	False	population-compatible; not clinical benign
chr1:94007737:A>G	1-94007737-A-G	rs1220912878	c.5902T>C	p.Phe1968Leu	ENST00000370225	True	1	1613768	0	1.6660557795474994e-05	amr	False	below_supporting_threshold									False	False	population-compatible; not clinical benign
chr1:94011273:T>C	1-94011273-T-C	rs766026374	c.5573A>G	p.Tyr1858Cys	ENST00000370225	True	3	1613938	0	1.6660557795474994e-05	amr	False	below_supporting_threshold	1972408.0	P/LP	2.0	screened	missense	p.Y1858C	ABCA4_b35d3ecf0781afd4	True	True	True	population-compatible; not clinical benign
chr1:94011370:T>C	1-94011370-T-C		c.5476A>G	p.Asn1826Asp	ENST00000370225	True	1	1614014	0	1.6660557795474994e-05	amr	False	below_supporting_threshold									False	False	population-compatible; not clinical benign
chr1:94060706:A>T	1-94060706-A-T	rs767782886	c.1991T>A	p.Ile664Asn	ENST00000370225	True	1	1614114	0	1.6660557795474994e-05	amr	False	below_supporting_threshold									False	False	population-compatible; not clinical benign
chr1:94063176:G>T	1-94063176-G-T	rs761105591	c.1696C>A	p.His566Asn	ENST00000370225	True	1	1614102	0	1.6660557795474994e-05	amr	False	below_supporting_threshold	1950639.0	VUS	1.0	screened	missense	p.H566N	ABCA4_56b68ad38ea89fb1	True	True	True	population-compatible; not clinical benign
chr1:94005511:A>G	1-94005511-A-G	rs886044758	c.6077T>C	p.Leu2026Pro	ENST00000370225	True	3	1614182	0	1.6660002665600426e-05	amr	False	below_supporting_threshold	236144.0	P/LP	2.0	screened	missense	p.L2026P	ABCA4_00447af66fd50e33	True	True	True	population-compatible; not clinical benign
chr1:94047015:C>A	1-94047015-C-A	rs113503406	c.2822G>T	p.Cys941Phe	ENST00000370225	True	2	1614134	0	1.6660002665600426e-05	amr	False	below_supporting_threshold	1009650.0	VUS	1.0	screened	missense	p.C941F	ABCA4_4dbddebe10967e83	True	True	True	population-compatible; not clinical benign
chr1:94062602:G>A	1-94062602-G-A	rs754088610	c.1912C>T	p.Pro638Ser	ENST00000370225	True	1	1614206	0	1.6660002665600426e-05	amr	False	below_supporting_threshold	813128.0	P/LP	1.0	screened	missense	p.P638S	ABCA4_adad36e34dcabc4f	True	True	True	population-compatible; not clinical benign
chr1:94062674:T>C	1-94062674-T-C	rs749053239	c.1840A>G	p.Met614Val	ENST00000370225	True	5	1614124	0	1.6660002665600426e-05	amr	False	below_supporting_threshold	1469908.0	VUS	1.0	screened	missense	p.M614V	ABCA4_d259dd32e2cec2a8	True	True	True	population-compatible; not clinical benign
chr1:94080481:T>C	1-94080481-T-C	rs1208590733	c.1096A>G	p.Thr366Ala	ENST00000370225	True	1	1614200	0	1.6660002665600426e-05	amr	False	below_supporting_threshold									False	False	population-compatible; not clinical benign
chr1:93998069:G>A	1-93998069-G-A	rs756641536	c.6521C>T	p.Pro2174Leu	ENST00000370225	True	12	1614152	0	1.665944757271849e-05	amr	False	below_supporting_threshold	961435.0	VUS	2.0	wt_equivalent	missense	p.P2174L	ABCA4_WT	False	True	True	population-compatible; not clinical benign
chr1:94021850:C>T	1-94021850-C-T	rs568632498	c.4769G>A	p.Ser1590Asn	ENST00000370225	True	1	1614170	0	1.665944757271849e-05	amr	False	below_supporting_threshold									False	False	population-compatible; not clinical benign
chr1:94037158:G>C	1-94037158-G-C	rs763219678	c.3800C>G	p.Thr1267Ser	ENST00000370225	True	3	1614190	0	1.665944757271849e-05	amr	False	below_supporting_threshold	1025761.0	VUS	1.0	screened	missense	p.T1267S	ABCA4_83f5dffe68db38fb	True	True	True	population-compatible; not clinical benign
chr1:94041246:T>A	1-94041246-T-A	rs1361239964	c.3485A>T	p.Lys1162Met	ENST00000370225	True	1	1614188	0	1.665944757271849e-05	amr	False	below_supporting_threshold									False	False	population-compatible; not clinical benign
chr1:94055128:A>G	1-94055128-A-G	rs768435443	c.2570T>C	p.Leu857Pro	ENST00000370225	True	1	1614188	0	1.665944757271849e-05	amr	False	below_supporting_threshold	867186.0	Conflicting	1.0	screened	missense	p.L857P	ABCA4_09235ee334e11abf	True	True	True	population-compatible; not clinical benign
chr1:94060567:C>T	1-94060567-C-T	rs267598777	c.2130G>A	p.Met710Ile	ENST00000370225	True	3	1614166	0	1.665944757271849e-05	amr	False	below_supporting_threshold									False	False	population-compatible; not clinical benign
chr1:94063236:T>C	1-94063236-T-C		c.1636A>G	p.Met546Val	ENST00000370225	True	3	1614122	0	1.665944757271849e-05	amr	False	below_supporting_threshold									False	False	population-compatible; not clinical benign
chr1:94079324:T>A	1-94079324-T-A	rs763545409	c.1237A>T	p.Asn413Tyr	ENST00000370225	True	1	1614130	0	1.665944757271849e-05	amr	False	below_supporting_threshold	1011177.0	P/LP	1.0	screened	missense	p.N413Y	ABCA4_cb50c1b99e6bc7a2	True	True	True	population-compatible; not clinical benign
chr1:93997982:T>C	1-93997982-T-C	rs1366674524	c.6608A>G	p.Tyr2203Cys	ENST00000370225	True	4	1614190	0	1.6658892516825483e-05	amr	False	below_supporting_threshold									False	False	population-compatible; not clinical benign
chr1:94021860:T>G	1-94021860-T-G	rs1313766882	c.4759A>C	p.Met1587Leu	ENST00000370225	True	1	1614212	0	1.6658892516825483e-05	amr	False	below_supporting_threshold									False	False	population-compatible; not clinical benign
chr1:94036765:A>T	1-94036765-A-T	rs1483964686	c.3837T>A	p.Asp1279Glu	ENST00000370225	True	1	1614164	0	1.6658892516825483e-05	amr	False	below_supporting_threshold	4267541.0	VUS	1.0	screened	missense	p.D1279E	ABCA4_ab8fb972d95b587b	True	True	True	population-compatible; not clinical benign
chr1:94041377:G>T	1-94041377-G-T		c.3354C>A	p.His1118Gln	ENST00000370225	True	1	1614048	0	1.6658892516825483e-05	amr	False	below_supporting_threshold									False	False	population-compatible; not clinical benign
chr1:94047070:G>A	1-94047070-G-A	rs1443880828	c.2767C>T	p.Pro923Ser	ENST00000370225	True	1	1614156	0	1.6658892516825483e-05	amr	False	below_supporting_threshold									False	False	population-compatible; not clinical benign
chr1:94060573:C>A	1-94060573-C-A	rs753711353	c.2124G>T	p.Met708Ile	ENST00000370225	True	1	1614182	0	1.6658892516825483e-05	amr	False	below_supporting_threshold	859100.0	VUS	1.0	screened	missense	p.M708I	ABCA4_a01664a943f364ad	True	True	True	population-compatible; not clinical benign
chr1:94077860:C>T	1-94077860-C-T	rs1175552999	c.1384G>A	p.Asp462Asn	ENST00000370225	True	1	1614206	0	1.6658892516825483e-05	amr	False	below_supporting_threshold									False	False	population-compatible; not clinical benign
chr1:94014559:A>G	1-94014559-A-G	rs1172983360	c.5444T>C	p.Leu1815Ser	ENST00000370225	True	1	1614244	0	1.6658337497917707e-05	amr	False	below_supporting_threshold	3369623.0	VUS	1.0	screened	missense	p.L1815S	ABCA4_8af1000449f16909	True	True	True	population-compatible; not clinical benign
chr1:94043462:C>G	1-94043462-C-G	rs61749459	c.3064G>C	p.Glu1022Gln	ENST00000370225	True	1	1614176	0	1.6658337497917707e-05	amr	False	below_supporting_threshold									False	False	population-compatible; not clinical benign
chr1:94108655:G>T	1-94108655-G-T	rs1344635783	c.364C>A	p.Leu122Ile	ENST00000370225	True	1	1614040	0	1.6658337497917707e-05	amr	False	below_supporting_threshold									False	False	population-compatible; not clinical benign
chr1:94111487:G>A	1-94111487-G-A	rs1662602042	c.253C>T	p.Pro85Ser	ENST00000370225	True	1	1614178	0	1.6658337497917707e-05	amr	False	below_supporting_threshold									False	False	population-compatible; not clinical benign
chr1:93996159:G>T	1-93996159-G-T	rs1658994254	c.6766C>A	p.His2256Asn	ENST00000370225	True	1	1614058	0	1.665778251599147e-05	amr	False	below_supporting_threshold	1505217.0	VUS	1.0	wt_equivalent	missense	p.H2256N	ABCA4_WT	False	True	True	population-compatible; not clinical benign
chr1:93998020:C>G	1-93998020-C-G		c.6570G>C	p.Gln2190His	ENST00000370225	True	3	1614204	0	1.665778251599147e-05	amr	False	below_supporting_threshold	3515581.0	VUS	1.0	wt_equivalent	missense	p.Q2190H	ABCA4_WT	False	True	True	population-compatible; not clinical benign
chr1:93998041:G>C	1-93998041-G-C	rs751809329	c.6549C>G	p.Asn2183Lys	ENST00000370225	True	1	1614184	0	1.665778251599147e-05	amr	False	below_supporting_threshold									False	False	population-compatible; not clinical benign
chr1:94001874:G>A	1-94001874-G-A		c.6266C>T	p.Pro2089Leu	ENST00000370225	True	1	1614214	0	1.665778251599147e-05	amr	False	below_supporting_threshold									False	False	population-compatible; not clinical benign
chr1:94025002:T>G	1-94025002-T-G	rs1285652480	c.4586A>C	p.Asn1529Thr	ENST00000370225	True	1	1614210	0	1.665778251599147e-05	amr	False	below_supporting_threshold									False	False	population-compatible; not clinical benign
chr1:94031836:G>C	1-94031836-G-C	rs552517556	c.4070C>G	p.Ala1357Gly	ENST00000370225	True	1	1614124	0	1.665778251599147e-05	amr	False	below_supporting_threshold	3027797.0	VUS	1.0	screened	missense	p.A1357G	ABCA4_75ab7dc0a358180b	True	True	True	population-compatible; not clinical benign
chr1:94041213:C>T	1-94041213-C-T	rs1210484040	c.3518G>A	p.Ser1173Asn	ENST00000370225	True	1	1614166	0	1.665778251599147e-05	amr	False	below_supporting_threshold	1441103.0	VUS	1.0	screened	missense	p.S1173N	ABCA4_f6337ad626dec924	True	True	True	population-compatible; not clinical benign
chr1:94037227:G>T	1-94037227-G-T	rs1458777143	c.3731C>A	p.Ala1244Asp	ENST00000370225	True	1	1614224	0	1.6657227571043075e-05	amr	False	below_supporting_threshold									False	False	population-compatible; not clinical benign
chr1:94041354:A>G	1-94041354-A-G	rs1047376	c.3377T>C	p.Leu1126Pro	ENST00000370225	True	1	1614154	0	1.6657227571043075e-05	amr	False	below_supporting_threshold	236101.0	P/LP	2.0	screened	missense	p.L1126P	ABCA4_9e64c839da424ca9	True	True	True	population-compatible; not clinical benign
chr1:94111558:A>G	1-94111558-A-G		c.182T>C	p.Met61Thr	ENST00000370225	True	1	1614254	0	1.6657227571043075e-05	amr	False	below_supporting_threshold	1928109.0	P/LP	1.0	screened	missense	p.M61T	ABCA4_a5ab7230129a6fa9	True	True	True	population-compatible; not clinical benign
chr1:94030467:G>T	1-94030467-G-T	rs774582644	c.4313C>A	p.Pro1438Gln	ENST00000370225	True	1	1614248	0	1.6656672663068825e-05	amr	False	below_supporting_threshold	1804175.0	VUS	1.0	screened	missense	p.P1438Q	ABCA4_83176e1bb00970e3	True	True	True	population-compatible; not clinical benign
chr1:94001871:G>A	1-94001871-G-A	rs533271864	c.6269C>T	p.Pro2090Leu	ENST00000370225	True	3	1614230	0	1.6656117792065027e-05	amr	False	below_supporting_threshold	1408856.0	VUS	2.0	wt_equivalent	missense	p.P2090L	ABCA4_WT	False	True	True	population-compatible; not clinical benign
chr1:94051665:A>G	1-94051665-A-G	rs1660843878	c.2621T>C	p.Leu874Pro	ENST00000370225	True	1	1614118	0	1.6656117792065027e-05	amr	False	below_supporting_threshold									False	False	population-compatible; not clinical benign
chr1:94063217:A>G	1-94063217-A-G	rs141864243	c.1655T>C	p.Val552Ala	ENST00000370225	True	19	1614104	0	1.610207699843725e-05	nfe	False	below_supporting_threshold	934597.0	VUS	2.0	screened	missense	p.V552A	ABCA4_7c8aab3fb369d61b	True	True	True	population-compatible; not clinical benign
chr1:94000924:C>T	1-94000924-C-T	rs61750652	c.6391G>A	p.Glu2131Lys	ENST00000370225	True	19	1614064	0	1.6101176402793808e-05	nfe	False	below_supporting_threshold	99457.0	P/LP	2.0	wt_equivalent	missense	p.E2131K	ABCA4_WT	False	True	True	population-compatible; not clinical benign
chr1:94111556:G>A	1-94111556-G-A	rs1355238974	c.184C>T	p.Pro62Ser	ENST00000370225	True	20	1614234	0	1.6101094535458e-05	nfe	False	below_supporting_threshold	1048140.0	P/LP	2.0	screened	missense	p.P62S	ABCA4_fa3abfa8322b9d28	True	True	True	population-compatible; not clinical benign
chr1:94045746:C>G	1-94045746-C-G	rs1386834025	c.2916G>C	p.Trp972Cys	ENST00000649773	False	1	456276	0	1.5488507527414658e-05	sas	False	below_supporting_threshold									False	False	population-compatible; not clinical benign
chr1:94045871:G>A	1-94045871-G-A	rs965143133	c.2791C>T	p.Arg931Trp	ENST00000649773	False	1	456256	0	1.5488507527414658e-05	sas	False	below_supporting_threshold									False	False	population-compatible; not clinical benign
chr1:94045961:C>T	1-94045961-C-T	rs1253315955	c.2701G>A	p.Ala901Thr	ENST00000649773	False	1	456164	0	1.5488507527414658e-05	sas	False	below_supporting_threshold									False	False	population-compatible; not clinical benign
chr1:94045856:C>A	1-94045856-C-A		c.2806G>T	p.Ala936Ser	ENST00000649773	False	2	456272	0	1.5488027754545737e-05	sas	False	below_supporting_threshold									False	False	population-compatible; not clinical benign
chr1:94045934:G>A	1-94045934-G-A		c.2728C>T	p.Pro910Ser	ENST00000649773	False	1	456274	0	1.5488027754545737e-05	sas	False	below_supporting_threshold									False	False	population-compatible; not clinical benign
chr1:94045822:A>G	1-94045822-A-G	rs1660656076	c.2840T>C	p.Phe947Ser	ENST00000649773	False	1	456246	0	1.5487068297971194e-05	sas	False	below_supporting_threshold									False	False	population-compatible; not clinical benign
chr1:94045754:A>C	1-94045754-A-C	rs771645321	c.2908T>G	p.Cys970Gly	ENST00000649773	False	1	456282	0	1.5486588614260052e-05	sas	False	below_supporting_threshold									False	False	population-compatible; not clinical benign
chr1:94045799:T>C	1-94045799-T-C	rs1182077518	c.2863A>G	p.Thr955Ala	ENST00000649773	False	1	456306	0	1.5486108960262644e-05	sas	False	below_supporting_threshold									False	False	population-compatible; not clinical benign
chr1:94045820:C>T	1-94045820-C-T		c.2842G>A	p.Gly948Arg	ENST00000649773	False	1	456284	0	1.5486108960262644e-05	sas	False	below_supporting_threshold									False	False	population-compatible; not clinical benign
chr1:94045849:T>A	1-94045849-T-A	rs1660656864	c.2813A>T	p.Asn938Ile	ENST00000649773	False	1	456138	0	1.5486108960262644e-05	sas	False	below_supporting_threshold									False	False	population-compatible; not clinical benign
chr1:94045908:T>G	1-94045908-T-G	rs1394411653	c.2754A>C	p.Glu918Asp	ENST00000649773	False	1	456158	0	1.5485149741398e-05	sas	False	below_supporting_threshold									False	False	population-compatible; not clinical benign
chr1:94045925:G>A	1-94045925-G-A	rs1660659689	c.2737C>T	p.His913Tyr	ENST00000649773	False	1	456178	0	1.5485149741398e-05	sas	False	below_supporting_threshold									False	False	population-compatible; not clinical benign
chr1:94021654:C>T	1-94021654-C-T	rs756121599	c.4834G>A	p.Glu1612Lys	ENST00000370225	True	18	1612274	0	1.5266709413453023e-05	nfe	False	below_supporting_threshold									False	False	population-compatible; not clinical benign
chr1:94019727:A>T	1-94019727-A-T	rs769711425	c.5051T>A	p.Ile1684Asn	ENST00000370225	True	20	1613486	0	1.5256926644696692e-05	nfe	False	below_supporting_threshold	1409233.0	P/LP	1.0	screened	missense	p.I1684N	ABCA4_48f015d3158a3e94	True	True	True	population-compatible; not clinical benign
chr1:94098967:C>T	1-94098967-C-T	rs746039623	c.595G>A	p.Ala199Thr	ENST00000370225	True	18	1610426	0	1.5254754398454184e-05	nfe	False	below_supporting_threshold	1052009.0	VUS	1.0	screened	missense	p.A199T	ABCA4_1253ea6ae6419fa7	True	True	True	population-compatible; not clinical benign
chr1:93997907:C>T	1-93997907-C-T	rs200821403	c.6683G>A	p.Ser2228Asn	ENST00000370225	True	22	1613956	0	1.5253901185228122e-05	nfe	False	below_supporting_threshold									False	False	population-compatible; not clinical benign
chr1:94056683:A>T	1-94056683-A-T	rs61751395	c.2300T>A	p.Val767Asp	ENST00000370225	True	18	1614034	0	1.5253875331771789e-05	nfe	False	below_supporting_threshold	99127.0	P/LP	2.0	screened	missense	p.V767D	ABCA4_50c39efb777c3a51	True	True	True	population-compatible; not clinical benign
chr1:94051638:C>T	1-94051638-C-T		c.2648G>A	p.Gly883Asp	ENST00000370225	True	17	1613628	0	1.441271574563761e-05	nfe	False	below_supporting_threshold									False	False	population-compatible; not clinical benign
chr1:94098829:A>G	1-94098829-A-G	rs201136017	c.733T>C	p.Tyr245His	ENST00000370225	True	17	1614074	0	1.4406340145554881e-05	nfe	False	below_supporting_threshold	866682.0	VUS	1.0	screened	missense	p.Y245H	ABCA4_ee511309a4f4b609	True	True	True	population-compatible; not clinical benign
chr1:94080660:T>C	1-94080660-T-C	rs1661669604	c.917A>G	p.Asn306Ser	ENST00000370225	True	18	1614028	0	1.4406242479094e-05	nfe	False	below_supporting_threshold									False	False	population-compatible; not clinical benign
chr1:94120980:C>A	1-94120980-C-A	rs2101191227	c.66G>T	p.Lys22Asn	ENST00000370225	True	1	1561812	0	1.3725705501262765e-05	afr	False	below_supporting_threshold	1457722.0	P/LP	1.0	screened	missense	p.K22N	ABCA4_d6e0208598e812ac	True	True	True	population-compatible; not clinical benign
chr1:94029513:T>C	1-94029513-T-C	rs1157937249	c.4471A>G	p.Ser1491Gly	ENST00000370225	True	16	1605414	0	1.3610187225138015e-05	nfe	False	below_supporting_threshold	1438974.0	VUS	1.0	screened	missense	p.S1491G	ABCA4_4b125febdabce621	True	True	True	population-compatible; not clinical benign
chr1:94051669:A>G	1-94051669-A-G	rs62642570	c.2617T>C	p.Phe873Leu	ENST00000370225	True	17	1614118	0	1.3560333312992833e-05	nfe	False	below_supporting_threshold	99149.0	P/LP	2.0	screened	missense	p.F873L	ABCA4_8137389ffde61a55	True	True	True	population-compatible; not clinical benign
chr1:94046922:G>T	1-94046922-G-T	rs61749451	c.2915C>A	p.Thr972Asn	ENST00000370225	True	20	1614002	0	1.3559161162494683e-05	nfe	False	below_supporting_threshold	99174.0	P/LP	2.0	screened	missense	p.T972N	ABCA4_9be0bfee1cab04f5	True	True	True	population-compatible; not clinical benign
chr1:94046962:T>C	1-94046962-T-C	rs368846708	c.2875A>G	p.Thr959Ala	ENST00000370225	True	16	1613992	0	1.3559115199937627e-05	nfe	False	below_supporting_threshold	236095.0	P/LP	2.0	screened	missense	p.T959A	ABCA4_a500f5e12d2b43f8	True	True	True	population-compatible; not clinical benign
chr1:94060619:T>C	1-94060619-T-C	rs780400907	c.2078A>G	p.Asn693Ser	ENST00000370225	True	17	1614174	0	1.3558954333441805e-05	nfe	False	below_supporting_threshold									False	False	population-compatible; not clinical benign
chr1:94021910:G>A	1-94021910-G-A	rs1489630277	c.4709C>T	p.Pro1570Leu	ENST00000370225	True	16	1614046	0	1.3558885391826364e-05	nfe	False	below_supporting_threshold									False	False	population-compatible; not clinical benign
chr1:94029470:C>G	1-94029470-C-G	rs773529178	c.4514G>C	p.Gly1505Ala	ENST00000370225	True	3	1567162	1	1.3471279232675934e-05	afr	False	below_supporting_threshold	4267179.0	VUS	1.0	screened	missense	p.G1505A	ABCA4_a95bc8b3d5669b17	True	True	True	population-compatible; not clinical benign
chr1:94029480:A>T	1-94029480-A-T	rs1365368443	c.4504T>A	p.Cys1502Ser	ENST00000370225	True	1	1579744	0	1.3424620754463686e-05	afr	False	below_supporting_threshold									False	False	population-compatible; not clinical benign
chr1:94121010:C>G	1-94121010-C-G	rs761209432	c.36G>C	p.Trp12Cys	ENST00000370225	True	1	1613230	0	1.3387956194607332e-05	afr	False	below_supporting_threshold	1352535.0	VUS	1.0	screened	missense	p.W12C	ABCA4_aa09a9663a5b29b1	True	True	True	population-compatible; not clinical benign
chr1:94008827:T>A	1-94008827-T-A	rs985680910	c.5759A>T	p.Asp1920Val	ENST00000370225	True	2	1613588	0	1.3378642335375807e-05	afr	False	below_supporting_threshold	2061153.0	VUS	1.0	screened	missense	p.D1920V	ABCA4_231867199328e4f2	True	True	True	population-compatible; not clinical benign
chr1:94078672:C>T	1-94078672-C-T	rs1218530733	c.1274G>A	p.Arg425Lys	ENST00000370225	True	1	1612318	0	1.3377568493150684e-05	afr	False	below_supporting_threshold									False	False	population-compatible; not clinical benign
chr1:94000843:T>C	1-94000843-T-C		c.6472A>G	p.Lys2158Glu	ENST00000370225	True	3	1600860	0	1.3375063531551774e-05	afr	False	below_supporting_threshold									False	False	population-compatible; not clinical benign
chr1:94029495:T>G	1-94029495-T-G		c.4489A>C	p.Thr1497Pro	ENST00000370225	True	6	1591914	0	1.3371129058137669e-05	afr	False	below_supporting_threshold									False	False	population-compatible; not clinical benign
chr1:94056798:C>T	1-94056798-C-T	rs771277298	c.2185G>A	p.Asp729Asn	ENST00000370225	True	17	1609120	0	1.3371129058137669e-05	afr	False	below_supporting_threshold	3025700.0	VUS	1.0	screened	missense	p.D729N	ABCA4_75e9d94b717ccc78	True	True	True	population-compatible; not clinical benign
chr1:94008839:T>A	1-94008839-T-A	rs780346932	c.5747A>T	p.Asp1916Val	ENST00000370225	True	1	1613532	0	1.3369341426241343e-05	afr	False	below_supporting_threshold									False	False	population-compatible; not clinical benign
chr1:94008863:T>C	1-94008863-T-C	rs1659471677	c.5723A>G	p.Glu1908Gly	ENST00000370225	True	1	1612918	0	1.3369341426241343e-05	afr	False	below_supporting_threshold									False	False	population-compatible; not clinical benign
chr1:94120999:G>A	1-94120999-G-A	rs949028237	c.47C>T	p.Thr16Ile	ENST00000370225	True	14	1613688	0	1.3364695819523147e-05	afr	False	below_supporting_threshold	1043695.0	VUS	1.0	screened	missense	p.T16I	ABCA4_9cc062bb54ae643d	True	True	True	population-compatible; not clinical benign
chr1:94062591:G>C	1-94062591-G-C	rs1421487671	c.1923C>G	p.Cys641Trp	ENST00000370225	True	1	1612492	0	1.3364338598882742e-05	afr	False	below_supporting_threshold									False	False	population-compatible; not clinical benign
chr1:94008768:G>T	1-94008768-G-T	rs1659466058	c.5818C>A	p.Leu1940Ile	ENST00000370225	True	1	1613820	0	1.3363624214887077e-05	afr	False	below_supporting_threshold	1480858.0	VUS	1.0	screened	missense	p.L1940I	ABCA4_a59f1371ab9cf9ce	True	True	True	population-compatible; not clinical benign
chr1:94021644:A>G	1-94021644-A-G	rs1659900291	c.4844T>C	p.Ile1615Thr	ENST00000370225	True	2	1611198	0	1.3360767442481896e-05	afr	False	below_supporting_threshold	1954306.0	VUS	1.0	screened	missense	p.I1615T	ABCA4_cce395f572dc1cba	True	True	True	population-compatible; not clinical benign
chr1:94078706:C>T	1-94078706-C-T		c.1240G>A	p.Ala414Thr	ENST00000370225	True	1	1607016	0	1.3358625664591626e-05	afr	False	below_supporting_threshold									False	False	population-compatible; not clinical benign
chr1:94008779:T>C	1-94008779-T-C	rs1030110768	c.5807A>G	p.Asp1936Gly	ENST00000370225	True	3	1613922	0	1.3357555033126736e-05	afr	False	below_supporting_threshold									False	False	population-compatible; not clinical benign
chr1:94083410:C>T	1-94083410-C-T	rs1661752977	c.800G>A	p.Gly267Asp	ENST00000370225	True	2	1613642	0	1.3357555033126736e-05	afr	False	below_supporting_threshold									False	False	population-compatible; not clinical benign
chr1:94031992:C>T	1-94031992-C-T	rs750473426	c.3914G>A	p.Gly1305Asp	ENST00000370225	True	5	1613748	0	1.3356127791430709e-05	afr	False	below_supporting_threshold	1350000.0	VUS	1.0	screened	missense	p.G1305D	ABCA4_7875c9b1ffddf9e8	True	True	True	population-compatible; not clinical benign
chr1:94019640:T>G	1-94019640-T-G	rs755826006	c.5138A>C	p.Gln1713Pro	ENST00000370225	True	1	1612326	0	1.3355414284951119e-05	afr	False	below_supporting_threshold									False	False	population-compatible; not clinical benign
chr1:94008816:C>T	1-94008816-C-T		c.5770G>A	p.Glu1924Lys	ENST00000370225	True	1	1613794	0	1.33539875006677e-05	afr	False	below_supporting_threshold									False	False	population-compatible; not clinical benign
chr1:94046971:T>G	1-94046971-T-G	rs1660701483	c.2866A>C	p.Asn956His	ENST00000370225	True	1	1613980	0	1.33539875006677e-05	afr	False	below_supporting_threshold									False	False	population-compatible; not clinical benign
chr1:94010857:C>T	1-94010857-C-T	rs62642579	c.5657G>A	p.Gly1886Glu	ENST00000370225	True	3	1613990	0	1.3353630852228721e-05	afr	False	below_supporting_threshold	99394.0	P/LP	3.0	screened	missense	p.G1886E	ABCA4_a4fc6daa082000e3	True	True	True	population-compatible; not clinical benign
chr1:94040082:C>G	1-94040082-C-G	rs368692594	c.3568G>C	p.Ala1190Pro	ENST00000370225	True	2	1610030	0	1.3353630852228721e-05	afr	False	below_supporting_threshold									False	False	population-compatible; not clinical benign
chr1:94080654:C>T	1-94080654-C-T	rs1026256692	c.923G>A	p.Gly308Asp	ENST00000370225	True	1	1614012	0	1.3353630852228721e-05	afr	False	below_supporting_threshold	2256903.0	VUS	1.0	screened	missense	p.G308D	ABCA4_f05c40b1d841ca69	True	True	True	population-compatible; not clinical benign
chr1:94113014:A>C	1-94113014-A-C		c.119T>G	p.Ile40Ser	ENST00000370225	True	1	1614026	0	1.335327422283944e-05	afr	False	below_supporting_threshold									False	False	population-compatible; not clinical benign
chr1:94080540:T>G	1-94080540-T-G	rs61752389	c.1037A>C	p.Lys346Thr	ENST00000370225	True	13	1613998	0	1.335291761249833e-05	afr	False	below_supporting_threshold	99028.0	Conflicting	1.0	screened	missense	p.K346T	ABCA4_6e6f492306ffa229	True	True	True	population-compatible; not clinical benign
chr1:94031024:T>C	1-94031024-T-C	rs2101035728	c.4225A>G	p.Ile1409Val	ENST00000370225	True	8	1613764	0	1.3352204448954523e-05	afr	False	below_supporting_threshold	1066342.0	P/LP	2.0	screened	missense	p.I1409V	ABCA4_15de4fdadc088b94	True	True	True	population-compatible; not clinical benign
chr1:94108627:A>T	1-94108627-A-T	rs770491448	c.392T>A	p.Ile131Asn	ENST00000370225	True	5	1613690	0	1.3352204448954523e-05	afr	False	below_supporting_threshold									False	False	population-compatible; not clinical benign
chr1:94031998:C>G	1-94031998-C-G	rs946827466	c.3908G>C	p.Cys1303Ser	ENST00000370225	True	3	1613700	0	1.3351491361585088e-05	afr	False	below_supporting_threshold									False	False	population-compatible; not clinical benign
chr1:94080538:C>A	1-94080538-C-A	rs764915204	c.1039G>T	p.Ala347Ser	ENST00000370225	True	1	1613948	0	1.3351491361585088e-05	afr	False	below_supporting_threshold	2012542.0	VUS	1.0	screened	missense	p.A347S	ABCA4_a5448cb0bf8fd2df	True	True	True	population-compatible; not clinical benign
chr1:94080580:G>A	1-94080580-G-A	rs61748546	c.997C>T	p.Arg333Trp	ENST00000370225	True	12	1613988	0	1.3351491361585088e-05	afr	False	below_supporting_threshold	99520.0	VUS	2.0	screened	missense	p.R333W	ABCA4_84c46171801d150d	True	True	True	population-compatible; not clinical benign
chr1:94108713:C>A	1-94108713-C-A	rs1054538871	c.306G>T	p.Leu102Phe	ENST00000370225	True	2	1613788	0	1.3351491361585088e-05	afr	False	below_supporting_threshold	1058616.0	VUS	1.0	screened	missense	p.L102F	ABCA4_d5721b161711111a	True	True	True	population-compatible; not clinical benign
chr1:94047031:T>C	1-94047031-T-C	rs1660704451	c.2806A>G	p.Lys936Glu	ENST00000370225	True	1	1614022	0	1.335113484646195e-05	afr	False	below_supporting_threshold									False	False	population-compatible; not clinical benign
chr1:94007662:A>T	1-94007662-A-T	rs1167285635	c.5977T>A	p.Ser1993Thr	ENST00000370225	True	2	1613942	0	1.3350778350377827e-05	afr	False	below_supporting_threshold									False	False	population-compatible; not clinical benign
chr1:94010830:A>G	1-94010830-A-G	rs1265846081	c.5684T>C	p.Leu1895Pro	ENST00000370225	True	1	1614016	0	1.3350778350377827e-05	afr	False	below_supporting_threshold	1379438.0	VUS	1.0	screened	missense	p.L1895P	ABCA4_948f29cc2242a57f	True	True	True	population-compatible; not clinical benign
chr1:94048886:G>A	1-94048886-G-A	rs138247113	c.2725C>T	p.His909Tyr	ENST00000370225	True	1	1613982	0	1.3350778350377827e-05	afr	False	below_supporting_threshold									False	False	population-compatible; not clinical benign
chr1:94048886:G>T	1-94048886-G-T	rs138247113	c.2725C>A	p.His909Asn	ENST00000370225	True	1	1613982	0	1.3350778350377827e-05	afr	False	below_supporting_threshold									False	False	population-compatible; not clinical benign
chr1:93997887:A>C	1-93997887-A-C	rs1000816748	c.6703T>G	p.Ser2235Ala	ENST00000370225	True	1	1613974	0	1.3350421873331197e-05	afr	False	below_supporting_threshold									False	False	population-compatible; not clinical benign
chr1:94021322:C>A	1-94021322-C-A	rs903548005	c.4936G>T	p.Asp1646Tyr	ENST00000370225	True	11	1614030	0	1.3350421873331197e-05	afr	False	below_supporting_threshold									False	False	population-compatible; not clinical benign
chr1:94080613:G>A	1-94080613-G-A	rs1409497477	c.964C>T	p.Leu322Phe	ENST00000370225	True	2	1614024	0	1.3350065415320536e-05	afr	False	below_supporting_threshold									False	False	population-compatible; not clinical benign
chr1:94047042:T>C	1-94047042-T-C	rs762504253	c.2795A>G	p.Lys932Arg	ENST00000370225	True	13	1614058	0	1.3349708976344316e-05	afr	False	below_supporting_threshold									False	False	population-compatible; not clinical benign
chr1:94011363:A>T	1-94011363-A-T	rs777210277	c.5483T>A	p.Val1828Glu	ENST00000370225	True	1	1613924	0	1.3348996155489107e-05	afr	False	below_supporting_threshold									False	False	population-compatible; not clinical benign
chr1:94014689:A>G	1-94014689-A-G	rs1659674664	c.5314T>C	p.Trp1772Arg	ENST00000370225	True	2	1614072	0	1.3348996155489107e-05	afr	False	below_supporting_threshold									False	False	population-compatible; not clinical benign
chr1:94019658:T>C	1-94019658-T-C	rs1659841511	c.5120A>G	p.Asn1707Ser	ENST00000370225	True	1	1613220	0	1.3348996155489107e-05	afr	False	below_supporting_threshold									False	False	population-compatible; not clinical benign
chr1:94043359:T>A	1-94043359-T-A	rs1489203291	c.3167A>T	p.Asn1056Ile	ENST00000370225	True	1	1614028	0	1.3348996155489107e-05	afr	False	below_supporting_threshold									False	False	population-compatible; not clinical benign
chr1:94043359:T>C	1-94043359-T-C	rs1489203291	c.3167A>G	p.Asn1056Ser	ENST00000370225	True	7	1614028	0	1.3348996155489107e-05	afr	False	below_supporting_threshold									False	False	population-compatible; not clinical benign
chr1:94007682:G>T	1-94007682-G-T	rs760098992	c.5957C>A	p.Thr1986Asn	ENST00000370225	True	7	1614004	0	1.3348639773607069e-05	afr	False	below_supporting_threshold	3701252.0	P/LP	1.0	screened	missense	p.T1986N	ABCA4_11dff944c3410a8b	True	True	True	population-compatible; not clinical benign
chr1:94019708:C>T	1-94019708-C-T	rs1659843366	c.5070G>A	p.Met1690Ile	ENST00000370225	True	1	1613608	0	1.3348639773607069e-05	afr	False	below_supporting_threshold	1456885.0	P/LP	1.0	screened	missense	p.M1690I	ABCA4_742cda409cfa0018	True	True	True	population-compatible; not clinical benign
chr1:94041282:C>G	1-94041282-C-G	rs375783686	c.3449G>C	p.Cys1150Ser	ENST00000370225	True	1	1614044	0	1.3348639773607069e-05	afr	False	below_supporting_threshold									False	False	population-compatible; not clinical benign
chr1:94077739:A>G	1-94077739-A-G		c.1505T>C	p.Ile502Thr	ENST00000370225	True	1	1614014	0	1.3348639773607069e-05	afr	False	below_supporting_threshold									False	False	population-compatible; not clinical benign
chr1:93998099:C>T	1-93998099-C-T	rs1659062656	c.6491G>A	p.Gly2164Asp	ENST00000370225	True	1	1614044	0	1.3348283410753377e-05	afr	False	below_supporting_threshold	2336141.0	VUS	1.0	wt_equivalent	missense	p.G2164D	ABCA4_WT	False	True	True	population-compatible; not clinical benign
chr1:94015845:A>G	1-94015845-A-G	rs61750568	c.5206T>C	p.Ser1736Pro	ENST00000370225	True	2	1613316	0	1.3348283410753377e-05	afr	False	below_supporting_threshold	99357.0	P/LP	1.0	screened	missense	p.S1736P	ABCA4_925583df599917ff	True	True	True	population-compatible; not clinical benign
chr1:94041379:G>A	1-94041379-G-A	rs369440533	c.3352C>T	p.His1118Tyr	ENST00000370225	True	2	1613898	0	1.3348283410753377e-05	afr	False	below_supporting_threshold	961495.0	P/LP	2.0	screened	missense	p.H1118Y	ABCA4_94f83075b5c5e579	True	True	True	population-compatible; not clinical benign
chr1:94048906:T>C	1-94048906-T-C	rs1457788497	c.2705A>G	p.Glu902Gly	ENST00000370225	True	1	1614070	0	1.3348283410753377e-05	afr	False	below_supporting_threshold									False	False	population-compatible; not clinical benign
chr1:94080649:C>G	1-94080649-C-G	rs61753055	c.928G>C	p.Glu310Gln	ENST00000370225	True	2	1614054	0	1.3348283410753377e-05	afr	False	below_supporting_threshold	99514.0	Other	0.0	screened	missense	p.E310Q	ABCA4_7adeaf983db5ecef	True	True	True	population-compatible; not clinical benign
chr1:94001902:A>C	1-94001902-A-C	rs1346127078	c.6238T>G	p.Ser2080Ala	ENST00000370225	True	1	1614098	0	1.3347927066926506e-05	afr	False	below_supporting_threshold									False	False	population-compatible; not clinical benign
chr1:94014637:C>T	1-94014637-C-T	rs1659672730	c.5366G>A	p.Ser1789Asn	ENST00000370225	True	1	1614098	0	1.3347927066926506e-05	afr	False	below_supporting_threshold	2027960.0	P/LP	1.0	screened	missense	p.S1789N	ABCA4_e946941eeb9208f5	True	True	True	population-compatible; not clinical benign
chr1:94041268:A>C	1-94041268-A-C	rs1660478379	c.3463T>G	p.Leu1155Val	ENST00000370225	True	1	1614048	0	1.3347570742124934e-05	afr	False	below_supporting_threshold									False	False	population-compatible; not clinical benign
chr1:94036773:T>G	1-94036773-T-G	rs1177320284	c.3829A>C	p.Thr1277Pro	ENST00000370225	True	1	1614060	0	1.3347214436347134e-05	afr	False	below_supporting_threshold									False	False	population-compatible; not clinical benign
chr1:94060686:C>T	1-94060686-C-T	rs1661098553	c.2011G>A	p.Val671Met	ENST00000370225	True	1	1614034	0	1.3347214436347134e-05	afr	False	below_supporting_threshold	2120007.0	VUS	1.0	screened	missense	p.V671M	ABCA4_c0e51a8face1621e	True	True	True	population-compatible; not clinical benign
chr1:94098888:A>C	1-94098888-A-C	rs1662211238	c.674T>G	p.Val225Gly	ENST00000370225	True	1	1613916	0	1.3347214436347134e-05	afr	False	below_supporting_threshold									False	False	population-compatible; not clinical benign
chr1:93998013:A>C	1-93998013-A-C	rs1659057871	c.6577T>G	p.Phe2193Val	ENST00000370225	True	2	1614062	0	1.3346858149591586e-05	afr	False	below_supporting_threshold	1394527.0	VUS	1.0	wt_equivalent	missense	p.F2193V	ABCA4_WT	False	True	True	population-compatible; not clinical benign
chr1:94037213:C>G	1-94037213-C-G	rs1451564181	c.3745G>C	p.Glu1249Gln	ENST00000370225	True	1	1614094	0	1.3346858149591586e-05	afr	False	below_supporting_threshold									False	False	population-compatible; not clinical benign
chr1:94043467:A>T	1-94043467-A-T	rs112300381	c.3059T>A	p.Val1020Glu	ENST00000370225	True	1	1614060	0	1.3346858149591586e-05	afr	False	below_supporting_threshold	866346.0	Conflicting	1.0	screened	missense	p.V1020E	ABCA4_ef02072e4e1832cc	True	True	True	population-compatible; not clinical benign
chr1:94062645:C>A	1-94062645-C-A	rs1202066198	c.1869G>T	p.Gln623His	ENST00000370225	True	2	1614082	0	1.3346858149591586e-05	afr	False	below_supporting_threshold	4765105.0	VUS	1.0	screened	missense	p.Q623H	ABCA4_13d14b167c8d1b7b	True	True	True	population-compatible; not clinical benign
chr1:93996117:G>C	1-93996117-G-C	rs1658992335	c.6808C>G	p.Gln2270Glu	ENST00000370225	True	1	1613844	0	1.3346501881856765e-05	afr	False	below_supporting_threshold									False	False	population-compatible; not clinical benign
chr1:94001889:G>A	1-94001889-G-A	rs774460912	c.6251C>T	p.Ala2084Val	ENST00000370225	True	6	1614062	0	1.3346501881856765e-05	afr	False	below_supporting_threshold									False	False	population-compatible; not clinical benign
chr1:94008269:A>G	1-94008269-A-G	rs1300315152	c.5864T>C	p.Val1955Ala	ENST00000370225	True	1	1614048	0	1.3346501881856765e-05	afr	False	below_supporting_threshold									False	False	population-compatible; not clinical benign
chr1:94021245:A>C	1-94021245-A-C	rs749543290	c.5013T>G	p.Ile1671Met	ENST00000370225	True	1	1614092	0	1.3346501881856765e-05	afr	False	below_supporting_threshold									False	False	population-compatible; not clinical benign
chr1:94044622:A>C	1-94044622-A-C	rs61749456	c.3041T>G	p.Leu1014Arg	ENST00000370225	True	3	1614104	0	1.3346501881856765e-05	afr	False	below_supporting_threshold	99191.0	P/LP	2.0	screened	missense	p.L1014R	ABCA4_a652453af91ec241	True	True	True	population-compatible; not clinical benign
chr1:94055255:G>T	1-94055255-G-T	rs140671840	c.2443C>A	p.Gln815Lys	ENST00000370225	True	1	1613956	0	1.3346501881856765e-05	afr	False	below_supporting_threshold									False	False	population-compatible; not clinical benign
chr1:94077797:A>G	1-94077797-A-G	rs1661577642	c.1447T>C	p.Tyr483His	ENST00000370225	True	1	1614078	0	1.3346501881856765e-05	afr	False	below_supporting_threshold									False	False	population-compatible; not clinical benign
chr1:94019700:A>G	1-94019700-A-G	rs1659843072	c.5078T>C	p.Val1693Ala	ENST00000370225	True	1	1613726	0	1.3346145633141149e-05	afr	False	below_supporting_threshold									False	False	population-compatible; not clinical benign
chr1:94044640:C>G	1-94044640-C-G	rs1391251856	c.3023G>C	p.Cys1008Ser	ENST00000370225	True	9	1614084	0	1.3346145633141149e-05	afr	False	below_supporting_threshold									False	False	population-compatible; not clinical benign
chr1:94062592:C>T	1-94062592-C-T	rs61749416	c.1922G>A	p.Cys641Tyr	ENST00000370225	True	1	1614048	0	1.3346145633141149e-05	afr	False	below_supporting_threshold									False	False	population-compatible; not clinical benign
chr1:94111517:A>C	1-94111517-A-C	rs61748526	c.223T>G	p.Cys75Gly	ENST00000370225	True	12	1614084	0	1.3346145633141149e-05	afr	False	below_supporting_threshold	99122.0	P/LP	2.0	screened	missense	p.C75G	ABCA4_f270eaebd9e81578	True	True	True	population-compatible; not clinical benign
chr1:94044643:A>G	1-94044643-A-G	rs370665697	c.3020T>C	p.Met1007Thr	ENST00000370225	True	1	1614100	0	1.3345789403443214e-05	afr	False	below_supporting_threshold									False	False	population-compatible; not clinical benign
chr1:94055237:A>T	1-94055237-A-T	rs61749433	c.2461T>A	p.Trp821Arg	ENST00000370225	True	13	1614066	0	1.3345789403443214e-05	afr	False	below_supporting_threshold	99136.0	P/LP	2.0	screened	missense	p.W821R	ABCA4_fa6b63a7eee2e929	True	True	True	population-compatible; not clinical benign
chr1:94062602:G>C	1-94062602-G-C	rs754088610	c.1912C>G	p.Pro638Ala	ENST00000370225	True	1	1614088	0	1.3345789403443214e-05	afr	False	below_supporting_threshold									False	False	population-compatible; not clinical benign
chr1:94063146:C>G	1-94063146-C-G	rs374224955	c.1726G>C	p.Asp576His	ENST00000370225	True	11	1614072	0	1.3345789403443214e-05	afr	False	below_supporting_threshold	865882.0	P/LP	2.0	screened	missense	p.D576H	ABCA4_457a4e879d0a766d	True	True	True	population-compatible; not clinical benign
chr1:94077743:C>T	1-94077743-C-T	rs774145384	c.1501G>A	p.Asp501Asn	ENST00000370225	True	1	1614044	0	1.3345789403443214e-05	afr	False	below_supporting_threshold									False	False	population-compatible; not clinical benign
chr1:94001884:T>C	1-94001884-T-C	rs1286313373	c.6256A>G	p.Ile2086Val	ENST00000370225	True	3	1614090	0	1.3345433192761437e-05	afr	False	below_supporting_threshold									False	False	population-compatible; not clinical benign
chr1:94001919:C>T	1-94001919-C-T	rs367839100	c.6221G>A	p.Gly2074Asp	ENST00000370225	True	13	1614104	0	1.3345433192761437e-05	afr	False	below_supporting_threshold	1071049.0	P/LP	1.0	wt_equivalent	missense	p.G2074D	ABCA4_WT	False	True	True	population-compatible; not clinical benign
chr1:94031909:G>T	1-94031909-G-T	rs368413231	c.3997C>A	p.Pro1333Thr	ENST00000370225	True	1	1614042	0	1.3345433192761437e-05	afr	False	below_supporting_threshold									False	False	population-compatible; not clinical benign
chr1:94051678:G>A	1-94051678-G-A	rs867875828	c.2608C>T	p.Pro870Ser	ENST00000370225	True	1	1613916	0	1.3345433192761437e-05	afr	False	below_supporting_threshold	265014.0	Conflicting	1.0	screened	missense	p.P870S	ABCA4_96931cf5d405cab3	True	True	True	population-compatible; not clinical benign
chr1:94055179:A>T	1-94055179-A-T	rs1190288078	c.2519T>A	p.Met840Lys	ENST00000370225	True	4	1614100	0	1.3345433192761437e-05	afr	False	below_supporting_threshold									False	False	population-compatible; not clinical benign
chr1:94021924:C>A	1-94021924-C-A	rs1659913604	c.4695G>T	p.Lys1565Asn	ENST00000370225	True	1	1614076	0	1.3345077001094296e-05	afr	False	below_supporting_threshold									False	False	population-compatible; not clinical benign
chr1:94024964:T>C	1-94024964-T-C	rs1228267641	c.4624A>G	p.Ile1542Val	ENST00000370225	True	1	1613824	0	1.3345077001094296e-05	afr	False	below_supporting_threshold									False	False	population-compatible; not clinical benign
chr1:94111481:G>C	1-94111481-G-C	rs1452638406	c.259C>G	p.Pro87Ala	ENST00000370225	True	1	1614072	0	1.3345077001094296e-05	afr	False	below_supporting_threshold									False	False	population-compatible; not clinical benign
chr1:94030525:T>C	1-94030525-T-C	rs1660170459	c.4255A>G	p.Met1419Val	ENST00000370225	True	1	1613974	0	1.3344720828440268e-05	afr	False	below_supporting_threshold									False	False	population-compatible; not clinical benign
chr1:94036781:A>G	1-94036781-A-G	rs764435582	c.3821T>C	p.Leu1274Pro	ENST00000370225	True	4	1614066	0	1.3344720828440268e-05	afr	False	below_supporting_threshold	1046591.0	P/LP	1.0	screened	missense	p.L1274P	ABCA4_da879dce21d68541	True	True	True	population-compatible; not clinical benign
chr1:94000867:A>G	1-94000867-A-G	rs61750656	c.6448T>C	p.Cys2150Arg	ENST00000370225	True	2	1614090	0	1.3344364674797832e-05	afr	False	below_supporting_threshold	99462.0	P/LP	1.0	wt_equivalent	missense	p.C2150R	ABCA4_WT	False	True	True	population-compatible; not clinical benign
chr1:94103019:T>C	1-94103019-T-C	rs1361607044	c.566A>G	p.Glu189Gly	ENST00000370225	True	2	1614074	0	1.3344008540165465e-05	afr	False	below_supporting_threshold									False	False	population-compatible; not clinical benign
chr1:94103019:T>G	1-94103019-T-G	rs1361607044	c.566A>C	p.Glu189Ala	ENST00000370225	True	1	1614074	0	1.3344008540165465e-05	afr	False	below_supporting_threshold									False	False	population-compatible; not clinical benign
chr1:94019709:A>G	1-94019709-A-G	rs1333985048	c.5069T>C	p.Met1690Thr	ENST00000370225	True	2	1613648	0	1.3343652424541645e-05	afr	False	below_supporting_threshold	1014039.0	P/LP	1.0	screened	missense	p.M1690T	ABCA4_9662ffab5a4ab2b3	True	True	True	population-compatible; not clinical benign
chr1:94121016:C>G	1-94121016-C-G		c.30G>C	p.Leu10Phe	ENST00000370225	True	1	1613908	0	1.3343652424541645e-05	afr	False	below_supporting_threshold									False	False	population-compatible; not clinical benign
chr1:94024966:A>T	1-94024966-A-T	rs1333842736	c.4622T>A	p.Leu1541His	ENST00000370225	True	13	1613950	0	1.334329632792485e-05	afr	False	below_supporting_threshold									False	False	population-compatible; not clinical benign
chr1:94037287:C>T	1-94037287-C-T	rs1397969767	c.3671G>A	p.Cys1224Tyr	ENST00000370225	True	2	1614126	0	1.334329632792485e-05	afr	False	below_supporting_threshold									False	False	population-compatible; not clinical benign
chr1:94023403:G>T	1-94023403-G-T	rs1659953782	c.4650C>A	p.Phe1550Leu	ENST00000370225	True	2	1609374	0	1.3342940250313559e-05	afr	False	below_supporting_threshold									False	False	population-compatible; not clinical benign
chr1:94037314:T>C	1-94037314-T-C	rs759079505	c.3644A>G	p.His1215Arg	ENST00000370225	True	5	1614102	0	1.334258419170625e-05	afr	False	below_supporting_threshold									False	False	population-compatible; not clinical benign
chr1:94098880:C>A	1-94098880-C-A	rs370024777	c.682G>T	p.Ala228Ser	ENST00000370225	True	5	1614040	0	1.334258419170625e-05	afr	False	below_supporting_threshold									False	False	population-compatible; not clinical benign
chr1:94029504:C>T	1-94029504-C-T	rs745454563	c.4480G>A	p.Glu1494Lys	ENST00000370225	True	1	1599782	0	1.33422281521014e-05	afr	False	below_supporting_threshold	1471117.0	VUS	1.0	screened	missense	p.E1494K	ABCA4_7c6942e44a8280f6	True	True	True	population-compatible; not clinical benign
chr1:94080652:G>A	1-94080652-G-A		c.925C>T	p.Pro309Ser	ENST00000370225	True	2	1614038	0	1.3338668800853676e-05	afr	False	below_supporting_threshold									False	False	population-compatible; not clinical benign
chr1:94080652:G>C	1-94080652-G-C	rs542603262	c.925C>G	p.Pro309Ala	ENST00000370225	True	1	1614038	0	1.3338668800853676e-05	afr	False	below_supporting_threshold									False	False	population-compatible; not clinical benign
chr1:94044716:T>C	1-94044716-T-C	rs1368508052	c.2947A>G	p.Thr983Ala	ENST00000370225	True	9	1614016	0	1.333760136577038e-05	afr	False	below_supporting_threshold	838547.0	P/LP	2.0	screened	missense	p.T983A	ABCA4_bbc472a975a3307e	True	True	True	population-compatible; not clinical benign
chr1:94021876:G>T	1-94021876-G-T	rs539124923	c.4743C>A	p.Ser1581Arg	ENST00000370225	True	1	1614096	0	1.3334755707275443e-05	afr	False	below_supporting_threshold									False	False	population-compatible; not clinical benign
chr1:94080703:T>C	1-94080703-T-C		c.874A>G	p.Ser292Gly	ENST00000370225	True	1	1614112	0	1.3334755707275443e-05	afr	False	below_supporting_threshold									False	False	population-compatible; not clinical benign
chr1:94040063:G>A	1-94040063-G-A		c.3587C>T	p.Thr1196Ile	ENST00000370225	True	1	1607916	0	1.333440008534016e-05	afr	False	below_supporting_threshold									False	False	population-compatible; not clinical benign
chr1:94112978:T>C	1-94112978-T-C		c.155A>G	p.His52Arg	ENST00000370225	True	1	1613102	0	1.333440008534016e-05	afr	False	below_supporting_threshold	2077199.0	VUS	1.0	screened	missense	p.H52R	ABCA4_b7d3009f27f6758c	True	True	True	population-compatible; not clinical benign
chr1:94040066:A>G	1-94040066-A-G		c.3584T>C	p.Leu1195Pro	ENST00000370225	True	1	1608428	0	1.3332977787259006e-05	afr	False	below_supporting_threshold									False	False	population-compatible; not clinical benign
chr1:94047018:G>A	1-94047018-G-A		c.2819C>T	p.Pro940Leu	ENST00000370225	True	1	1614120	0	1.3332977787259006e-05	afr	False	below_supporting_threshold									False	False	population-compatible; not clinical benign
chr1:94108700:G>C	1-94108700-G-C	rs765429911	c.319C>G	p.Arg107Gly	ENST00000370225	True	2	1613936	0	1.3332977787259006e-05	afr	False	below_supporting_threshold	1915477.0	VUS	1.0	screened	missense	p.R107G	ABCA4_dc8a4ae07aa52ce7	True	True	True	population-compatible; not clinical benign
chr1:94121031:T>A	1-94121031-T-A		c.15A>T	p.Arg5Ser	ENST00000370225	True	1	1614112	0	1.3332266751993174e-05	afr	False	below_supporting_threshold									False	False	population-compatible; not clinical benign
chr1:94043368:T>C	1-94043368-T-C		c.3158A>G	p.His1053Arg	ENST00000370225	True	2	1614124	0	1.3330844908950329e-05	afr	False	below_supporting_threshold									False	False	population-compatible; not clinical benign
chr1:94044667:T>C	1-94044667-T-C		c.2996A>G	p.Asp999Gly	ENST00000370225	True	1	1614124	0	1.3330844908950329e-05	afr	False	below_supporting_threshold									False	False	population-compatible; not clinical benign
chr1:94079387:G>A	1-94079387-G-A		c.1174C>T	p.Pro392Ser	ENST00000370225	True	1	1614138	0	1.3330844908950329e-05	afr	False	below_supporting_threshold									False	False	population-compatible; not clinical benign
chr1:94011315:C>T	1-94011315-C-T	rs1659540498	c.5531G>A	p.Gly1844Asp	ENST00000370225	True	1	1614082	0	1.3330134101149057e-05	afr	False	below_supporting_threshold	1303027.0	Conflicting	1.0	screened	missense	p.G1844D	ABCA4_427dee503ea15960	True	True	True	population-compatible; not clinical benign
chr1:94083398:C>T	1-94083398-C-T		c.812G>A	p.Arg271Lys	ENST00000370225	True	1	1613812	0	1.3329778725673154e-05	afr	False	below_supporting_threshold									False	False	population-compatible; not clinical benign
chr1:94021704:G>T	1-94021704-G-T	rs1051609068	c.4784C>A	p.Thr1595Asn	ENST00000370225	True	1	1613108	0	1.332942336914505e-05	afr	False	below_supporting_threshold									False	False	population-compatible; not clinical benign
chr1:94031917:T>C	1-94031917-T-C	rs1571265271	c.3989A>G	p.Glu1330Gly	ENST00000370225	True	1	1614120	0	1.3329068031563233e-05	afr	False	below_supporting_threshold									False	False	population-compatible; not clinical benign
chr1:94080712:G>A	1-94080712-G-A	rs745437293	c.865C>T	p.His289Tyr	ENST00000370225	True	2	1614144	0	1.3328712712926186e-05	afr	False	below_supporting_threshold									False	False	population-compatible; not clinical benign
chr1:94108606:G>T	1-94108606-G-T	rs747410807	c.413C>A	p.Thr138Asn	ENST00000370225	True	14	1613734	0	1.3328712712926186e-05	afr	False	below_supporting_threshold	2331641.0	VUS	1.0	screened	missense	p.T138N	ABCA4_7ce44b18b9e45bba	True	True	True	population-compatible; not clinical benign
chr1:94011262:C>T	1-94011262-C-T	rs1659538637	c.5584G>A	p.Gly1862Ser	ENST00000370225	True	1	1614060	0	1.3328357413232393e-05	afr	False	below_supporting_threshold	867094.0	P/LP	3.0	screened	missense	p.G1862S	ABCA4_b722b75e3cefec8f	True	True	True	population-compatible; not clinical benign
chr1:94011282:G>A	1-94011282-G-A	rs367565445	c.5564C>T	p.Thr1855Ile	ENST00000370225	True	1	1614100	0	1.3328002132480341e-05	afr	False	below_supporting_threshold	2229759.0	VUS	1.0	screened	missense	p.T1855I	ABCA4_fe0fb3929a5dae2a	True	True	True	population-compatible; not clinical benign
chr1:94079420:G>A	1-94079420-G-A	rs1157062089	c.1141C>T	p.Pro381Ser	ENST00000370225	True	1	1614160	0	1.3328002132480341e-05	afr	False	below_supporting_threshold									False	False	population-compatible; not clinical benign
chr1:94007707:T>C	1-94007707-T-C	rs1064793014	c.5932A>G	p.Lys1978Glu	ENST00000370225	True	1	1614078	0	1.3327646870668514e-05	afr	False	below_supporting_threshold	417994.0	P/LP	2.0	screened	missense	p.K1978E	ABCA4_ee4879bcffa4a3cb	True	True	True	population-compatible; not clinical benign
chr1:94041376:G>A	1-94041376-G-A		c.3355C>T	p.His1119Tyr	ENST00000370225	True	1	1613998	0	1.3327646870668514e-05	afr	False	below_supporting_threshold									False	False	population-compatible; not clinical benign
chr1:94055143:A>G	1-94055143-A-G	rs140720250	c.2555T>C	p.Leu852Ser	ENST00000370225	True	1	1614174	0	1.3327646870668514e-05	afr	False	below_supporting_threshold									False	False	population-compatible; not clinical benign
chr1:94063305:C>T	1-94063305-C-T		c.1567G>A	p.Asp523Asn	ENST00000370225	True	1	1614110	0	1.33272916277954e-05	afr	False	below_supporting_threshold									False	False	population-compatible; not clinical benign
chr1:94079325:C>G	1-94079325-C-G		c.1236G>C	p.Lys412Asn	ENST00000370225	True	1	1614152	0	1.33272916277954e-05	afr	False	below_supporting_threshold									False	False	population-compatible; not clinical benign
chr1:94080612:A>G	1-94080612-A-G		c.965T>C	p.Leu322Pro	ENST00000370225	True	1	1614152	0	1.33272916277954e-05	afr	False	below_supporting_threshold									False	False	population-compatible; not clinical benign
chr1:94011292:G>C	1-94011292-G-C	rs531109296	c.5554C>G	p.Gln1852Glu	ENST00000370225	True	1	1614114	0	1.3326936403859481e-05	afr	False	below_supporting_threshold									False	False	population-compatible; not clinical benign
chr1:94031968:G>A	1-94031968-G-A		c.3938C>T	p.Thr1313Ile	ENST00000370225	True	1	1614108	0	1.3326936403859481e-05	afr	False	below_supporting_threshold									False	False	population-compatible; not clinical benign
chr1:94001876:G>C	1-94001876-G-C	rs745550950	c.6264C>G	p.Cys2088Trp	ENST00000370225	True	47	1613284	0	1.3326581198859245e-05	afr	False	below_supporting_threshold									False	False	population-compatible; not clinical benign
chr1:94021690:T>C	1-94021690-T-C	rs765481184	c.4798A>G	p.Lys1600Glu	ENST00000370225	True	6	1613532	0	1.3326226012793176e-05	afr	False	below_supporting_threshold									False	False	population-compatible; not clinical benign
chr1:94062704:T>C	1-94062704-T-C	rs1661165271	c.1810A>G	p.Ile604Val	ENST00000370225	True	1	1614174	0	1.3326226012793176e-05	afr	False	below_supporting_threshold									False	False	population-compatible; not clinical benign
chr1:94080492:T>C	1-94080492-T-C	rs1661659953	c.1085A>G	p.Tyr362Cys	ENST00000370225	True	1	1614180	0	1.3326226012793176e-05	afr	False	below_supporting_threshold	938531.0	VUS	1.0	screened	missense	p.Y362C	ABCA4_65d31cc22471c3e1	True	True	True	population-compatible; not clinical benign
chr1:94042783:A>C	1-94042783-A-C	rs1660528521	c.3306T>G	p.Asp1102Glu	ENST00000370225	True	2	1614212	0	1.3325870845659763e-05	afr	False	below_supporting_threshold									False	False	population-compatible; not clinical benign
chr1:93998031:G>C	1-93998031-G-C		c.6559C>G	p.Gln2187Glu	ENST00000370225	True	1	1614192	0	1.3325515697457492e-05	afr	False	below_supporting_threshold									False	False	population-compatible; not clinical benign
chr1:94007697:G>A	1-94007697-G-A	rs752147871	c.5942C>T	p.Thr1981Ile	ENST00000370225	True	3	1614100	0	1.3325515697457492e-05	afr	False	below_supporting_threshold									False	False	population-compatible; not clinical benign
chr1:94063263:G>T	1-94063263-G-T	rs61748556	c.1609C>A	p.Arg537Ser	ENST00000370225	True	1	1614164	0	1.3325515697457492e-05	afr	False	below_supporting_threshold									False	False	population-compatible; not clinical benign
chr1:94077716:G>C	1-94077716-G-C	rs758584771	c.1528C>G	p.Leu510Val	ENST00000370225	True	6	1613666	0	1.3325160568184847e-05	afr	False	below_supporting_threshold	1931584.0	VUS	1.0	screened	missense	p.L510V	ABCA4_d4dd32cd7926314b	True	True	True	population-compatible; not clinical benign
chr1:94077752:C>G	1-94077752-C-G	rs750836609	c.1492G>C	p.Asp498His	ENST00000370225	True	6	1614144	0	1.3324805457840316e-05	afr	False	below_supporting_threshold	2096796.0	VUS	1.0	screened	missense	p.D498H	ABCA4_d5a9a580d799f2c9	True	True	True	population-compatible; not clinical benign
chr1:94103121:T>C	1-94103121-T-C		c.464A>G	p.Asp155Gly	ENST00000370225	True	1	1614094	0	1.3324805457840316e-05	afr	False	below_supporting_threshold									False	False	population-compatible; not clinical benign
chr1:94031089:G>A	1-94031089-G-A	rs576119077	c.4160C>T	p.Ala1387Val	ENST00000370225	True	1	1614120	0	1.3324450366422385e-05	afr	False	below_supporting_threshold									False	False	population-compatible; not clinical benign
chr1:94055233:C>T	1-94055233-C-T		c.2465G>A	p.Ser822Asn	ENST00000370225	True	2	1614182	0	1.3324450366422385e-05	afr	False	below_supporting_threshold									False	False	population-compatible; not clinical benign
chr1:94080601:A>T	1-94080601-A-T		c.976T>A	p.Tyr326Asn	ENST00000370225	True	1	1614192	0	1.3324450366422385e-05	afr	False	below_supporting_threshold									False	False	population-compatible; not clinical benign
chr1:94011351:A>G	1-94011351-A-G	rs1659542048	c.5495T>C	p.Leu1832Pro	ENST00000370225	True	1	1614144	0	1.3323740240360275e-05	afr	False	below_supporting_threshold									False	False	population-compatible; not clinical benign
chr1:94014560:A>T	1-94014560-A-T		c.5443T>A	p.Leu1815Ile	ENST00000370225	True	1	1614238	0	1.3323385205713067e-05	afr	False	below_supporting_threshold									False	False	population-compatible; not clinical benign
chr1:94030495:C>G	1-94030495-C-G	rs1156808600	c.4285G>C	p.Val1429Leu	ENST00000370225	True	1	1614236	0	1.3323385205713067e-05	afr	False	below_supporting_threshold									False	False	population-compatible; not clinical benign
chr1:94031804:G>A	1-94031804-G-A	rs1183074086	c.4102C>T	p.Arg1368Cys	ENST00000370225	True	6	1613938	0	1.3323385205713067e-05	afr	False	below_supporting_threshold	1457682.0	P/LP	2.0	screened	missense	p.R1368C	ABCA4_fa99ca2b3bf368da	True	True	True	population-compatible; not clinical benign
chr1:94111511:C>T	1-94111511-C-T	rs1662603511	c.229G>A	p.Val77Met	ENST00000370225	True	1	1614182	0	1.3323385205713067e-05	afr	False	below_supporting_threshold	1259885.0	B/LB	1.0	screened	missense	p.V77M	ABCA4_e6bfe5b639a7cf1c	True	True	True	population-compatible; not clinical benign
chr1:94044706:G>T	1-94044706-G-T		c.2957C>A	p.Thr986Asn	ENST00000370225	True	1	1614228	0	1.332303018998641e-05	afr	False	below_supporting_threshold									False	False	population-compatible; not clinical benign
chr1:94077757:T>A	1-94077757-T-A	rs1439777150	c.1487A>T	p.Asn496Ile	ENST00000370225	True	1	1614204	0	1.332267519317879e-05	afr	False	below_supporting_threshold									False	False	population-compatible; not clinical benign
chr1:94056759:T>C	1-94056759-T-C	rs1019525186	c.2224A>G	p.Thr742Ala	ENST00000370225	True	1	1613680	0	1.3322320215288695e-05	afr	False	below_supporting_threshold									False	False	population-compatible; not clinical benign
chr1:94021916:A>T	1-94021916-A-T		c.4703T>A	p.Val1568Asp	ENST00000370225	True	1	1614224	0	1.332196525631461e-05	afr	False	below_supporting_threshold									False	False	population-compatible; not clinical benign
chr1:94031086:A>G	1-94031086-A-G	rs61750131	c.4163T>C	p.Leu1388Pro	ENST00000370225	True	5	1614188	0	1.332196525631461e-05	afr	False	below_supporting_threshold	99254.0	P/LP	2.0	screened	missense	p.L1388P	ABCA4_6d4cb7af35ed8b2a	True	True	True	population-compatible; not clinical benign
chr1:94056660:G>A	1-94056660-G-A		c.2323C>T	p.Pro775Ser	ENST00000370225	True	1	1614074	0	1.332196525631461e-05	afr	False	below_supporting_threshold	2702100.0	P/LP	1.0	screened	missense	p.P775S	ABCA4_77d32656e7ec53cb	True	True	True	population-compatible; not clinical benign
chr1:94098900:C>A	1-94098900-C-A		c.662G>T	p.Gly221Val	ENST00000370225	True	1	1614026	0	1.3321610316255028e-05	afr	False	below_supporting_threshold									False	False	population-compatible; not clinical benign
chr1:94056695:G>A	1-94056695-G-A	rs1660985994	c.2288C>T	p.Ala763Val	ENST00000370225	True	1	1614162	0	1.3321255395108435e-05	afr	False	below_supporting_threshold									False	False	population-compatible; not clinical benign
chr1:94111546:C>A	1-94111546-C-A	rs62654395	c.194G>T	p.Gly65Val	ENST00000370225	True	1	1614250	0	1.3320545609548167e-05	afr	False	below_supporting_threshold									False	False	population-compatible; not clinical benign
chr1:94030492:G>A	1-94030492-G-A	rs534072417	c.4288C>T	p.Leu1430Phe	ENST00000370225	True	3	1614244	0	1.3320190745131471e-05	afr	False	below_supporting_threshold									False	False	population-compatible; not clinical benign
chr1:94030492:G>C	1-94030492-G-C		c.4288C>G	p.Leu1430Val	ENST00000370225	True	1	1614244	0	1.3320190745131471e-05	afr	False	below_supporting_threshold									False	False	population-compatible; not clinical benign
chr1:94077881:G>T	1-94077881-G-T	rs764170051	c.1363C>A	p.Leu455Met	ENST00000370225	True	16	1613864	0	1.2713437425308555e-05	nfe	False	below_supporting_threshold	1051960.0	VUS	2.0	screened	missense	p.L455M	ABCA4_268c9afb07e5ea45	True	True	True	population-compatible; not clinical benign
chr1:94056607:C>A	1-94056607-C-A	rs1288847102	c.2376G>T	p.Lys792Asn	ENST00000370225	True	16	1612774	0	1.2712144504878922e-05	nfe	False	below_supporting_threshold									False	False	population-compatible; not clinical benign
chr1:94031072:C>T	1-94031072-C-T	rs1045163391	c.4177G>A	p.Val1393Ile	ENST00000370225	True	15	1613960	0	1.2711885952349072e-05	nfe	False	below_supporting_threshold	1413277.0	P/LP	1.0	screened	missense	p.V1393I	ABCA4_62499715e69e692a	True	True	True	population-compatible; not clinical benign
chr1:94080683:C>G	1-94080683-C-G	rs1347198803	c.894G>C	p.Trp298Cys	ENST00000370225	True	15	1614120	0	1.2711648955102456e-05	nfe	False	below_supporting_threshold									False	False	population-compatible; not clinical benign
chr1:94019754:G>A	1-94019754-G-A	rs375156009	c.5024C>T	p.Thr1675Ile	ENST00000370225	True	14	1612078	0	1.1874067037589904e-05	nfe	False	below_supporting_threshold	1431776.0	VUS	1.0	screened	missense	p.T1675I	ABCA4_ac544b7416b43919	True	True	True	population-compatible; not clinical benign
chr1:94029447:G>T	1-94029447-G-T	rs759373898	c.4537C>A	p.Gln1513Lys	ENST00000370225	True	2	1548894	0	1.1873946187275879e-05	sas	False	below_supporting_threshold	1044276.0	VUS	1.0	screened	missense	p.Q1513K	ABCA4_ad6c74ddabac1824	True	True	True	population-compatible; not clinical benign
chr1:94051677:G>A	1-94051677-G-A	rs746566873	c.2609C>T	p.Pro870Leu	ENST00000370225	True	14	1613922	0	1.1865714019341114e-05	nfe	False	below_supporting_threshold	236093.0	P/LP	2.0	screened	missense	p.P870L	ABCA4_00ff3d3bd2d6f620	True	True	True	population-compatible; not clinical benign
chr1:94021403:A>C	1-94021403-A-C	rs1320443166	c.4855T>G	p.Phe1619Val	ENST00000370225	True	15	1614140	0	1.1864225799945424e-05	nfe	False	below_supporting_threshold	1947135.0	VUS	2.0	screened	missense	p.F1619V	ABCA4_49476035f0c8144f	True	True	True	population-compatible; not clinical benign
chr1:94055216:G>C	1-94055216-G-C		c.2482C>G	p.Pro828Ala	ENST00000370225	True	14	1614158	0	1.186408504176158e-05	nfe	False	below_supporting_threshold									False	False	population-compatible; not clinical benign
chr1:94021288:A>C	1-94021288-A-C	rs1472135045	c.4970T>G	p.Ile1657Ser	ENST00000370225	True	16	1614108	0	1.1863924179355416e-05	nfe	False	below_supporting_threshold									False	False	population-compatible; not clinical benign
chr1:94029453:G>A	1-94029453-G-A	rs1316934987	c.4531C>T	p.Pro1511Ser	ENST00000370225	True	2	1552028	0	1.1836560768902987e-05	sas	False	below_supporting_threshold	1963726.0	VUS	1.0	screened	missense	p.P1511S	ABCA4_06033b4d2f458c1a	True	True	True	population-compatible; not clinical benign
chr1:94029456:G>A	1-94029456-G-A	rs780343543	c.4528C>T	p.Pro1510Ser	ENST00000370225	True	1	1554640	0	1.1798853151473677e-05	sas	False	below_supporting_threshold									False	False	population-compatible; not clinical benign
chr1:94078615:T>C	1-94078615-T-C		c.1331A>G	p.Asn444Ser	ENST00000370225	True	1	1352438	0	1.1403808872163303e-05	sas	False	below_supporting_threshold									False	False	population-compatible; not clinical benign
chr1:94040060:G>A	1-94040060-G-A		c.3590C>T	p.Pro1197Leu	ENST00000370225	True	1	1607222	0	1.1182180077827974e-05	sas	False	below_supporting_threshold									False	False	population-compatible; not clinical benign
chr1:94040067:G>T	1-94040067-G-T		c.3583C>A	p.Leu1195Ile	ENST00000370225	True	1	1608544	0	1.1156729739378794e-05	sas	False	below_supporting_threshold									False	False	population-compatible; not clinical benign
chr1:94040113:G>C	1-94040113-G-C		c.3537C>G	p.Cys1179Trp	ENST00000370225	True	1	1608502	0	1.1148272017837235e-05	sas	False	below_supporting_threshold									False	False	population-compatible; not clinical benign
chr1:94040071:A>T	1-94040071-A-T	rs374610040	c.3579T>A	p.Asp1193Glu	ENST00000370225	True	7	1609086	0	1.114355122690499e-05	sas	False	below_supporting_threshold	3683998.0	VUS	1.0	screened	missense	p.D1193E	ABCA4_1215a1bbdab4dd19	True	True	True	population-compatible; not clinical benign
chr1:94019597:G>C	1-94019597-G-C		c.5181C>G	p.Asn1727Lys	ENST00000370225	True	1	1608176	0	1.1137345747761393e-05	sas	False	below_supporting_threshold									False	False	population-compatible; not clinical benign
chr1:94040076:C>T	1-94040076-C-T	rs770363333	c.3574G>A	p.Val1192Ile	ENST00000370225	True	3	1609716	0	1.1129660545353366e-05	sas	False	below_supporting_threshold	873897.0	VUS	2.0	screened	missense	p.V1192I	ABCA4_4cea3b5d4b8fb454	True	True	True	population-compatible; not clinical benign
chr1:94019599:T>A	1-94019599-T-A		c.5179A>T	p.Asn1727Tyr	ENST00000370225	True	1	1608472	0	1.1128669678826593e-05	sas	False	below_supporting_threshold									False	False	population-compatible; not clinical benign
chr1:94019623:T>G	1-94019623-T-G	rs1402117430	c.5155A>C	p.Ser1719Arg	ENST00000370225	True	1	1611402	0	1.106023403455217e-05	sas	False	below_supporting_threshold									False	False	population-compatible; not clinical benign
chr1:94029539:A>T	1-94029539-A-T		c.4445T>A	p.Val1482Asp	ENST00000370225	True	1	1612644	0	1.1044354126170702e-05	sas	False	below_supporting_threshold									False	False	population-compatible; not clinical benign
chr1:94019649:T>C	1-94019649-T-C	rs1659841242	c.5129A>G	p.Lys1710Arg	ENST00000370225	True	1	1612938	0	1.1025115212453971e-05	sas	False	below_supporting_threshold									False	False	population-compatible; not clinical benign
chr1:94078648:T>C	1-94078648-T-C	rs1213348615	c.1298A>G	p.Glu433Gly	ENST00000370225	True	1	1591334	0	1.1020255229111106e-05	sas	False	below_supporting_threshold									False	False	population-compatible; not clinical benign
chr1:94019665:G>A	1-94019665-G-A	rs771038310	c.5113C>T	p.Arg1705Trp	ENST00000370225	True	16	1613386	0	1.1019713419637469e-05	nfe	False	below_supporting_threshold	632119.0	Conflicting	1.0	screened	missense	p.R1705W	ABCA4_c16396a29d9b7d90	True	True	True	population-compatible; not clinical benign
chr1:94019719:T>C	1-94019719-T-C	rs201996979	c.5059A>G	p.Ile1687Val	ENST00000370225	True	13	1613256	0	1.1018648639027376e-05	nfe	False	below_supporting_threshold									False	False	population-compatible; not clinical benign
chr1:94111454:T>G	1-94111454-T-G	rs61748529	c.286A>C	p.Asn96His	ENST00000370225	True	13	1613962	0	1.1016799772206478e-05	nfe	False	below_supporting_threshold	99165.0	P/LP	2.0	screened	missense	p.N96H	ABCA4_d01b64a69dee16fc	True	True	True	population-compatible; not clinical benign
chr1:94014670:A>G	1-94014670-A-G	rs748706582	c.5333T>C	p.Met1778Thr	ENST00000370225	True	13	1614214	0	1.1016725083557622e-05	nfe	False	below_supporting_threshold									False	False	population-compatible; not clinical benign
chr1:94010819:G>C	1-94010819-G-C	rs1282177135	c.5695C>G	p.His1899Asp	ENST00000370225	True	13	1614150	0	1.1016706411553643e-05	nfe	False	below_supporting_threshold									False	False	population-compatible; not clinical benign
chr1:94001042:T>A	1-94001042-T-A	rs771055152	c.6346A>T	p.Ile2116Phe	ENST00000370225	True	15	1614166	0	1.1016687739612958e-05	nfe	False	below_supporting_threshold									False	False	population-compatible; not clinical benign
chr1:94060634:T>A	1-94060634-T-A	rs1557786289	c.2063A>T	p.Asn688Ile	ENST00000370225	True	14	1614144	0	1.1016687739612958e-05	nfe	False	below_supporting_threshold	1044396.0	VUS	1.0	screened	missense	p.N688I	ABCA4_1970467ea5d7996d	True	True	True	population-compatible; not clinical benign
chr1:94021935:T>A	1-94021935-T-A		c.4684A>T	p.Ile1562Phe	ENST00000370225	True	13	1614158	0	1.1016650395921467e-05	nfe	False	below_supporting_threshold									False	False	population-compatible; not clinical benign
chr1:94077857:A>G	1-94077857-A-G	rs755226781	c.1387T>C	p.Phe463Leu	ENST00000370225	True	13	1614244	0	1.1016613052483145e-05	nfe	False	below_supporting_threshold									False	False	population-compatible; not clinical benign
chr1:94010868:C>A	1-94010868-C-A	rs752160946	c.5646G>T	p.Met1882Ile	ENST00000370225	True	13	1614164	0	1.101655703780035e-05	nfe	False	below_supporting_threshold	1184497.0	P/LP	1.0	screened	missense	p.M1882I	ABCA4_6df607fd5419ea76	True	True	True	population-compatible; not clinical benign
chr1:94001911:G>A	1-94001911-G-A	rs61750645	c.6229C>T	p.Arg2077Trp	ENST00000370225	True	14	1614088	0	1.1016501023687173e-05	nfe	False	below_supporting_threshold	99438.0	P/LP	3.0	wt_equivalent	missense	p.R2077W	ABCA4_WT	False	True	True	population-compatible; not clinical benign
chr1:94019734:C>T	1-94019734-C-T		c.5044G>A	p.Val1682Ile	ENST00000370225	True	1	1612782	0	1.10153995285409e-05	sas	False	below_supporting_threshold									False	False	population-compatible; not clinical benign
chr1:94019737:C>A	1-94019737-C-A		c.5041G>T	p.Val1681Leu	ENST00000370225	True	1	1612916	0	1.10153995285409e-05	sas	False	below_supporting_threshold									False	False	population-compatible; not clinical benign
chr1:94023409:G>C	1-94023409-G-C	rs1282667368	c.4644C>G	p.Ser1548Arg	ENST00000370225	True	2	1608994	0	1.1010548105084671e-05	sas	False	below_supporting_threshold									False	False	population-compatible; not clinical benign
chr1:94021649:G>T	1-94021649-G-T	rs1659900493	c.4839C>A	p.Asp1613Glu	ENST00000370225	True	2	1611794	0	1.1008123995508685e-05	sas	False	below_supporting_threshold									False	False	population-compatible; not clinical benign
chr1:94098989:G>T	1-94098989-G-T		c.573C>A	p.Phe191Leu	ENST00000370225	True	1	1605092	0	1.1007881643256571e-05	sas	False	below_supporting_threshold									False	False	population-compatible; not clinical benign
chr1:94021651:C>T	1-94021651-C-T	rs1476762749	c.4837G>A	p.Asp1613Asn	ENST00000370225	True	2	1612198	0	1.1007639301675363e-05	sas	False	below_supporting_threshold	960529.0	VUS	1.0	screened	missense	p.D1613N	ABCA4_1a5c6463c6e6db82	True	True	True	population-compatible; not clinical benign
chr1:94019723:G>C	1-94019723-G-C		c.5055C>G	p.Cys1685Trp	ENST00000370225	True	1	1613428	0	1.100545870751893e-05	sas	False	below_supporting_threshold									False	False	population-compatible; not clinical benign
chr1:94083353:T>C	1-94083353-T-C		c.857A>G	p.Glu286Gly	ENST00000370225	True	1	1602932	0	1.1004005457986707e-05	sas	False	below_supporting_threshold									False	False	population-compatible; not clinical benign
chr1:94029557:T>G	1-94029557-T-G		c.4427A>C	p.Lys1476Thr	ENST00000370225	True	1	1613748	0	1.1003036838167334e-05	sas	False	below_supporting_threshold									False	False	population-compatible; not clinical benign
chr1:94060731:G>A	1-94060731-G-A	rs779455131	c.1966C>T	p.Pro656Ser	ENST00000370225	True	1	1613514	0	1.099964801126364e-05	sas	False	below_supporting_threshold									False	False	population-compatible; not clinical benign
chr1:94019714:G>T	1-94019714-G-T		c.5064C>A	p.Phe1688Leu	ENST00000370225	True	1	1613690	0	1.0999164063531172e-05	sas	False	below_supporting_threshold									False	False	population-compatible; not clinical benign
chr1:94077712:C>A	1-94077712-C-A		c.1532G>T	p.Arg511Leu	ENST00000370225	True	1	1613274	0	1.0998196295807488e-05	sas	False	below_supporting_threshold									False	False	population-compatible; not clinical benign
chr1:94019691:C>A	1-94019691-C-A	rs61750564	c.5087G>T	p.Ser1696Ile	ENST00000370225	True	1	1613794	0	1.0995777621393385e-05	sas	False	below_supporting_threshold									False	False	population-compatible; not clinical benign
chr1:94021665:T>C	1-94021665-T-C	rs151145662	c.4823A>G	p.His1608Arg	ENST00000370225	True	7	1612888	0	1.0995777621393385e-05	sas	False	below_supporting_threshold	941485.0	VUS	1.0	screened	missense	p.H1608R	ABCA4_cb26df522de86892	True	True	True	population-compatible; not clinical benign
chr1:94021675:A>G	1-94021675-A-G	rs1299117797	c.4813T>C	p.Phe1605Leu	ENST00000370225	True	1	1613318	0	1.0992634934593823e-05	sas	False	below_supporting_threshold									False	False	population-compatible; not clinical benign
chr1:94015824:C>T	1-94015824-C-T		c.5227G>A	p.Val1743Met	ENST00000370225	True	1	1613980	0	1.0991185069574202e-05	sas	False	below_supporting_threshold									False	False	population-compatible; not clinical benign
chr1:94021692:G>A	1-94021692-G-A		c.4796C>T	p.Ser1599Phe	ENST00000370225	True	1	1613450	0	1.0990701866221177e-05	sas	False	below_supporting_threshold									False	False	population-compatible; not clinical benign
chr1:94111438:A>G	1-94111438-A-G	rs1390936521	c.302T>C	p.Ile101Thr	ENST00000370225	True	1	1613920	0	1.0990701866221177e-05	sas	False	below_supporting_threshold									False	False	population-compatible; not clinical benign
chr1:94056749:A>T	1-94056749-A-T		c.2234T>A	p.Ile745Asn	ENST00000370225	True	1	1613890	0	1.0988769477593899e-05	sas	False	below_supporting_threshold									False	False	population-compatible; not clinical benign
chr1:94008864:C>G	1-94008864-C-G	rs543742946	c.5722G>C	p.Glu1908Gln	ENST00000370225	True	2	1612694	0	1.0986354947155633e-05	sas	False	below_supporting_threshold									False	False	population-compatible; not clinical benign
chr1:94015800:T>C	1-94015800-T-C	rs1330632924	c.5251A>G	p.Lys1751Glu	ENST00000370225	True	1	1613996	0	1.0985872168391449e-05	sas	False	below_supporting_threshold									False	False	population-compatible; not clinical benign
chr1:94083440:A>C	1-94083440-A-C	rs1661754290	c.770T>G	p.Leu257Arg	ENST00000370225	True	1	1612394	0	1.0985630794920244e-05	sas	False	below_supporting_threshold									False	False	population-compatible; not clinical benign
chr1:93997863:G>T	1-93997863-G-T		c.6727C>A	p.Gln2243Lys	ENST00000370225	True	1	1614030	0	1.0984424086645136e-05	sas	False	below_supporting_threshold									False	False	population-compatible; not clinical benign
chr1:94047093:T>C	1-94047093-T-C		c.2744A>G	p.Asp915Gly	ENST00000370225	True	1	1613486	0	1.0984424086645136e-05	sas	False	below_supporting_threshold									False	False	population-compatible; not clinical benign
chr1:94078703:T>G	1-94078703-T-G		c.1243A>C	p.Asn415His	ENST00000370225	True	1	1611384	0	1.0983458910880215e-05	sas	False	below_supporting_threshold									False	False	population-compatible; not clinical benign
chr1:93997923:G>A	1-93997923-G-A		c.6667C>T	p.Leu2223Phe	ENST00000370225	True	1	1614038	0	1.0982252679669654e-05	sas	False	below_supporting_threshold									False	False	population-compatible; not clinical benign
chr1:94001104:T>A	1-94001104-T-A	rs1064793015	c.6284A>T	p.Asp2095Val	ENST00000370225	True	1	1613164	0	1.0981770261366133e-05	sas	False	below_supporting_threshold	417995.0	P/LP	1.0	wt_equivalent	missense	p.D2095V	ABCA4_WT	False	True	True	population-compatible; not clinical benign
chr1:93997926:G>A	1-93997926-G-A		c.6664C>T	p.Leu2222Phe	ENST00000370225	True	2	1614080	0	1.0981529068107443e-05	sas	False	below_supporting_threshold									False	False	population-compatible; not clinical benign
chr1:94060629:C>G	1-94060629-C-G	rs749772656	c.2068G>C	p.Gly690Arg	ENST00000370225	True	2	1614074	0	1.0981529068107443e-05	sas	False	below_supporting_threshold									False	False	population-compatible; not clinical benign
chr1:94078700:A>G	1-94078700-A-G		c.1246T>C	p.Ser416Pro	ENST00000370225	True	1	1612140	0	1.0981529068107443e-05	sas	False	below_supporting_threshold									False	False	population-compatible; not clinical benign
chr1:94080483:C>T	1-94080483-C-T		c.1094G>A	p.Arg365Lys	ENST00000370225	True	1	1614184	0	1.0981529068107443e-05	sas	False	below_supporting_threshold									False	False	population-compatible; not clinical benign
chr1:94111473:T>A	1-94111473-T-A		c.267A>T	p.Glu89Asp	ENST00000370225	True	1	1614152	0	1.0981529068107443e-05	sas	False	below_supporting_threshold									False	False	population-compatible; not clinical benign
chr1:93997874:G>A	1-93997874-G-A		c.6716C>T	p.Thr2239Ile	ENST00000370225	True	1	1614092	0	1.0981287885443205e-05	sas	False	below_supporting_threshold									False	False	population-compatible; not clinical benign
chr1:94001906:T>G	1-94001906-T-G	rs1659195585	c.6234A>C	p.Lys2078Asn	ENST00000370225	True	1	1614012	0	1.0981287885443205e-05	sas	False	below_supporting_threshold	849461.0	VUS	1.0	wt_equivalent	missense	p.K2078N	ABCA4_WT	False	True	True	population-compatible; not clinical benign
chr1:94031797:T>C	1-94031797-T-C		c.4109A>G	p.His1370Arg	ENST00000370225	True	1	1613896	0	1.0981287885443205e-05	sas	False	below_supporting_threshold									False	False	population-compatible; not clinical benign
chr1:94031969:T>G	1-94031969-T-G	rs1300088198	c.3937A>C	p.Thr1313Pro	ENST00000370225	True	1	1614052	0	1.0981287885443205e-05	sas	False	below_supporting_threshold									False	False	population-compatible; not clinical benign
chr1:94043374:A>G	1-94043374-A-G		c.3152T>C	p.Leu1051Pro	ENST00000370225	True	1	1614086	0	1.0981287885443205e-05	sas	False	below_supporting_threshold									False	False	population-compatible; not clinical benign
chr1:94048898:C>T	1-94048898-C-T	rs749616079	c.2713G>A	p.Glu905Lys	ENST00000370225	True	2	1614134	0	1.0981287885443205e-05	sas	False	below_supporting_threshold									False	False	population-compatible; not clinical benign
chr1:94055114:G>A	1-94055114-G-A		c.2584C>T	p.Pro862Ser	ENST00000370225	True	1	1614048	0	1.0981287885443205e-05	sas	False	below_supporting_threshold									False	False	population-compatible; not clinical benign
chr1:94062716:C>A	1-94062716-C-A	rs61752397	c.1798G>T	p.Asp600Tyr	ENST00000370225	True	2	1614154	0	1.0981287885443205e-05	sas	False	below_supporting_threshold	99082.0	P/LP	1.0	screened	missense	p.D600Y	ABCA4_5996257738685555	True	True	True	population-compatible; not clinical benign
chr1:94078692:A>T	1-94078692-A-T	rs765907001	c.1254T>A	p.Phe418Leu	ENST00000370225	True	1	1613516	0	1.0981287885443205e-05	sas	False	below_supporting_threshold	1805341.0	VUS	1.0	screened	missense	p.F418L	ABCA4_e2a24d27be3e3d3e	True	True	True	population-compatible; not clinical benign
chr1:94083380:A>G	1-94083380-A-G	rs1409094931	c.830T>C	p.Leu277Ser	ENST00000370225	True	2	1613510	0	1.0981287885443205e-05	sas	False	below_supporting_threshold									False	False	population-compatible; not clinical benign
chr1:94032040:C>T	1-94032040-C-T	rs745511918	c.3866G>A	p.Gly1289Asp	ENST00000370225	True	1	1610646	0	1.0981046713372718e-05	sas	False	below_supporting_threshold	1004271.0	VUS	1.0	screened	missense	p.G1289D	ABCA4_a48ae0a50224d8a5	True	True	True	population-compatible; not clinical benign
chr1:94051674:C>A	1-94051674-C-A		c.2612G>T	p.Trp871Leu	ENST00000370225	True	1	1614010	0	1.0981046713372718e-05	sas	False	below_supporting_threshold									False	False	population-compatible; not clinical benign
chr1:94011333:T>G	1-94011333-T-G		c.5513A>C	p.His1838Pro	ENST00000370225	True	1	1613874	0	1.0980805551895288e-05	sas	False	below_supporting_threshold									False	False	population-compatible; not clinical benign
chr1:94047052:C>T	1-94047052-C-T	rs750273269	c.2785G>A	p.Val929Ile	ENST00000370225	True	2	1614128	0	1.0980805551895288e-05	sas	False	below_supporting_threshold									False	False	population-compatible; not clinical benign
chr1:94048868:C>A	1-94048868-C-A	rs139035971	c.2743G>T	p.Asp915Tyr	ENST00000370225	True	1	1613982	0	1.0980805551895288e-05	sas	False	below_supporting_threshold									False	False	population-compatible; not clinical benign
chr1:94048916:G>A	1-94048916-G-A		c.2695C>T	p.Pro899Ser	ENST00000370225	True	1	1614108	0	1.0980805551895288e-05	sas	False	below_supporting_threshold									False	False	population-compatible; not clinical benign
chr1:94055275:T>C	1-94055275-T-C	rs1317347413	c.2423A>G	p.Tyr808Cys	ENST00000370225	True	1	1614098	0	1.0980805551895288e-05	sas	False	below_supporting_threshold									False	False	population-compatible; not clinical benign
chr1:94056657:G>C	1-94056657-G-C		c.2326C>G	p.His776Asp	ENST00000370225	True	1	1614066	0	1.0980805551895288e-05	sas	False	below_supporting_threshold									False	False	population-compatible; not clinical benign
chr1:94080674:C>A	1-94080674-C-A	rs142076270	c.903G>T	p.Arg301Ser	ENST00000370225	True	13	1614084	0	1.0980805551895288e-05	sas	False	below_supporting_threshold									False	False	population-compatible; not clinical benign
chr1:94080674:C>G	1-94080674-C-G	rs142076270	c.903G>C	p.Arg301Ser	ENST00000370225	True	6	1614084	0	1.0980805551895288e-05	sas	False	below_supporting_threshold									False	False	population-compatible; not clinical benign
chr1:94112987:T>C	1-94112987-T-C		c.146A>G	p.Tyr49Cys	ENST00000370225	True	1	1613678	0	1.0980805551895288e-05	sas	False	below_supporting_threshold									False	False	population-compatible; not clinical benign
chr1:93998006:C>T	1-93998006-C-T		c.6584G>A	p.Gly2195Asp	ENST00000370225	True	5	1614106	0	1.0980564401010211e-05	sas	False	below_supporting_threshold									False	False	population-compatible; not clinical benign
chr1:94031807:T>C	1-94031807-T-C		c.4099A>G	p.Ile1367Val	ENST00000370225	True	1	1613962	0	1.0980564401010211e-05	sas	False	below_supporting_threshold									False	False	population-compatible; not clinical benign
chr1:94032023:C>T	1-94032023-C-T	rs1454362352	c.3883G>A	p.Glu1295Lys	ENST00000370225	True	14	1612404	0	1.0980564401010211e-05	sas	False	below_supporting_threshold									False	False	population-compatible; not clinical benign
chr1:94055133:C>A	1-94055133-C-A	rs61749438	c.2565G>T	p.Trp855Cys	ENST00000370225	True	1	1614078	0	1.0980564401010211e-05	sas	False	below_supporting_threshold									False	False	population-compatible; not clinical benign
chr1:94056688:A>C	1-94056688-A-C	rs61752404	c.2295T>G	p.Ser765Arg	ENST00000370225	True	1	1614162	0	1.0980564401010211e-05	sas	False	below_supporting_threshold	99126.0	P/LP	2.0	screened	missense	p.S765R	ABCA4_4dd9b4fcf892b7b1	True	True	True	population-compatible; not clinical benign
chr1:94063160:A>G	1-94063160-A-G		c.1712T>C	p.Ile571Thr	ENST00000370225	True	1	1614022	0	1.0980564401010211e-05	sas	False	below_supporting_threshold	3638500.0	P/LP	1.0	screened	missense	p.I571T	ABCA4_a185a68bea3581c5	True	True	True	population-compatible; not clinical benign
chr1:94008761:T>A	1-94008761-T-A	rs772881159	c.5825A>T	p.Glu1942Val	ENST00000370225	True	1	1614098	0	1.0980323260716796e-05	sas	False	below_supporting_threshold									False	False	population-compatible; not clinical benign
chr1:94031033:G>C	1-94031033-G-C		c.4216C>G	p.His1406Asp	ENST00000370225	True	1	1614140	0	1.0980323260716796e-05	sas	False	below_supporting_threshold	3720219.0	VUS	2.0	screened	missense	p.H1406D	ABCA4_43d791971b33caa7	True	True	True	population-compatible; not clinical benign
chr1:94031816:G>C	1-94031816-G-C		c.4090C>G	p.Gln1364Glu	ENST00000370225	True	1	1614064	0	1.0980323260716796e-05	sas	False	below_supporting_threshold									False	False	population-compatible; not clinical benign
chr1:94041368:G>T	1-94041368-G-T	rs146117512	c.3363C>A	p.Asp1121Glu	ENST00000370225	True	1	1614072	0	1.0980323260716796e-05	sas	False	below_supporting_threshold	2134146.0	VUS	1.0	screened	missense	p.D1121E	ABCA4_6c9766afc3cfa819	True	True	True	population-compatible; not clinical benign
chr1:94051642:C>A	1-94051642-C-A	rs1129477	c.2644G>T	p.Gly882Cys	ENST00000370225	True	1	1613732	0	1.0980323260716796e-05	sas	False	below_supporting_threshold									False	False	population-compatible; not clinical benign
chr1:94055224:C>G	1-94055224-C-G		c.2474G>C	p.Gly825Ala	ENST00000370225	True	1	1614142	0	1.0980323260716796e-05	sas	False	below_supporting_threshold									False	False	population-compatible; not clinical benign
chr1:94060625:A>G	1-94060625-A-G		c.2072T>C	p.Val691Ala	ENST00000370225	True	1	1614160	0	1.0980323260716796e-05	sas	False	below_supporting_threshold									False	False	population-compatible; not clinical benign
chr1:94063164:T>C	1-94063164-T-C		c.1708A>G	p.Lys570Glu	ENST00000370225	True	1	1614154	0	1.0980323260716796e-05	sas	False	below_supporting_threshold									False	False	population-compatible; not clinical benign
chr1:94080547:T>A	1-94080547-T-A		c.1030A>T	p.Asn344Tyr	ENST00000370225	True	1	1614114	0	1.0980323260716796e-05	sas	False	below_supporting_threshold									False	False	population-compatible; not clinical benign
chr1:94008263:C>T	1-94008263-C-T		c.5870G>A	p.Arg1957Lys	ENST00000370225	True	1	1614140	0	1.098008213101434e-05	sas	False	below_supporting_threshold									False	False	population-compatible; not clinical benign
chr1:94008297:T>C	1-94008297-T-C	rs1263157981	c.5836A>G	p.Ile1946Val	ENST00000370225	True	1	1613910	0	1.098008213101434e-05	sas	False	below_supporting_threshold									False	False	population-compatible; not clinical benign
chr1:94011310:T>C	1-94011310-T-C		c.5536A>G	p.Ile1846Val	ENST00000370225	True	4	1614028	0	1.098008213101434e-05	sas	False	below_supporting_threshold									False	False	population-compatible; not clinical benign
chr1:94043348:G>T	1-94043348-G-T		c.3178C>A	p.Gln1060Lys	ENST00000370225	True	1	1614096	0	1.098008213101434e-05	sas	False	below_supporting_threshold									False	False	population-compatible; not clinical benign
chr1:94046952:A>G	1-94046952-A-G		c.2885T>C	p.Leu962Pro	ENST00000370225	True	1	1614186	0	1.098008213101434e-05	sas	False	below_supporting_threshold									False	False	population-compatible; not clinical benign
chr1:94060645:C>G	1-94060645-C-G		c.2052G>C	p.Glu684Asp	ENST00000370225	True	1	1614166	0	1.098008213101434e-05	sas	False	below_supporting_threshold									False	False	population-compatible; not clinical benign
chr1:94063168:C>A	1-94063168-C-A		c.1704G>T	p.Lys568Asn	ENST00000370225	True	1	1614118	0	1.098008213101434e-05	sas	False	below_supporting_threshold									False	False	population-compatible; not clinical benign
chr1:94077738:T>C	1-94077738-T-C	rs748809920	c.1506A>G	p.Ile502Met	ENST00000370225	True	1	1614190	0	1.098008213101434e-05	sas	False	below_supporting_threshold									False	False	population-compatible; not clinical benign
chr1:94077838:C>T	1-94077838-C-T	rs1418139129	c.1406G>A	p.Gly469Asp	ENST00000370225	True	1	1614234	0	1.098008213101434e-05	sas	False	below_supporting_threshold									False	False	population-compatible; not clinical benign
chr1:94079442:C>G	1-94079442-C-G	rs758365467	c.1119G>C	p.Leu373Phe	ENST00000370225	True	1	1614154	0	1.098008213101434e-05	sas	False	below_supporting_threshold									False	False	population-compatible; not clinical benign
chr1:94007682:G>C	1-94007682-G-C		c.5957C>G	p.Thr1986Ser	ENST00000370225	True	1	1614122	0	1.0979841011902148e-05	sas	False	below_supporting_threshold									False	False	population-compatible; not clinical benign
chr1:94021904:G>C	1-94021904-G-C	rs185093512	c.4715C>G	p.Thr1572Arg	ENST00000370225	True	1	1614130	0	1.0979841011902148e-05	sas	False	below_supporting_threshold									False	False	population-compatible; not clinical benign
chr1:94021919:G>C	1-94021919-G-C	rs752150372	c.4700C>G	p.Pro1567Arg	ENST00000370225	True	1	1614160	0	1.0979841011902148e-05	sas	False	below_supporting_threshold									False	False	population-compatible; not clinical benign
chr1:94030519:C>T	1-94030519-C-T		c.4261G>A	p.Glu1421Lys	ENST00000370225	True	2	1614158	0	1.0979841011902148e-05	sas	False	below_supporting_threshold									False	False	population-compatible; not clinical benign
chr1:94031836:G>A	1-94031836-G-A	rs552517556	c.4070C>T	p.Ala1357Val	ENST00000370225	True	5	1614124	0	1.0979841011902148e-05	sas	False	below_supporting_threshold	969178.0	P/LP	2.0	screened	missense	p.A1357V	ABCA4_c0f40a5f64b7a7ee	True	True	True	population-compatible; not clinical benign
chr1:94036740:C>G	1-94036740-C-G	rs749060207	c.3862G>C	p.Gly1288Arg	ENST00000370225	True	2	1614060	0	1.0979841011902148e-05	sas	False	below_supporting_threshold									False	False	population-compatible; not clinical benign
chr1:94036740:C>T	1-94036740-C-T	rs749060207	c.3862G>A	p.Gly1288Ser	ENST00000370225	True	4	1614060	0	1.0979841011902148e-05	sas	False	below_supporting_threshold	2779967.0	P/LP	1.0	screened	missense	p.G1288S	ABCA4_82cf84da76e816f3	True	True	True	population-compatible; not clinical benign
chr1:94037350:C>G	1-94037350-C-G	rs146786552	c.3608G>C	p.Gly1203Ala	ENST00000370225	True	1	1613974	0	1.0979841011902148e-05	sas	False	below_supporting_threshold									False	False	population-compatible; not clinical benign
chr1:94043431:C>A	1-94043431-C-A	rs747463778	c.3095G>T	p.Gly1032Val	ENST00000370225	True	1	1614188	0	1.0979841011902148e-05	sas	False	below_supporting_threshold									False	False	population-compatible; not clinical benign
chr1:94044731:C>G	1-94044731-C-G		c.2932G>C	p.Gly978Arg	ENST00000370225	True	1	1614200	0	1.0979841011902148e-05	sas	False	below_supporting_threshold									False	False	population-compatible; not clinical benign
chr1:94055236:C>G	1-94055236-C-G		c.2462G>C	p.Trp821Ser	ENST00000370225	True	1	1614180	0	1.0979841011902148e-05	sas	False	below_supporting_threshold									False	False	population-compatible; not clinical benign
chr1:94060588:G>T	1-94060588-G-T		c.2109C>A	p.Asp703Glu	ENST00000370225	True	1	1614180	0	1.0979841011902148e-05	sas	False	below_supporting_threshold									False	False	population-compatible; not clinical benign
chr1:94062659:T>C	1-94062659-T-C	rs1231688819	c.1855A>G	p.Ile619Val	ENST00000370225	True	2	1614108	0	1.0979841011902148e-05	sas	False	below_supporting_threshold									False	False	population-compatible; not clinical benign
chr1:94077794:T>G	1-94077794-T-G		c.1450A>C	p.Lys484Gln	ENST00000370225	True	1	1614094	0	1.0979841011902148e-05	sas	False	below_supporting_threshold									False	False	population-compatible; not clinical benign
chr1:94079363:A>G	1-94079363-A-G	rs1661624556	c.1198T>C	p.Tyr400His	ENST00000370225	True	1	1614220	0	1.0979841011902148e-05	sas	False	below_supporting_threshold	1022130.0	VUS	1.0	screened	missense	p.Y400H	ABCA4_c8cb0644d3a50ffd	True	True	True	population-compatible; not clinical benign
chr1:94098819:A>G	1-94098819-A-G	rs774537777	c.743T>C	p.Val248Ala	ENST00000370225	True	1	1614164	0	1.0979841011902148e-05	sas	False	below_supporting_threshold									False	False	population-compatible; not clinical benign
chr1:94098855:G>T	1-94098855-G-T	rs777091662	c.707C>A	p.Thr236Asn	ENST00000370225	True	1	1614146	0	1.0979841011902148e-05	sas	False	below_supporting_threshold									False	False	population-compatible; not clinical benign
chr1:94007667:A>G	1-94007667-A-G	rs1331016486	c.5972T>C	p.Val1991Ala	ENST00000370225	True	2	1614118	0	1.0979599903379522e-05	sas	False	below_supporting_threshold									False	False	population-compatible; not clinical benign
chr1:94021898:T>G	1-94021898-T-G	rs1557768944	c.4721A>C	p.Glu1574Ala	ENST00000370225	True	1	1614052	0	1.0979599903379522e-05	sas	False	below_supporting_threshold									False	False	population-compatible; not clinical benign
chr1:94043474:G>T	1-94043474-G-T		c.3052C>A	p.Leu1018Ile	ENST00000370225	True	1	1614168	0	1.0979599903379522e-05	sas	False	below_supporting_threshold									False	False	population-compatible; not clinical benign
chr1:94046937:G>C	1-94046937-G-C	rs1291080436	c.2900C>G	p.Ala967Gly	ENST00000370225	True	1	1614158	0	1.0979599903379522e-05	sas	False	below_supporting_threshold									False	False	population-compatible; not clinical benign
chr1:94046966:C>A	1-94046966-C-A	rs1487933769	c.2871G>T	p.Gln957His	ENST00000370225	True	1	1614188	0	1.0979599903379522e-05	sas	False	below_supporting_threshold									False	False	population-compatible; not clinical benign
chr1:94047019:G>T	1-94047019-G-T		c.2818C>A	p.Pro940Thr	ENST00000370225	True	1	1614142	0	1.0979599903379522e-05	sas	False	below_supporting_threshold									False	False	population-compatible; not clinical benign
chr1:94048925:T>C	1-94048925-T-C		c.2686A>G	p.Lys896Glu	ENST00000370225	True	1	1614176	0	1.0979599903379522e-05	sas	False	below_supporting_threshold									False	False	population-compatible; not clinical benign
chr1:94060619:T>G	1-94060619-T-G		c.2078A>C	p.Asn693Thr	ENST00000370225	True	1	1614174	0	1.0979599903379522e-05	sas	False	below_supporting_threshold									False	False	population-compatible; not clinical benign
chr1:94077849:A>T	1-94077849-A-T		c.1395T>A	p.Asn465Lys	ENST00000370225	True	1	1614234	0	1.0979599903379522e-05	sas	False	below_supporting_threshold									False	False	population-compatible; not clinical benign
chr1:94001031:T>A	1-94001031-T-A		c.6357A>T	p.Glu2119Asp	ENST00000370225	True	1	1614184	0	1.0979358805445763e-05	sas	False	below_supporting_threshold									False	False	population-compatible; not clinical benign
chr1:94005446:C>G	1-94005446-C-G		c.6142G>C	p.Glu2048Gln	ENST00000370225	True	1	1614038	0	1.0979358805445763e-05	sas	False	below_supporting_threshold									False	False	population-compatible; not clinical benign
chr1:94005545:C>A	1-94005545-C-A	rs1436856077	c.6043G>T	p.Gly2015Cys	ENST00000370225	True	1	1613996	0	1.0979358805445763e-05	sas	False	below_supporting_threshold									False	False	population-compatible; not clinical benign
chr1:94010891:T>C	1-94010891-T-C	rs1659526097	c.5623A>G	p.Ile1875Val	ENST00000370225	True	2	1614088	0	1.0979358805445763e-05	sas	False	below_supporting_threshold									False	False	population-compatible; not clinical benign
chr1:94011322:C>T	1-94011322-C-T	rs201843632	c.5524G>A	p.Gly1842Ser	ENST00000370225	True	1	1613990	0	1.0979358805445763e-05	sas	False	below_supporting_threshold									False	False	population-compatible; not clinical benign
chr1:94014556:A>C	1-94014556-A-C		c.5447T>G	p.Phe1816Cys	ENST00000370225	True	1	1614250	0	1.0979358805445763e-05	sas	False	below_supporting_threshold									False	False	population-compatible; not clinical benign
chr1:94021240:A>G	1-94021240-A-G	rs1659886244	c.5018T>C	p.Val1673Ala	ENST00000370225	True	6	1614184	0	1.0979358805445763e-05	sas	False	below_supporting_threshold	876682.0	VUS	1.0	screened	missense	p.V1673A	ABCA4_5e1914ba148fd264	True	True	True	population-compatible; not clinical benign
chr1:94021294:G>A	1-94021294-G-A		c.4964C>T	p.Thr1655Ile	ENST00000370225	True	1	1614218	0	1.0979358805445763e-05	sas	False	below_supporting_threshold	3385161.0	VUS	1.0	screened	missense	p.T1655I	ABCA4_685ada7252531b7a	True	True	True	population-compatible; not clinical benign
chr1:94021409:C>G	1-94021409-C-G		c.4849G>C	p.Val1617Leu	ENST00000370225	True	1	1614086	0	1.0979358805445763e-05	sas	False	below_supporting_threshold									False	False	population-compatible; not clinical benign
chr1:94021895:G>A	1-94021895-G-A		c.4724C>T	p.Ala1575Val	ENST00000370225	True	3	1614106	0	1.0979358805445763e-05	sas	False	below_supporting_threshold	3516473.0	VUS	1.0	screened	missense	p.A1575V	ABCA4_8297105f9a9ffc92	True	True	True	population-compatible; not clinical benign
chr1:94041249:C>G	1-94041249-C-G		c.3482G>C	p.Arg1161Pro	ENST00000370225	True	2	1614156	0	1.0979358805445763e-05	sas	False	below_supporting_threshold									False	False	population-compatible; not clinical benign
chr1:94044698:C>G	1-94044698-C-G		c.2965G>C	p.Val989Leu	ENST00000370225	True	2	1614196	0	1.0979358805445763e-05	sas	False	below_supporting_threshold									False	False	population-compatible; not clinical benign
chr1:94062596:G>A	1-94062596-G-A		c.1918C>T	p.Pro640Ser	ENST00000370225	True	1	1614170	0	1.0979358805445763e-05	sas	False	below_supporting_threshold	2122838.0	P/LP	2.0	screened	missense	p.P640S	ABCA4_04bf7dd5aa3efe43	True	True	True	population-compatible; not clinical benign
chr1:94080558:T>C	1-94080558-T-C		c.1019A>G	p.Tyr340Cys	ENST00000370225	True	1	1614150	0	1.0979358805445763e-05	sas	False	below_supporting_threshold	3392496.0	P/LP	1.0	screened	missense	p.Y340C	ABCA4_637d68baf5fc431c	True	True	True	population-compatible; not clinical benign
chr1:94080588:C>T	1-94080588-C-T	rs61753058	c.989G>A	p.Gly330Asp	ENST00000370225	True	1	1614168	0	1.0979358805445763e-05	sas	False	below_supporting_threshold	99519.0	Other	0.0	screened	missense	p.G330D	ABCA4_2b38a564b2e9ef9f	True	True	True	population-compatible; not clinical benign
chr1:94083405:T>G	1-94083405-T-G	rs375393316	c.805A>C	p.Asn269His	ENST00000370225	True	12	1613736	0	1.0979358805445763e-05	sas	False	below_supporting_threshold	3516663.0	VUS	1.0	screened	missense	p.N269H	ABCA4_068d4e8aaa9924c0	True	True	True	population-compatible; not clinical benign
chr1:94098864:G>A	1-94098864-G-A	rs765644429	c.698C>T	p.Ser233Phe	ENST00000370225	True	1	1614182	0	1.0979358805445763e-05	sas	False	below_supporting_threshold									False	False	population-compatible; not clinical benign
chr1:94103035:A>G	1-94103035-A-G		c.550T>C	p.Ser184Pro	ENST00000370225	True	1	1614142	0	1.0979358805445763e-05	sas	False	below_supporting_threshold									False	False	population-compatible; not clinical benign
chr1:94113039:G>T	1-94113039-G-T	rs760036995	c.94C>A	p.Pro32Thr	ENST00000370225	True	1	1614114	0	1.0979358805445763e-05	sas	False	below_supporting_threshold									False	False	population-compatible; not clinical benign
chr1:93997994:C>T	1-93997994-C-T	rs766336439	c.6596G>A	p.Arg2199Lys	ENST00000370225	True	1	1614190	0	1.0979117718100173e-05	sas	False	below_supporting_threshold									False	False	population-compatible; not clinical benign
chr1:94008248:A>T	1-94008248-A-T	rs747276412	c.5885T>A	p.Val1962Asp	ENST00000370225	True	1	1614136	0	1.0979117718100173e-05	sas	False	below_supporting_threshold									False	False	population-compatible; not clinical benign
chr1:94008284:G>A	1-94008284-G-A	rs1215922056	c.5849C>T	p.Thr1950Ile	ENST00000370225	True	1	1614160	0	1.0979117718100173e-05	sas	False	below_supporting_threshold									False	False	population-compatible; not clinical benign
chr1:94010909:G>A	1-94010909-G-A		c.5605C>T	p.Pro1869Ser	ENST00000370225	True	1	1614108	0	1.0979117718100173e-05	sas	False	below_supporting_threshold									False	False	population-compatible; not clinical benign
chr1:94014686:C>A	1-94014686-C-A	rs1472064768	c.5317G>T	p.Ala1773Ser	ENST00000370225	True	1	1614172	0	1.0979117718100173e-05	sas	False	below_supporting_threshold									False	False	population-compatible; not clinical benign
chr1:94021279:G>A	1-94021279-G-A	rs886044746	c.4979C>T	p.Pro1660Leu	ENST00000370225	True	2	1614186	0	1.0979117718100173e-05	sas	False	below_supporting_threshold	236123.0	P/LP	2.0	screened	missense	p.P1660L	ABCA4_97287f5327f5555b	True	True	True	population-compatible; not clinical benign
chr1:94021874:T>C	1-94021874-T-C		c.4745A>G	p.Asp1582Gly	ENST00000370225	True	1	1614150	0	1.0979117718100173e-05	sas	False	below_supporting_threshold									False	False	population-compatible; not clinical benign
chr1:94021896:C>G	1-94021896-C-G	rs768843191	c.4723G>C	p.Ala1575Pro	ENST00000370225	True	1	1614204	0	1.0979117718100173e-05	sas	False	below_supporting_threshold									False	False	population-compatible; not clinical benign
chr1:94021943:C>T	1-94021943-C-T	rs1659914654	c.4676G>A	p.Gly1559Glu	ENST00000370225	True	1	1614102	0	1.0979117718100173e-05	sas	False	below_supporting_threshold	866119.0	Conflicting	1.0	screened	missense	p.G1559E	ABCA4_8f3d22d6a84e2a71	True	True	True	population-compatible; not clinical benign
chr1:94031876:G>A	1-94031876-G-A		c.4030C>T	p.Leu1344Phe	ENST00000370225	True	1	1614198	0	1.0979117718100173e-05	sas	False	below_supporting_threshold									False	False	population-compatible; not clinical benign
chr1:94037170:C>G	1-94037170-C-G	rs1324890038	c.3788G>C	p.Gly1263Ala	ENST00000370225	True	1	1614202	0	1.0979117718100173e-05	sas	False	below_supporting_threshold									False	False	population-compatible; not clinical benign
chr1:94041232:G>C	1-94041232-G-C	rs756518126	c.3499C>G	p.Gln1167Glu	ENST00000370225	True	1	1614156	0	1.0979117718100173e-05	sas	False	below_supporting_threshold									False	False	population-compatible; not clinical benign
chr1:94041258:G>T	1-94041258-G-T	rs1285919696	c.3473C>A	p.Thr1158Asn	ENST00000370225	True	1	1614116	0	1.0979117718100173e-05	sas	False	below_supporting_threshold									False	False	population-compatible; not clinical benign
chr1:94041331:C>T	1-94041331-C-T		c.3400G>A	p.Ala1134Thr	ENST00000370225	True	1	1614120	0	1.0979117718100173e-05	sas	False	below_supporting_threshold									False	False	population-compatible; not clinical benign
chr1:94043428:T>C	1-94043428-T-C		c.3098A>G	p.Lys1033Arg	ENST00000370225	True	1	1614172	0	1.0979117718100173e-05	sas	False	below_supporting_threshold									False	False	population-compatible; not clinical benign
chr1:94046985:A>G	1-94046985-A-G	rs1660702072	c.2852T>C	p.Ile951Thr	ENST00000370225	True	1	1614180	0	1.0979117718100173e-05	sas	False	below_supporting_threshold	1003785.0	P/LP	1.0	screened	missense	p.I951T	ABCA4_94652adf82c7bb0d	True	True	True	population-compatible; not clinical benign
chr1:94060609:A>C	1-94060609-A-C	rs1661096126	c.2088T>G	p.Ile696Met	ENST00000370225	True	1	1614206	0	1.0979117718100173e-05	sas	False	below_supporting_threshold									False	False	population-compatible; not clinical benign
chr1:94063152:C>G	1-94063152-C-G	rs1661176351	c.1720G>C	p.Asp574His	ENST00000370225	True	1	1614038	0	1.0979117718100173e-05	sas	False	below_supporting_threshold									False	False	population-compatible; not clinical benign
chr1:94098900:C>T	1-94098900-C-T	rs377637509	c.662G>A	p.Gly221Glu	ENST00000370225	True	3	1613908	0	1.0979117718100173e-05	sas	False	below_supporting_threshold									False	False	population-compatible; not clinical benign
chr1:94098909:T>G	1-94098909-T-G		c.653A>C	p.Gln218Pro	ENST00000370225	True	1	1613942	0	1.0979117718100173e-05	sas	False	below_supporting_threshold									False	False	population-compatible; not clinical benign
chr1:93996131:G>A	1-93996131-G-A		c.6794C>T	p.Ala2265Val	ENST00000370225	True	1	1614012	0	1.0978876641342058e-05	sas	False	below_supporting_threshold									False	False	population-compatible; not clinical benign
chr1:93998021:T>G	1-93998021-T-G		c.6569A>C	p.Gln2190Pro	ENST00000370225	True	1	1614206	0	1.0978876641342058e-05	sas	False	below_supporting_threshold	4745890.0	VUS	1.0	wt_equivalent	missense	p.Q2190P	ABCA4_WT	False	True	True	population-compatible; not clinical benign
chr1:94001949:G>T	1-94001949-G-T		c.6191C>A	p.Ala2064Asp	ENST00000370225	True	1	1614204	0	1.0978876641342058e-05	sas	False	below_supporting_threshold									False	False	population-compatible; not clinical benign
chr1:94005461:G>T	1-94005461-G-T	rs763230559	c.6127C>A	p.Pro2043Thr	ENST00000370225	True	1	1614128	0	1.0978876641342058e-05	sas	False	below_supporting_threshold	859790.0	VUS	1.0	screened	missense	p.P2043T	ABCA4_c3b3c17b463e43db	True	True	True	population-compatible; not clinical benign
chr1:94005463:A>T	1-94005463-A-T		c.6125T>A	p.Val2042Glu	ENST00000370225	True	1	1614140	0	1.0978876641342058e-05	sas	False	below_supporting_threshold									False	False	population-compatible; not clinical benign
chr1:94005518:C>T	1-94005518-C-T	rs747011478	c.6070G>A	p.Asp2024Asn	ENST00000370225	True	11	1613892	0	1.0978876641342058e-05	sas	False	below_supporting_threshold									False	False	population-compatible; not clinical benign
chr1:94010864:C>G	1-94010864-C-G		c.5650G>C	p.Val1884Leu	ENST00000370225	True	1	1614150	0	1.0978876641342058e-05	sas	False	below_supporting_threshold									False	False	population-compatible; not clinical benign
chr1:94010870:T>C	1-94010870-T-C	rs62642577	c.5644A>G	p.Met1882Val	ENST00000370225	True	1	1614102	0	1.0978876641342058e-05	sas	False	below_supporting_threshold	99391.0	VUS	1.0	screened	missense	p.M1882V	ABCA4_f4106b38efc7378a	True	True	True	population-compatible; not clinical benign
chr1:94010887:C>T	1-94010887-C-T		c.5627G>A	p.Gly1876Glu	ENST00000370225	True	1	1614144	0	1.0978876641342058e-05	sas	False	below_supporting_threshold									False	False	population-compatible; not clinical benign
chr1:94021941:T>C	1-94021941-T-C		c.4678A>G	p.Ile1560Val	ENST00000370225	True	1	1614140	0	1.0978876641342058e-05	sas	False	below_supporting_threshold									False	False	population-compatible; not clinical benign
chr1:94030485:T>C	1-94030485-T-C		c.4295A>G	p.Asp1432Gly	ENST00000370225	True	1	1614246	0	1.0978876641342058e-05	sas	False	below_supporting_threshold									False	False	population-compatible; not clinical benign
chr1:94037152:A>G	1-94037152-A-G		c.3806T>C	p.Leu1269Pro	ENST00000370225	True	3	1614148	0	1.0978876641342058e-05	sas	False	below_supporting_threshold									False	False	population-compatible; not clinical benign
chr1:94037236:C>A	1-94037236-C-A	rs777892957	c.3722G>T	p.Arg1241Ile	ENST00000370225	True	1	1614106	0	1.0978876641342058e-05	sas	False	below_supporting_threshold									False	False	population-compatible; not clinical benign
chr1:94041231:T>C	1-94041231-T-C	rs1660477115	c.3500A>G	p.Gln1167Arg	ENST00000370225	True	1	1614208	0	1.0978876641342058e-05	sas	False	below_supporting_threshold									False	False	population-compatible; not clinical benign
chr1:94041303:G>A	1-94041303-G-A	rs767894041	c.3428C>T	p.Thr1143Ile	ENST00000370225	True	1	1614122	0	1.0978876641342058e-05	sas	False	below_supporting_threshold									False	False	population-compatible; not clinical benign
chr1:94041325:C>T	1-94041325-C-T		c.3406G>A	p.Gly1136Arg	ENST00000370225	True	1	1614078	0	1.0978876641342058e-05	sas	False	below_supporting_threshold									False	False	population-compatible; not clinical benign
chr1:94079458:G>A	1-94079458-G-A		c.1103C>T	p.Ser368Phe	ENST00000370225	True	1	1614198	0	1.0978876641342058e-05	sas	False	below_supporting_threshold									False	False	population-compatible; not clinical benign
chr1:94103047:G>C	1-94103047-G-C		c.538C>G	p.Leu180Val	ENST00000370225	True	1	1614196	0	1.0978876641342058e-05	sas	False	below_supporting_threshold									False	False	population-compatible; not clinical benign
chr1:93998036:A>T	1-93998036-A-T	rs2100988243	c.6554T>A	p.Val2185Glu	ENST00000370225	True	1	1614198	0	1.0978635575170717e-05	sas	False	below_supporting_threshold									False	False	population-compatible; not clinical benign
chr1:94000894:C>T	1-94000894-C-T	rs1193084148	c.6421G>A	p.Ala2141Thr	ENST00000370225	True	1	1614190	0	1.0978635575170717e-05	sas	False	below_supporting_threshold									False	False	population-compatible; not clinical benign
chr1:94001033:C>T	1-94001033-C-T	rs1367443683	c.6355G>A	p.Glu2119Lys	ENST00000370225	True	1	1614204	0	1.0978635575170717e-05	sas	False	below_supporting_threshold									False	False	population-compatible; not clinical benign
chr1:94007673:G>T	1-94007673-G-T		c.5966C>A	p.Thr1989Asn	ENST00000370225	True	1	1614088	0	1.0978635575170717e-05	sas	False	below_supporting_threshold									False	False	population-compatible; not clinical benign
chr1:94007725:C>T	1-94007725-C-T	rs61753035	c.5914G>A	p.Gly1972Arg	ENST00000370225	True	1	1613892	0	1.0978635575170717e-05	sas	False	below_supporting_threshold	99418.0	P/LP	1.0	screened	missense	p.G1972R	ABCA4_f4a9696035922530	True	True	True	population-compatible; not clinical benign
chr1:94011298:G>C	1-94011298-G-C		c.5548C>G	p.Leu1850Val	ENST00000370225	True	1	1614116	0	1.0978635575170717e-05	sas	False	below_supporting_threshold									False	False	population-compatible; not clinical benign
chr1:94014560:A>C	1-94014560-A-C	rs1398632105	c.5443T>G	p.Leu1815Val	ENST00000370225	True	1	1614238	0	1.0978635575170717e-05	sas	False	below_supporting_threshold									False	False	population-compatible; not clinical benign
chr1:94030510:T>A	1-94030510-T-A	rs754474720	c.4270A>T	p.Ser1424Cys	ENST00000370225	True	1	1614230	0	1.0978635575170717e-05	sas	False	below_supporting_threshold									False	False	population-compatible; not clinical benign
chr1:94031864:T>G	1-94031864-T-G		c.4042A>C	p.Thr1348Pro	ENST00000370225	True	1	1614196	0	1.0978635575170717e-05	sas	False	below_supporting_threshold									False	False	population-compatible; not clinical benign
chr1:94031908:G>C	1-94031908-G-C	rs1660216305	c.3998C>G	p.Pro1333Arg	ENST00000370225	True	1	1614046	0	1.0978635575170717e-05	sas	False	below_supporting_threshold									False	False	population-compatible; not clinical benign
chr1:94037173:A>G	1-94037173-A-G		c.3785T>C	p.Phe1262Ser	ENST00000370225	True	1	1614230	0	1.0978635575170717e-05	sas	False	below_supporting_threshold									False	False	population-compatible; not clinical benign
chr1:94044700:A>G	1-94044700-A-G	rs1660624046	c.2963T>C	p.Leu988Pro	ENST00000370225	True	1	1614104	0	1.0978635575170717e-05	sas	False	below_supporting_threshold									False	False	population-compatible; not clinical benign
chr1:93998075:T>C	1-93998075-T-C	rs886044762	c.6515A>G	p.Lys2172Arg	ENST00000370225	True	4	1614222	0	1.0978394519585456e-05	sas	False	below_supporting_threshold	236148.0	Conflicting	1.0	wt_equivalent	missense	p.K2172R	ABCA4_WT	False	True	True	population-compatible; not clinical benign
chr1:94001934:C>A	1-94001934-C-A		c.6206G>T	p.Gly2069Val	ENST00000370225	True	1	1614180	0	1.0978394519585456e-05	sas	False	below_supporting_threshold									False	False	population-compatible; not clinical benign
chr1:94005490:A>T	1-94005490-A-T		c.6098T>A	p.Leu2033His	ENST00000370225	True	1	1614226	0	1.0978394519585456e-05	sas	False	below_supporting_threshold									False	False	population-compatible; not clinical benign
chr1:94007670:G>A	1-94007670-G-A	rs1659427040	c.5969C>T	p.Thr1990Ile	ENST00000370225	True	1	1614004	0	1.0978394519585456e-05	sas	False	below_supporting_threshold									False	False	population-compatible; not clinical benign
chr1:94010855:C>A	1-94010855-C-A	rs764320529	c.5659G>T	p.Val1887Leu	ENST00000370225	True	3	1614110	0	1.0978394519585456e-05	sas	False	below_supporting_threshold									False	False	population-compatible; not clinical benign
chr1:94030469:C>G	1-94030469-C-G		c.4311G>C	p.Lys1437Asn	ENST00000370225	True	1	1614220	0	1.0978394519585456e-05	sas	False	below_supporting_threshold									False	False	population-compatible; not clinical benign
chr1:94031877:C>G	1-94031877-C-G	rs1245239494	c.4029G>C	p.Gln1343His	ENST00000370225	True	1	1614096	0	1.0978394519585456e-05	sas	False	below_supporting_threshold									False	False	population-compatible; not clinical benign
chr1:94042802:G>A	1-94042802-G-A	rs763267492	c.3287C>T	p.Ser1096Leu	ENST00000370225	True	2	1614200	0	1.0978394519585456e-05	sas	False	below_supporting_threshold	1184970.0	P/LP	2.0	screened	missense	p.S1096L	ABCA4_76f07d6ba67c1cf1	True	True	True	population-compatible; not clinical benign
chr1:94055158:G>A	1-94055158-G-A		c.2540C>T	p.Ala847Val	ENST00000370225	True	1	1614172	0	1.0978394519585456e-05	sas	False	below_supporting_threshold									False	False	population-compatible; not clinical benign
chr1:94062590:A>T	1-94062590-A-T	rs2101078030	c.1924T>A	p.Phe642Ile	ENST00000370225	True	1	1614206	0	1.0978394519585456e-05	sas	False	below_supporting_threshold	1075537.0	P/LP	1.0	screened	missense	p.F642I	ABCA4_b14ae347e9570fd8	True	True	True	population-compatible; not clinical benign
chr1:94080592:C>T	1-94080592-C-T	rs1199849243	c.985G>A	p.Gly329Arg	ENST00000370225	True	1	1614162	0	1.0978394519585456e-05	sas	False	below_supporting_threshold									False	False	population-compatible; not clinical benign
chr1:94103076:T>G	1-94103076-T-G		c.509A>C	p.Asn170Thr	ENST00000370225	True	1	1614166	0	1.0978394519585456e-05	sas	False	below_supporting_threshold									False	False	population-compatible; not clinical benign
chr1:94111570:G>T	1-94111570-G-T		c.170C>A	p.Pro57His	ENST00000370225	True	1	1614220	0	1.0978394519585456e-05	sas	False	below_supporting_threshold									False	False	population-compatible; not clinical benign
chr1:94111579:C>A	1-94111579-C-A	rs150774447	c.161G>T	p.Cys54Phe	ENST00000370225	True	1	1614166	0	1.0978394519585456e-05	sas	False	below_supporting_threshold	99066.0	P/LP	1.0	screened	missense	p.C54F	ABCA4_6dd685cacfb88762	True	True	True	population-compatible; not clinical benign
chr1:93998055:G>T	1-93998055-G-T		c.6535C>A	p.Leu2179Ile	ENST00000370225	True	1	1614238	0	1.0978153474585575e-05	sas	False	below_supporting_threshold									False	False	population-compatible; not clinical benign
chr1:94021283:G>T	1-94021283-G-T	rs149324169	c.4975C>A	p.Gln1659Lys	ENST00000370225	True	1	1614094	0	1.0978153474585575e-05	sas	False	below_supporting_threshold									False	False	population-compatible; not clinical benign
chr1:94044742:G>A	1-94044742-G-A	rs1252024719	c.2921C>T	p.Ser974Phe	ENST00000370225	True	2	1614084	0	1.0978153474585575e-05	sas	False	below_supporting_threshold									False	False	population-compatible; not clinical benign
chr1:94062595:G>T	1-94062595-G-T	rs760790294	c.1919C>A	p.Pro640His	ENST00000370225	True	1	1614190	0	1.0978153474585575e-05	sas	False	below_supporting_threshold	2828081.0	P/LP	1.0	screened	missense	p.P640H	ABCA4_b1fc9361387efaaa	True	True	True	population-compatible; not clinical benign
chr1:94079448:A>C	1-94079448-A-C	rs781456296	c.1113T>G	p.Asn371Lys	ENST00000370225	True	1	1614238	0	1.0978153474585575e-05	sas	False	below_supporting_threshold									False	False	population-compatible; not clinical benign
chr1:94103034:G>C	1-94103034-G-C		c.551C>G	p.Ser184Cys	ENST00000370225	True	1	1614228	0	1.0978153474585575e-05	sas	False	below_supporting_threshold									False	False	population-compatible; not clinical benign
chr1:94080516:G>A	1-94080516-G-A	rs1268616305	c.1061C>T	p.Thr354Ile	ENST00000370225	True	2	1614070	0	1.0977430403091244e-05	sas	False	below_supporting_threshold	4563229.0	VUS	1.0	screened	missense	p.T354I	ABCA4_27f4111562c32934	True	True	True	population-compatible; not clinical benign
chr1:94019601:G>T	1-94019601-G-T	rs1419636627	c.5177C>A	p.Thr1726Asn	ENST00000370225	True	12	1608648	0	1.0192537024390741e-05	nfe	False	below_supporting_threshold									False	False	population-compatible; not clinical benign
chr1:94056783:A>C	1-94056783-A-C	rs772380617	c.2200T>G	p.Phe734Val	ENST00000370225	True	12	1612332	0	1.0176787764787297e-05	nfe	False	below_supporting_threshold	3248772.0	VUS	1.0	screened	missense	p.F734V	ABCA4_aedc8fe3591141dc	True	True	True	population-compatible; not clinical benign
chr1:94015770:G>T	1-94015770-G-T	rs1454355504	c.5281C>A	p.Pro1761Thr	ENST00000370225	True	12	1614016	0	1.0169922454341286e-05	nfe	False	below_supporting_threshold	875688.0	VUS	1.0	screened	missense	p.P1761T	ABCA4_ff1961f874d025a1	True	True	True	population-compatible; not clinical benign
chr1:94056629:C>A	1-94056629-C-A	rs368457541	c.2354G>T	p.Arg785Leu	ENST00000370225	True	12	1613378	0	1.016949152542373e-05	nfe	False	below_supporting_threshold	3608041.0	VUS	1.0	screened	missense	p.R785L	ABCA4_bdbb91edf6c6d6f3	True	True	True	population-compatible; not clinical benign
chr1:94103086:G>A	1-94103086-G-A		c.499C>T	p.Leu167Phe	ENST00000370225	True	13	1614140	0	1.0169474289026629e-05	nfe	False	below_supporting_threshold									False	False	population-compatible; not clinical benign
chr1:94001042:T>C	1-94001042-T-C	rs771055152	c.6346A>G	p.Ile2116Val	ENST00000370225	True	13	1614166	0	1.0169250221181193e-05	nfe	False	below_supporting_threshold									False	False	population-compatible; not clinical benign
chr1:94011282:G>T	1-94011282-G-T	rs367565445	c.5564C>A	p.Thr1855Lys	ENST00000370225	True	12	1614100	0	1.016923298560206e-05	nfe	False	below_supporting_threshold									False	False	population-compatible; not clinical benign
chr1:94031965:G>A	1-94031965-G-A	rs2101037181	c.3941C>T	p.Pro1314Leu	ENST00000370225	True	14	1614076	0	1.016923298560206e-05	nfe	False	below_supporting_threshold	1333411.0	VUS	1.0	screened	missense	p.P1314L	ABCA4_2f16ce22bfd49343	True	True	True	population-compatible; not clinical benign
chr1:94037224:C>G	1-94037224-C-G	rs1389971564	c.3734G>C	p.Ser1245Thr	ENST00000370225	True	14	1614242	0	1.0169060633024025e-05	nfe	False	below_supporting_threshold									False	False	population-compatible; not clinical benign
chr1:94040082:C>T	1-94040082-C-T	rs368692594	c.3568G>A	p.Ala1190Thr	ENST00000370225	True	121	1610030	0	9.337036458580906e-06	nfe	False	below_supporting_threshold	873898.0	Conflicting	1.0	screened	missense	p.A1190T	ABCA4_e695de81ceb4f469	True	True	True	population-compatible; not clinical benign
chr1:94077725:C>A	1-94077725-C-A	rs148234178	c.1519G>T	p.Asp507Tyr	ENST00000370225	True	12	1613864	0	9.322665943453793e-06	nfe	False	below_supporting_threshold	2733942.0	P/LP	3.0	screened	missense	p.D507Y	ABCA4_ebbbaa06d33dd06c	True	True	True	population-compatible; not clinical benign
chr1:94025039:G>T	1-94025039-G-T	rs1800550	c.4549C>A	p.Arg1517Ser	ENST00000370225	True	11	1613982	0	9.32217610099137e-06	nfe	False	below_supporting_threshold	99299.0	VUS	1.0	screened	missense	p.R1517S	ABCA4_fc33ffd680ad8eb5	True	True	True	population-compatible; not clinical benign
chr1:94062712:A>C	1-94062712-A-C	rs1661165608	c.1802T>G	p.Phe601Cys	ENST00000370225	True	11	1614024	0	9.32178110424124e-06	nfe	False	below_supporting_threshold									False	False	population-compatible; not clinical benign
chr1:94055201:C>T	1-94055201-C-T	rs755640766	c.2497G>A	p.Glu833Lys	ENST00000370225	True	11	1614052	0	9.321749505947275e-06	nfe	False	below_supporting_threshold	964999.0	VUS	2.0	screened	missense	p.E833K	ABCA4_0eb7a83704c30dc5	True	True	True	population-compatible; not clinical benign
chr1:94062665:G>C	1-94062665-G-C	rs1557787457	c.1849C>G	p.Gln617Glu	ENST00000370225	True	11	1614154	0	9.321749505947275e-06	nfe	False	below_supporting_threshold									False	False	population-compatible; not clinical benign
chr1:94079404:G>A	1-94079404-G-A	rs767034759	c.1157C>T	p.Ala386Val	ENST00000370225	True	12	1614060	0	9.321749505947275e-06	nfe	False	below_supporting_threshold	1481051.0	VUS	1.0	screened	missense	p.A386V	ABCA4_2adc1fd407994fc5	True	True	True	population-compatible; not clinical benign
chr1:94077763:A>C	1-94077763-A-C		c.1481T>G	p.Met494Arg	ENST00000370225	True	11	1614166	0	9.321733706880626e-06	nfe	False	below_supporting_threshold									False	False	population-compatible; not clinical benign
chr1:94042866:C>A	1-94042866-C-A		c.3223G>T	p.Ala1075Ser	ENST00000370225	True	12	1614070	0	9.321686310002e-06	nfe	False	below_supporting_threshold									False	False	population-compatible; not clinical benign
chr1:94045918:A>G	1-94045918-A-G	rs762143250	c.2744T>C	p.Leu915Pro	ENST00000649773	False	3	456116	0	8.811892530158702e-06	nfe	False	below_supporting_threshold									False	False	population-compatible; not clinical benign
chr1:94045801:G>A	1-94045801-G-A	rs1660654241	c.2861C>T	p.Thr954Ile	ENST00000649773	False	2	456178	0	8.811426658090212e-06	nfe	False	below_supporting_threshold									False	False	population-compatible; not clinical benign
chr1:94060537:C>T	1-94060537-C-T	rs775836570	c.2160G>A	p.Met720Ile	ENST00000370225	True	10	1613464	0	8.475409447030386e-06	nfe	False	below_supporting_threshold									False	False	population-compatible; not clinical benign
chr1:94019692:T>C	1-94019692-T-C	rs1424418191	c.5086A>G	p.Ser1696Gly	ENST00000370225	True	10	1613690	0	8.475237052380356e-06	nfe	False	below_supporting_threshold	2822370.0	Conflicting	1.0	screened	missense	p.S1696G	ABCA4_70f7c0a5064e0597	True	True	True	population-compatible; not clinical benign
chr1:93997917:G>A	1-93997917-G-A	rs752790640	c.6673C>T	p.His2225Tyr	ENST00000370225	True	11	1613992	0	8.474949743548022e-06	nfe	False	below_supporting_threshold									False	False	population-compatible; not clinical benign
chr1:94005550:T>C	1-94005550-T-C	rs774582273	c.6038A>G	p.Asn2013Ser	ENST00000370225	True	10	1614114	0	8.474949743548022e-06	nfe	False	below_supporting_threshold	1503073.0	Conflicting	1.0	screened	missense	p.N2013S	ABCA4_8210b50ce1eecfea	True	True	True	population-compatible; not clinical benign
chr1:94077874:T>C	1-94077874-T-C	rs1661579247	c.1370A>G	p.Asn457Ser	ENST00000370225	True	10	1614012	0	8.474633726330348e-06	nfe	False	below_supporting_threshold	1013919.0	VUS	1.0	screened	missense	p.N457S	ABCA4_3ec63e3b6d5e8d29	True	True	True	population-compatible; not clinical benign
chr1:94062692:A>T	1-94062692-A-T	rs61752398	c.1822T>A	p.Phe608Ile	ENST00000370225	True	10	1613856	0	8.474619362471335e-06	nfe	False	below_supporting_threshold	236087.0	P/LP	2.0	screened	missense	p.F608I	ABCA4_877c94f9fba7966d	True	True	True	population-compatible; not clinical benign
chr1:94031986:C>T	1-94031986-C-T		c.3920G>A	p.Arg1307Lys	ENST00000370225	True	10	1613968	0	8.474475726559177e-06	nfe	False	below_supporting_threshold									False	False	population-compatible; not clinical benign
chr1:94077760:G>T	1-94077760-G-T	rs752765416	c.1484C>A	p.Ala495Asp	ENST00000370225	True	12	1614152	0	8.474446999961018e-06	nfe	False	below_supporting_threshold									False	False	population-compatible; not clinical benign
chr1:94011304:G>C	1-94011304-G-C		c.5542C>G	p.Leu1848Val	ENST00000370225	True	10	1614116	0	8.47443263673497e-06	nfe	False	below_supporting_threshold									False	False	population-compatible; not clinical benign
chr1:94111549:G>A	1-94111549-G-A	rs1388219872	c.191C>T	p.Ala64Val	ENST00000370225	True	10	1614114	0	8.474317732679341e-06	nfe	False	below_supporting_threshold	2733951.0	P/LP	2.0	screened	missense	p.A64V	ABCA4_8d607392d36c2a52	True	True	True	population-compatible; not clinical benign
chr1:94079347:G>C	1-94079347-G-C	rs749008843	c.1214C>G	p.Pro405Arg	ENST00000370225	True	10	1614068	0	8.474274644461808e-06	nfe	False	below_supporting_threshold	954081.0	VUS	1.0	screened	missense	p.P405R	ABCA4_40a7fdaec9467a1a	True	True	True	population-compatible; not clinical benign
chr1:94047051:A>G	1-94047051-A-G	rs767041978	c.2786T>C	p.Val929Ala	ENST00000370225	True	10	1614140	0	8.47426028182e-06	nfe	False	below_supporting_threshold									False	False	population-compatible; not clinical benign
chr1:94043387:C>T	1-94043387-C-T	rs143860733	c.3139G>A	p.Glu1047Lys	ENST00000370225	True	10	1614012	0	8.47423155668244e-06	nfe	False	below_supporting_threshold	3957139.0	VUS	1.0	screened	missense	p.E1047K	ABCA4_e39dd1ac9c91937a	True	True	True	population-compatible; not clinical benign
chr1:94062671:C>A	1-94062671-C-A	rs374931400	c.1843G>T	p.Val615Phe	ENST00000370225	True	10	1614056	0	8.47423155668244e-06	nfe	False	below_supporting_threshold	1006009.0	VUS	1.0	screened	missense	p.V615F	ABCA4_6c594289331c83de	True	True	True	population-compatible; not clinical benign
chr1:94000899:C>G	1-94000899-C-G	rs761867791	c.6416G>C	p.Arg2139Pro	ENST00000370225	True	10	1614076	0	8.474217194186686e-06	nfe	False	below_supporting_threshold	298222.0	P/LP	3.0	wt_equivalent	missense	p.R2139P	ABCA4_WT	False	True	True	population-compatible; not clinical benign
chr1:94056789:T>G	1-94056789-T-G		c.2194A>C	p.Ile732Leu	ENST00000370225	True	9	1611370	0	7.636035981001542e-06	nfe	False	below_supporting_threshold									False	False	population-compatible; not clinical benign
chr1:94021704:G>C	1-94021704-G-C		c.4784C>G	p.Thr1595Ser	ENST00000370225	True	9	1613108	0	7.63084353040128e-06	nfe	False	below_supporting_threshold									False	False	population-compatible; not clinical benign
chr1:94008849:G>T	1-94008849-G-T	rs1394332810	c.5737C>A	p.Pro1913Thr	ENST00000370225	True	9	1612914	0	7.627726276499992e-06	nfe	False	below_supporting_threshold	873792.0	VUS	1.0	screened	missense	p.P1913T	ABCA4_5b7793c54a28f015	True	True	True	population-compatible; not clinical benign
chr1:94103126:T>C	1-94103126-T-C	rs143476180	c.459A>G	p.Ile153Met	ENST00000370225	True	9	1613934	0	7.6273384148356815e-06	nfe	False	below_supporting_threshold									False	False	population-compatible; not clinical benign
chr1:94008813:T>C	1-94008813-T-C	rs757449019	c.5773A>G	p.Arg1925Gly	ENST00000370225	True	11	1613774	0	7.627157426224201e-06	nfe	False	below_supporting_threshold	867049.0	Conflicting	1.0	screened	missense	p.R1925G	ABCA4_4191aafa4d048762	True	True	True	population-compatible; not clinical benign
chr1:94031096:A>C	1-94031096-A-C	rs758424704	c.4153T>G	p.Phe1385Val	ENST00000370225	True	11	1614164	0	7.62704108093816e-06	nfe	False	below_supporting_threshold									False	False	population-compatible; not clinical benign
chr1:94055297:C>T	1-94055297-C-T	rs374410829	c.2401G>A	p.Ala801Thr	ENST00000370225	True	9	1613962	0	7.627002299964916e-06	nfe	False	below_supporting_threshold	631618.0	P/LP	2.0	screened	missense	p.A801T	ABCA4_6bdf7df7b9b369a4	True	True	True	population-compatible; not clinical benign
chr1:94047069:G>C	1-94047069-G-C		c.2768C>G	p.Pro923Arg	ENST00000370225	True	9	1614108	0	7.626937665885894e-06	nfe	False	below_supporting_threshold									False	False	population-compatible; not clinical benign
chr1:94063292:C>T	1-94063292-C-T	rs1484756902	c.1580G>A	p.Ser527Asn	ENST00000370225	True	9	1614130	0	7.626937665885894e-06	nfe	False	below_supporting_threshold	1501782.0	VUS	1.0	screened	missense	p.S527N	ABCA4_147943b3c5544e71	True	True	True	population-compatible; not clinical benign
chr1:94047034:C>T	1-94047034-C-T	rs765769761	c.2803G>A	p.Val935Ile	ENST00000370225	True	12	1614026	0	7.626924739201545e-06	nfe	False	below_supporting_threshold	3005375.0	P/LP	1.0	screened	missense	p.V935I	ABCA4_81c4243a8e7a34d7	True	True	True	population-compatible; not clinical benign
chr1:94111543:A>G	1-94111543-A-G		c.197T>C	p.Met66Thr	ENST00000370225	True	9	1614246	0	7.626911812561015e-06	nfe	False	below_supporting_threshold									False	False	population-compatible; not clinical benign
chr1:94037290:T>G	1-94037290-T-G		c.3668A>C	p.Glu1223Ala	ENST00000370225	True	10	1614214	0	7.626898885964303e-06	nfe	False	below_supporting_threshold									False	False	population-compatible; not clinical benign
chr1:94056657:G>A	1-94056657-G-A		c.2326C>T	p.His776Tyr	ENST00000370225	True	10	1614066	0	7.626898885964303e-06	nfe	False	below_supporting_threshold	3851817.0	VUS	1.0	screened	missense	p.H776Y	ABCA4_8b4107a4121ff5db	True	True	True	population-compatible; not clinical benign
chr1:94005490:A>C	1-94005490-A-C	rs1553186896	c.6098T>G	p.Leu2033Arg	ENST00000370225	True	9	1614226	0	7.626834253638e-06	nfe	False	below_supporting_threshold	438105.0	P/LP	2.0	screened	missense	p.L2033R	ABCA4_2457e794fc5128ca	True	True	True	population-compatible; not clinical benign
chr1:94001956:C>G	1-94001956-C-G	rs1322454000	c.6184G>C	p.Val2062Leu	ENST00000370225	True	10	1614242	0	7.62682132730419e-06	nfe	False	below_supporting_threshold	1494287.0	VUS	1.0	wt_equivalent	missense	p.V2062L	ABCA4_WT	False	True	True	population-compatible; not clinical benign
chr1:94078590:T>A	1-94078590-T-A		c.1356A>T	p.Arg452Ser	ENST00000370225	True	5	803634	0	7.5012001920307246e-06	nfe	False	below_supporting_threshold									False	False	population-compatible; not clinical benign
chr1:94019641:G>T	1-94019641-G-T	rs374343397	c.5137C>A	p.Gln1713Lys	ENST00000370225	True	8	1612508	0	6.7838117899257e-06	nfe	False	below_supporting_threshold	236124.0	P/LP	2.0	screened	missense	p.Q1713K	ABCA4_9d2aa548a05c751f	True	True	True	population-compatible; not clinical benign
chr1:94029618:C>T	1-94029618-C-T	rs752920435	c.4366G>A	p.Gly1456Ser	ENST00000370225	True	8	1613636	0	6.780764327755024e-06	nfe	False	below_supporting_threshold									False	False	population-compatible; not clinical benign
chr1:94060543:G>T	1-94060543-G-T	rs1661093123	c.2154C>A	p.Phe718Leu	ENST00000370225	True	8	1613748	0	6.779890843757415e-06	nfe	False	below_supporting_threshold									False	False	population-compatible; not clinical benign
chr1:94010927:C>T	1-94010927-C-T	rs774570747	c.5587G>A	p.Glu1863Lys	ENST00000370225	True	8	1614110	0	6.779672507919505e-06	nfe	False	below_supporting_threshold	1034472.0	VUS	2.0	screened	missense	p.E1863K	ABCA4_58392ba8d82c3500	True	True	True	population-compatible; not clinical benign
chr1:94055120:C>A	1-94055120-C-A		c.2578G>T	p.Val860Leu	ENST00000370225	True	9	1614106	0	6.7796150534572645e-06	nfe	False	below_supporting_threshold	3623172.0	VUS	1.0	screened	missense	p.V860L	ABCA4_29eb312e2e71c06d	True	True	True	population-compatible; not clinical benign
chr1:94010834:G>C	1-94010834-G-C	rs1357586196	c.5680C>G	p.Leu1894Val	ENST00000370225	True	8	1613998	0	6.779557599968814e-06	nfe	False	below_supporting_threshold									False	False	population-compatible; not clinical benign
chr1:94015816:G>C	1-94015816-G-C	rs769668293	c.5235C>G	p.Ile1745Met	ENST00000370225	True	9	1613860	0	6.779557599968814e-06	nfe	False	below_supporting_threshold	1507868.0	VUS	1.0	screened	missense	p.I1745M	ABCA4_071fb8182db0ed37	True	True	True	population-compatible; not clinical benign
chr1:94021907:A>T	1-94021907-A-T	rs761054421	c.4712T>A	p.Ile1571Asn	ENST00000370225	True	8	1614190	0	6.77948865706804e-06	nfe	False	below_supporting_threshold									False	False	population-compatible; not clinical benign
chr1:94080603:C>A	1-94080603-C-A	rs1661666368	c.974G>T	p.Gly325Val	ENST00000370225	True	8	1614028	0	6.7794771667209026e-06	nfe	False	below_supporting_threshold	2728998.0	VUS	2.0	screened	missense	p.G325V	ABCA4_2acdd1ec042633ae	True	True	True	population-compatible; not clinical benign
chr1:94098802:A>G	1-94098802-A-G	rs1662206970	c.760T>C	p.Phe254Leu	ENST00000370225	True	8	1614202	0	6.779465676412714e-06	nfe	False	below_supporting_threshold	1307897.0	VUS	2.0	screened	missense	p.F254L	ABCA4_24a2e5677073f36a	True	True	True	population-compatible; not clinical benign
chr1:94042784:T>A	1-94042784-T-A	rs143689372	c.3305A>T	p.Asp1102Val	ENST00000370225	True	9	1614056	0	6.779442695913182e-06	nfe	False	below_supporting_threshold	938220.0	P/LP	1.0	screened	missense	p.D1102V	ABCA4_f0bb413f460a5a12	True	True	True	population-compatible; not clinical benign
chr1:94008261:G>C	1-94008261-G-C	rs916003424	c.5872C>G	p.Leu1958Val	ENST00000370225	True	8	1614020	0	6.77943120572184e-06	nfe	False	below_supporting_threshold	2115558.0	VUS	1.0	screened	missense	p.L1958V	ABCA4_155d2e5b75c70cdd	True	True	True	population-compatible; not clinical benign
chr1:94021862:A>T	1-94021862-A-T	rs780574858	c.4757T>A	p.Ile1586Asn	ENST00000370225	True	8	1614166	0	6.77943120572184e-06	nfe	False	below_supporting_threshold	1483454.0	VUS	1.0	screened	missense	p.I1586N	ABCA4_5b3e65bf16987dcc	True	True	True	population-compatible; not clinical benign
chr1:94001964:C>T	1-94001964-C-T	rs748905369	c.6176G>A	p.Gly2059Asp	ENST00000370225	True	8	1614086	0	6.779408225456e-06	nfe	False	below_supporting_threshold	1948836.0	VUS	1.0	wt_equivalent	missense	p.G2059D	ABCA4_WT	False	True	True	population-compatible; not clinical benign
chr1:94042883:T>C	1-94042883-T-C	rs775661924	c.3206A>G	p.Lys1069Arg	ENST00000370225	True	8	1614064	0	6.779396735381502e-06	nfe	False	below_supporting_threshold	298252.0	Conflicting	1.0	screened	missense	p.K1069R	ABCA4_5f9815febb2d4997	True	True	True	population-compatible; not clinical benign
chr1:94021283:G>C	1-94021283-G-C	rs149324169	c.4975C>G	p.Gln1659Glu	ENST00000370225	True	8	1614094	0	6.77937375534935e-06	nfe	False	below_supporting_threshold	1911942.0	VUS	1.0	screened	missense	p.Q1659E	ABCA4_c626c6e1d4dc19d5	True	True	True	population-compatible; not clinical benign
chr1:94078594:A>T	1-94078594-A-T		c.1352T>A	p.Ile451Asn	ENST00000370225	True	4	919640	0	6.343507261729938e-06	nfe	False	below_supporting_threshold									False	False	population-compatible; not clinical benign
chr1:94083357:G>C	1-94083357-G-C	rs886041951	c.853C>G	p.Gln285Glu	ENST00000370225	True	7	1607756	0	5.958481302285674e-06	nfe	False	below_supporting_threshold	1061066.0	VUS	1.0	screened	missense	p.Q285E	ABCA4_88c3683a5053bcca	True	True	True	population-compatible; not clinical benign
chr1:94019598:T>C	1-94019598-T-C	rs201657029	c.5180A>G	p.Asn1727Ser	ENST00000370225	True	20	1608168	0	5.946899286711908e-06	nfe	False	below_supporting_threshold	3027713.0	VUS	1.0	screened	missense	p.N1727S	ABCA4_3e18fe8c14a51a8a	True	True	True	population-compatible; not clinical benign
chr1:94040090:G>A	1-94040090-G-A	rs1266156413	c.3560C>T	p.Thr1187Met	ENST00000370225	True	7	1610264	0	5.94090328888406e-06	nfe	False	below_supporting_threshold	1428436.0	VUS	2.0	screened	missense	p.T1187M	ABCA4_6ada840c1e5c033f	True	True	True	population-compatible; not clinical benign
chr1:93996180:C>T	1-93996180-C-T		c.6745G>A	p.Ala2249Thr	ENST00000370225	True	7	1613674	0	5.933078267473339e-06	nfe	False	below_supporting_threshold									False	False	population-compatible; not clinical benign
chr1:94019713:A>G	1-94019713-A-G	rs61753020	c.5065T>C	p.Ser1689Pro	ENST00000370225	True	7	1613756	0	5.932846952889805e-06	nfe	False	below_supporting_threshold	99342.0	P/LP	2.0	screened	missense	p.S1689P	ABCA4_ce0e251ffa9025c5	True	True	True	population-compatible; not clinical benign
chr1:94019688:A>C	1-94019688-A-C	rs776687457	c.5090T>G	p.Phe1697Cys	ENST00000370225	True	7	1613850	0	5.932756443397266e-06	nfe	False	below_supporting_threshold	1809971.0	VUS	2.0	screened	missense	p.F1697C	ABCA4_a9a79bb1f8dc3258	True	True	True	population-compatible; not clinical benign
chr1:94015766:G>A	1-94015766-G-A	rs121909206	c.5285C>T	p.Ala1762Val	ENST00000370225	True	7	1614016	0	5.932474875968901e-06	nfe	False	below_supporting_threshold									False	False	population-compatible; not clinical benign
chr1:94080562:A>C	1-94080562-A-C	rs61751420	c.1015T>G	p.Trp339Gly	ENST00000370225	True	7	1614130	0	5.932183280734642e-06	nfe	False	below_supporting_threshold	99025.0	Conflicting	1.0	screened	missense	p.W339G	ABCA4_9ad40e4a12bde601	True	True	True	population-compatible; not clinical benign
chr1:94042812:C>T	1-94042812-C-T	rs2101050587	c.3277G>A	p.Asp1093Asn	ENST00000370225	True	7	1614168	0	5.93204252088079e-06	nfe	False	below_supporting_threshold	1062821.0	P/LP	1.0	screened	missense	p.D1093N	ABCA4_899a5492f65ce978	True	True	True	population-compatible; not clinical benign
chr1:94042892:A>C	1-94042892-A-C	rs768997888	c.3197T>G	p.Met1066Arg	ENST00000370225	True	7	1614206	0	5.93204252088079e-06	nfe	False	below_supporting_threshold									False	False	population-compatible; not clinical benign
chr1:94080670:G>C	1-94080670-G-C	rs1430282501	c.907C>G	p.Leu303Val	ENST00000370225	True	7	1614170	0	5.9320224128755395e-06	nfe	False	below_supporting_threshold									False	False	population-compatible; not clinical benign
chr1:94063298:A>G	1-94063298-A-G		c.1574T>C	p.Phe525Ser	ENST00000370225	True	7	1614144	0	5.9320123589240344e-06	nfe	False	below_supporting_threshold	3249752.0	P/LP	2.0	screened	missense	p.F525S	ABCA4_b01b11fb485901d6	True	True	True	population-compatible; not clinical benign
chr1:94077846:C>A	1-94077846-C-A	rs747255603	c.1398G>T	p.Arg466Ser	ENST00000370225	True	8	1614092	0	5.9320123589240344e-06	nfe	False	below_supporting_threshold									False	False	population-compatible; not clinical benign
chr1:94021373:T>C	1-94021373-T-C	rs1251460797	c.4885A>G	p.Ser1629Gly	ENST00000370225	True	7	1614210	0	5.93200230500661e-06	nfe	False	below_supporting_threshold									False	False	population-compatible; not clinical benign
chr1:94060618:A>C	1-94060618-A-C	rs1454888484	c.2079T>G	p.Asn693Lys	ENST00000370225	True	7	1614072	0	5.93200230500661e-06	nfe	False	below_supporting_threshold	874898.0	VUS	1.0	screened	missense	p.N693K	ABCA4_6e08623ed52fb988	True	True	True	population-compatible; not clinical benign
chr1:94044721:G>A	1-94044721-G-A	rs147826775	c.2942C>T	p.Pro981Leu	ENST00000370225	True	7	1614092	0	5.9319721434588144e-06	nfe	False	below_supporting_threshold	1476496.0	P/LP	2.0	screened	missense	p.P981L	ABCA4_be85b82001d04aa1	True	True	True	population-compatible; not clinical benign
chr1:94078623:G>C	1-94078623-G-C		c.1323C>G	p.Phe441Leu	ENST00000370225	True	6	1369382	0	5.785708913270295e-06	nfe	False	below_supporting_threshold									False	False	population-compatible; not clinical benign
chr1:94029449:G>A	1-94029449-G-A	rs61750150	c.4535C>T	p.Pro1512Leu	ENST00000370225	True	9	1550904	0	5.23089155315632e-06	nfe	False	below_supporting_threshold	1328500.0	VUS	1.0	screened	missense	p.P1512L	ABCA4_580863f20c785b07	True	True	True	population-compatible; not clinical benign
chr1:94029465:C>A	1-94029465-C-A	rs568792949	c.4519G>T	p.Gly1507Trp	ENST00000370225	True	7	1561380	0	5.209961446285298e-06	nfe	False	below_supporting_threshold	1284272.0	P/LP	2.0	screened	missense	p.G1507W	ABCA4_b1897f247898db09	True	True	True	population-compatible; not clinical benign
chr1:94056818:C>G	1-94056818-C-G	rs1660996321	c.2165G>C	p.Gly722Ala	ENST00000370225	True	6	1599732	0	5.115778595923406e-06	nfe	False	below_supporting_threshold	1062222.0	VUS	1.0	screened	missense	p.G722A	ABCA4_532d6117b609eaf8	True	True	True	population-compatible; not clinical benign
chr1:94103083:T>G	1-94103083-T-G		c.502A>C	p.Ile168Leu	ENST00000370225	True	6	1613708	0	5.086573480640501e-06	nfe	False	below_supporting_threshold									False	False	population-compatible; not clinical benign
chr1:94121004:G>T	1-94121004-G-T		c.42C>A	p.Asn14Lys	ENST00000370225	True	6	1612942	0	5.086288891036433e-06	nfe	False	below_supporting_threshold	4687186.0	P/LP	1.0	screened	missense	p.N14K	ABCA4_f381694c3609f1e8	True	True	True	population-compatible; not clinical benign
chr1:94019657:G>T	1-94019657-G-T	rs886046562	c.5121C>A	p.Asn1707Lys	ENST00000370225	True	6	1613310	0	5.0861422966984155e-06	nfe	False	below_supporting_threshold	298230.0	VUS	2.0	screened	missense	p.N1707K	ABCA4_f41df1017a4963de	True	True	True	population-compatible; not clinical benign
chr1:94056764:A>G	1-94056764-A-G		c.2219T>C	p.Phe740Ser	ENST00000370225	True	6	1613514	0	5.086038823429685e-06	nfe	False	below_supporting_threshold									False	False	population-compatible; not clinical benign
chr1:94078640:G>T	1-94078640-G-T		c.1306C>A	p.Pro436Thr	ENST00000370225	True	6	1613414	0	5.085150850999995e-06	nfe	False	below_supporting_threshold									False	False	population-compatible; not clinical benign
chr1:94024973:G>T	1-94024973-G-T		c.4615C>A	p.Pro1539Thr	ENST00000370225	True	7	1614094	0	5.085021560491416e-06	nfe	False	below_supporting_threshold	2804907.0	VUS	1.0	screened	missense	p.P1539T	ABCA4_f19228b6740ac4e0	True	True	True	population-compatible; not clinical benign
chr1:94001003:T>C	1-94001003-T-C		c.6385A>G	p.Ser2129Gly	ENST00000370225	True	6	1614108	0	5.084780235798209e-06	nfe	False	below_supporting_threshold									False	False	population-compatible; not clinical benign
chr1:93996123:T>G	1-93996123-T-G	rs1658992799	c.6802A>C	p.Ser2268Arg	ENST00000370225	True	6	1614008	0	5.0847629991966075e-06	nfe	False	below_supporting_threshold	1349893.0	VUS	1.0	wt_equivalent	missense	p.S2268R	ABCA4_WT	False	True	True	population-compatible; not clinical benign
chr1:94001078:G>C	1-94001078-G-C		c.6310C>G	p.Gln2104Glu	ENST00000370225	True	8	1614058	0	5.084711290092948e-06	nfe	False	below_supporting_threshold									False	False	population-compatible; not clinical benign
chr1:94008266:T>A	1-94008266-T-A		c.5867A>T	p.Asp1956Val	ENST00000370225	True	6	1614120	0	5.084702672011254e-06	nfe	False	below_supporting_threshold									False	False	population-compatible; not clinical benign
chr1:94111537:G>C	1-94111537-G-C	rs62654397	c.203C>G	p.Pro68Arg	ENST00000370225	True	6	1614204	0	5.084702672011254e-06	nfe	False	below_supporting_threshold	99112.0	P/LP	2.0	screened	missense	p.P68R	ABCA4_e081bda63a757a11	True	True	True	population-compatible; not clinical benign
chr1:94001060:A>G	1-94001060-A-G		c.6328T>C	p.Trp2110Arg	ENST00000370225	True	6	1614088	0	5.0846768179414516e-06	nfe	False	below_supporting_threshold	2442572.0	P/LP	2.0	wt_equivalent	missense	p.W2110R	ABCA4_WT	False	True	True	population-compatible; not clinical benign
chr1:94055252:C>T	1-94055252-C-T		c.2446G>A	p.Gly816Ser	ENST00000370225	True	6	1614192	0	5.0846681999766105e-06	nfe	False	below_supporting_threshold									False	False	population-compatible; not clinical benign
chr1:94011274:A>T	1-94011274-A-T	rs371489809	c.5572T>A	p.Tyr1858Asn	ENST00000370225	True	7	1613972	0	5.084659582040983e-06	nfe	False	below_supporting_threshold	377406.0	P/LP	2.0	screened	missense	p.Y1858N	ABCA4_749d97aeee0188af	True	True	True	population-compatible; not clinical benign
chr1:94001057:T>C	1-94001057-T-C	rs1239999508	c.6331A>G	p.Asn2111Asp	ENST00000370225	True	6	1613958	0	5.084633728409374e-06	nfe	False	below_supporting_threshold									False	False	population-compatible; not clinical benign
chr1:94008282:A>G	1-94008282-A-G	rs768097538	c.5851T>C	p.Ser1951Pro	ENST00000370225	True	6	1614040	0	5.084633728409374e-06	nfe	False	below_supporting_threshold	3249087.0	VUS	1.0	screened	missense	p.S1951P	ABCA4_fd1db4d462360dfd	True	True	True	population-compatible; not clinical benign
chr1:94080694:C>T	1-94080694-C-T	rs2101107071	c.883G>A	p.Asp295Asn	ENST00000370225	True	6	1614142	0	5.08461649280103e-06	nfe	False	below_supporting_threshold	1383481.0	VUS	1.0	screened	missense	p.D295N	ABCA4_ec9a1d90cb573574	True	True	True	population-compatible; not clinical benign
chr1:94041240:T>C	1-94041240-T-C		c.3491A>G	p.Lys1164Arg	ENST00000370225	True	6	1614176	0	5.0846078750406765e-06	nfe	False	below_supporting_threshold									False	False	population-compatible; not clinical benign
chr1:94080577:C>G	1-94080577-C-G	rs1208713389	c.1000G>C	p.Val334Leu	ENST00000370225	True	6	1614140	0	5.084599257309535e-06	nfe	False	below_supporting_threshold									False	False	population-compatible; not clinical benign
chr1:94103016:T>C	1-94103016-T-C	rs1311605384	c.569A>G	p.Gln190Arg	ENST00000370225	True	6	1614080	0	5.084599257309535e-06	nfe	False	below_supporting_threshold									False	False	population-compatible; not clinical benign
chr1:94108657:T>G	1-94108657-T-G		c.362A>C	p.His121Pro	ENST00000370225	True	6	1614064	0	5.084599257309535e-06	nfe	False	below_supporting_threshold									False	False	population-compatible; not clinical benign
chr1:94055226:G>C	1-94055226-G-C		c.2472C>G	p.Ile824Met	ENST00000370225	True	6	1614164	0	5.0845906396076056e-06	nfe	False	below_supporting_threshold	3516194.0	VUS	1.0	screened	missense	p.I824M	ABCA4_8bbfc4f42ea7cd23	True	True	True	population-compatible; not clinical benign
chr1:94063253:G>C	1-94063253-G-C		c.1619C>G	p.Ser540Cys	ENST00000370225	True	6	1614186	0	5.084582021934887e-06	nfe	False	below_supporting_threshold									False	False	population-compatible; not clinical benign
chr1:94043378:C>T	1-94043378-C-T	rs1034969302	c.3148G>A	p.Gly1050Ser	ENST00000370225	True	6	1614140	0	5.08457340429138e-06	nfe	False	below_supporting_threshold	2202794.0	Conflicting	1.0	screened	missense	p.G1050S	ABCA4_1223f503dd065619	True	True	True	population-compatible; not clinical benign
chr1:94031857:A>G	1-94031857-A-G	rs1064793012	c.4049T>C	p.Leu1350Pro	ENST00000370225	True	6	1614190	0	5.084564786677085e-06	nfe	False	below_supporting_threshold	417990.0	P/LP	1.0	screened	missense	p.L1350P	ABCA4_5880e3ad21eee1e8	True	True	True	population-compatible; not clinical benign
chr1:94046982:G>A	1-94046982-G-A	rs1186054597	c.2855C>T	p.Thr952Ile	ENST00000370225	True	7	1614186	0	5.084564786677085e-06	nfe	False	below_supporting_threshold									False	False	population-compatible; not clinical benign
chr1:94060605:A>T	1-94060605-A-T	rs746279613	c.2092T>A	p.Cys698Ser	ENST00000370225	True	7	1614176	0	5.084564786677085e-06	nfe	False	below_supporting_threshold									False	False	population-compatible; not clinical benign
chr1:93997974:G>A	1-93997974-G-A	rs747764466	c.6616C>T	p.Leu2206Phe	ENST00000370225	True	6	1614196	0	5.084556169092e-06	nfe	False	below_supporting_threshold	2961482.0	VUS	1.0	wt_equivalent	missense	p.L2206F	ABCA4_WT	False	True	True	population-compatible; not clinical benign
chr1:94045948:A>C	1-94045948-A-C		c.2714T>G	p.Leu905Arg	ENST00000649773	False	1	456098	0	4.406761735206501e-06	nfe	False	below_supporting_threshold									False	False	population-compatible; not clinical benign
chr1:94045952:G>A	1-94045952-G-A		c.2710C>T	p.Pro904Ser	ENST00000649773	False	1	456194	0	4.4065287129410935e-06	nfe	False	below_supporting_threshold									False	False	population-compatible; not clinical benign
chr1:94045923:A>T	1-94045923-A-T		c.2739T>A	p.His913Gln	ENST00000649773	False	1	456202	0	4.406451044328898e-06	nfe	False	below_supporting_threshold									False	False	population-compatible; not clinical benign
chr1:94045748:A>G	1-94045748-A-G	rs1398804578	c.2914T>C	p.Trp972Arg	ENST00000649773	False	1	456282	0	4.406179225746187e-06	nfe	False	below_supporting_threshold									False	False	population-compatible; not clinical benign
chr1:94045795:G>A	1-94045795-G-A	rs1394421681	c.2867C>T	p.Ala956Val	ENST00000649773	False	1	456134	0	4.406062742333451e-06	nfe	False	below_supporting_threshold									False	False	population-compatible; not clinical benign
chr1:94045912:C>G	1-94045912-C-G	rs1465560593	c.2750G>C	p.Gly917Ala	ENST00000649773	False	1	456296	0	4.406062742333451e-06	nfe	False	below_supporting_threshold									False	False	population-compatible; not clinical benign
chr1:94045773:C>G	1-94045773-C-G		c.2889G>C	p.Met963Ile	ENST00000649773	False	1	456300	0	4.405985090146455e-06	nfe	False	below_supporting_threshold									False	False	population-compatible; not clinical benign
chr1:94045773:C>T	1-94045773-C-T		c.2889G>A	p.Met963Ile	ENST00000649773	False	1	456300	0	4.405985090146455e-06	nfe	False	below_supporting_threshold									False	False	population-compatible; not clinical benign
chr1:94045784:A>C	1-94045784-A-C		c.2878T>G	p.Cys960Gly	ENST00000649773	False	1	456292	0	4.405985090146455e-06	nfe	False	below_supporting_threshold									False	False	population-compatible; not clinical benign
chr1:94045934:G>C	1-94045934-G-C	rs1660660058	c.2728C>G	p.Pro910Ala	ENST00000649773	False	1	456156	0	4.405985090146455e-06	nfe	False	below_supporting_threshold									False	False	population-compatible; not clinical benign
chr1:94045813:G>A	1-94045813-G-A	rs868168311	c.2849C>T	p.Pro950Leu	ENST00000649773	False	1	456270	0	4.405946265079351e-06	nfe	False	below_supporting_threshold									False	False	population-compatible; not clinical benign
chr1:94045846:G>A	1-94045846-G-A	rs1395579415	c.2816C>T	p.Pro939Leu	ENST00000649773	False	1	456286	0	4.405946265079351e-06	nfe	False	below_supporting_threshold									False	False	population-compatible; not clinical benign
chr1:94045810:T>C	1-94045810-T-C	rs1479009368	c.2852A>G	p.Gln951Arg	ENST00000649773	False	1	456176	0	4.405907440696486e-06	nfe	False	below_supporting_threshold									False	False	population-compatible; not clinical benign
chr1:94045861:T>C	1-94045861-T-C		c.2801A>G	p.Gln934Arg	ENST00000649773	False	1	456280	0	4.405907440696486e-06	nfe	False	below_supporting_threshold									False	False	population-compatible; not clinical benign
chr1:94045771:A>C	1-94045771-A-C	rs1353266436	c.2891T>G	p.Phe964Cys	ENST00000649773	False	1	456252	0	4.405868616997841e-06	nfe	False	below_supporting_threshold									False	False	population-compatible; not clinical benign
chr1:94045874:T>C	1-94045874-T-C	rs1660658210	c.2788A>G	p.Thr930Ala	ENST00000649773	False	1	456174	0	4.405868616997841e-06	nfe	False	below_supporting_threshold									False	False	population-compatible; not clinical benign
chr1:94045786:G>A	1-94045786-G-A		c.2876C>T	p.Pro959Leu	ENST00000649773	False	1	456256	0	4.405829793983399e-06	nfe	False	below_supporting_threshold									False	False	population-compatible; not clinical benign
chr1:94045871:G>C	1-94045871-G-C	rs965143133	c.2791C>G	p.Arg931Gly	ENST00000649773	False	1	456138	0	4.405790971653141e-06	nfe	False	below_supporting_threshold									False	False	population-compatible; not clinical benign
chr1:94029452:G>C	1-94029452-G-C	rs886046564	c.4532C>G	p.Pro1511Arg	ENST00000370225	True	5	1551794	0	4.357670633308989e-06	nfe	False	below_supporting_threshold	857006.0	P/LP	1.0	screened	missense	p.P1511R	ABCA4_9a968a77e3c3995a	True	True	True	population-compatible; not clinical benign
chr1:94062599:A>G	1-94062599-A-G	rs2101078070	c.1915T>C	p.Tyr639His	ENST00000370225	True	6	1613410	0	4.238689058248065e-06	nfe	False	below_supporting_threshold	1392334.0	VUS	2.0	screened	missense	p.Y639H	ABCA4_6029422b80727f90	True	True	True	population-compatible; not clinical benign
chr1:94036742:G>A	1-94036742-G-A	rs200439056	c.3860C>T	p.Ala1287Val	ENST00000370225	True	5	1613896	0	4.237891496416439e-06	nfe	False	below_supporting_threshold	1387531.0	VUS	2.0	screened	missense	p.A1287V	ABCA4_05e259197c237c64	True	True	True	population-compatible; not clinical benign
chr1:94021949:T>C	1-94021949-T-C	rs1401716074	c.4670A>G	p.Tyr1557Cys	ENST00000370225	True	5	1613984	0	4.237848393516431e-06	nfe	False	below_supporting_threshold	1067804.0	P/LP	2.0	screened	missense	p.Y1557C	ABCA4_9b5c3adbcff5fabe	True	True	True	population-compatible; not clinical benign
chr1:94056738:A>G	1-94056738-A-G		c.2245T>C	p.Phe749Leu	ENST00000370225	True	5	1613982	0	4.237640075192685e-06	nfe	False	below_supporting_threshold									False	False	population-compatible; not clinical benign
chr1:94077725:C>G	1-94077725-C-G		c.1519G>C	p.Asp507His	ENST00000370225	True	5	1613982	0	4.23760416031026e-06	nfe	False	below_supporting_threshold	3779427.0	VUS	1.0	screened	missense	p.D507H	ABCA4_be2b90b7697101da	True	True	True	population-compatible; not clinical benign
chr1:94037145:C>G	1-94037145-C-G		c.3813G>C	p.Glu1271Asp	ENST00000370225	True	5	1614052	0	4.237568246036602e-06	nfe	False	below_supporting_threshold	2202789.0	Conflicting	1.0	screened	missense	p.E1271D	ABCA4_432054cecfef3c9c	True	True	True	population-compatible; not clinical benign
chr1:94048868:C>T	1-94048868-C-T	rs139035971	c.2743G>A	p.Asp915Asn	ENST00000370225	True	6	1613982	0	4.237546697764609e-06	nfe	False	below_supporting_threshold	1448712.0	P/LP	2.0	screened	missense	p.D915N	ABCA4_f807cadf444273c8	True	True	True	population-compatible; not clinical benign
chr1:94077878:C>T	1-94077878-C-T	rs776623078	c.1366G>A	p.Gly456Arg	ENST00000370225	True	7	1614042	0	4.237489236777338e-06	nfe	False	below_supporting_threshold									False	False	population-compatible; not clinical benign
chr1:93997919:G>C	1-93997919-G-C		c.6671C>G	p.Ser2224Cys	ENST00000370225	True	5	1614050	0	4.237438959691786e-06	nfe	False	below_supporting_threshold									False	False	population-compatible; not clinical benign
chr1:94103127:A>G	1-94103127-A-G	rs755348328	c.458T>C	p.Ile153Thr	ENST00000370225	True	5	1613952	0	4.237367137353408e-06	nfe	False	below_supporting_threshold	2092500.0	P/LP	1.0	screened	missense	p.I153T	ABCA4_a07fe8f5392ea66f	True	True	True	population-compatible; not clinical benign
chr1:94007664:G>A	1-94007664-G-A		c.5975C>T	p.Thr1992Ile	ENST00000370225	True	5	1614032	0	4.237338409099769e-06	nfe	False	below_supporting_threshold	4759760.0	VUS	1.0	screened	missense	p.T1992I	ABCA4_e42b7f2e5ec92c30	True	True	True	population-compatible; not clinical benign
chr1:94113059:A>G	1-94113059-A-G	rs757050873	c.74T>C	p.Phe25Ser	ENST00000370225	True	6	1614104	0	4.237324045119027e-06	nfe	False	below_supporting_threshold									False	False	population-compatible; not clinical benign
chr1:94111457:A>T	1-94111457-A-T	rs1312265858	c.283T>A	p.Ser95Thr	ENST00000370225	True	6	1613934	0	4.237309681235667e-06	nfe	False	below_supporting_threshold									False	False	population-compatible; not clinical benign
chr1:94030515:G>T	1-94030515-G-T	rs1450732484	c.4265C>A	p.Pro1422Gln	ENST00000370225	True	5	1614192	0	4.23728813559322e-06	nfe	False	below_supporting_threshold									False	False	population-compatible; not clinical benign
chr1:93997979:T>C	1-93997979-T-C		c.6611A>G	p.Asn2204Ser	ENST00000370225	True	5	1614142	0	4.2372809537610954e-06	nfe	False	below_supporting_threshold									False	False	population-compatible; not clinical benign
chr1:94010896:T>C	1-94010896-T-C	rs778550733	c.5618A>G	p.Asp1873Gly	ENST00000370225	True	5	1614040	0	4.2372809537610954e-06	nfe	False	below_supporting_threshold	1055208.0	VUS	2.0	screened	missense	p.D1873G	ABCA4_6f0db35abbbf06ec	True	True	True	population-compatible; not clinical benign
chr1:94080538:C>T	1-94080538-C-T	rs764915204	c.1039G>A	p.Ala347Thr	ENST00000370225	True	5	1613948	0	4.237252226676045e-06	nfe	False	below_supporting_threshold									False	False	population-compatible; not clinical benign
chr1:93997908:T>C	1-93997908-T-C		c.6682A>G	p.Ser2228Gly	ENST00000370225	True	5	1614132	0	4.237245044965644e-06	nfe	False	below_supporting_threshold									False	False	population-compatible; not clinical benign
chr1:94011357:C>T	1-94011357-C-T	rs773682021	c.5489G>A	p.Arg1830Lys	ENST00000370225	True	5	1614112	0	4.237237863279588e-06	nfe	False	below_supporting_threshold	4855831.0	VUS	1.0	screened	missense	p.R1830K	ABCA4_f962cee91f6dcb5b	True	True	True	population-compatible; not clinical benign
chr1:94063264:T>A	1-94063264-T-A	rs1557787865	c.1608A>T	p.Gln536His	ENST00000370225	True	5	1614114	0	4.237237863279588e-06	nfe	False	below_supporting_threshold									False	False	population-compatible; not clinical benign
chr1:94063202:T>C	1-94063202-T-C		c.1670A>G	p.Tyr557Cys	ENST00000370225	True	5	1614154	0	4.237230681617876e-06	nfe	False	below_supporting_threshold									False	False	population-compatible; not clinical benign
chr1:94015791:A>C	1-94015791-A-C		c.5260T>G	p.Tyr1754Asp	ENST00000370225	True	6	1614008	0	4.237223499980509e-06	nfe	False	below_supporting_threshold	2733919.0	P/LP	1.0	screened	missense	p.Y1754D	ABCA4_84b99bd3b4ef5939	True	True	True	population-compatible; not clinical benign
chr1:94007683:T>C	1-94007683-T-C		c.5956A>G	p.Thr1986Ala	ENST00000370225	True	5	1614058	0	4.237216318367485e-06	nfe	False	below_supporting_threshold									False	False	population-compatible; not clinical benign
chr1:94108703:A>C	1-94108703-A-C		c.316T>G	p.Tyr106Asp	ENST00000370225	True	5	1614010	0	4.237216318367485e-06	nfe	False	below_supporting_threshold									False	False	population-compatible; not clinical benign
chr1:94044739:A>G	1-94044739-A-G	rs146140442	c.2924T>C	p.Ile975Thr	ENST00000370225	True	28	1614076	0	4.237209136778806e-06	nfe	False	below_supporting_threshold	1523490.0	VUS	2.0	screened	missense	p.I975T	ABCA4_29e47106425d442e	True	True	True	population-compatible; not clinical benign
chr1:94001931:G>C	1-94001931-G-C		c.6209C>G	p.Thr2070Arg	ENST00000370225	True	5	1614162	0	4.23720195521447e-06	nfe	False	below_supporting_threshold	3588163.0	P/LP	2.0	wt_equivalent	missense	p.T2070R	ABCA4_WT	False	True	True	population-compatible; not clinical benign
chr1:94043350:G>C	1-94043350-G-C	rs760279930	c.3176C>G	p.Ala1059Gly	ENST00000370225	True	5	1614108	0	4.23720195521447e-06	nfe	False	below_supporting_threshold	4881742.0	VUS	1.0	screened	missense	p.A1059G	ABCA4_56e59b01c594b94b	True	True	True	population-compatible; not clinical benign
chr1:94108658:G>A	1-94108658-G-A	rs1203433117	c.361C>T	p.His121Tyr	ENST00000370225	True	5	1614012	0	4.237194773674478e-06	nfe	False	below_supporting_threshold									False	False	population-compatible; not clinical benign
chr1:94011297:A>G	1-94011297-A-G	rs377311148	c.5549T>C	p.Leu1850Pro	ENST00000370225	True	6	1614014	0	4.23718759215883e-06	nfe	False	below_supporting_threshold	197055.0	P/LP	2.0	screened	missense	p.L1850P	ABCA4_83340e5b36ddad54	True	True	True	population-compatible; not clinical benign
chr1:94043396:C>T	1-94043396-C-T		c.3130G>A	p.Ala1044Thr	ENST00000370225	True	5	1614116	0	4.23718759215883e-06	nfe	False	below_supporting_threshold									False	False	population-compatible; not clinical benign
chr1:94047080:T>G	1-94047080-T-G	rs539815930	c.2757A>C	p.Glu919Asp	ENST00000370225	True	5	1614144	0	4.23718759215883e-06	nfe	False	below_supporting_threshold									False	False	population-compatible; not clinical benign
chr1:94060683:T>C	1-94060683-T-C	rs377508857	c.2014A>G	p.Lys672Glu	ENST00000370225	True	5	1614020	0	4.23718759215883e-06	nfe	False	below_supporting_threshold	1473544.0	VUS	2.0	screened	missense	p.K672E	ABCA4_f34c48caebfe3d7e	True	True	True	population-compatible; not clinical benign
chr1:94079422:T>C	1-94079422-T-C	rs1661628331	c.1139A>G	p.Asn380Ser	ENST00000370225	True	6	1614206	0	4.23718759215883e-06	nfe	False	below_supporting_threshold									False	False	population-compatible; not clinical benign
chr1:94079431:A>G	1-94079431-A-G		c.1130T>C	p.Leu377Pro	ENST00000370225	True	5	1614234	0	4.237180410667525e-06	nfe	False	below_supporting_threshold									False	False	population-compatible; not clinical benign
chr1:94062592:C>G	1-94062592-C-G	rs61749416	c.1922G>C	p.Cys641Ser	ENST00000370225	True	5	1614166	0	4.237173229200564e-06	nfe	False	below_supporting_threshold	99100.0	P/LP	1.0	screened	missense	p.C641S	ABCA4_d2f919dec3ffc141	True	True	True	population-compatible; not clinical benign
chr1:94080614:G>T	1-94080614-G-T	rs745364081	c.963C>A	p.Asp321Glu	ENST00000370225	True	5	1614132	0	4.237173229200564e-06	nfe	False	below_supporting_threshold									False	False	population-compatible; not clinical benign
chr1:94111546:C>T	1-94111546-C-T	rs62654395	c.194G>A	p.Gly65Glu	ENST00000370225	True	5	1614250	0	4.237166047757946e-06	nfe	False	below_supporting_threshold	99107.0	P/LP	2.0	screened	missense	p.G65E	ABCA4_e0af174867b1b541	True	True	True	population-compatible; not clinical benign
chr1:94037248:T>C	1-94037248-T-C		c.3710A>G	p.Asn1237Ser	ENST00000370225	True	5	1614222	0	4.237158866339671e-06	nfe	False	below_supporting_threshold									False	False	population-compatible; not clinical benign
chr1:93996168:T>C	1-93996168-T-C	rs887287405	c.6757A>G	p.Thr2253Ala	ENST00000370225	True	5	1614064	0	4.237151684945739e-06	nfe	False	below_supporting_threshold									False	False	population-compatible; not clinical benign
chr1:94021263:C>G	1-94021263-C-G		c.4995G>C	p.Lys1665Asn	ENST00000370225	True	5	1614212	0	4.237151684945739e-06	nfe	False	below_supporting_threshold									False	False	population-compatible; not clinical benign
chr1:94025000:T>C	1-94025000-T-C		c.4588A>G	p.Ile1530Val	ENST00000370225	True	5	1614242	0	4.237151684945739e-06	nfe	False	below_supporting_threshold									False	False	population-compatible; not clinical benign
chr1:94031884:C>T	1-94031884-C-T	rs779248561	c.4022G>A	p.Gly1341Asp	ENST00000370225	True	6	1614076	0	4.237151684945739e-06	nfe	False	below_supporting_threshold	1314399.0	VUS	2.0	screened	missense	p.G1341D	ABCA4_413d6cd8c01f6474	True	True	True	population-compatible; not clinical benign
chr1:94062663:C>G	1-94062663-C-G	rs745549366	c.1851G>C	p.Gln617His	ENST00000370225	True	5	1614174	0	4.23714450357615e-06	nfe	False	below_supporting_threshold									False	False	population-compatible; not clinical benign
chr1:94021280:G>A	1-94021280-G-A	rs1211325812	c.4978C>T	p.Pro1660Ser	ENST00000370225	True	6	1614206	0	4.23713014091e-06	nfe	False	below_supporting_threshold	1048159.0	Conflicting	1.0	screened	missense	p.P1660S	ABCA4_577438703485e738	True	True	True	population-compatible; not clinical benign
chr1:94041222:C>G	1-94041222-C-G	rs757421299	c.3509G>C	p.Arg1170Thr	ENST00000370225	True	6	1614048	0	4.23713014091e-06	nfe	False	below_supporting_threshold	4268325.0	VUS	1.0	screened	missense	p.R1170T	ABCA4_872348ea4ef639b8	True	True	True	population-compatible; not clinical benign
chr1:94030468:G>C	1-94030468-G-C	rs1046550021	c.4312C>G	p.Pro1438Ala	ENST00000370225	True	5	1614094	0	4.237122959613439e-06	nfe	False	below_supporting_threshold	866870.0	P/LP	2.0	screened	missense	p.P1438A	ABCA4_cb8c6627376260ad	True	True	True	population-compatible; not clinical benign
chr1:94056686:C>T	1-94056686-C-T		c.2297G>A	p.Gly766Asp	ENST00000370225	True	5	1614182	0	4.237122959613439e-06	nfe	False	below_supporting_threshold									False	False	population-compatible; not clinical benign
chr1:94014635:T>A	1-94014635-T-A	rs1420614924	c.5368A>T	p.Thr1790Ser	ENST00000370225	True	6	1614246	0	4.23711577834122e-06	nfe	False	below_supporting_threshold									False	False	population-compatible; not clinical benign
chr1:94078642:C>T	1-94078642-C-T	rs920723783	c.1304G>A	p.Gly435Glu	ENST00000370225	True	5	1524554	0	3.554247592441537e-06	nfe	False	below_supporting_threshold									False	False	population-compatible; not clinical benign
chr1:94078703:T>C	1-94078703-T-C	rs1279729551	c.1243A>G	p.Asn415Asp	ENST00000370225	True	4	1611262	0	3.3972353298885367e-06	nfe	False	below_supporting_threshold	2097676.0	VUS	1.0	screened	missense	p.N415D	ABCA4_89921e75cc213565	True	True	True	population-compatible; not clinical benign
chr1:94029521:C>T	1-94029521-C-T	rs61750147	c.4463G>A	p.Cys1488Tyr	ENST00000370225	True	4	1608892	0	3.3970737606625654e-06	nfe	False	below_supporting_threshold	99285.0	P/LP	2.0	screened	missense	p.C1488Y	ABCA4_d5f6ccf5bf7edf95	True	True	True	population-compatible; not clinical benign
chr1:94021646:G>T	1-94021646-G-T	rs1265079301	c.4842C>A	p.Asn1614Lys	ENST00000370225	True	5	1611270	0	3.394830691306348e-06	nfe	False	below_supporting_threshold									False	False	population-compatible; not clinical benign
chr1:94029628:C>G	1-94029628-C-G		c.4356G>C	p.Glu1452Asp	ENST00000370225	True	4	1613232	0	3.3909684945117177e-06	nfe	False	below_supporting_threshold									False	False	population-compatible; not clinical benign
chr1:94029543:G>T	1-94029543-G-T	rs753120354	c.4441C>A	p.Gln1481Lys	ENST00000370225	True	4	1613146	0	3.3909110021498375e-06	nfe	False	below_supporting_threshold									False	False	population-compatible; not clinical benign
chr1:94098984:T>G	1-94098984-T-G	rs146117175	c.578A>C	p.His193Pro	ENST00000370225	True	5	1606874	0	3.3906120732914707e-06	nfe	False	below_supporting_threshold	1931678.0	VUS	1.0	screened	missense	p.H193P	ABCA4_179eab0cabd95faf	True	True	True	population-compatible; not clinical benign
chr1:94029549:A>C	1-94029549-A-C		c.4435T>G	p.Trp1479Gly	ENST00000370225	True	4	1613494	0	3.390405153415833e-06	nfe	False	below_supporting_threshold									False	False	population-compatible; not clinical benign
chr1:94019708:C>A	1-94019708-C-A		c.5070G>T	p.Met1690Ile	ENST00000370225	True	4	1613726	0	3.3902212458385034e-06	nfe	False	below_supporting_threshold									False	False	population-compatible; not clinical benign
chr1:94019690:G>C	1-94019690-G-C	rs1435203678	c.5088C>G	p.Ser1696Arg	ENST00000370225	True	4	1613810	0	3.390158032216672e-06	nfe	False	below_supporting_threshold	438099.0	P/LP	1.0	screened	missense	p.S1696R	ABCA4_39f31d757cd67078	True	True	True	population-compatible; not clinical benign
chr1:94103107:C>T	1-94103107-C-T		c.478G>A	p.Glu160Lys	ENST00000370225	True	4	1614002	0	3.3901465390841518e-06	nfe	False	below_supporting_threshold									False	False	population-compatible; not clinical benign
chr1:94005548:T>C	1-94005548-T-C	rs201883531	c.6040A>G	p.Met2014Val	ENST00000370225	True	4	1614084	0	3.3900028815024493e-06	nfe	False	below_supporting_threshold	502046.0	VUS	2.0	screened	missense	p.M2014V	ABCA4_74d491c7a2df90f1	True	True	True	population-compatible; not clinical benign
chr1:94015769:G>A	1-94015769-G-A		c.5282C>T	p.Pro1761Leu	ENST00000370225	True	4	1613942	0	3.389962659561305e-06	nfe	False	below_supporting_threshold									False	False	population-compatible; not clinical benign
chr1:94111445:T>C	1-94111445-T-C	rs575809706	c.295A>G	p.Asn99Asp	ENST00000370225	True	4	1614004	0	3.3899511677534283e-06	nfe	False	below_supporting_threshold									False	False	population-compatible; not clinical benign
chr1:94008776:A>G	1-94008776-A-G	rs765282381	c.5810T>C	p.Ile1937Thr	ENST00000370225	True	6	1613826	0	3.389933930187701e-06	nfe	False	below_supporting_threshold									False	False	population-compatible; not clinical benign
chr1:94111504:T>C	1-94111504-T-C		c.236A>G	p.Asn79Ser	ENST00000370225	True	4	1614114	0	3.3899166927972743e-06	nfe	False	below_supporting_threshold									False	False	population-compatible; not clinical benign
chr1:94103104:C>T	1-94103104-C-T	rs62645943	c.481G>A	p.Glu161Lys	ENST00000370225	True	4	1614100	0	3.3898822185423167e-06	nfe	False	below_supporting_threshold	99322.0	Conflicting	1.0	screened	missense	p.E161K	ABCA4_50ce361210ad1e32	True	True	True	population-compatible; not clinical benign
chr1:94001008:G>A	1-94001008-G-A	rs1303289867	c.6380C>T	p.Ser2127Phe	ENST00000370225	True	4	1614142	0	3.389859236095221e-06	nfe	False	below_supporting_threshold	866942.0	Conflicting	1.0	wt_equivalent	missense	p.S2127F	ABCA4_WT	False	True	True	population-compatible; not clinical benign
chr1:94108595:G>A	1-94108595-G-A	rs1085307835	c.424C>T	p.His142Tyr	ENST00000370225	True	4	1613656	0	3.3898305084745763e-06	nfe	False	below_supporting_threshold	426865.0	VUS	2.0	screened	missense	p.H142Y	ABCA4_91a5118a5d40e4ce	True	True	True	population-compatible; not clinical benign
chr1:94015794:C>G	1-94015794-C-G		c.5257G>C	p.Ala1753Pro	ENST00000370225	True	4	1613952	0	3.3898247630088763e-06	nfe	False	below_supporting_threshold									False	False	population-compatible; not clinical benign
chr1:94056677:T>A	1-94056677-T-A	rs751408792	c.2306A>T	p.Tyr769Phe	ENST00000370225	True	36	1613888	0	3.389819017562652e-06	nfe	False	below_supporting_threshold									False	False	population-compatible; not clinical benign
chr1:93997881:T>G	1-93997881-T-G	rs1659051890	c.6709A>C	p.Thr2237Pro	ENST00000370225	True	4	1614016	0	3.3897960359725156e-06	nfe	False	below_supporting_threshold									False	False	population-compatible; not clinical benign
chr1:94015817:A>T	1-94015817-A-T	rs1232880489	c.5234T>A	p.Ile1745Asn	ENST00000370225	True	4	1614080	0	3.3897960359725156e-06	nfe	False	below_supporting_threshold	1356455.0	VUS	1.0	screened	missense	p.I1745N	ABCA4_b0da872427ea97ad	True	True	True	population-compatible; not clinical benign
chr1:94036769:T>C	1-94036769-T-C	rs759598051	c.3833A>G	p.Glu1278Gly	ENST00000370225	True	4	1614164	0	3.3897902906236706e-06	nfe	False	below_supporting_threshold									False	False	population-compatible; not clinical benign
chr1:94108630:T>C	1-94108630-T-C	rs2101155828	c.389A>G	p.His130Arg	ENST00000370225	True	4	1613862	0	3.389784545294301e-06	nfe	False	below_supporting_threshold	1902905.0	VUS	1.0	screened	missense	p.H130R	ABCA4_3e3446d3454b58f9	True	True	True	population-compatible; not clinical benign
chr1:94113012:A>C	1-94113012-A-C	rs1662654220	c.121T>G	p.Trp41Gly	ENST00000370225	True	4	1614184	0	3.389784545294301e-06	nfe	False	below_supporting_threshold	4691374.0	VUS	1.0	screened	missense	p.W41G	ABCA4_ffd6b7166ce27499	True	True	True	population-compatible; not clinical benign
chr1:94001041:A>T	1-94001041-A-T	rs760999534	c.6347T>A	p.Ile2116Asn	ENST00000370225	True	4	1614108	0	3.389778799984407e-06	nfe	False	below_supporting_threshold									False	False	population-compatible; not clinical benign
chr1:94031948:A>C	1-94031948-A-C	rs771682963	c.3958T>G	p.Cys1320Gly	ENST00000370225	True	4	1614008	0	3.389778799984407e-06	nfe	False	below_supporting_threshold									False	False	population-compatible; not clinical benign
chr1:93997962:C>G	1-93997962-C-G		c.6628G>C	p.Val2210Leu	ENST00000370225	True	4	1614108	0	3.389773054693988e-06	nfe	False	below_supporting_threshold									False	False	population-compatible; not clinical benign
chr1:94055228:T>C	1-94055228-T-C	rs1660942758	c.2470A>G	p.Ile824Val	ENST00000370225	True	6	1614008	0	3.389773054693988e-06	nfe	False	below_supporting_threshold	1407882.0	VUS	1.0	screened	missense	p.I824V	ABCA4_cb0912d57318570d	True	True	True	population-compatible; not clinical benign
chr1:94010884:T>C	1-94010884-T-C	rs1659525808	c.5630A>G	p.Lys1877Arg	ENST00000370225	True	4	1614154	0	3.3897615641715763e-06	nfe	False	below_supporting_threshold									False	False	population-compatible; not clinical benign
chr1:94014685:G>T	1-94014685-G-T	rs760549861	c.5318C>A	p.Ala1773Glu	ENST00000370225	True	5	1614108	0	3.3897615641715763e-06	nfe	False	below_supporting_threshold	940353.0	P/LP	1.0	screened	missense	p.A1773E	ABCA4_72691326922e4f7f	True	True	True	population-compatible; not clinical benign
chr1:94062620:T>A	1-94062620-T-A		c.1894A>T	p.Ile632Phe	ENST00000370225	True	4	1614142	0	3.3897615641715763e-06	nfe	False	below_supporting_threshold									False	False	population-compatible; not clinical benign
chr1:93996137:C>G	1-93996137-C-G	rs281865407	c.6788G>C	p.Arg2263Pro	ENST00000370225	True	4	1613986	0	3.3897558189395825e-06	nfe	False	below_supporting_threshold									False	False	population-compatible; not clinical benign
chr1:93998049:C>T	1-93998049-C-T		c.6541G>A	p.Asp2181Asn	ENST00000370225	True	4	1614196	0	3.389750073727064e-06	nfe	False	below_supporting_threshold									False	False	population-compatible; not clinical benign
chr1:94001947:C>T	1-94001947-C-T	rs886043588	c.6193G>A	p.Asp2065Asn	ENST00000370225	True	4	1614186	0	3.389750073727064e-06	nfe	False	below_supporting_threshold	1020258.0	VUS	1.0	wt_equivalent	missense	p.D2065N	ABCA4_WT	False	True	True	population-compatible; not clinical benign
chr1:94044737:G>C	1-94044737-G-C		c.2926C>G	p.Leu976Val	ENST00000370225	True	4	1614206	0	3.389750073727064e-06	nfe	False	below_supporting_threshold									False	False	population-compatible; not clinical benign
chr1:93998021:T>A	1-93998021-T-A		c.6569A>T	p.Gln2190Leu	ENST00000370225	True	4	1614206	0	3.38974432853402e-06	nfe	False	below_supporting_threshold									False	False	population-compatible; not clinical benign
chr1:94063241:T>C	1-94063241-T-C		c.1631A>G	p.Glu544Gly	ENST00000370225	True	4	1614174	0	3.38974432853402e-06	nfe	False	below_supporting_threshold									False	False	population-compatible; not clinical benign
chr1:94001931:G>T	1-94001931-G-T	rs778066205	c.6209C>A	p.Thr2070Lys	ENST00000370225	True	4	1614044	0	3.3897385833604513e-06	nfe	False	below_supporting_threshold	4563364.0	VUS	1.0	wt_equivalent	missense	p.T2070K	ABCA4_WT	False	True	True	population-compatible; not clinical benign
chr1:94042878:A>G	1-94042878-A-G	rs781332563	c.3211T>C	p.Ser1071Pro	ENST00000370225	True	4	1614196	0	3.389732838206357e-06	nfe	False	below_supporting_threshold	1519284.0	P/LP	1.0	screened	missense	p.S1071P	ABCA4_cb738a949150bbba	True	True	True	population-compatible; not clinical benign
chr1:94062646:T>C	1-94062646-T-C	rs1233316727	c.1868A>G	p.Gln623Arg	ENST00000370225	True	4	1614190	0	3.389732838206357e-06	nfe	False	below_supporting_threshold	2733939.0	Conflicting	1.0	screened	missense	p.Q623R	ABCA4_fe7a3a1df4a8d8a4	True	True	True	population-compatible; not clinical benign
chr1:94063274:T>C	1-94063274-T-C	rs1440695680	c.1598A>G	p.Gln533Arg	ENST00000370225	True	4	1614034	0	3.389732838206357e-06	nfe	False	below_supporting_threshold									False	False	population-compatible; not clinical benign
chr1:94108649:G>C	1-94108649-G-C	rs138359497	c.370C>G	p.Arg124Gly	ENST00000370225	True	4	1613816	0	3.389732838206357e-06	nfe	False	below_supporting_threshold	1988602.0	P/LP	1.0	screened	missense	p.R124G	ABCA4_680c364aa07d48f8	True	True	True	population-compatible; not clinical benign
chr1:94037234:C>T	1-94037234-C-T	rs1389287812	c.3724G>A	p.Ala1242Thr	ENST00000370225	True	4	1614234	0	3.3897270930717368e-06	nfe	False	below_supporting_threshold									False	False	population-compatible; not clinical benign
chr1:94037248:T>A	1-94037248-T-A	rs1390307355	c.3710A>T	p.Asn1237Ile	ENST00000370225	True	4	1614222	0	3.3897270930717368e-06	nfe	False	below_supporting_threshold									False	False	population-compatible; not clinical benign
chr1:94062652:C>T	1-94062652-C-T	rs751079871	c.1862G>A	p.Arg621Lys	ENST00000370225	True	4	1614192	0	3.3897270930717368e-06	nfe	False	below_supporting_threshold									False	False	population-compatible; not clinical benign
chr1:94077757:T>C	1-94077757-T-C	rs1439777150	c.1487A>G	p.Asn496Ser	ENST00000370225	True	4	1614204	0	3.3897270930717368e-06	nfe	False	below_supporting_threshold									False	False	population-compatible; not clinical benign
chr1:94001908:T>G	1-94001908-T-G	rs951379922	c.6232A>C	p.Lys2078Gln	ENST00000370225	True	4	1614204	0	3.389721347956591e-06	nfe	False	below_supporting_threshold	546599.0	P/LP	1.0	wt_equivalent	missense	p.K2078Q	ABCA4_WT	False	True	True	population-compatible; not clinical benign
chr1:94021357:G>A	1-94021357-G-A	rs1422814365	c.4901C>T	p.Ala1634Val	ENST00000370225	True	4	1614194	0	3.389721347956591e-06	nfe	False	below_supporting_threshold									False	False	population-compatible; not clinical benign
chr1:94021357:G>C	1-94021357-G-C	rs1422814365	c.4901C>G	p.Ala1634Gly	ENST00000370225	True	4	1614194	0	3.389721347956591e-06	nfe	False	below_supporting_threshold									False	False	population-compatible; not clinical benign
chr1:94031839:T>C	1-94031839-T-C		c.4067A>G	p.Gln1356Arg	ENST00000370225	True	4	1614170	0	3.389721347956591e-06	nfe	False	below_supporting_threshold									False	False	population-compatible; not clinical benign
chr1:94042887:T>C	1-94042887-T-C		c.3202A>G	p.Arg1068Gly	ENST00000370225	True	4	1614174	0	3.389721347956591e-06	nfe	False	below_supporting_threshold									False	False	population-compatible; not clinical benign
chr1:94062649:C>T	1-94062649-C-T		c.1865G>A	p.Ser622Asn	ENST00000370225	True	5	1614194	0	3.389721347956591e-06	nfe	False	below_supporting_threshold									False	False	population-compatible; not clinical benign
chr1:94030509:C>A	1-94030509-C-A	rs753292940	c.4271G>T	p.Ser1424Ile	ENST00000370225	True	4	1614124	0	3.38971560286092e-06	nfe	False	below_supporting_threshold									False	False	population-compatible; not clinical benign
chr1:94042892:A>G	1-94042892-A-G	rs768997888	c.3197T>C	p.Met1066Thr	ENST00000370225	True	4	1614088	0	3.38971560286092e-06	nfe	False	below_supporting_threshold									False	False	population-compatible; not clinical benign
chr1:94113042:A>G	1-94113042-A-G	rs1193865484	c.91T>C	p.Trp31Arg	ENST00000370225	True	4	1614084	0	3.38971560286092e-06	nfe	False	below_supporting_threshold	2202816.0	P/LP	1.0	screened	missense	p.W31R	ABCA4_3753ef02bc14a8e3	True	True	True	population-compatible; not clinical benign
chr1:94000869:C>A	1-94000869-C-A	rs61750655	c.6446G>T	p.Arg2149Leu	ENST00000370225	True	4	1614216	0	3.389709857784723e-06	nfe	False	below_supporting_threshold	99461.0	P/LP	1.0	wt_equivalent	missense	p.R2149L	ABCA4_WT	False	True	True	population-compatible; not clinical benign
chr1:94031066:G>A	1-94031066-G-A	rs1489868696	c.4183C>T	p.Pro1395Ser	ENST00000370225	True	9	1613998	0	3.389709857784723e-06	nfe	False	below_supporting_threshold	3102365.0	VUS	1.0	screened	missense	p.P1395S	ABCA4_5221f888819bdcaf	True	True	True	population-compatible; not clinical benign
chr1:94007686:G>A	1-94007686-G-A	rs886046559	c.5953C>T	p.Leu1985Phe	ENST00000370225	True	4	1614114	0	3.389704112728e-06	nfe	False	below_supporting_threshold	298224.0	VUS	1.0	screened	missense	p.L1985F	ABCA4_7f3431268c17f183	True	True	True	population-compatible; not clinical benign
chr1:94080495:G>C	1-94080495-G-C	rs748487419	c.1082C>G	p.Ser361Cys	ENST00000370225	True	4	1614190	0	3.389704112728e-06	nfe	False	below_supporting_threshold	2071653.0	VUS	2.0	screened	missense	p.S361C	ABCA4_64a996dff155dd06	True	True	True	population-compatible; not clinical benign
chr1:94037273:G>A	1-94037273-G-A	rs149849017	c.3685C>T	p.Leu1229Phe	ENST00000370225	True	4	1614112	0	3.389698367690751e-06	nfe	False	below_supporting_threshold									False	False	population-compatible; not clinical benign
chr1:94080639:G>A	1-94080639-G-A	rs911073778	c.938C>T	p.Thr313Ile	ENST00000370225	True	4	1614028	0	3.389698367690751e-06	nfe	False	below_supporting_threshold									False	False	population-compatible; not clinical benign
chr1:94062581:C>A	1-94062581-C-A	rs61749418	c.1933G>T	p.Asp645Tyr	ENST00000370225	True	25	1501068	0	2.7058180499710476e-06	nfe	False	below_supporting_threshold	1998012.0	P/LP	2.0	screened	missense	p.D645Y	ABCA4_bd2c272a88f76a72	True	True	True	population-compatible; not clinical benign
chr1:94029464:C>T	1-94029464-C-T		c.4520G>A	p.Gly1507Glu	ENST00000370225	True	3	1560812	0	2.605591599572683e-06	nfe	False	below_supporting_threshold									False	False	population-compatible; not clinical benign
chr1:94040045:T>A	1-94040045-T-A		c.3605A>T	p.Asp1202Val	ENST00000370225	True	3	1602078	0	2.5568472369004194e-06	nfe	False	below_supporting_threshold									False	False	population-compatible; not clinical benign
chr1:94023395:T>C	1-94023395-T-C		c.4658A>G	p.Asn1553Ser	ENST00000370225	True	3	1609138	0	2.5518753732117735e-06	nfe	False	below_supporting_threshold									False	False	population-compatible; not clinical benign
chr1:94056806:T>C	1-94056806-T-C		c.2177A>G	p.His726Arg	ENST00000370225	True	3	1606254	0	2.5508338675913157e-06	nfe	False	below_supporting_threshold									False	False	population-compatible; not clinical benign
chr1:94019597:G>T	1-94019597-G-T	rs764510820	c.5181C>A	p.Asn1727Lys	ENST00000370225	True	3	1608058	0	2.5487274203989946e-06	nfe	False	below_supporting_threshold									False	False	population-compatible; not clinical benign
chr1:94078702:T>G	1-94078702-T-G		c.1244A>C	p.Asn415Thr	ENST00000370225	True	3	1611944	0	2.5466936276632047e-06	nfe	False	below_supporting_threshold									False	False	population-compatible; not clinical benign
chr1:94060743:T>G	1-94060743-T-G		c.1954A>C	p.Asn652His	ENST00000370225	True	3	1612138	0	2.544904846007808e-06	nfe	False	below_supporting_threshold									False	False	population-compatible; not clinical benign
chr1:94078643:C>T	1-94078643-C-T	rs948132728	c.1303G>A	p.Gly435Arg	ENST00000370225	True	3	1612048	0	2.5445249456743925e-06	nfe	False	below_supporting_threshold									False	False	population-compatible; not clinical benign
chr1:94019741:A>C	1-94019741-A-C	rs1659845334	c.5037T>G	p.Asp1679Glu	ENST00000370225	True	3	1613076	0	2.5433126138132395e-06	nfe	False	below_supporting_threshold	3779601.0	VUS	1.0	screened	missense	p.D1679E	ABCA4_e11c8f1a6fa4ff4e	True	True	True	population-compatible; not clinical benign
chr1:94060722:T>G	1-94060722-T-G		c.1975A>C	p.Met659Leu	ENST00000370225	True	3	1613760	0	2.5426616242861476e-06	nfe	False	below_supporting_threshold									False	False	population-compatible; not clinical benign
chr1:94005574:G>A	1-94005574-G-A		c.6014C>T	p.Thr2005Ile	ENST00000370225	True	3	1613996	0	2.542592664789668e-06	nfe	False	below_supporting_threshold									False	False	population-compatible; not clinical benign
chr1:94005574:G>C	1-94005574-G-C	rs1659356341	c.6014C>G	p.Thr2005Ser	ENST00000370225	True	3	1613996	0	2.542592664789668e-06	nfe	False	below_supporting_threshold									False	False	population-compatible; not clinical benign
chr1:94098966:G>C	1-94098966-G-C		c.596C>G	p.Ala199Gly	ENST00000370225	True	3	1610218	0	2.5425280186587655e-06	nfe	False	below_supporting_threshold									False	False	population-compatible; not clinical benign
chr1:94029606:G>T	1-94029606-G-T	rs373181448	c.4378C>A	p.Pro1460Thr	ENST00000370225	True	3	1613796	0	2.5425193994230175e-06	nfe	False	below_supporting_threshold									False	False	population-compatible; not clinical benign
chr1:93997944:C>T	1-93997944-C-T		c.6646G>A	p.Ala2216Thr	ENST00000370225	True	3	1613914	0	2.5424633758150715e-06	nfe	False	below_supporting_threshold									False	False	population-compatible; not clinical benign
chr1:94043339:A>G	1-94043339-A-G	rs61752413	c.3187T>C	p.Ser1063Pro	ENST00000370225	True	3	1614020	0	2.5424461382785606e-06	nfe	False	below_supporting_threshold	99201.0	Other	0.0	screened	missense	p.S1063P	ABCA4_41c205f1f2a60335	True	True	True	population-compatible; not clinical benign
chr1:94029587:A>C	1-94029587-A-C	rs1341069538	c.4397T>G	p.Val1466Gly	ENST00000370225	True	3	1613952	0	2.542437519597956e-06	nfe	False	below_supporting_threshold									False	False	population-compatible; not clinical benign
chr1:94008296:A>G	1-94008296-A-G	rs767141052	c.5837T>C	p.Ile1946Thr	ENST00000370225	True	4	1613982	0	2.5424332102795657e-06	nfe	False	below_supporting_threshold									False	False	population-compatible; not clinical benign
chr1:94024975:T>G	1-94024975-T-G		c.4613A>C	p.Tyr1538Ser	ENST00000370225	True	3	1614190	0	2.542398736258335e-06	nfe	False	below_supporting_threshold									False	False	population-compatible; not clinical benign
chr1:94015812:T>A	1-94015812-T-A		c.5239A>T	p.Ile1747Phe	ENST00000370225	True	3	1613964	0	2.5423814995983038e-06	nfe	False	below_supporting_threshold									False	False	population-compatible; not clinical benign
chr1:94108593:G>T	1-94108593-G-T		c.426C>A	p.His142Gln	ENST00000370225	True	3	1613598	0	2.5423814995983038e-06	nfe	False	below_supporting_threshold									False	False	population-compatible; not clinical benign
chr1:94055123:G>C	1-94055123-G-C		c.2575C>G	p.Gln859Glu	ENST00000370225	True	3	1614118	0	2.5423728813559323e-06	nfe	False	below_supporting_threshold									False	False	population-compatible; not clinical benign
chr1:93997865:T>G	1-93997865-T-G	rs1316009444	c.6725A>C	p.Asp2242Ala	ENST00000370225	True	3	1613984	0	2.5423685722566573e-06	nfe	False	below_supporting_threshold									False	False	population-compatible; not clinical benign
chr1:94000837:T>C	1-94000837-T-C	rs1571241930	c.6478A>G	p.Lys2160Glu	ENST00000370225	True	3	1614148	0	2.5423685722566573e-06	nfe	False	below_supporting_threshold	635991.0	P/LP	2.0	wt_equivalent	missense	p.K2160E	ABCA4_WT	False	True	True	population-compatible; not clinical benign
chr1:94111459:A>G	1-94111459-A-G	rs1382695024	c.281T>C	p.Val94Ala	ENST00000370225	True	3	1613976	0	2.5423685722566573e-06	nfe	False	below_supporting_threshold									False	False	population-compatible; not clinical benign
chr1:94041397:T>C	1-94041397-T-C		c.3334A>G	p.Thr1112Ala	ENST00000370225	True	3	1613732	0	2.5423642631719893e-06	nfe	False	below_supporting_threshold									False	False	population-compatible; not clinical benign
chr1:94041391:T>G	1-94041391-T-G	rs1166656768	c.3340A>C	p.Ile1114Leu	ENST00000370225	True	3	1613762	0	2.542355645046474e-06	nfe	False	below_supporting_threshold									False	False	population-compatible; not clinical benign
chr1:94108648:C>G	1-94108648-C-G	rs769541140	c.371G>C	p.Arg124Pro	ENST00000370225	True	3	1613946	0	2.542355645046474e-06	nfe	False	below_supporting_threshold									False	False	population-compatible; not clinical benign
chr1:94007730:A>C	1-94007730-A-C	rs886044756	c.5909T>G	p.Leu1970Arg	ENST00000370225	True	3	1613932	0	2.542351336005627e-06	nfe	False	below_supporting_threshold	3672358.0	P/LP	1.0	screened	missense	p.L1970R	ABCA4_62de4b9fd45241e8	True	True	True	population-compatible; not clinical benign
chr1:94031033:G>A	1-94031033-G-A	rs61750133	c.4216C>T	p.His1406Tyr	ENST00000370225	True	3	1614140	0	2.542351336005627e-06	nfe	False	below_supporting_threshold	99259.0	P/LP	2.0	screened	missense	p.H1406Y	ABCA4_f8fbaac250af700d	True	True	True	population-compatible; not clinical benign
chr1:94014608:T>C	1-94014608-T-C	rs61750574	c.5395A>G	p.Asn1799Asp	ENST00000370225	True	3	1614184	0	2.542347026979387e-06	nfe	False	below_supporting_threshold	99372.0	P/LP	2.0	screened	missense	p.N1799D	ABCA4_b4771b752a4e6e99	True	True	True	population-compatible; not clinical benign
chr1:94031994:C>G	1-94031994-C-G	rs913904785	c.3912G>C	p.Leu1304Phe	ENST00000370225	True	4	1613882	0	2.542347026979387e-06	nfe	False	below_supporting_threshold									False	False	population-compatible; not clinical benign
chr1:94041402:C>T	1-94041402-C-T	rs1333006788	c.3329G>A	p.Gly1110Asp	ENST00000370225	True	3	1613436	0	2.542347026979387e-06	nfe	False	below_supporting_threshold									False	False	population-compatible; not clinical benign
chr1:94062707:A>G	1-94062707-A-G	rs1064793006	c.1807T>C	p.Tyr603His	ENST00000370225	True	3	1614138	0	2.542342717967753e-06	nfe	False	below_supporting_threshold	417981.0	P/LP	2.0	screened	missense	p.Y603H	ABCA4_bb224d05466abb42	True	True	True	population-compatible; not clinical benign
chr1:93997975:C>T	1-93997975-C-T		c.6615G>A	p.Met2205Ile	ENST00000370225	True	3	1614126	0	2.5423340999883053e-06	nfe	False	below_supporting_threshold									False	False	population-compatible; not clinical benign
chr1:94021876:G>C	1-94021876-G-C	rs539124923	c.4743C>G	p.Ser1581Arg	ENST00000370225	True	3	1614096	0	2.5423340999883053e-06	nfe	False	below_supporting_threshold	1308404.0	VUS	2.0	screened	missense	p.S1581R	ABCA4_fd3aa176a9d9a016	True	True	True	population-compatible; not clinical benign
chr1:94077740:T>C	1-94077740-T-C	rs141208724	c.1504A>G	p.Ile502Val	ENST00000370225	True	3	1614168	0	2.5423340999883053e-06	nfe	False	below_supporting_threshold									False	False	population-compatible; not clinical benign
chr1:93997962:C>T	1-93997962-C-T		c.6628G>A	p.Val2210Ile	ENST00000370225	True	3	1614108	0	2.5423297910204914e-06	nfe	False	below_supporting_threshold									False	False	population-compatible; not clinical benign
chr1:94015782:G>C	1-94015782-G-C	rs1477513571	c.5269C>G	p.Pro1757Ala	ENST00000370225	True	3	1613964	0	2.5423297910204914e-06	nfe	False	below_supporting_threshold									False	False	population-compatible; not clinical benign
chr1:94021933:A>C	1-94021933-A-C	rs1329136643	c.4686T>G	p.Ile1562Met	ENST00000370225	True	3	1614062	0	2.5423254820672833e-06	nfe	False	below_supporting_threshold									False	False	population-compatible; not clinical benign
chr1:94060548:T>C	1-94060548-T-C	rs1345184930	c.2149A>G	p.Ile717Val	ENST00000370225	True	6	1613884	0	2.5423254820672833e-06	nfe	False	below_supporting_threshold	1409632.0	VUS	1.0	screened	missense	p.I717V	ABCA4_8bb1162b7b2e6175	True	True	True	population-compatible; not clinical benign
chr1:94001932:T>G	1-94001932-T-G		c.6208A>C	p.Thr2070Pro	ENST00000370225	True	3	1614206	0	2.542321173128682e-06	nfe	False	below_supporting_threshold	4563375.0	VUS	1.0	wt_equivalent	missense	p.T2070P	ABCA4_WT	False	True	True	population-compatible; not clinical benign
chr1:94011334:G>A	1-94011334-G-A	rs62642562	c.5512C>T	p.His1838Tyr	ENST00000370225	True	3	1614120	0	2.542321173128682e-06	nfe	False	below_supporting_threshold	99381.0	P/LP	2.0	screened	missense	p.H1838Y	ABCA4_a888fd187ab56702	True	True	True	population-compatible; not clinical benign
chr1:93997955:G>T	1-93997955-G-T		c.6635C>A	p.Ser2212Tyr	ENST00000370225	True	3	1614142	0	2.542316864204687e-06	nfe	False	below_supporting_threshold									False	False	population-compatible; not clinical benign
chr1:94001943:C>T	1-94001943-C-T	rs146991223	c.6197G>A	p.Cys2066Tyr	ENST00000370225	True	3	1614194	0	2.542316864204687e-06	nfe	False	below_supporting_threshold									False	False	population-compatible; not clinical benign
chr1:94021904:G>T	1-94021904-G-T		c.4715C>A	p.Thr1572Lys	ENST00000370225	True	3	1614130	0	2.542316864204687e-06	nfe	False	below_supporting_threshold									False	False	population-compatible; not clinical benign
chr1:94042809:G>A	1-94042809-G-A	rs752042614	c.3280C>T	p.Pro1094Ser	ENST00000370225	True	3	1614160	0	2.542316864204687e-06	nfe	False	below_supporting_threshold									False	False	population-compatible; not clinical benign
chr1:94042896:C>T	1-94042896-C-T	rs762388890	c.3193G>A	p.Gly1065Ser	ENST00000370225	True	3	1614190	0	2.5423125552952982e-06	nfe	False	below_supporting_threshold									False	False	population-compatible; not clinical benign
chr1:94098828:T>A	1-94098828-T-A		c.734A>T	p.Tyr245Phe	ENST00000370225	True	3	1614186	0	2.5423125552952982e-06	nfe	False	below_supporting_threshold									False	False	population-compatible; not clinical benign
chr1:94015811:A>G	1-94015811-A-G	rs377680438	c.5240T>C	p.Ile1747Thr	ENST00000370225	True	3	1613920	0	2.542308246400515e-06	nfe	False	below_supporting_threshold									False	False	population-compatible; not clinical benign
chr1:94021863:T>C	1-94021863-T-C	rs1318570138	c.4756A>G	p.Ile1586Val	ENST00000370225	True	4	1614200	0	2.542308246400515e-06	nfe	False	below_supporting_threshold	3957849.0	VUS	1.0	screened	missense	p.I1586V	ABCA4_19c21e551cd8ffb2	True	True	True	population-compatible; not clinical benign
chr1:94031947:C>G	1-94031947-C-G	rs1440926208	c.3959G>C	p.Cys1320Ser	ENST00000370225	True	3	1614058	0	2.542308246400515e-06	nfe	False	below_supporting_threshold									False	False	population-compatible; not clinical benign
chr1:94080658:C>T	1-94080658-C-T	rs753920327	c.919G>A	p.Gly307Ser	ENST00000370225	True	3	1614144	0	2.542308246400515e-06	nfe	False	below_supporting_threshold	1047531.0	VUS	1.0	screened	missense	p.G307S	ABCA4_309fa4584f959fb7	True	True	True	population-compatible; not clinical benign
chr1:94021925:T>C	1-94021925-T-C	rs1221076968	c.4694A>G	p.Lys1565Arg	ENST00000370225	True	3	1614026	0	2.5423039375203383e-06	nfe	False	below_supporting_threshold									False	False	population-compatible; not clinical benign
chr1:94031789:A>C	1-94031789-A-C		c.4117T>G	p.Phe1373Val	ENST00000370225	True	3	1613786	0	2.5422996286547676e-06	nfe	False	below_supporting_threshold									False	False	population-compatible; not clinical benign
chr1:94044694:C>A	1-94044694-C-A	rs1406273620	c.2969G>T	p.Gly990Val	ENST00000370225	True	3	1614192	0	2.5422996286547676e-06	nfe	False	below_supporting_threshold	3672166.0	VUS	1.0	screened	missense	p.G990V	ABCA4_44755c0d498c3e0b	True	True	True	population-compatible; not clinical benign
chr1:94063303:A>C	1-94063303-A-C	rs62646868	c.1569T>G	p.Asp523Glu	ENST00000370225	True	3	1614046	0	2.5422996286547676e-06	nfe	False	below_supporting_threshold	99059.0	VUS	1.0	screened	missense	p.D523E	ABCA4_4eaf3597936e6908	True	True	True	population-compatible; not clinical benign
chr1:94080570:G>C	1-94080570-G-C	rs61748547	c.1007C>G	p.Ser336Cys	ENST00000370225	True	5	1614118	0	2.5422996286547676e-06	nfe	False	below_supporting_threshold	99024.0	P/LP	2.0	screened	missense	p.S336C	ABCA4_ecd5870c70989f51	True	True	True	population-compatible; not clinical benign
chr1:94000851:T>G	1-94000851-T-G		c.6464A>C	p.Gln2155Pro	ENST00000370225	True	3	1614204	0	2.5422953198038028e-06	nfe	False	below_supporting_threshold									False	False	population-compatible; not clinical benign
chr1:94042829:T>C	1-94042829-T-C	rs1278743459	c.3260A>G	p.Glu1087Gly	ENST00000370225	True	3	1614052	0	2.5422953198038028e-06	nfe	False	below_supporting_threshold	1068257.0	P/LP	1.0	screened	missense	p.E1087G	ABCA4_a8219b47f0150a56	True	True	True	population-compatible; not clinical benign
chr1:94044706:G>A	1-94044706-G-A	rs1660624204	c.2957C>T	p.Thr986Ile	ENST00000370225	True	3	1614228	0	2.5422953198038028e-06	nfe	False	below_supporting_threshold	839765.0	VUS	1.0	screened	missense	p.T986I	ABCA4_b50627fd8dd45fe3	True	True	True	population-compatible; not clinical benign
chr1:94077834:T>G	1-94077834-T-G	rs886044578	c.1410A>C	p.Glu470Asp	ENST00000370225	True	3	1614242	0	2.5422953198038028e-06	nfe	False	below_supporting_threshold	290891.0	VUS	1.0	screened	missense	p.E470D	ABCA4_81d0b218a6c74426	True	True	True	population-compatible; not clinical benign
chr1:94042884:T>C	1-94042884-T-C	rs1557778273	c.3205A>G	p.Lys1069Glu	ENST00000370225	True	3	1614156	0	2.5422910109674433e-06	nfe	False	below_supporting_threshold	2202793.0	P/LP	1.0	screened	missense	p.K1069E	ABCA4_be549a48a56f63c0	True	True	True	population-compatible; not clinical benign
chr1:94080502:T>C	1-94080502-T-C	rs1160846575	c.1075A>G	p.Ile359Val	ENST00000370225	True	3	1614202	0	2.5422910109674433e-06	nfe	False	below_supporting_threshold	2818425.0	VUS	1.0	screened	missense	p.I359V	ABCA4_85cd3e1c5153e9d0	True	True	True	population-compatible; not clinical benign
chr1:94103029:C>A	1-94103029-C-A		c.556G>T	p.Val186Phe	ENST00000370225	True	3	1614222	0	2.5422910109674433e-06	nfe	False	below_supporting_threshold									False	False	population-compatible; not clinical benign
chr1:94021323:C>G	1-94021323-C-G	rs757217216	c.4935G>C	p.Lys1645Asn	ENST00000370225	True	3	1614048	0	2.54228670214569e-06	nfe	False	below_supporting_threshold									False	False	population-compatible; not clinical benign
chr1:94021397:T>A	1-94021397-T-A	rs775170464	c.4861A>T	p.Asn1621Tyr	ENST00000370225	True	3	1614224	0	2.54228670214569e-06	nfe	False	below_supporting_threshold	2981199.0	P/LP	1.0	screened	missense	p.N1621Y	ABCA4_534c42facef89d89	True	True	True	population-compatible; not clinical benign
chr1:94021935:T>C	1-94021935-T-C	rs1360967221	c.4684A>G	p.Ile1562Val	ENST00000370225	True	5	1614040	0	2.54228670214569e-06	nfe	False	below_supporting_threshold	1351617.0	VUS	1.0	screened	missense	p.I1562V	ABCA4_1c92ce3ebb0778eb	True	True	True	population-compatible; not clinical benign
chr1:94077808:A>G	1-94077808-A-G		c.1436T>C	p.Leu479Pro	ENST00000370225	True	4	1614250	0	2.54228670214569e-06	nfe	False	below_supporting_threshold									False	False	population-compatible; not clinical benign
chr1:94044680:C>T	1-94044680-C-T	rs779445155	c.2983G>A	p.Glu995Lys	ENST00000370225	True	3	1614068	0	2.5422823933385423e-06	nfe	False	below_supporting_threshold									False	False	population-compatible; not clinical benign
chr1:94001044:C>G	1-94001044-C-G		c.6344G>C	p.Ser2115Thr	ENST00000370225	True	3	1614196	0	2.542278084546e-06	nfe	False	below_supporting_threshold									False	False	population-compatible; not clinical benign
chr1:94021303:T>C	1-94021303-T-C		c.4955A>G	p.Tyr1652Cys	ENST00000370225	True	3	1614222	0	2.542278084546e-06	nfe	False	below_supporting_threshold									False	False	population-compatible; not clinical benign
chr1:94037176:C>T	1-94037176-C-T		c.3782G>A	p.Ser1261Asn	ENST00000370225	True	3	1614246	0	2.542278084546e-06	nfe	False	below_supporting_threshold									False	False	population-compatible; not clinical benign
chr1:94080568:A>G	1-94080568-A-G	rs886044724	c.1009T>C	p.Phe337Leu	ENST00000370225	True	3	1614066	0	2.542278084546e-06	nfe	False	below_supporting_threshold	236077.0	VUS	2.0	screened	missense	p.F337L	ABCA4_b9e5e96756a3dc37	True	True	True	population-compatible; not clinical benign
chr1:94098796:C>T	1-94098796-C-T		c.766G>A	p.Val256Met	ENST00000370225	True	4	1614202	0	2.542278084546e-06	nfe	False	below_supporting_threshold									False	False	population-compatible; not clinical benign
chr1:94121030:G>C	1-94121030-G-C	rs1028516438	c.16C>G	p.Gln6Glu	ENST00000370225	True	3	1613822	0	2.542278084546e-06	nfe	False	below_supporting_threshold									False	False	population-compatible; not clinical benign
chr1:94031816:G>T	1-94031816-G-T		c.4090C>A	p.Gln1364Lys	ENST00000370225	True	3	1614064	0	2.5422737757680633e-06	nfe	False	below_supporting_threshold	2547343.0	VUS	1.0	screened	missense	p.Q1364K	ABCA4_b90d5c2e86b1b9f5	True	True	True	population-compatible; not clinical benign
chr1:94037285:T>G	1-94037285-T-G	rs1247681526	c.3673A>C	p.Ile1225Leu	ENST00000370225	True	3	1614220	0	2.5422737757680633e-06	nfe	False	below_supporting_threshold									False	False	population-compatible; not clinical benign
chr1:94044676:G>A	1-94044676-G-A		c.2987C>T	p.Thr996Ile	ENST00000370225	True	3	1614196	0	2.54225654080237e-06	nfe	False	below_supporting_threshold									False	False	population-compatible; not clinical benign
chr1:94056639:A>C	1-94056639-A-C	rs768852382	c.2344T>G	p.Trp782Gly	ENST00000370225	True	3	1613682	0	2.54225654080237e-06	nfe	False	below_supporting_threshold									False	False	population-compatible; not clinical benign
chr1:94056650:A>G	1-94056650-A-G	rs777106757	c.2333T>C	p.Leu778Pro	ENST00000370225	True	4	1613894	0	2.54225654080237e-06	nfe	False	below_supporting_threshold									False	False	population-compatible; not clinical benign
chr1:94044654:C>G	1-94044654-C-G		c.3009G>C	p.Gln1003His	ENST00000370225	True	3	1614226	0	2.5422522320974598e-06	nfe	False	below_supporting_threshold									False	False	population-compatible; not clinical benign
chr1:94056692:C>T	1-94056692-C-T	rs61749428	c.2291G>A	p.Cys764Tyr	ENST00000370225	True	3	1614072	0	2.5422436147314545e-06	nfe	False	below_supporting_threshold	99123.0	P/LP	2.0	screened	missense	p.C764Y	ABCA4_d93a80fcb6629ae9	True	True	True	population-compatible; not clinical benign
chr1:94056821:T>C	1-94056821-T-C		c.2162A>G	p.His721Arg	ENST00000370225	True	2	1597990	0	1.7067788134132333e-06	nfe	False	below_supporting_threshold									False	False	population-compatible; not clinical benign
chr1:94078673:T>C	1-94078673-T-C	rs1442874024	c.1273A>G	p.Arg425Gly	ENST00000370225	True	2	1600520	0	1.7064001952121822e-06	nfe	False	below_supporting_threshold									False	False	population-compatible; not clinical benign
chr1:94029505:C>G	1-94029505-C-G	rs200156177	c.4479G>C	p.Arg1493Ser	ENST00000370225	True	2	1600708	0	1.705329324672534e-06	nfe	False	below_supporting_threshold									False	False	population-compatible; not clinical benign
chr1:94040124:T>A	1-94040124-T-A		c.3526A>T	p.Thr1176Ser	ENST00000370225	True	2	1605552	0	1.7018264000925794e-06	nfe	False	below_supporting_threshold									False	False	population-compatible; not clinical benign
chr1:94056803:T>A	1-94056803-T-A		c.2180A>T	p.Tyr727Phe	ENST00000370225	True	2	1607324	0	1.6997696812081963e-06	nfe	False	below_supporting_threshold									False	False	population-compatible; not clinical benign
chr1:94040118:T>A	1-94040118-T-A		c.3532A>T	p.Ser1178Cys	ENST00000370225	True	2	1607938	0	1.6995414637130903e-06	nfe	False	below_supporting_threshold									False	False	population-compatible; not clinical benign
chr1:94040097:A>G	1-94040097-A-G		c.3553T>C	p.Ser1185Pro	ENST00000370225	True	2	1610064	0	1.6977611623552022e-06	nfe	False	below_supporting_threshold									False	False	population-compatible; not clinical benign
chr1:94040087:C>A	1-94040087-C-A		c.3563G>T	p.Cys1188Phe	ENST00000370225	True	2	1610274	0	1.6974960236155646e-06	nfe	False	below_supporting_threshold									False	False	population-compatible; not clinical benign
chr1:94112975:T>A	1-94112975-T-A	rs1662652110	c.158A>T	p.Glu53Val	ENST00000370225	True	2	1612712	0	1.6967817141228233e-06	nfe	False	below_supporting_threshold	1025107.0	VUS	2.0	screened	missense	p.E53V	ABCA4_ae41f297494245c2	True	True	True	population-compatible; not clinical benign
chr1:94060742:T>C	1-94060742-T-C	rs1463298297	c.1955A>G	p.Asn652Ser	ENST00000370225	True	2	1612564	0	1.6960018452500077e-06	nfe	False	below_supporting_threshold									False	False	population-compatible; not clinical benign
chr1:94021666:G>A	1-94021666-G-A		c.4822C>T	p.His1608Tyr	ENST00000370225	True	3	1612918	0	1.695904052532324e-06	nfe	False	below_supporting_threshold									False	False	population-compatible; not clinical benign
chr1:94001103:A>C	1-94001103-A-C		c.6285T>G	p.Asp2095Glu	ENST00000370225	True	2	1612882	0	1.6957976438587537e-06	nfe	False	below_supporting_threshold									False	False	population-compatible; not clinical benign
chr1:94021682:T>C	1-94021682-T-C	rs1659901882	c.4806A>G	p.Ile1602Met	ENST00000370225	True	2	1613226	0	1.6955877415788634e-06	nfe	False	below_supporting_threshold	1715640.0	VUS	1.0	screened	missense	p.I1602M	ABCA4_8d6b79e8b1246a85	True	True	True	population-compatible; not clinical benign
chr1:94021693:A>C	1-94021693-A-C	rs1441888355	c.4795T>G	p.Ser1599Ala	ENST00000370225	True	2	1613358	0	1.6955043701625142e-06	nfe	False	below_supporting_threshold									False	False	population-compatible; not clinical benign
chr1:94077716:G>T	1-94077716-G-T	rs758584771	c.1528C>A	p.Leu510Ile	ENST00000370225	True	2	1613548	0	1.6953865142175114e-06	nfe	False	below_supporting_threshold	1035783.0	P/LP	2.0	screened	missense	p.L510I	ABCA4_5e37cf0714820fa9	True	True	True	population-compatible; not clinical benign
chr1:94019664:C>A	1-94019664-C-A	rs61753021	c.5114G>T	p.Arg1705Leu	ENST00000370225	True	2	1613374	0	1.6953290294580371e-06	nfe	False	below_supporting_threshold	99346.0	P/LP	1.0	screened	missense	p.R1705L	ABCA4_bc97ca4dac9b29ad	True	True	True	population-compatible; not clinical benign
chr1:94019728:T>G	1-94019728-T-G	rs1659844962	c.5050A>C	p.Ile1684Leu	ENST00000370225	True	2	1613290	0	1.6953204070803361e-06	nfe	False	below_supporting_threshold									False	False	population-compatible; not clinical benign
chr1:94103100:G>A	1-94103100-G-A		c.485C>T	p.Thr162Ile	ENST00000370225	True	2	1613814	0	1.6952859184465755e-06	nfe	False	below_supporting_threshold									False	False	population-compatible; not clinical benign
chr1:94015842:C>A	1-94015842-C-A		c.5209G>T	p.Val1737Leu	ENST00000370225	True	2	1613450	0	1.6952514312160207e-06	nfe	False	below_supporting_threshold									False	False	population-compatible; not clinical benign
chr1:94015839:T>A	1-94015839-T-A		c.5212A>T	p.Ser1738Cys	ENST00000370225	True	2	1613632	0	1.6951451044209383e-06	nfe	False	below_supporting_threshold									False	False	population-compatible; not clinical benign
chr1:94062593:A>T	1-94062593-A-T		c.1921T>A	p.Cys641Ser	ENST00000370225	True	2	1613698	0	1.6951364839140023e-06	nfe	False	below_supporting_threshold									False	False	population-compatible; not clinical benign
chr1:94083414:G>C	1-94083414-G-C	rs764368214	c.796C>G	p.Gln266Glu	ENST00000370225	True	2	1613724	0	1.6951364839140023e-06	nfe	False	below_supporting_threshold									False	False	population-compatible; not clinical benign
chr1:94083389:C>A	1-94083389-C-A	rs189325931	c.821G>T	p.Gly274Val	ENST00000370225	True	2	1613760	0	1.6951192431631603e-06	nfe	False	below_supporting_threshold									False	False	population-compatible; not clinical benign
chr1:94005575:T>C	1-94005575-T-C	rs1450102205	c.6013A>G	p.Thr2005Ala	ENST00000370225	True	2	1613950	0	1.6951106229192517e-06	nfe	False	below_supporting_threshold									False	False	population-compatible; not clinical benign
chr1:94103031:T>G	1-94103031-T-G		c.554A>C	p.Gln185Pro	ENST00000370225	True	2	1614036	0	1.6950962560408993e-06	nfe	False	below_supporting_threshold									False	False	population-compatible; not clinical benign
chr1:94062622:C>T	1-94062622-C-T		c.1892G>A	p.Gly631Glu	ENST00000370225	True	2	1613892	0	1.6950876360307828e-06	nfe	False	below_supporting_threshold	2840238.0	P/LP	1.0	screened	missense	p.G631E	ABCA4_a220d13ae4748c0c	True	True	True	population-compatible; not clinical benign
chr1:94005580:A>G	1-94005580-A-G		c.6008T>C	p.Ile2003Thr	ENST00000370225	True	2	1614016	0	1.6950703962735572e-06	nfe	False	below_supporting_threshold									False	False	population-compatible; not clinical benign
chr1:94005569:T>C	1-94005569-T-C	rs1192886414	c.6019A>G	p.Ile2007Val	ENST00000370225	True	2	1613960	0	1.695064649765742e-06	nfe	False	below_supporting_threshold	3682580.0	VUS	1.0	screened	missense	p.I2007V	ABCA4_36e20fee4ccf04f5	True	True	True	population-compatible; not clinical benign
chr1:94056746:A>T	1-94056746-A-T	rs1660994402	c.2237T>A	p.Met746Lys	ENST00000370225	True	2	1613932	0	1.695064649765742e-06	nfe	False	below_supporting_threshold	1009456.0	P/LP	1.0	screened	missense	p.M746K	ABCA4_241adadb628d9f87	True	True	True	population-compatible; not clinical benign
chr1:94005565:G>C	1-94005565-G-C	rs761889058	c.6023C>G	p.Ser2008Cys	ENST00000370225	True	2	1614026	0	1.6950359178110984e-06	nfe	False	below_supporting_threshold									False	False	population-compatible; not clinical benign
chr1:94077724:T>C	1-94077724-T-C		c.1520A>G	p.Asp507Gly	ENST00000370225	True	2	1613980	0	1.695027298414641e-06	nfe	False	below_supporting_threshold	3249086.0	P/LP	1.0	screened	missense	p.D507G	ABCA4_0c9e232206b51e2c	True	True	True	population-compatible; not clinical benign
chr1:94111444:T>C	1-94111444-T-C	rs1380689567	c.296A>G	p.Asn99Ser	ENST00000370225	True	4	1613628	0	1.6950215521990361e-06	nfe	False	below_supporting_threshold									False	False	population-compatible; not clinical benign
chr1:94041360:T>C	1-94041360-T-C	rs1660481445	c.3371A>G	p.Asp1124Gly	ENST00000370225	True	2	1613584	0	1.6950100598847054e-06	nfe	False	below_supporting_threshold	1473364.0	VUS	1.0	screened	missense	p.D1124G	ABCA4_171d57ca70257d28	True	True	True	population-compatible; not clinical benign
chr1:94008797:G>A	1-94008797-G-A	rs1315622875	c.5789C>T	p.Thr1930Ile	ENST00000370225	True	2	1613814	0	1.6950014407512246e-06	nfe	False	below_supporting_threshold									False	False	population-compatible; not clinical benign
chr1:93996111:G>T	1-93996111-G-T	rs765900918	c.6814C>A	p.Gln2272Lys	ENST00000370225	True	2	1613806	0	1.6949985677262103e-06	nfe	False	below_supporting_threshold									False	False	population-compatible; not clinical benign
chr1:94005514:T>C	1-94005514-T-C	rs777410156	c.6074A>G	p.Glu2025Gly	ENST00000370225	True	2	1613968	0	1.6949928217054001e-06	nfe	False	below_supporting_threshold									False	False	population-compatible; not clinical benign
chr1:94005550:T>G	1-94005550-T-G		c.6038A>C	p.Asn2013Thr	ENST00000370225	True	2	1614114	0	1.6949899487096042e-06	nfe	False	below_supporting_threshold									False	False	population-compatible; not clinical benign
chr1:94029581:G>A	1-94029581-G-A	rs1557772284	c.4403C>T	p.Pro1468Leu	ENST00000370225	True	2	1614006	0	1.6949899487096042e-06	nfe	False	below_supporting_threshold									False	False	population-compatible; not clinical benign
chr1:94029596:G>A	1-94029596-G-A		c.4388C>T	p.Thr1463Ile	ENST00000370225	True	2	1614044	0	1.6949899487096042e-06	nfe	False	below_supporting_threshold									False	False	population-compatible; not clinical benign
chr1:94008833:T>A	1-94008833-T-A	rs1659470705	c.5753A>T	p.Asp1918Val	ENST00000370225	True	2	1613676	0	1.6949870757235477e-06	nfe	False	below_supporting_threshold	871507.0	P/LP	3.0	screened	missense	p.D1918V	ABCA4_ae2058f1df70f182	True	True	True	population-compatible; not clinical benign
chr1:94021849:G>C	1-94021849-G-C		c.4770C>G	p.Ser1590Arg	ENST00000370225	True	2	1613982	0	1.6949870757235477e-06	nfe	False	below_supporting_threshold									False	False	population-compatible; not clinical benign
chr1:94029569:T>C	1-94029569-T-C		c.4415A>G	p.Gln1472Arg	ENST00000370225	True	2	1614014	0	1.6949870757235477e-06	nfe	False	below_supporting_threshold									False	False	population-compatible; not clinical benign
chr1:94005553:T>C	1-94005553-T-C		c.6035A>G	p.Gln2012Arg	ENST00000370225	True	2	1614140	0	1.6949842027472304e-06	nfe	False	below_supporting_threshold									False	False	population-compatible; not clinical benign
chr1:93997910:T>C	1-93997910-T-C		c.6680A>G	p.Asp2227Gly	ENST00000370225	True	2	1614058	0	1.6949784568238137e-06	nfe	False	below_supporting_threshold									False	False	population-compatible; not clinical benign
chr1:94008822:C>T	1-94008822-C-T	rs1436257994	c.5764G>A	p.Ala1922Thr	ENST00000370225	True	2	1613614	0	1.6949784568238137e-06	nfe	False	below_supporting_threshold									False	False	population-compatible; not clinical benign
chr1:94031017:C>T	1-94031017-C-T	rs1477065041	c.4232G>A	p.Gly1411Glu	ENST00000370225	True	2	1613974	0	1.6949554735197106e-06	nfe	False	below_supporting_threshold	3603134.0	VUS	1.0	screened	missense	p.G1411E	ABCA4_8f31f1614a50147b	True	True	True	population-compatible; not clinical benign
chr1:94108591:G>C	1-94108591-G-C		c.428C>G	p.Pro143Arg	ENST00000370225	True	2	1613522	0	1.6949554735197106e-06	nfe	False	below_supporting_threshold									False	False	population-compatible; not clinical benign
chr1:94008812:C>A	1-94008812-C-A	rs1208195953	c.5774G>T	p.Arg1925Ile	ENST00000370225	True	2	1613686	0	1.6949526006505229e-06	nfe	False	below_supporting_threshold	806159.0	P/LP	2.0	screened	missense	p.R1925I	ABCA4_532ec320b0b975e0	True	True	True	population-compatible; not clinical benign
chr1:94029576:T>C	1-94029576-T-C	rs1482496499	c.4408A>G	p.Ile1470Val	ENST00000370225	True	2	1613930	0	1.6949526006505229e-06	nfe	False	below_supporting_threshold									False	False	population-compatible; not clinical benign
chr1:94048948:G>C	1-94048948-G-C	rs753715991	c.2663C>G	p.Thr888Ser	ENST00000370225	True	2	1613936	0	1.6949439821013915e-06	nfe	False	below_supporting_threshold									False	False	population-compatible; not clinical benign
chr1:94103122:C>T	1-94103122-C-T	rs1570426424	c.463G>A	p.Asp155Asn	ENST00000370225	True	2	1613894	0	1.6949439821013915e-06	nfe	False	below_supporting_threshold	806169.0	Conflicting	1.0	screened	missense	p.D155N	ABCA4_c510e9fdebdf5e0f	True	True	True	population-compatible; not clinical benign
chr1:94111508:T>C	1-94111508-T-C		c.232A>G	p.Asn78Asp	ENST00000370225	True	2	1614124	0	1.6949382364506637e-06	nfe	False	below_supporting_threshold									False	False	population-compatible; not clinical benign
chr1:94056665:T>C	1-94056665-T-C	rs764727316	c.2318A>G	p.Tyr773Cys	ENST00000370225	True	2	1613818	0	1.6949353636399077e-06	nfe	False	below_supporting_threshold	930609.0	VUS	1.0	screened	missense	p.Y773C	ABCA4_0ebcead3fc319208	True	True	True	population-compatible; not clinical benign
chr1:94010917:G>A	1-94010917-G-A	rs769828014	c.5597C>T	p.Ser1866Phe	ENST00000370225	True	5	1614094	0	1.6949238724942669e-06	nfe	False	below_supporting_threshold									False	False	population-compatible; not clinical benign
chr1:94001092:G>A	1-94001092-G-A	rs1659161801	c.6296C>T	p.Thr2099Ile	ENST00000370225	True	2	1613964	0	1.6949209997322025e-06	nfe	False	below_supporting_threshold									False	False	population-compatible; not clinical benign
chr1:94015812:T>G	1-94015812-T-G		c.5239A>C	p.Ile1747Leu	ENST00000370225	True	2	1613964	0	1.6949209997322025e-06	nfe	False	below_supporting_threshold									False	False	population-compatible; not clinical benign
chr1:94098955:T>C	1-94098955-T-C	rs1662215202	c.607A>G	p.Ile203Val	ENST00000370225	True	2	1611934	0	1.6949209997322025e-06	nfe	False	below_supporting_threshold									False	False	population-compatible; not clinical benign
chr1:94108607:T>G	1-94108607-T-G		c.412A>C	p.Thr138Pro	ENST00000370225	True	2	1613634	0	1.6949209997322025e-06	nfe	False	below_supporting_threshold									False	False	population-compatible; not clinical benign
chr1:93997862:T>C	1-93997862-T-C		c.6728A>G	p.Gln2243Arg	ENST00000370225	True	2	1614094	0	1.6949181269798763e-06	nfe	False	below_supporting_threshold									False	False	population-compatible; not clinical benign
chr1:93997940:C>T	1-93997940-C-T		c.6650G>A	p.Arg2217Lys	ENST00000370225	True	2	1614070	0	1.6949181269798763e-06	nfe	False	below_supporting_threshold									False	False	population-compatible; not clinical benign
chr1:94015802:T>C	1-94015802-T-C		c.5249A>G	p.Gln1750Arg	ENST00000370225	True	2	1613934	0	1.6949181269798763e-06	nfe	False	below_supporting_threshold									False	False	population-compatible; not clinical benign
chr1:94080646:T>C	1-94080646-T-C		c.931A>G	p.Thr311Ala	ENST00000370225	True	2	1613964	0	1.6949181269798763e-06	nfe	False	below_supporting_threshold									False	False	population-compatible; not clinical benign
chr1:94098816:T>C	1-94098816-T-C	rs62646865	c.746A>G	p.Asp249Gly	ENST00000370225	True	2	1614074	0	1.6949181269798763e-06	nfe	False	below_supporting_threshold	99503.0	Conflicting	1.0	screened	missense	p.D249G	ABCA4_90c349cd25113997	True	True	True	population-compatible; not clinical benign
chr1:94011366:G>A	1-94011366-G-A		c.5480C>T	p.Ala1827Val	ENST00000370225	True	2	1614086	0	1.6949152542372882e-06	nfe	False	below_supporting_threshold									False	False	population-compatible; not clinical benign
chr1:94063206:T>C	1-94063206-T-C		c.1666A>G	p.Met556Val	ENST00000370225	True	2	1614116	0	1.6949152542372882e-06	nfe	False	below_supporting_threshold									False	False	population-compatible; not clinical benign
chr1:94063221:C>T	1-94063221-C-T		c.1651G>A	p.Val551Met	ENST00000370225	True	2	1614138	0	1.6949152542372882e-06	nfe	False	below_supporting_threshold									False	False	population-compatible; not clinical benign
chr1:94111516:C>T	1-94111516-C-T	rs1264338576	c.224G>A	p.Cys75Tyr	ENST00000370225	True	2	1614036	0	1.6949152542372882e-06	nfe	False	below_supporting_threshold	2789051.0	P/LP	2.0	screened	missense	p.C75Y	ABCA4_5e7efed75c817f0a	True	True	True	population-compatible; not clinical benign
chr1:93997973:A>G	1-93997973-A-G		c.6617T>C	p.Leu2206Pro	ENST00000370225	True	2	1614092	0	1.6949123815044382e-06	nfe	False	below_supporting_threshold									False	False	population-compatible; not clinical benign
chr1:94080667:T>A	1-94080667-T-A	rs755078118	c.910A>T	p.Met304Leu	ENST00000370225	True	2	1614134	0	1.6949123815044382e-06	nfe	False	below_supporting_threshold	835034.0	VUS	1.0	screened	missense	p.M304L	ABCA4_315c426b5fe6f894	True	True	True	population-compatible; not clinical benign
chr1:94103109:T>C	1-94103109-T-C	rs1662329216	c.476A>G	p.Asp159Gly	ENST00000370225	True	2	1614004	0	1.6949123815044382e-06	nfe	False	below_supporting_threshold									False	False	population-compatible; not clinical benign
chr1:94008764:T>C	1-94008764-T-C		c.5822A>G	p.His1941Arg	ENST00000370225	True	2	1614144	0	1.694909508781326e-06	nfe	False	below_supporting_threshold									False	False	population-compatible; not clinical benign
chr1:94055282:T>C	1-94055282-T-C		c.2416A>G	p.Thr806Ala	ENST00000370225	True	2	1614088	0	1.694909508781326e-06	nfe	False	below_supporting_threshold									False	False	population-compatible; not clinical benign
chr1:94060706:A>G	1-94060706-A-G	rs767782886	c.1991T>C	p.Ile664Thr	ENST00000370225	True	2	1614114	0	1.694909508781326e-06	nfe	False	below_supporting_threshold									False	False	population-compatible; not clinical benign
chr1:94010836:G>A	1-94010836-G-A		c.5678C>T	p.Thr1893Ile	ENST00000370225	True	2	1614084	0	1.6949066360679522e-06	nfe	False	below_supporting_threshold									False	False	population-compatible; not clinical benign
chr1:94031983:T>C	1-94031983-T-C	rs764034837	c.3923A>G	p.Glu1308Gly	ENST00000370225	True	2	1613962	0	1.6949066360679522e-06	nfe	False	below_supporting_threshold									False	False	population-compatible; not clinical benign
chr1:94042828:T>G	1-94042828-T-G	rs61752416	c.3261A>C	p.Glu1087Asp	ENST00000370225	True	2	1614134	0	1.6949066360679522e-06	nfe	False	below_supporting_threshold	99212.0	P/LP	2.0	screened	missense	p.E1087D	ABCA4_95a9db52ecf26c43	True	True	True	population-compatible; not clinical benign
chr1:94031960:C>A	1-94031960-C-A	rs1291821062	c.3946G>T	p.Asp1316Tyr	ENST00000370225	True	2	1614032	0	1.6949037633643161e-06	nfe	False	below_supporting_threshold	2060181.0	VUS	1.0	screened	missense	p.D1316Y	ABCA4_0e15ff16c8f3ef19	True	True	True	population-compatible; not clinical benign
chr1:94055142:T>A	1-94055142-T-A	rs1270484571	c.2556A>T	p.Leu852Phe	ENST00000370225	True	2	1613830	0	1.6949037633643161e-06	nfe	False	below_supporting_threshold									False	False	population-compatible; not clinical benign
chr1:94062722:C>G	1-94062722-C-G		c.1792G>C	p.Val598Leu	ENST00000370225	True	2	1614060	0	1.6949037633643161e-06	nfe	False	below_supporting_threshold									False	False	population-compatible; not clinical benign
chr1:94113038:G>A	1-94113038-G-A	rs1428504985	c.95C>T	p.Pro32Leu	ENST00000370225	True	2	1613958	0	1.6949037633643161e-06	nfe	False	below_supporting_threshold	1067270.0	P/LP	2.0	screened	missense	p.P32L	ABCA4_c4c6d2f4101e1bbf	True	True	True	population-compatible; not clinical benign
chr1:94121021:G>T	1-94121021-G-T		c.25C>A	p.Leu9Ile	ENST00000370225	True	2	1613862	0	1.6949037633643161e-06	nfe	False	below_supporting_threshold									False	False	population-compatible; not clinical benign
chr1:94015814:A>G	1-94015814-A-G		c.5237T>C	p.Phe1746Ser	ENST00000370225	True	2	1614020	0	1.694900890670418e-06	nfe	False	below_supporting_threshold									False	False	population-compatible; not clinical benign
chr1:94111462:A>G	1-94111462-A-G	rs1386926864	c.278T>C	p.Ile93Thr	ENST00000370225	True	2	1614012	0	1.6948980179862578e-06	nfe	False	below_supporting_threshold									False	False	population-compatible; not clinical benign
chr1:94001988:G>A	1-94001988-G-A	rs1336879013	c.6152C>T	p.Ala2051Val	ENST00000370225	True	2	1614176	0	1.6948951453118353e-06	nfe	False	below_supporting_threshold									False	False	population-compatible; not clinical benign
chr1:94024986:C>G	1-94024986-C-G		c.4602G>C	p.Leu1534Phe	ENST00000370225	True	2	1614134	0	1.6948951453118353e-06	nfe	False	below_supporting_threshold									False	False	population-compatible; not clinical benign
chr1:94031921:G>C	1-94031921-G-C		c.3985C>G	p.Pro1329Ala	ENST00000370225	True	2	1614154	0	1.6948951453118353e-06	nfe	False	below_supporting_threshold									False	False	population-compatible; not clinical benign
chr1:94031936:C>T	1-94031936-C-T	rs1490986516	c.3970G>A	p.Ala1324Thr	ENST00000370225	True	2	1614088	0	1.6948951453118353e-06	nfe	False	below_supporting_threshold									False	False	population-compatible; not clinical benign
chr1:94041318:A>T	1-94041318-A-T	rs1287053724	c.3413T>A	p.Leu1138His	ENST00000370225	True	2	1614068	0	1.6948951453118353e-06	nfe	False	below_supporting_threshold	986929.0	P/LP	2.0	screened	missense	p.L1138H	ABCA4_1046c4cebe7f0c75	True	True	True	population-compatible; not clinical benign
chr1:94043354:C>T	1-94043354-C-T	rs1265535267	c.3172G>A	p.Glu1058Lys	ENST00000370225	True	2	1614102	0	1.6948951453118353e-06	nfe	False	below_supporting_threshold									False	False	population-compatible; not clinical benign
chr1:94043369:G>A	1-94043369-G-A	rs758100380	c.3157C>T	p.His1053Tyr	ENST00000370225	True	2	1614090	0	1.6948922726471505e-06	nfe	False	below_supporting_threshold									False	False	population-compatible; not clinical benign
chr1:94056632:T>C	1-94056632-T-C		c.2351A>G	p.Asp784Gly	ENST00000370225	True	2	1613584	0	1.6948922726471505e-06	nfe	False	below_supporting_threshold	3766023.0	VUS	1.0	screened	missense	p.D784G	ABCA4_13ab76dba9b66832	True	True	True	population-compatible; not clinical benign
chr1:94060679:C>T	1-94060679-C-T	rs1052151674	c.2018G>A	p.Ser673Asn	ENST00000370225	True	2	1614126	0	1.6948922726471505e-06	nfe	False	below_supporting_threshold									False	False	population-compatible; not clinical benign
chr1:94062722:C>A	1-94062722-C-A	rs201838557	c.1792G>T	p.Val598Leu	ENST00000370225	True	2	1613942	0	1.6948922726471505e-06	nfe	False	below_supporting_threshold									False	False	population-compatible; not clinical benign
chr1:94111486:G>T	1-94111486-G-T		c.254C>A	p.Pro85His	ENST00000370225	True	3	1614174	0	1.6948922726471505e-06	nfe	False	below_supporting_threshold									False	False	population-compatible; not clinical benign
chr1:94010905:A>G	1-94010905-A-G	rs1038356365	c.5609T>C	p.Phe1870Ser	ENST00000370225	True	2	1613988	0	1.6948893999922034e-06	nfe	False	below_supporting_threshold									False	False	population-compatible; not clinical benign
chr1:94014569:T>C	1-94014569-T-C		c.5434A>G	p.Ile1812Val	ENST00000370225	True	2	1614164	0	1.6948893999922034e-06	nfe	False	below_supporting_threshold	3958034.0	B/LB	1.0	screened	missense	p.I1812V	ABCA4_aca74d21da900f91	True	True	True	population-compatible; not clinical benign
chr1:94032011:G>A	1-94032011-G-A		c.3895C>T	p.Pro1299Ser	ENST00000370225	True	2	1613398	0	1.6948893999922034e-06	nfe	False	below_supporting_threshold									False	False	population-compatible; not clinical benign
chr1:94044722:G>C	1-94044722-G-C		c.2941C>G	p.Pro981Ala	ENST00000370225	True	2	1614166	0	1.6948893999922034e-06	nfe	False	below_supporting_threshold	2041980.0	P/LP	1.0	screened	missense	p.P981A	ABCA4_86ab6eb38d8497e9	True	True	True	population-compatible; not clinical benign
chr1:94031065:G>A	1-94031065-G-A	rs1047379	c.4184C>T	p.Pro1395Leu	ENST00000370225	True	3	1614150	0	1.694886527346994e-06	nfe	False	below_supporting_threshold	1366906.0	VUS	1.0	screened	missense	p.P1395L	ABCA4_f3e4243aa4e89597	True	True	True	population-compatible; not clinical benign
chr1:94043365:T>C	1-94043365-T-C		c.3161A>G	p.Lys1054Arg	ENST00000370225	True	2	1614100	0	1.694886527346994e-06	nfe	False	below_supporting_threshold									False	False	population-compatible; not clinical benign
chr1:94108679:T>C	1-94108679-T-C	rs774358118	c.340A>G	p.Met114Val	ENST00000370225	True	2	1614068	0	1.694886527346994e-06	nfe	False	below_supporting_threshold									False	False	population-compatible; not clinical benign
chr1:94001054:C>A	1-94001054-C-A		c.6334G>T	p.Val2112Phe	ENST00000370225	True	2	1614130	0	1.6948836547115224e-06	nfe	False	below_supporting_threshold									False	False	population-compatible; not clinical benign
chr1:94001085:C>T	1-94001085-C-T		c.6303G>A	p.Met2101Ile	ENST00000370225	True	2	1614044	0	1.6948836547115224e-06	nfe	False	below_supporting_threshold									False	False	population-compatible; not clinical benign
chr1:94011330:A>G	1-94011330-A-G	rs1297857869	c.5516T>C	p.Phe1839Ser	ENST00000370225	True	2	1614096	0	1.6948836547115224e-06	nfe	False	below_supporting_threshold	438103.0	P/LP	1.0	screened	missense	p.F1839S	ABCA4_7f9787c4c60300af	True	True	True	population-compatible; not clinical benign
chr1:94037336:G>T	1-94037336-G-T	rs757221381	c.3622C>A	p.Leu1208Met	ENST00000370225	True	2	1614140	0	1.6948836547115224e-06	nfe	False	below_supporting_threshold									False	False	population-compatible; not clinical benign
chr1:94041386:C>A	1-94041386-C-A	rs372948027	c.3345G>T	p.Met1115Ile	ENST00000370225	True	2	1613844	0	1.6948836547115224e-06	nfe	False	below_supporting_threshold									False	False	population-compatible; not clinical benign
chr1:94043363:G>C	1-94043363-G-C	rs61752412	c.3163C>G	p.Arg1055Gly	ENST00000370225	True	2	1614040	0	1.6948836547115224e-06	nfe	False	below_supporting_threshold									False	False	population-compatible; not clinical benign
chr1:94043475:G>C	1-94043475-G-C		c.3051C>G	p.His1017Gln	ENST00000370225	True	2	1614128	0	1.6948836547115224e-06	nfe	False	below_supporting_threshold									False	False	population-compatible; not clinical benign
chr1:94062631:G>A	1-94062631-G-A	rs1057212368	c.1883C>T	p.Ala628Val	ENST00000370225	True	2	1614142	0	1.6948836547115224e-06	nfe	False	below_supporting_threshold									False	False	population-compatible; not clinical benign
chr1:94063233:A>G	1-94063233-A-G		c.1639T>C	p.Phe547Leu	ENST00000370225	True	2	1614146	0	1.6948836547115224e-06	nfe	False	below_supporting_threshold									False	False	population-compatible; not clinical benign
chr1:94098921:A>G	1-94098921-A-G	rs1662213265	c.641T>C	p.Ile214Thr	ENST00000370225	True	3	1613708	0	1.6948836547115224e-06	nfe	False	below_supporting_threshold	3956064.0	VUS	1.0	screened	missense	p.I214T	ABCA4_dc6621ad9bede34b	True	True	True	population-compatible; not clinical benign
chr1:94007668:C>T	1-94007668-C-T		c.5971G>A	p.Val1991Met	ENST00000370225	True	2	1614128	0	1.6948807820857882e-06	nfe	False	below_supporting_threshold									False	False	population-compatible; not clinical benign
chr1:94011325:G>C	1-94011325-G-C		c.5521C>G	p.Leu1841Val	ENST00000370225	True	2	1614132	0	1.6948807820857882e-06	nfe	False	below_supporting_threshold									False	False	population-compatible; not clinical benign
chr1:94041254:C>G	1-94041254-C-G		c.3477G>C	p.Leu1159Phe	ENST00000370225	True	2	1614112	0	1.6948807820857882e-06	nfe	False	below_supporting_threshold									False	False	population-compatible; not clinical benign
chr1:94041371:C>T	1-94041371-C-T		c.3360G>A	p.Met1120Ile	ENST00000370225	True	2	1614042	0	1.6948807820857882e-06	nfe	False	below_supporting_threshold									False	False	population-compatible; not clinical benign
chr1:94048942:T>C	1-94048942-T-C		c.2669A>G	p.Glu890Gly	ENST00000370225	True	2	1614082	0	1.6948807820857882e-06	nfe	False	below_supporting_threshold									False	False	population-compatible; not clinical benign
chr1:94055138:C>A	1-94055138-C-A	rs61749437	c.2560G>T	p.Ala854Ser	ENST00000370225	True	3	1613978	0	1.6948807820857882e-06	nfe	False	below_supporting_threshold									False	False	population-compatible; not clinical benign
chr1:94060695:A>G	1-94060695-A-G	rs1243342093	c.2002T>C	p.Ser668Pro	ENST00000370225	True	2	1614018	0	1.6948807820857882e-06	nfe	False	below_supporting_threshold									False	False	population-compatible; not clinical benign
chr1:94063262:C>A	1-94063262-C-A		c.1610G>T	p.Arg537Leu	ENST00000370225	True	2	1614098	0	1.6948807820857882e-06	nfe	False	below_supporting_threshold									False	False	population-compatible; not clinical benign
chr1:94079369:T>C	1-94079369-T-C	rs776798532	c.1192A>G	p.Ile398Val	ENST00000370225	True	2	1614084	0	1.6948807820857882e-06	nfe	False	below_supporting_threshold	1356386.0	VUS	1.0	screened	missense	p.I398V	ABCA4_515310b4a675fea7	True	True	True	population-compatible; not clinical benign
chr1:94080597:G>A	1-94080597-G-A	rs778049752	c.980C>T	p.Pro327Leu	ENST00000370225	True	2	1614098	0	1.6948807820857882e-06	nfe	False	below_supporting_threshold									False	False	population-compatible; not clinical benign
chr1:94080678:G>T	1-94080678-G-T	rs61748544	c.899C>A	p.Thr300Asn	ENST00000370225	True	2	1614104	0	1.6948807820857882e-06	nfe	False	below_supporting_threshold	99512.0	Other	0.0	screened	missense	p.T300N	ABCA4_10f1e5ce6b8def2f	True	True	True	population-compatible; not clinical benign
chr1:94098831:A>G	1-94098831-A-G	rs62646864	c.731T>C	p.Leu244Pro	ENST00000370225	True	2	1614188	0	1.6948807820857882e-06	nfe	False	below_supporting_threshold	99500.0	P/LP	2.0	screened	missense	p.L244P	ABCA4_83a95e69fea0972a	True	True	True	population-compatible; not clinical benign
chr1:94001979:C>A	1-94001979-C-A		c.6161G>T	p.Ser2054Ile	ENST00000370225	True	4	1614186	0	1.6948779094697912e-06	nfe	False	below_supporting_threshold	1966191.0	VUS	1.0	wt_equivalent	missense	p.S2054I	ABCA4_WT	False	True	True	population-compatible; not clinical benign
chr1:94010895:G>T	1-94010895-G-T	rs748907485	c.5619C>A	p.Asp1873Glu	ENST00000370225	True	2	1614088	0	1.6948779094697912e-06	nfe	False	below_supporting_threshold									False	False	population-compatible; not clinical benign
chr1:94021257:C>G	1-94021257-C-G		c.5001G>C	p.Gln1667His	ENST00000370225	True	2	1614200	0	1.6948779094697912e-06	nfe	False	below_supporting_threshold									False	False	population-compatible; not clinical benign
chr1:94041396:G>T	1-94041396-G-T	rs61750122	c.3335C>A	p.Thr1112Asn	ENST00000370225	True	2	1613590	0	1.6948779094697912e-06	nfe	False	below_supporting_threshold	99222.0	P/LP	1.0	screened	missense	p.T1112N	ABCA4_28f4102c7ba10229	True	True	True	population-compatible; not clinical benign
chr1:94055167:A>C	1-94055167-A-C	rs1660938577	c.2531T>G	p.Leu844Arg	ENST00000370225	True	2	1614152	0	1.6948779094697912e-06	nfe	False	below_supporting_threshold	934230.0	P/LP	2.0	screened	missense	p.L844R	ABCA4_cca33b8b99b94239	True	True	True	population-compatible; not clinical benign
chr1:94060663:C>A	1-94060663-C-A	rs1376036671	c.2034G>T	p.Lys678Asn	ENST00000370225	True	3	1614160	0	1.6948779094697912e-06	nfe	False	below_supporting_threshold	853194.0	P/LP	2.0	screened	missense	p.K678N	ABCA4_7f55f61b5d1cf6f7	True	True	True	population-compatible; not clinical benign
chr1:94001961:A>C	1-94001961-A-C	rs61753039	c.6179T>G	p.Leu2060Arg	ENST00000370225	True	2	1614210	0	1.694875036863532e-06	nfe	False	below_supporting_threshold	99433.0	P/LP	2.0	wt_equivalent	missense	p.L2060R	ABCA4_WT	False	True	True	population-compatible; not clinical benign
chr1:94008255:C>T	1-94008255-C-T	rs1379929424	c.5878G>A	p.Val1960Ile	ENST00000370225	True	2	1614010	0	1.694875036863532e-06	nfe	False	below_supporting_threshold	1361556.0	VUS	1.0	screened	missense	p.V1960I	ABCA4_d3aa629e1c0a0b55	True	True	True	population-compatible; not clinical benign
chr1:94024999:A>G	1-94024999-A-G	rs1335441037	c.4589T>C	p.Ile1530Thr	ENST00000370225	True	2	1614050	0	1.694875036863532e-06	nfe	False	below_supporting_threshold									False	False	population-compatible; not clinical benign
chr1:94044731:C>A	1-94044731-C-A	rs61749452	c.2932G>T	p.Gly978Cys	ENST00000370225	True	2	1614200	0	1.694875036863532e-06	nfe	False	below_supporting_threshold	99176.0	Other	0.0	screened	missense	p.G978C	ABCA4_03894ccbd5425166	True	True	True	population-compatible; not clinical benign
chr1:94055270:C>T	1-94055270-C-T		c.2428G>A	p.Val810Ile	ENST00000370225	True	2	1614146	0	1.694875036863532e-06	nfe	False	below_supporting_threshold									False	False	population-compatible; not clinical benign
chr1:94055291:C>G	1-94055291-C-G	rs1660945050	c.2407G>C	p.Gly803Arg	ENST00000370225	True	2	1614112	0	1.694875036863532e-06	nfe	False	below_supporting_threshold	1450325.0	VUS	1.0	screened	missense	p.G803R	ABCA4_8d839032ce9dfc5d	True	True	True	population-compatible; not clinical benign
chr1:94103047:G>A	1-94103047-G-A	rs760281123	c.538C>T	p.Leu180Phe	ENST00000370225	True	2	1614196	0	1.694875036863532e-06	nfe	False	below_supporting_threshold									False	False	population-compatible; not clinical benign
chr1:93996149:G>T	1-93996149-G-T		c.6776C>A	p.Pro2259His	ENST00000370225	True	2	1614046	0	1.69487216426701e-06	nfe	False	below_supporting_threshold									False	False	population-compatible; not clinical benign
chr1:94000861:C>A	1-94000861-C-A	rs1571241947	c.6454G>T	p.Gly2152Cys	ENST00000370225	True	2	1614146	0	1.69487216426701e-06	nfe	False	below_supporting_threshold	635990.0	P/LP	2.0	wt_equivalent	missense	p.G2152C	ABCA4_WT	False	True	True	population-compatible; not clinical benign
chr1:94021892:A>C	1-94021892-A-C	rs1553188682	c.4727T>G	p.Leu1576Arg	ENST00000370225	True	2	1614174	0	1.69487216426701e-06	nfe	False	below_supporting_threshold	438097.0	P/LP	1.0	screened	missense	p.L1576R	ABCA4_dfc9df479863c988	True	True	True	population-compatible; not clinical benign
chr1:94031982:C>A	1-94031982-C-A		c.3924G>T	p.Glu1308Asp	ENST00000370225	True	2	1613998	0	1.69487216426701e-06	nfe	False	below_supporting_threshold									False	False	population-compatible; not clinical benign
chr1:94043402:T>A	1-94043402-T-A		c.3124A>T	p.Met1042Leu	ENST00000370225	True	2	1614072	0	1.69487216426701e-06	nfe	False	below_supporting_threshold									False	False	population-compatible; not clinical benign
chr1:94055169:C>T	1-94055169-C-T	rs1660938718	c.2529G>A	p.Met843Ile	ENST00000370225	True	2	1614132	0	1.69487216426701e-06	nfe	False	below_supporting_threshold	938353.0	VUS	2.0	screened	missense	p.M843I	ABCA4_ff6374ae6a8336ee	True	True	True	population-compatible; not clinical benign
chr1:94060688:G>A	1-94060688-G-A	rs1661098608	c.2009C>T	p.Thr670Ile	ENST00000370225	True	2	1614154	0	1.69487216426701e-06	nfe	False	below_supporting_threshold									False	False	population-compatible; not clinical benign
chr1:94098844:T>A	1-94098844-T-A		c.718A>T	p.Ile240Leu	ENST00000370225	True	2	1614180	0	1.69487216426701e-06	nfe	False	below_supporting_threshold									False	False	population-compatible; not clinical benign
chr1:94103037:T>G	1-94103037-T-G		c.548A>C	p.Asn183Thr	ENST00000370225	True	2	1614164	0	1.69487216426701e-06	nfe	False	below_supporting_threshold									False	False	population-compatible; not clinical benign
chr1:94108660:T>A	1-94108660-T-A		c.359A>T	p.Gln120Leu	ENST00000370225	True	2	1614078	0	1.69487216426701e-06	nfe	False	below_supporting_threshold									False	False	population-compatible; not clinical benign
chr1:94011343:C>A	1-94011343-C-A	rs1181104943	c.5503G>T	p.Val1835Phe	ENST00000370225	True	2	1614012	0	1.6948692916802256e-06	nfe	False	below_supporting_threshold									False	False	population-compatible; not clinical benign
chr1:94025029:T>C	1-94025029-T-C		c.4559A>G	p.Glu1520Gly	ENST00000370225	True	2	1614226	0	1.6948692916802256e-06	nfe	False	below_supporting_threshold									False	False	population-compatible; not clinical benign
chr1:94031846:G>A	1-94031846-G-A		c.4060C>T	p.His1354Tyr	ENST00000370225	True	2	1614172	0	1.6948692916802256e-06	nfe	False	below_supporting_threshold									False	False	population-compatible; not clinical benign
chr1:94060628:C>A	1-94060628-C-A	rs942734318	c.2069G>T	p.Gly690Val	ENST00000370225	True	2	1614168	0	1.6948692916802256e-06	nfe	False	below_supporting_threshold	1219510.0	Conflicting	1.0	screened	missense	p.G690V	ABCA4_46e20271f30de414	True	True	True	population-compatible; not clinical benign
chr1:94080507:T>A	1-94080507-T-A		c.1070A>T	p.Asp357Val	ENST00000370225	True	3	1614210	0	1.6948692916802256e-06	nfe	False	below_supporting_threshold									False	False	population-compatible; not clinical benign
chr1:94108623:C>A	1-94108623-C-A	rs910086291	c.396G>T	p.Leu132Phe	ENST00000370225	True	2	1613804	0	1.6948692916802256e-06	nfe	False	below_supporting_threshold									False	False	population-compatible; not clinical benign
chr1:94111543:A>T	1-94111543-A-T	rs762081422	c.197T>A	p.Met66Lys	ENST00000370225	True	2	1614246	0	1.6948692916802256e-06	nfe	False	below_supporting_threshold									False	False	population-compatible; not clinical benign
chr1:93998052:G>T	1-93998052-G-T		c.6538C>A	p.Pro2180Thr	ENST00000370225	True	2	1614220	0	1.6948664191031785e-06	nfe	False	below_supporting_threshold									False	False	population-compatible; not clinical benign
chr1:94024990:A>G	1-94024990-A-G	rs1557770154	c.4598T>C	p.Phe1533Ser	ENST00000370225	True	2	1614220	0	1.6948664191031785e-06	nfe	False	below_supporting_threshold	623692.0	Conflicting	1.0	screened	missense	p.F1533S	ABCA4_6f11795eafbb2b96	True	True	True	population-compatible; not clinical benign
chr1:94031864:T>C	1-94031864-T-C		c.4042A>G	p.Thr1348Ala	ENST00000370225	True	2	1614196	0	1.6948664191031785e-06	nfe	False	below_supporting_threshold									False	False	population-compatible; not clinical benign
chr1:94041217:C>T	1-94041217-C-T	rs751595372	c.3514G>A	p.Gly1172Ser	ENST00000370225	True	2	1614168	0	1.6948664191031785e-06	nfe	False	below_supporting_threshold									False	False	population-compatible; not clinical benign
chr1:94042798:T>A	1-94042798-T-A	rs61750118	c.3291A>T	p.Arg1097Ser	ENST00000370225	True	3	1614156	0	1.6948664191031785e-06	nfe	False	below_supporting_threshold	866509.0	Conflicting	1.0	screened	missense	p.R1097S	ABCA4_7cace35e094fced1	True	True	True	population-compatible; not clinical benign
chr1:94056671:G>A	1-94056671-G-A		c.2312C>T	p.Thr771Ile	ENST00000370225	True	2	1614114	0	1.6948664191031785e-06	nfe	False	below_supporting_threshold									False	False	population-compatible; not clinical benign
chr1:94062661:C>G	1-94062661-C-G	rs61751394	c.1853G>C	p.Gly618Ala	ENST00000370225	True	2	1614154	0	1.6948664191031785e-06	nfe	False	below_supporting_threshold									False	False	population-compatible; not clinical benign
chr1:94063251:G>C	1-94063251-G-C		c.1621C>G	p.Leu541Val	ENST00000370225	True	2	1614182	0	1.6948664191031785e-06	nfe	False	below_supporting_threshold									False	False	population-compatible; not clinical benign
chr1:94000902:G>T	1-94000902-G-T		c.6413C>A	p.Thr2138Asn	ENST00000370225	True	2	1614216	0	1.6948635465358684e-06	nfe	False	below_supporting_threshold									False	False	population-compatible; not clinical benign
chr1:94010893:A>T	1-94010893-A-T	rs1659526187	c.5621T>A	p.Leu1874Gln	ENST00000370225	True	2	1614032	0	1.6948635465358684e-06	nfe	False	below_supporting_threshold									False	False	population-compatible; not clinical benign
chr1:94021346:T>C	1-94021346-T-C		c.4912A>G	p.Ile1638Val	ENST00000370225	True	2	1614214	0	1.6948635465358684e-06	nfe	False	below_supporting_threshold									False	False	population-compatible; not clinical benign
chr1:94021893:G>C	1-94021893-G-C	rs779572379	c.4726C>G	p.Leu1576Val	ENST00000370225	True	2	1614008	0	1.6948635465358684e-06	nfe	False	below_supporting_threshold									False	False	population-compatible; not clinical benign
chr1:94021901:C>T	1-94021901-C-T	rs774279555	c.4718G>A	p.Gly1573Glu	ENST00000370225	True	2	1614192	0	1.6948635465358684e-06	nfe	False	below_supporting_threshold	1506294.0	VUS	1.0	screened	missense	p.G1573E	ABCA4_9d226f9b8f4cf0c8	True	True	True	population-compatible; not clinical benign
chr1:94032001:G>C	1-94032001-G-C		c.3905C>G	p.Pro1302Arg	ENST00000370225	True	2	1613726	0	1.6948635465358684e-06	nfe	False	below_supporting_threshold									False	False	population-compatible; not clinical benign
chr1:94042766:C>A	1-94042766-C-A	rs61750121	c.3323G>T	p.Arg1108Leu	ENST00000370225	True	2	1614176	0	1.6948635465358684e-06	nfe	False	below_supporting_threshold	99220.0	P/LP	2.0	screened	missense	p.R1108L	ABCA4_5bcf8d2cbf640821	True	True	True	population-compatible; not clinical benign
chr1:94080630:A>G	1-94080630-A-G	rs762627400	c.947T>C	p.Met316Thr	ENST00000370225	True	2	1614054	0	1.6948635465358684e-06	nfe	False	below_supporting_threshold	3028078.0	VUS	2.0	screened	missense	p.M316T	ABCA4_5e92c56aec6b4a1b	True	True	True	population-compatible; not clinical benign
chr1:94007682:G>A	1-94007682-G-A		c.5957C>T	p.Thr1986Ile	ENST00000370225	True	2	1614122	0	1.6948606739782956e-06	nfe	False	below_supporting_threshold									False	False	population-compatible; not clinical benign
chr1:94014626:C>T	1-94014626-C-T	rs1659672463	c.5377G>A	p.Val1793Met	ENST00000370225	True	2	1614206	0	1.6948606739782956e-06	nfe	False	below_supporting_threshold	1048142.0	P/LP	2.0	screened	missense	p.V1793M	ABCA4_a0826fb40acf07e5	True	True	True	population-compatible; not clinical benign
chr1:94021305:C>G	1-94021305-C-G		c.4953G>C	p.Glu1651Asp	ENST00000370225	True	2	1614220	0	1.6948606739782956e-06	nfe	False	below_supporting_threshold									False	False	population-compatible; not clinical benign
chr1:94031783:C>T	1-94031783-C-T		c.4123G>A	p.Ala1375Thr	ENST00000370225	True	2	1613652	0	1.6948606739782956e-06	nfe	False	below_supporting_threshold	2092284.0	P/LP	1.0	screened	missense	p.A1375T	ABCA4_4828f939f2b67e9b	True	True	True	population-compatible; not clinical benign
chr1:94077821:C>T	1-94077821-C-T		c.1423G>A	p.Ala475Thr	ENST00000370225	True	2	1614220	0	1.6948606739782956e-06	nfe	False	below_supporting_threshold									False	False	population-compatible; not clinical benign
chr1:94001958:G>C	1-94001958-G-C	rs769125527	c.6182C>G	p.Thr2061Ser	ENST00000370225	True	3	1614220	0	1.69485780143046e-06	nfe	False	below_supporting_threshold									False	False	population-compatible; not clinical benign
chr1:94021397:T>G	1-94021397-T-G		c.4861A>C	p.Asn1621His	ENST00000370225	True	2	1614224	0	1.69485780143046e-06	nfe	False	below_supporting_threshold									False	False	population-compatible; not clinical benign
chr1:94025012:T>A	1-94025012-T-A		c.4576A>T	p.Thr1526Ser	ENST00000370225	True	2	1614214	0	1.69485780143046e-06	nfe	False	below_supporting_threshold									False	False	population-compatible; not clinical benign
chr1:94037281:C>A	1-94037281-C-A		c.3677G>T	p.Gly1226Val	ENST00000370225	True	2	1614194	0	1.69485780143046e-06	nfe	False	below_supporting_threshold									False	False	population-compatible; not clinical benign
chr1:94047074:C>G	1-94047074-C-G	rs749234960	c.2763G>C	p.Glu921Asp	ENST00000370225	True	2	1614156	0	1.69485780143046e-06	nfe	False	below_supporting_threshold									False	False	population-compatible; not clinical benign
chr1:94079419:G>C	1-94079419-G-C		c.1142C>G	p.Pro381Arg	ENST00000370225	True	2	1614190	0	1.69485780143046e-06	nfe	False	below_supporting_threshold	4821889.0	VUS	1.0	screened	missense	p.P381R	ABCA4_bfc15b4c1ed9612b	True	True	True	population-compatible; not clinical benign
chr1:94108665:C>G	1-94108665-C-G	rs1662507149	c.354G>C	p.Glu118Asp	ENST00000370225	True	2	1614066	0	1.69485780143046e-06	nfe	False	below_supporting_threshold	2366770.0	VUS	1.0	screened	missense	p.E118D	ABCA4_93abc0bb2870f2c0	True	True	True	population-compatible; not clinical benign
chr1:94005493:T>C	1-94005493-T-C	rs1242866408	c.6095A>G	p.His2032Arg	ENST00000370225	True	2	1614204	0	1.6948549288923615e-06	nfe	False	below_supporting_threshold	867188.0	P/LP	2.0	screened	missense	p.H2032R	ABCA4_181c41b7ec139998	True	True	True	population-compatible; not clinical benign
chr1:94008281:G>A	1-94008281-G-A	rs1440451733	c.5852C>T	p.Ser1951Phe	ENST00000370225	True	2	1614058	0	1.6948549288923615e-06	nfe	False	below_supporting_threshold									False	False	population-compatible; not clinical benign
chr1:94021301:C>T	1-94021301-C-T	rs2101022885	c.4957G>A	p.Gly1653Arg	ENST00000370225	True	2	1614216	0	1.6948549288923615e-06	nfe	False	below_supporting_threshold	1515071.0	P/LP	1.0	screened	missense	p.G1653R	ABCA4_9a6fe7090ea948e4	True	True	True	population-compatible; not clinical benign
chr1:94021332:G>T	1-94021332-G-T	rs61753017	c.4926C>A	p.Ser1642Arg	ENST00000370225	True	2	1614196	0	1.6948549288923615e-06	nfe	False	below_supporting_threshold	1013244.0	P/LP	2.0	screened	missense	p.S1642R	ABCA4_c0db17c3f6eb75e4	True	True	True	population-compatible; not clinical benign
chr1:94031828:C>T	1-94031828-C-T		c.4078G>A	p.Val1360Ile	ENST00000370225	True	2	1614120	0	1.6948549288923615e-06	nfe	False	below_supporting_threshold									False	False	population-compatible; not clinical benign
chr1:94041267:A>G	1-94041267-A-G	rs371833190	c.3464T>C	p.Leu1155Ser	ENST00000370225	True	2	1614068	0	1.6948549288923615e-06	nfe	False	below_supporting_threshold									False	False	population-compatible; not clinical benign
chr1:94044653:T>C	1-94044653-T-C	rs1007214776	c.3010A>G	p.Ser1004Gly	ENST00000370225	True	2	1614192	0	1.6948549288923615e-06	nfe	False	below_supporting_threshold									False	False	population-compatible; not clinical benign
chr1:94048945:C>G	1-94048945-C-G	rs1660763598	c.2666G>C	p.Arg889Thr	ENST00000370225	True	2	1613980	0	1.6948549288923615e-06	nfe	False	below_supporting_threshold									False	False	population-compatible; not clinical benign
chr1:94062662:C>T	1-94062662-C-T	rs1661163134	c.1852G>A	p.Gly618Arg	ENST00000370225	True	2	1614180	0	1.6948549288923615e-06	nfe	False	below_supporting_threshold	867085.0	P/LP	2.0	screened	missense	p.G618R	ABCA4_3feb7f121c5047e9	True	True	True	population-compatible; not clinical benign
chr1:94021280:G>T	1-94021280-G-T		c.4978C>A	p.Pro1660Thr	ENST00000370225	True	2	1614206	0	1.694852056364e-06	nfe	False	below_supporting_threshold									False	False	population-compatible; not clinical benign
chr1:94037180:T>C	1-94037180-T-C	rs774700576	c.3778A>G	p.Ser1260Gly	ENST00000370225	True	2	1614240	0	1.694852056364e-06	nfe	False	below_supporting_threshold									False	False	population-compatible; not clinical benign
chr1:94042895:C>T	1-94042895-C-T	rs886039300	c.3194G>A	p.Gly1065Asp	ENST00000370225	True	2	1614084	0	1.694852056364e-06	nfe	False	below_supporting_threshold	265015.0	Conflicting	1.0	screened	missense	p.G1065D	ABCA4_efd10ea34d6c1dfe	True	True	True	population-compatible; not clinical benign
chr1:94047049:A>G	1-94047049-A-G		c.2788T>C	p.Cys930Arg	ENST00000370225	True	2	1614212	0	1.694852056364e-06	nfe	False	below_supporting_threshold									False	False	population-compatible; not clinical benign
chr1:94001937:G>A	1-94001937-G-A	rs1243623408	c.6203C>T	p.Ala2068Val	ENST00000370225	True	2	1614084	0	1.6948491838453756e-06	nfe	False	below_supporting_threshold									False	False	population-compatible; not clinical benign
chr1:94037285:T>A	1-94037285-T-A		c.3673A>T	p.Ile1225Phe	ENST00000370225	True	2	1614220	0	1.6948491838453756e-06	nfe	False	below_supporting_threshold	2481015.0	VUS	1.0	screened	missense	p.I1225F	ABCA4_1dd9214de11ee557	True	True	True	population-compatible; not clinical benign
chr1:94037309:G>A	1-94037309-G-A		c.3649C>T	p.Pro1217Ser	ENST00000370225	True	2	1614180	0	1.6948491838453756e-06	nfe	False	below_supporting_threshold	1715645.0	VUS	1.0	screened	missense	p.P1217S	ABCA4_062b8dd3d3f8571c	True	True	True	population-compatible; not clinical benign
chr1:94041379:G>C	1-94041379-G-C	rs369440533	c.3352C>G	p.His1118Asp	ENST00000370225	True	2	1614016	0	1.6948491838453756e-06	nfe	False	below_supporting_threshold	1066460.0	P/LP	1.0	screened	missense	p.H1118D	ABCA4_4a9faafb36fcce44	True	True	True	population-compatible; not clinical benign
chr1:94121027:T>A	1-94121027-T-A	rs754924450	c.19A>T	p.Ile7Leu	ENST00000370225	True	2	1614124	0	1.6948491838453756e-06	nfe	False	below_supporting_threshold									False	False	population-compatible; not clinical benign
chr1:94042790:A>T	1-94042790-A-T	rs1553190559	c.3299T>A	p.Ile1100Asn	ENST00000370225	True	2	1614202	0	1.694846311336488e-06	nfe	False	below_supporting_threshold	438094.0	P/LP	1.0	screened	missense	p.I1100N	ABCA4_545bfe3f60d9a9ef	True	True	True	population-compatible; not clinical benign
chr1:94037224:C>T	1-94037224-C-T	rs1389971564	c.3734G>A	p.Ser1245Asn	ENST00000370225	True	2	1614242	0	1.6948434388373375e-06	nfe	False	below_supporting_threshold									False	False	population-compatible; not clinical benign
chr1:94000917:C>T	1-94000917-C-T		c.6398G>A	p.Cys2133Tyr	ENST00000370225	True	2	1614248	0	1.6948405663479237e-06	nfe	False	below_supporting_threshold									False	False	population-compatible; not clinical benign
chr1:94014652:A>G	1-94014652-A-G	rs746252741	c.5351T>C	p.Leu1784Pro	ENST00000370225	True	3	1614268	0	1.6948405663479237e-06	nfe	False	below_supporting_threshold	3233596.0	P/LP	2.0	screened	missense	p.L1784P	ABCA4_dbf610f3bd77ed00	True	True	True	population-compatible; not clinical benign
chr1:94080586:C>T	1-94080586-C-T	rs755202002	c.991G>A	p.Gly331Ser	ENST00000370225	True	5	1614042	0	1.6948405663479237e-06	nfe	False	below_supporting_threshold	2110258.0	VUS	1.0	screened	missense	p.G331S	ABCA4_e435735f21c0e53e	True	True	True	population-compatible; not clinical benign
chr1:94037285:T>C	1-94037285-T-C	rs1247681526	c.3673A>G	p.Ile1225Val	ENST00000370225	True	2	1614102	0	1.6948376938682468e-06	nfe	False	below_supporting_threshold	2058521.0	VUS	1.0	screened	missense	p.I1225V	ABCA4_db4940bc00fd6d41	True	True	True	population-compatible; not clinical benign
chr1:94047078:C>G	1-94047078-C-G	rs376526710	c.2759G>C	p.Arg920Pro	ENST00000370225	True	2	1613986	0	1.6948376938682468e-06	nfe	False	below_supporting_threshold									False	False	population-compatible; not clinical benign
chr1:94060604:C>T	1-94060604-C-T	rs1398785943	c.2093G>A	p.Cys698Tyr	ENST00000370225	True	2	1614092	0	1.6948348213983065e-06	nfe	False	below_supporting_threshold									False	False	population-compatible; not clinical benign
chr1:94078598:T>G	1-94078598-T-G	rs2101102846	c.1348A>C	p.Met450Leu	ENST00000370225	True	1	1038998	0	1.3535975916791649e-06	nfe	False	below_supporting_threshold									False	False	population-compatible; not clinical benign
chr1:94078603:A>C	1-94078603-A-C		c.1343T>G	p.Met448Arg	ENST00000370225	True	1	1338416	0	9.935636943877561e-07	nfe	False	below_supporting_threshold									False	False	population-compatible; not clinical benign
chr1:94078617:G>C	1-94078617-G-C		c.1329C>G	p.Asp443Glu	ENST00000370225	True	1	1354344	0	9.75305270549682e-07	nfe	False	below_supporting_threshold									False	False	population-compatible; not clinical benign
chr1:94078632:G>C	1-94078632-G-C		c.1314C>G	p.Ile438Met	ENST00000370225	True	1	1443444	0	9.249889463820907e-07	nfe	False	below_supporting_threshold									False	False	population-compatible; not clinical benign
chr1:94078607:G>C	1-94078607-G-C		c.1339C>G	p.Gln447Glu	ENST00000370225	True	1	1469504	0	9.123754607496077e-07	nfe	False	below_supporting_threshold									False	False	population-compatible; not clinical benign
chr1:94078652:C>G	1-94078652-C-G		c.1294G>C	p.Glu432Gln	ENST00000370225	True	1	1499752	0	8.985904709872095e-07	nfe	False	below_supporting_threshold									False	False	population-compatible; not clinical benign
chr1:94078642:C>A	1-94078642-C-A	rs920723783	c.1304G>T	p.Gly435Val	ENST00000370225	True	1	1524554	0	8.885618981103843e-07	nfe	False	below_supporting_threshold	1367644.0	VUS	2.0	screened	missense	p.G435V	ABCA4_5635d667afa9ceec	True	True	True	population-compatible; not clinical benign
chr1:94029452:G>A	1-94029452-G-A	rs886046564	c.4532C>T	p.Pro1511Leu	ENST00000370225	True	1	1551794	0	8.715341266617977e-07	nfe	False	below_supporting_threshold	298237.0	VUS	3.0	screened	missense	p.P1511L	ABCA4_ed49e9674804cda1	True	True	True	population-compatible; not clinical benign
chr1:94029455:G>C	1-94029455-G-C		c.4529C>G	p.Pro1510Arg	ENST00000370225	True	1	1554092	0	8.708358805282839e-07	nfe	False	below_supporting_threshold									False	False	population-compatible; not clinical benign
chr1:94029455:G>T	1-94029455-G-T		c.4529C>A	p.Pro1510Gln	ENST00000370225	True	1	1554088	0	8.708358805282839e-07	nfe	False	below_supporting_threshold									False	False	population-compatible; not clinical benign
chr1:94029458:A>T	1-94029458-A-T		c.4526T>A	p.Leu1509His	ENST00000370225	True	1	1555176	0	8.704614141864319e-07	nfe	False	below_supporting_threshold									False	False	population-compatible; not clinical benign
chr1:94029464:C>A	1-94029464-C-A	rs2101033441	c.4520G>T	p.Gly1507Val	ENST00000370225	True	1	1560812	0	8.685305331908944e-07	nfe	False	below_supporting_threshold									False	False	population-compatible; not clinical benign
chr1:94029479:C>T	1-94029479-C-T		c.4505G>A	p.Cys1502Tyr	ENST00000370225	True	1	1577896	0	8.620139749705623e-07	nfe	False	below_supporting_threshold									False	False	population-compatible; not clinical benign
chr1:94029481:C>A	1-94029481-C-A		c.4503G>T	p.Glu1501Asp	ENST00000370225	True	1	1581126	0	8.607496440800221e-07	nfe	False	below_supporting_threshold									False	False	population-compatible; not clinical benign
chr1:94078669:T>C	1-94078669-T-C		c.1277A>G	p.Lys426Arg	ENST00000370225	True	1	1592396	0	8.570786986802702e-07	nfe	False	below_supporting_threshold									False	False	population-compatible; not clinical benign
chr1:94029497:A>G	1-94029497-A-G		c.4487T>C	p.Leu1496Pro	ENST00000370225	True	1	1594360	0	8.553310216586922e-07	nfe	False	below_supporting_threshold									False	False	population-compatible; not clinical benign
chr1:94121000:T>C	1-94121000-T-C	rs767182574	c.46A>G	p.Thr16Ala	ENST00000370225	True	1	1601612	0	8.526733868698531e-07	nfe	False	below_supporting_threshold									False	False	population-compatible; not clinical benign
chr1:94056815:C>A	1-94056815-C-A		c.2168G>T	p.Arg723Ile	ENST00000370225	True	1	1601646	0	8.519440511302742e-07	nfe	False	below_supporting_threshold									False	False	population-compatible; not clinical benign
chr1:94023388:C>G	1-94023388-C-G		c.4665G>C	p.Gln1555His	ENST00000370225	True	1	1607060	0	8.519150197729476e-07	nfe	False	below_supporting_threshold									False	False	population-compatible; not clinical benign
chr1:94029509:G>A	1-94029509-G-A	rs1660137801	c.4475C>T	p.Thr1492Ile	ENST00000370225	True	1	1603254	0	8.516190129054346e-07	nfe	False	below_supporting_threshold									False	False	population-compatible; not clinical benign
chr1:94040051:A>G	1-94040051-A-G		c.3599T>C	p.Val1200Ala	ENST00000370225	True	1	1604652	0	8.511087393547574e-07	nfe	False	below_supporting_threshold									False	False	population-compatible; not clinical benign
chr1:94023416:A>G	1-94023416-A-G		c.4637T>C	p.Leu1546Ser	ENST00000370225	True	1	1608544	0	8.509769215058887e-07	nfe	False	below_supporting_threshold									False	False	population-compatible; not clinical benign
chr1:94040052:C>T	1-94040052-C-T		c.3598G>A	p.Val1200Ile	ENST00000370225	True	1	1605076	0	8.509320258479112e-07	nfe	False	below_supporting_threshold									False	False	population-compatible; not clinical benign
chr1:94023417:A>T	1-94023417-A-T		c.4636T>A	p.Leu1546Ile	ENST00000370225	True	1	1608730	0	8.508538318202316e-07	nfe	False	below_supporting_threshold									False	False	population-compatible; not clinical benign
chr1:94062598:T>G	1-94062598-T-G	rs1570393097	c.1916A>C	p.Tyr639Ser	ENST00000370225	True	1	1605624	0	8.50819083531716e-07	nfe	False	below_supporting_threshold									False	False	population-compatible; not clinical benign
chr1:94015742:T>C	1-94015742-T-C	rs760780770	c.5309A>G	p.Tyr1770Cys	ENST00000370225	True	1	1608152	0	8.507423577814e-07	nfe	False	below_supporting_threshold	1064072.0	P/LP	1.0	screened	missense	p.Y1770C	ABCA4_71ca77df4b392935	True	True	True	population-compatible; not clinical benign
chr1:94056809:A>C	1-94056809-A-C	rs765683730	c.2174T>G	p.Leu725Arg	ENST00000370225	True	1	1605366	0	8.506077592439798e-07	nfe	False	below_supporting_threshold									False	False	population-compatible; not clinical benign
chr1:94056809:A>G	1-94056809-A-G	rs765683730	c.2174T>C	p.Leu725Pro	ENST00000370225	True	2	1605366	0	8.506077592439798e-07	nfe	False	below_supporting_threshold	1346187.0	VUS	1.0	screened	missense	p.L725P	ABCA4_36ac64d918da2a1a	True	True	True	population-compatible; not clinical benign
chr1:94078651:T>C	1-94078651-T-C		c.1295A>G	p.Glu432Gly	ENST00000370225	True	1	1606876	0	8.50450058170784e-07	nfe	False	below_supporting_threshold									False	False	population-compatible; not clinical benign
chr1:94083360:T>A	1-94083360-T-A		c.850A>T	p.Ile284Phe	ENST00000370225	True	1	1609264	0	8.503994326134985e-07	nfe	False	below_supporting_threshold									False	False	population-compatible; not clinical benign
chr1:94023414:T>G	1-94023414-T-G	rs1659954135	c.4639A>C	p.Lys1547Gln	ENST00000370225	True	1	1609504	0	8.50353151663886e-07	nfe	False	below_supporting_threshold									False	False	population-compatible; not clinical benign
chr1:94120996:A>G	1-94120996-A-G	rs1322362097	c.50T>C	p.Leu17Pro	ENST00000370225	True	1	1605582	0	8.502808477640164e-07	nfe	False	below_supporting_threshold	1460979.0	VUS	1.0	screened	missense	p.L17P	ABCA4_7aa3bacb9bd2ac53	True	True	True	population-compatible; not clinical benign
chr1:94029516:A>G	1-94029516-A-G	rs61750148	c.4468T>C	p.Cys1490Arg	ENST00000370225	True	1	1607140	0	8.49998980001224e-07	nfe	False	below_supporting_threshold	2910115.0	P/LP	1.0	screened	missense	p.C1490R	ABCA4_16a7addba669ec21	True	True	True	population-compatible; not clinical benign
chr1:94019593:G>A	1-94019593-G-A	rs1280693634	c.5185C>T	p.Leu1729Phe	ENST00000370225	True	2	1607066	0	8.499801954614457e-07	nfe	False	below_supporting_threshold									False	False	population-compatible; not clinical benign
chr1:94121001:C>A	1-94121001-C-A	rs62645957	c.45G>T	p.Trp15Cys	ENST00000370225	True	1	1607906	0	8.49957077167603e-07	nfe	False	below_supporting_threshold									False	False	population-compatible; not clinical benign
chr1:94062604:A>G	1-94062604-A-G		c.1910T>C	p.Met637Thr	ENST00000370225	True	1	1608118	0	8.498617274969362e-07	nfe	False	below_supporting_threshold									False	False	population-compatible; not clinical benign
chr1:94040117:C>A	1-94040117-C-A		c.3533G>T	p.Ser1178Ile	ENST00000370225	True	1	1607884	0	8.497909514259493e-07	nfe	False	below_supporting_threshold									False	False	population-compatible; not clinical benign
chr1:94019596:A>G	1-94019596-A-G		c.5182T>C	p.Phe1728Leu	ENST00000370225	True	1	1607906	0	8.496667606964549e-07	nfe	False	below_supporting_threshold									False	False	population-compatible; not clinical benign
chr1:94056801:T>C	1-94056801-T-C	rs1064793007	c.2182A>G	p.Ser728Gly	ENST00000370225	True	1	1608376	0	8.495195117641462e-07	nfe	False	below_supporting_threshold	417983.0	P/LP	2.0	screened	missense	p.S728G	ABCA4_f99762b143400aa3	True	True	True	population-compatible; not clinical benign
chr1:94056799:G>T	1-94056799-G-T	rs776910485	c.2184C>A	p.Ser728Arg	ENST00000370225	True	1	1608704	0	8.49330472788301e-07	nfe	False	below_supporting_threshold	444171.0	P/LP	2.0	screened	missense	p.S728R	ABCA4_58b6d5033a3ea5e3	True	True	True	population-compatible; not clinical benign
chr1:94040070:C>T	1-94040070-C-T		c.3580G>A	p.Asp1194Asn	ENST00000370225	True	1	1608908	0	8.492886358386216e-07	nfe	False	below_supporting_threshold									False	False	population-compatible; not clinical benign
chr1:94077694:A>C	1-94077694-A-C		c.1550T>G	p.Leu517Arg	ENST00000370225	True	1	1610662	0	8.490939318653066e-07	nfe	False	below_supporting_threshold									False	False	population-compatible; not clinical benign
chr1:94083366:G>T	1-94083366-G-T		c.844C>A	p.Pro282Thr	ENST00000370225	True	1	1611374	0	8.489800353854879e-07	nfe	False	below_supporting_threshold									False	False	population-compatible; not clinical benign
chr1:94040102:C>T	1-94040102-C-T		c.3548G>A	p.Gly1183Asp	ENST00000370225	True	1	1609968	0	8.489151713025924e-07	nfe	False	below_supporting_threshold									False	False	population-compatible; not clinical benign
chr1:94040079:G>C	1-94040079-G-C		c.3571C>G	p.His1191Asp	ENST00000370225	True	1	1609922	0	8.489021996753798e-07	nfe	False	below_supporting_threshold									False	False	population-compatible; not clinical benign
chr1:93996195:C>G	1-93996195-C-G		c.6730G>C	p.Val2244Leu	ENST00000370225	True	1	1611512	0	8.488459938713319e-07	nfe	False	below_supporting_threshold									False	False	population-compatible; not clinical benign
chr1:94029524:G>A	1-94029524-G-A		c.4460C>T	p.Ser1487Phe	ENST00000370225	True	1	1610194	0	8.488402295943053e-07	nfe	False	below_supporting_threshold									False	False	population-compatible; not clinical benign
chr1:94019611:A>G	1-94019611-A-G		c.5167T>C	p.Tyr1723His	ENST00000370225	True	1	1610324	0	8.487955591016348e-07	nfe	False	below_supporting_threshold									False	False	population-compatible; not clinical benign
chr1:94040096:G>A	1-94040096-G-A		c.3554C>T	p.Ser1185Phe	ENST00000370225	True	1	1610324	0	8.48763860313839e-07	nfe	False	below_supporting_threshold									False	False	population-compatible; not clinical benign
chr1:94056794:G>A	1-94056794-G-A	rs559433489	c.2189C>T	p.Pro730Leu	ENST00000370225	True	1	1610354	0	8.487465710638529e-07	nfe	False	below_supporting_threshold									False	False	population-compatible; not clinical benign
chr1:94040090:G>T	1-94040090-G-T	rs1266156413	c.3560C>A	p.Thr1187Lys	ENST00000370225	True	1	1610384	0	8.487062322196045e-07	nfe	False	below_supporting_threshold	1017730.0	VUS	1.0	screened	missense	p.T1187K	ABCA4_1e2790c8f73f0657	True	True	True	population-compatible; not clinical benign
chr1:94083368:G>A	1-94083368-G-A		c.842C>T	p.Ser281Leu	ENST00000370225	True	1	1611872	0	8.487047916175125e-07	nfe	False	below_supporting_threshold									False	False	population-compatible; not clinical benign
chr1:94021646:G>C	1-94021646-G-C	rs1265079301	c.4842C>G	p.Asn1614Lys	ENST00000370225	True	1	1611152	0	8.487019104280004e-07	nfe	False	below_supporting_threshold	635986.0	VUS	1.0	screened	missense	p.N1614K	ABCA4_03a3c70018f28eec	True	True	True	population-compatible; not clinical benign
chr1:94078657:G>T	1-94078657-G-T		c.1289C>A	p.Ala430Asp	ENST00000370225	True	1	1610174	0	8.486241257049945e-07	nfe	False	below_supporting_threshold	1916202.0	P/LP	1.0	screened	missense	p.A430D	ABCA4_15f0fae6caf5ed74	True	True	True	population-compatible; not clinical benign
chr1:94019616:G>A	1-94019616-G-A		c.5162C>T	p.Thr1721Ile	ENST00000370225	True	1	1610816	0	8.486198047495553e-07	nfe	False	below_supporting_threshold									False	False	population-compatible; not clinical benign
chr1:94056792:A>G	1-94056792-A-G		c.2191T>C	p.Phe731Leu	ENST00000370225	True	1	1610976	0	8.485809181306102e-07	nfe	False	below_supporting_threshold									False	False	population-compatible; not clinical benign
chr1:94019621:G>T	1-94019621-G-T		c.5157C>A	p.Ser1719Arg	ENST00000370225	True	1	1610880	0	8.485650764557134e-07	nfe	False	below_supporting_threshold									False	False	population-compatible; not clinical benign
chr1:94021647:T>C	1-94021647-T-C		c.4841A>G	p.Asn1614Ser	ENST00000370225	True	1	1611774	0	8.484873168115883e-07	nfe	False	below_supporting_threshold									False	False	population-compatible; not clinical benign
chr1:94021647:T>G	1-94021647-T-G		c.4841A>C	p.Asn1614Thr	ENST00000370225	True	1	1611774	0	8.484873168115883e-07	nfe	False	below_supporting_threshold									False	False	population-compatible; not clinical benign
chr1:94019622:C>A	1-94019622-C-A	rs1301504030	c.5156G>T	p.Ser1719Ile	ENST00000370225	True	1	1611074	0	8.484786777308287e-07	nfe	False	below_supporting_threshold									False	False	population-compatible; not clinical benign
chr1:94007635:T>A	1-94007635-T-A	rs1305769551	c.6004A>T	p.Ser2002Cys	ENST00000370225	True	1	1612534	0	8.484513218023142e-07	nfe	False	below_supporting_threshold									False	False	population-compatible; not clinical benign
chr1:94024958:T>C	1-94024958-T-C		c.4630A>G	p.Ser1544Gly	ENST00000370225	True	1	1612764	0	8.483894175297614e-07	nfe	False	below_supporting_threshold									False	False	population-compatible; not clinical benign
chr1:93996192:A>C	1-93996192-A-C		c.6733T>G	p.Phe2245Val	ENST00000370225	True	1	1612344	0	8.48356309650053e-07	nfe	False	below_supporting_threshold									False	False	population-compatible; not clinical benign
chr1:94077700:T>G	1-94077700-T-G		c.1544A>C	p.Gln515Pro	ENST00000370225	True	1	1612372	0	8.483088115532874e-07	nfe	False	below_supporting_threshold									False	False	population-compatible; not clinical benign
chr1:94051696:C>T	1-94051696-C-T	rs267598774	c.2590G>A	p.Asp864Asn	ENST00000370225	True	1	1613040	0	8.481994422240468e-07	nfe	False	below_supporting_threshold									False	False	population-compatible; not clinical benign
chr1:94078643:C>G	1-94078643-C-G		c.1303G>C	p.Gly435Arg	ENST00000370225	True	1	1612048	0	8.481749818914641e-07	nfe	False	below_supporting_threshold									False	False	population-compatible; not clinical benign
chr1:94015775:T>G	1-94015775-T-G	rs1571254059	c.5276A>C	p.Asn1759Thr	ENST00000370225	True	1	1609314	0	8.481188723411473e-07	nfe	False	below_supporting_threshold									False	False	population-compatible; not clinical benign
chr1:94051695:T>C	1-94051695-T-C		c.2591A>G	p.Asp864Gly	ENST00000370225	True	1	1613112	0	8.481159951284217e-07	nfe	False	below_supporting_threshold									False	False	population-compatible; not clinical benign
chr1:94078696:G>C	1-94078696-G-C		c.1250C>G	p.Thr417Ser	ENST00000370225	True	2	1612940	0	8.481116793459363e-07	nfe	False	below_supporting_threshold									False	False	population-compatible; not clinical benign
chr1:94077709:A>C	1-94077709-A-C		c.1535T>G	p.Leu512Arg	ENST00000370225	True	1	1612776	0	8.481016093576139e-07	nfe	False	below_supporting_threshold									False	False	population-compatible; not clinical benign
chr1:94083434:G>A	1-94083434-G-A		c.776C>T	p.Thr259Ile	ENST00000370225	True	1	1612972	0	8.479994844163135e-07	nfe	False	below_supporting_threshold									False	False	population-compatible; not clinical benign
chr1:94051633:C>T	1-94051633-C-T		c.2653G>A	p.Gly885Arg	ENST00000370225	True	1	1613328	0	8.479879789224108e-07	nfe	False	below_supporting_threshold									False	False	population-compatible; not clinical benign
chr1:94019637:A>C	1-94019637-A-C		c.5141T>G	p.Phe1714Cys	ENST00000370225	True	1	1612446	0	8.479836644426882e-07	nfe	False	below_supporting_threshold									False	False	population-compatible; not clinical benign
chr1:94051634:T>A	1-94051634-T-A		c.2652A>T	p.Glu884Asp	ENST00000370225	True	1	1613360	0	8.479721593780633e-07	nfe	False	below_supporting_threshold									False	False	population-compatible; not clinical benign
chr1:94051634:T>G	1-94051634-T-G		c.2652A>C	p.Glu884Asp	ENST00000370225	True	1	1613360	0	8.479721593780633e-07	nfe	False	below_supporting_threshold									False	False	population-compatible; not clinical benign
chr1:94021704:G>A	1-94021704-G-A	rs1051609068	c.4784C>T	p.Thr1595Ile	ENST00000370225	True	1	1613108	0	8.478715033779201e-07	nfe	False	below_supporting_threshold									False	False	population-compatible; not clinical benign
chr1:94021672:G>A	1-94021672-G-A	rs761702897	c.4816C>T	p.Leu1606Phe	ENST00000370225	True	1	1613140	0	8.478643145780095e-07	nfe	False	below_supporting_threshold									False	False	population-compatible; not clinical benign
chr1:94019648:C>A	1-94019648-C-A		c.5130G>T	p.Lys1710Asn	ENST00000370225	True	1	1612794	0	8.478542504629284e-07	nfe	False	below_supporting_threshold									False	False	population-compatible; not clinical benign
chr1:94077886:T>A	1-94077886-T-A	rs1570405590	c.1358A>T	p.Asp453Val	ENST00000370225	True	1	1613518	0	8.478542504629284e-07	nfe	False	below_supporting_threshold									False	False	population-compatible; not clinical benign
chr1:94083432:G>A	1-94083432-G-A	rs1187040111	c.778C>T	p.Leu260Phe	ENST00000370225	True	1	1613282	0	8.478254971648716e-07	nfe	False	below_supporting_threshold									False	False	population-compatible; not clinical benign
chr1:94019742:T>A	1-94019742-T-A		c.5036A>T	p.Asp1679Val	ENST00000370225	True	1	1612860	0	8.478197467392853e-07	nfe	False	below_supporting_threshold									False	False	population-compatible; not clinical benign
chr1:94056772:C>A	1-94056772-C-A		c.2211G>T	p.Leu737Phe	ENST00000370225	True	1	1613136	0	8.478111212471641e-07	nfe	False	below_supporting_threshold	2104329.0	VUS	1.0	screened	missense	p.L737F	ABCA4_d73bb377d1854a15	True	True	True	population-compatible; not clinical benign
chr1:94078693:A>C	1-94078693-A-C		c.1253T>G	p.Phe418Cys	ENST00000370225	True	1	1613544	0	8.478039334711297e-07	nfe	False	below_supporting_threshold									False	False	population-compatible; not clinical benign
chr1:94083431:A>T	1-94083431-A-T	rs756734589	c.779T>A	p.Leu260His	ENST00000370225	True	2	1613302	0	8.477996208640096e-07	nfe	False	below_supporting_threshold									False	False	population-compatible; not clinical benign
chr1:94019650:T>G	1-94019650-T-G	rs778747291	c.5128A>C	p.Lys1710Gln	ENST00000370225	True	3	1612936	0	8.477938707894317e-07	nfe	False	below_supporting_threshold	431800.0	Conflicting	1.0	screened	missense	p.K1710Q	ABCA4_00de87874914e072	True	True	True	population-compatible; not clinical benign
chr1:94015740:C>T	1-94015740-C-T	rs374015407	c.5311G>A	p.Gly1771Arg	ENST00000370225	True	1	1613378	0	8.477881207928515e-07	nfe	False	below_supporting_threshold	1048172.0	P/LP	2.0	screened	missense	p.G1771R	ABCA4_c985c607c9b24734	True	True	True	population-compatible; not clinical benign
chr1:94021697:C>G	1-94021697-C-G		c.4791G>C	p.Glu1597Asp	ENST00000370225	True	1	1613278	0	8.47775183585716e-07	nfe	False	below_supporting_threshold									False	False	population-compatible; not clinical benign
chr1:94063118:T>G	1-94063118-T-G		c.1754A>C	p.Lys585Thr	ENST00000370225	True	1	1613356	0	8.477651215864737e-07	nfe	False	below_supporting_threshold									False	False	population-compatible; not clinical benign
chr1:94077715:A>G	1-94077715-A-G	rs886039299	c.1529T>C	p.Leu510Pro	ENST00000370225	True	1	1613376	0	8.477550598260746e-07	nfe	False	below_supporting_threshold	265011.0	P/LP	2.0	screened	missense	p.L510P	ABCA4_174bd3ca6f9a9802	True	True	True	population-compatible; not clinical benign
chr1:94062584:C>T	1-94062584-C-T		c.1930G>A	p.Asp644Asn	ENST00000370225	True	1	1613160	0	8.477464356501113e-07	nfe	False	below_supporting_threshold									False	False	population-compatible; not clinical benign
chr1:94098988:C>A	1-94098988-C-A		c.574G>T	p.Ala192Ser	ENST00000370225	True	1	1606020	0	8.477435609637827e-07	nfe	False	below_supporting_threshold									False	False	population-compatible; not clinical benign
chr1:94029626:T>C	1-94029626-T-C		c.4358A>G	p.Tyr1453Cys	ENST00000370225	True	1	1613252	0	8.477363743332553e-07	nfe	False	below_supporting_threshold									False	False	population-compatible; not clinical benign
chr1:94021686:T>G	1-94021686-T-G		c.4802A>C	p.Glu1601Ala	ENST00000370225	True	1	1613474	0	8.477263132552182e-07	nfe	False	below_supporting_threshold									False	False	population-compatible; not clinical benign
chr1:94063121:A>C	1-94063121-A-C		c.1751T>G	p.Ile584Ser	ENST00000370225	True	1	1613396	0	8.476932571087557e-07	nfe	False	below_supporting_threshold									False	False	population-compatible; not clinical benign
chr1:94019659:T>C	1-94019659-T-C		c.5119A>G	p.Asn1707Asp	ENST00000370225	True	2	1613326	0	8.476889456275357e-07	nfe	False	below_supporting_threshold									False	False	population-compatible; not clinical benign
chr1:94063122:T>C	1-94063122-T-C		c.1750A>G	p.Ile584Val	ENST00000370225	True	1	1613596	0	8.476788856752441e-07	nfe	False	below_supporting_threshold									False	False	population-compatible; not clinical benign
chr1:94112990:A>G	1-94112990-A-G	rs1570434341	c.143T>C	p.Leu48Pro	ENST00000370225	True	1	1613824	0	8.476760114470168e-07	nfe	False	below_supporting_threshold									False	False	population-compatible; not clinical benign
chr1:94060734:A>T	1-94060734-A-T		c.1963T>A	p.Phe655Ile	ENST00000370225	True	1	1613522	0	8.476630776611959e-07	nfe	False	below_supporting_threshold									False	False	population-compatible; not clinical benign
chr1:94083421:G>T	1-94083421-G-T		c.789C>A	p.Ser263Arg	ENST00000370225	True	1	1613506	0	8.476515812940249e-07	nfe	False	below_supporting_threshold									False	False	population-compatible; not clinical benign
chr1:94029548:C>A	1-94029548-C-A		c.4436G>T	p.Trp1479Leu	ENST00000370225	True	1	1613414	0	8.476429592232878e-07	nfe	False	below_supporting_threshold									False	False	population-compatible; not clinical benign
chr1:94060731:G>T	1-94060731-G-T		c.1966C>A	p.Pro656Thr	ENST00000370225	True	1	1613514	0	8.476415222285513e-07	nfe	False	below_supporting_threshold									False	False	population-compatible; not clinical benign
chr1:94060733:A>G	1-94060733-A-G	rs200692438	c.1964T>C	p.Phe655Ser	ENST00000370225	True	1	1613578	0	8.476415222285513e-07	nfe	False	below_supporting_threshold									False	False	population-compatible; not clinical benign
chr1:94060733:A>T	1-94060733-A-T		c.1964T>A	p.Phe655Tyr	ENST00000370225	True	1	1613578	0	8.476415222285513e-07	nfe	False	below_supporting_threshold									False	False	population-compatible; not clinical benign
chr1:94077887:C>T	1-94077887-C-T		c.1357G>A	p.Asp453Asn	ENST00000370225	True	1	1613830	0	8.476300264460568e-07	nfe	False	below_supporting_threshold									False	False	population-compatible; not clinical benign
chr1:94078687:T>C	1-94078687-T-C	rs1453981156	c.1259A>G	p.Glu420Gly	ENST00000370225	True	1	1613774	0	8.476199678921556e-07	nfe	False	below_supporting_threshold									False	False	population-compatible; not clinical benign
chr1:94083422:C>G	1-94083422-C-G	rs750721834	c.788G>C	p.Ser263Thr	ENST00000370225	True	1	1613576	0	8.476170940634594e-07	nfe	False	below_supporting_threshold									False	False	population-compatible; not clinical benign
chr1:94063123:C>A	1-94063123-C-A		c.1749G>T	p.Lys583Asn	ENST00000370225	True	1	1613616	0	8.476142202542503e-07	nfe	False	below_supporting_threshold									False	False	population-compatible; not clinical benign
chr1:94015743:A>C	1-94015743-A-C	rs1195430987	c.5308T>G	p.Tyr1770Asp	ENST00000370225	True	1	1613642	0	8.476127833569535e-07	nfe	False	below_supporting_threshold	866504.0	Conflicting	1.0	screened	missense	p.Y1770D	ABCA4_68703b26a439b624	True	True	True	population-compatible; not clinical benign
chr1:94056758:G>A	1-94056758-G-A	rs201242928	c.2225C>T	p.Thr742Ile	ENST00000370225	True	1	1613708	0	8.476099095769748e-07	nfe	False	below_supporting_threshold									False	False	population-compatible; not clinical benign
chr1:94077718:G>A	1-94077718-G-A		c.1526C>T	p.Thr509Ile	ENST00000370225	True	1	1613840	0	8.476055989435443e-07	nfe	False	below_supporting_threshold	3646297.0	VUS	1.0	screened	missense	p.T509I	ABCA4_a4f806bee820d61d	True	True	True	population-compatible; not clinical benign
chr1:94077885:A>C	1-94077885-A-C		c.1359T>G	p.Asp453Glu	ENST00000370225	True	1	1613900	0	8.476012883539583e-07	nfe	False	below_supporting_threshold									False	False	population-compatible; not clinical benign
chr1:94029623:G>A	1-94029623-G-A	rs1660142896	c.4361C>T	p.Pro1454Leu	ENST00000370225	True	1	1613418	0	8.475984146519253e-07	nfe	False	below_supporting_threshold									False	False	population-compatible; not clinical benign
chr1:94103092:G>C	1-94103092-G-C		c.493C>G	p.Leu165Val	ENST00000370225	True	1	1613958	0	8.475984146519253e-07	nfe	False	below_supporting_threshold									False	False	population-compatible; not clinical benign
chr1:94060728:T>G	1-94060728-T-G	rs199590367	c.1969A>C	p.Ile657Leu	ENST00000370225	True	1	1613500	0	8.47596977808216e-07	nfe	False	below_supporting_threshold									False	False	population-compatible; not clinical benign
chr1:94083387:C>G	1-94083387-C-G		c.823G>C	p.Gly275Arg	ENST00000370225	True	1	1613688	0	8.475869200386499e-07	nfe	False	below_supporting_threshold									False	False	population-compatible; not clinical benign
chr1:94005516:A>C	1-94005516-A-C		c.6072T>G	p.Asp2024Glu	ENST00000370225	True	1	1613974	0	8.475768625077765e-07	nfe	False	below_supporting_threshold									False	False	population-compatible; not clinical benign
chr1:94019674:T>A	1-94019674-T-A		c.5104A>T	p.Ile1702Phe	ENST00000370225	True	1	1613574	0	8.475739889713672e-07	nfe	False	below_supporting_threshold									False	False	population-compatible; not clinical benign
chr1:94019674:T>C	1-94019674-T-C	rs1456520760	c.5104A>G	p.Ile1702Val	ENST00000370225	True	1	1613574	0	8.475739889713672e-07	nfe	False	below_supporting_threshold									False	False	population-compatible; not clinical benign
chr1:94036742:G>T	1-94036742-G-T	rs200439056	c.3860C>A	p.Ala1287Glu	ENST00000370225	True	27	1613778	0	8.475725522104692e-07	nfe	False	below_supporting_threshold									False	False	population-compatible; not clinical benign
chr1:94029554:T>G	1-94029554-T-G	rs758653947	c.4430A>C	p.Gln1477Pro	ENST00000370225	True	1	1613706	0	8.475711154544422e-07	nfe	False	below_supporting_threshold									False	False	population-compatible; not clinical benign
chr1:94005577:A>G	1-94005577-A-G		c.6011T>C	p.Leu2004Ser	ENST00000370225	True	1	1613998	0	8.475668052155871e-07	nfe	False	below_supporting_threshold									False	False	population-compatible; not clinical benign
chr1:94015751:A>G	1-94015751-A-G	rs1659717418	c.5300T>C	p.Leu1767Pro	ENST00000370225	True	1	1613586	0	8.475668052155871e-07	nfe	False	below_supporting_threshold									False	False	population-compatible; not clinical benign
chr1:94015838:C>T	1-94015838-C-T	rs2101015576	c.5213G>A	p.Ser1738Asn	ENST00000370225	True	1	1613742	0	8.475639317473717e-07	nfe	False	below_supporting_threshold	1502559.0	VUS	1.0	screened	missense	p.S1738N	ABCA4_3be05f443efe68a0	True	True	True	population-compatible; not clinical benign
chr1:94008857:G>A	1-94008857-G-A	rs1443256833	c.5729C>T	p.Thr1910Ile	ENST00000370225	True	2	1612866	0	8.475524380693434e-07	nfe	False	below_supporting_threshold									False	False	population-compatible; not clinical benign
chr1:94008857:G>C	1-94008857-G-C		c.5729C>G	p.Thr1910Ser	ENST00000370225	True	1	1612866	0	8.475524380693434e-07	nfe	False	below_supporting_threshold									False	False	population-compatible; not clinical benign
chr1:94019679:T>A	1-94019679-T-A		c.5099A>T	p.Tyr1700Phe	ENST00000370225	True	1	1613680	0	8.475524380693434e-07	nfe	False	below_supporting_threshold									False	False	population-compatible; not clinical benign
chr1:94083413:T>A	1-94083413-T-A		c.797A>T	p.Gln266Leu	ENST00000370225	True	1	1613812	0	8.475524380693434e-07	nfe	False	below_supporting_threshold									False	False	population-compatible; not clinical benign
chr1:94083413:T>C	1-94083413-T-C		c.797A>G	p.Gln266Arg	ENST00000370225	True	1	1613812	0	8.475524380693434e-07	nfe	False	below_supporting_threshold									False	False	population-compatible; not clinical benign
chr1:94098975:G>C	1-94098975-G-C		c.587C>G	p.Pro196Arg	ENST00000370225	True	1	1609020	0	8.475524380693434e-07	nfe	False	below_supporting_threshold	2041933.0	VUS	1.0	screened	missense	p.P196R	ABCA4_5c8e59949349d60e	True	True	True	population-compatible; not clinical benign
chr1:94019709:A>C	1-94019709-A-C		c.5069T>G	p.Met1690Arg	ENST00000370225	True	1	1613766	0	8.475510013815082e-07	nfe	False	below_supporting_threshold	2000193.0	P/LP	1.0	screened	missense	p.M1690R	ABCA4_b8b1113a046bd8e3	True	True	True	population-compatible; not clinical benign
chr1:94083391:C>G	1-94083391-C-G		c.819G>C	p.Trp273Cys	ENST00000370225	True	1	1613772	0	8.475510013815082e-07	nfe	False	below_supporting_threshold									False	False	population-compatible; not clinical benign
chr1:94008860:G>A	1-94008860-G-A		c.5726C>T	p.Pro1909Leu	ENST00000370225	True	2	1612700	0	8.475495646985436e-07	nfe	False	below_supporting_threshold									False	False	population-compatible; not clinical benign
chr1:94019695:C>T	1-94019695-C-T	rs1659842977	c.5083G>A	p.Ala1695Thr	ENST00000370225	True	1	1613796	0	8.475495646985436e-07	nfe	False	below_supporting_threshold	3667857.0	P/LP	1.0	screened	missense	p.A1695T	ABCA4_e0c08ff1970ba8c4	True	True	True	population-compatible; not clinical benign
chr1:94019713:A>T	1-94019713-A-T		c.5065T>A	p.Ser1689Thr	ENST00000370225	True	1	1613756	0	8.475495646985436e-07	nfe	False	below_supporting_threshold									False	False	population-compatible; not clinical benign
chr1:94007735:A>C	1-94007735-A-C		c.5904T>G	p.Phe1968Leu	ENST00000370225	True	1	1613910	0	8.475466913472263e-07	nfe	False	below_supporting_threshold									False	False	population-compatible; not clinical benign
chr1:94019694:G>A	1-94019694-G-A	rs1659842921	c.5084C>T	p.Ala1695Val	ENST00000370225	True	1	1613820	0	8.475466913472263e-07	nfe	False	below_supporting_threshold	1349581.0	P/LP	1.0	screened	missense	p.A1695V	ABCA4_dcc9a31b02573f82	True	True	True	population-compatible; not clinical benign
chr1:94098976:G>C	1-94098976-G-C		c.586C>G	p.Pro196Ala	ENST00000370225	True	6	1609048	0	8.475466913472263e-07	nfe	False	below_supporting_threshold									False	False	population-compatible; not clinical benign
chr1:94029564:A>G	1-94029564-A-G	rs747439462	c.4420T>C	p.Phe1474Leu	ENST00000370225	True	1	1613814	0	8.475438180153914e-07	nfe	False	below_supporting_threshold									False	False	population-compatible; not clinical benign
chr1:94056747:T>C	1-94056747-T-C	rs1293462383	c.2236A>G	p.Met746Val	ENST00000370225	True	1	1613752	0	8.475423813567797e-07	nfe	False	below_supporting_threshold	546601.0	VUS	1.0	screened	missense	p.M746V	ABCA4_32c40ffa6b342f6e	True	True	True	population-compatible; not clinical benign
chr1:94029597:T>C	1-94029597-T-C		c.4387A>G	p.Thr1463Ala	ENST00000370225	True	1	1613690	0	8.475409447030386e-07	nfe	False	below_supporting_threshold									False	False	population-compatible; not clinical benign
chr1:94037146:T>C	1-94037146-T-C	rs1660360744	c.3812A>G	p.Glu1271Gly	ENST00000370225	True	1	1614050	0	8.475366347710379e-07	nfe	False	below_supporting_threshold	959438.0	P/LP	2.0	screened	missense	p.E1271G	ABCA4_a17f0992a1857338	True	True	True	population-compatible; not clinical benign
chr1:94103142:C>G	1-94103142-C-G		c.443G>C	p.Gly148Ala	ENST00000370225	True	1	1613846	0	8.475366347710379e-07	nfe	False	below_supporting_threshold									False	False	population-compatible; not clinical benign
chr1:94008846:T>C	1-94008846-T-C		c.5740A>G	p.Ile1914Val	ENST00000370225	True	1	1613402	0	8.475337615073897e-07	nfe	False	below_supporting_threshold									False	False	population-compatible; not clinical benign
chr1:94051655:C>A	1-94051655-C-A		c.2631G>T	p.Glu877Asp	ENST00000370225	True	1	1614082	0	8.475337615073897e-07	nfe	False	below_supporting_threshold									False	False	population-compatible; not clinical benign
chr1:94063128:T>C	1-94063128-T-C	rs1181535777	c.1744A>G	p.Asn582Asp	ENST00000370225	True	1	1613754	0	8.475308882632228e-07	nfe	False	below_supporting_threshold									False	False	population-compatible; not clinical benign
chr1:93997950:A>T	1-93997950-A-T		c.6640T>A	p.Ser2214Thr	ENST00000370225	True	1	1613928	0	8.475294516484447e-07	nfe	False	below_supporting_threshold									False	False	population-compatible; not clinical benign
chr1:94015754:A>G	1-94015754-A-G		c.5297T>C	p.Leu1766Pro	ENST00000370225	True	1	1613754	0	8.475294516484447e-07	nfe	False	below_supporting_threshold									False	False	population-compatible; not clinical benign
chr1:94008858:T>C	1-94008858-T-C		c.5728A>G	p.Thr1910Ala	ENST00000370225	True	1	1613132	0	8.475251418333325e-07	nfe	False	below_supporting_threshold									False	False	population-compatible; not clinical benign
chr1:94051656:T>C	1-94051656-T-C	rs1357281730	c.2630A>G	p.Glu877Gly	ENST00000370225	True	1	1613930	0	8.475237052380355e-07	nfe	False	below_supporting_threshold									False	False	population-compatible; not clinical benign
chr1:94051667:A>T	1-94051667-A-T		c.2619T>A	p.Phe873Leu	ENST00000370225	True	1	1614102	0	8.475237052380355e-07	nfe	False	below_supporting_threshold									False	False	population-compatible; not clinical benign
chr1:94083403:A>T	1-94083403-A-T	rs1661752596	c.807T>A	p.Asn269Lys	ENST00000370225	True	1	1613894	0	8.475208320620521e-07	nfe	False	below_supporting_threshold									False	False	population-compatible; not clinical benign
chr1:94008858:T>G	1-94008858-T-G	rs1659471599	c.5728A>C	p.Thr1910Pro	ENST00000370225	True	2	1613014	0	8.475193954813656e-07	nfe	False	below_supporting_threshold									False	False	population-compatible; not clinical benign
chr1:94015827:C>G	1-94015827-C-G		c.5224G>C	p.Val1742Leu	ENST00000370225	True	1	1613916	0	8.475136492073205e-07	nfe	False	below_supporting_threshold									False	False	population-compatible; not clinical benign
chr1:94060713:C>T	1-94060713-C-T		c.1984G>A	p.Ala662Thr	ENST00000370225	True	1	1613880	0	8.475107760995181e-07	nfe	False	below_supporting_threshold									False	False	population-compatible; not clinical benign
chr1:94015827:C>T	1-94015827-C-T	rs1468259749	c.5224G>A	p.Val1742Met	ENST00000370225	True	1	1613798	0	8.475079030111956e-07	nfe	False	below_supporting_threshold									False	False	population-compatible; not clinical benign
chr1:94103139:C>G	1-94103139-C-G		c.446G>C	p.Arg149Thr	ENST00000370225	True	1	1613988	0	8.475079030111956e-07	nfe	False	below_supporting_threshold									False	False	population-compatible; not clinical benign
chr1:94008842:A>G	1-94008842-A-G	rs188889364	c.5744T>C	p.Val1915Ala	ENST00000370225	True	1	1613498	0	8.475064664743392e-07	nfe	False	below_supporting_threshold									False	False	population-compatible; not clinical benign
chr1:94015758:C>T	1-94015758-C-T		c.5293G>A	p.Ala1765Thr	ENST00000370225	True	1	1613740	0	8.475064664743392e-07	nfe	False	below_supporting_threshold									False	False	population-compatible; not clinical benign
chr1:94029606:G>C	1-94029606-G-C	rs373181448	c.4378C>G	p.Pro1460Ala	ENST00000370225	True	1	1613796	0	8.475064664743392e-07	nfe	False	below_supporting_threshold									False	False	population-compatible; not clinical benign
chr1:94121005:T>C	1-94121005-T-C		c.41A>G	p.Asn14Ser	ENST00000370225	True	1	1613682	0	8.475064664743392e-07	nfe	False	below_supporting_threshold									False	False	population-compatible; not clinical benign
chr1:94015757:G>A	1-94015757-G-A	rs1434692591	c.5294C>T	p.Ala1765Val	ENST00000370225	True	1	1613708	0	8.475050299423527e-07	nfe	False	below_supporting_threshold									False	False	population-compatible; not clinical benign
chr1:94060719:C>A	1-94060719-C-A		c.1978G>T	p.Val660Leu	ENST00000370225	True	1	1613896	0	8.475050299423527e-07	nfe	False	below_supporting_threshold									False	False	population-compatible; not clinical benign
chr1:94113063:G>T	1-94113063-G-T		c.70C>A	p.Arg24Ser	ENST00000370225	True	1	1613954	0	8.475050299423527e-07	nfe	False	below_supporting_threshold									False	False	population-compatible; not clinical benign
chr1:93997911:C>A	1-93997911-C-A		c.6679G>T	p.Asp2227Tyr	ENST00000370225	True	1	1613920	0	8.47503593415236e-07	nfe	False	below_supporting_threshold									False	False	population-compatible; not clinical benign
chr1:94007733:C>A	1-94007733-C-A	rs745851261	c.5906G>T	p.Gly1969Val	ENST00000370225	True	2	1613924	0	8.47503593415236e-07	nfe	False	below_supporting_threshold									False	False	population-compatible; not clinical benign
chr1:94024973:G>A	1-94024973-G-A	rs753785442	c.4615C>T	p.Pro1539Ser	ENST00000370225	True	1	1614094	0	8.47503593415236e-07	nfe	False	below_supporting_threshold									False	False	population-compatible; not clinical benign
chr1:94029600:T>C	1-94029600-T-C		c.4384A>G	p.Lys1462Glu	ENST00000370225	True	1	1614000	0	8.47503593415236e-07	nfe	False	below_supporting_threshold									False	False	population-compatible; not clinical benign
chr1:94048957:C>G	1-94048957-C-G		c.2654G>C	p.Gly885Ala	ENST00000370225	True	1	1613882	0	8.47503593415236e-07	nfe	False	below_supporting_threshold									False	False	population-compatible; not clinical benign
chr1:94098970:G>T	1-94098970-G-T		c.592C>A	p.Leu198Met	ENST00000370225	True	1	1610040	0	8.475021568929893e-07	nfe	False	below_supporting_threshold	4563297.0	VUS	1.0	screened	missense	p.L198M	ABCA4_add2fa7081369c50	True	True	True	population-compatible; not clinical benign
chr1:94077877:C>T	1-94077877-C-T	rs1661579289	c.1367G>A	p.Gly456Glu	ENST00000370225	True	1	1614016	0	8.474992838631052e-07	nfe	False	below_supporting_threshold									False	False	population-compatible; not clinical benign
chr1:94048871:G>A	1-94048871-G-A		c.2740C>T	p.His914Tyr	ENST00000370225	True	1	1614088	0	8.474978473554677e-07	nfe	False	below_supporting_threshold									False	False	population-compatible; not clinical benign
chr1:94005542:A>G	1-94005542-A-G		c.6046T>C	p.Tyr2016His	ENST00000370225	True	1	1614130	0	8.474964108527001e-07	nfe	False	below_supporting_threshold									False	False	population-compatible; not clinical benign
chr1:94024970:C>T	1-94024970-C-T	rs1287179107	c.4618G>A	p.Ala1540Thr	ENST00000370225	True	1	1613948	0	8.474964108527001e-07	nfe	False	below_supporting_threshold									False	False	population-compatible; not clinical benign
chr1:94008822:C>G	1-94008822-C-G		c.5764G>C	p.Ala1922Pro	ENST00000370225	True	1	1613732	0	8.474949743548021e-07	nfe	False	below_supporting_threshold									False	False	population-compatible; not clinical benign
chr1:94055257:T>C	1-94055257-T-C		c.2441A>G	p.Glu814Gly	ENST00000370225	True	1	1614042	0	8.474949743548021e-07	nfe	False	below_supporting_threshold									False	False	population-compatible; not clinical benign
chr1:94015824:C>A	1-94015824-C-A		c.5227G>T	p.Val1743Leu	ENST00000370225	True	1	1613980	0	8.474935378617739e-07	nfe	False	below_supporting_threshold									False	False	population-compatible; not clinical benign
chr1:94031959:T>G	1-94031959-T-G	rs746468013	c.3947A>C	p.Asp1316Ala	ENST00000370225	True	1	1613850	0	8.474906648903262e-07	nfe	False	below_supporting_threshold	298244.0	VUS	1.0	screened	missense	p.D1316A	ABCA4_b0a02e4b1d7e80fc	True	True	True	population-compatible; not clinical benign
chr1:94041382:T>A	1-94041382-T-A		c.3349A>T	p.Thr1117Ser	ENST00000370225	True	1	1613714	0	8.474906648903262e-07	nfe	False	below_supporting_threshold									False	False	population-compatible; not clinical benign
chr1:94041382:T>C	1-94041382-T-C		c.3349A>G	p.Thr1117Ala	ENST00000370225	True	1	1613714	0	8.474906648903262e-07	nfe	False	below_supporting_threshold									False	False	population-compatible; not clinical benign
chr1:94103110:C>T	1-94103110-C-T	rs1662329300	c.475G>A	p.Asp159Asn	ENST00000370225	True	1	1614092	0	8.474906648903262e-07	nfe	False	below_supporting_threshold									False	False	population-compatible; not clinical benign
chr1:94008822:C>A	1-94008822-C-A	rs1436257994	c.5764G>T	p.Ala1922Ser	ENST00000370225	True	1	1613614	0	8.474892284119069e-07	nfe	False	below_supporting_threshold									False	False	population-compatible; not clinical benign
chr1:94011273:T>A	1-94011273-T-A		c.5573A>T	p.Tyr1858Phe	ENST00000370225	True	1	1613938	0	8.474892284119069e-07	nfe	False	below_supporting_threshold									False	False	population-compatible; not clinical benign
chr1:94011273:T>G	1-94011273-T-G		c.5573A>C	p.Tyr1858Ser	ENST00000370225	True	1	1613938	0	8.474892284119069e-07	nfe	False	below_supporting_threshold									False	False	population-compatible; not clinical benign
chr1:94029578:T>C	1-94029578-T-C	rs745321062	c.4406A>G	p.Asn1469Ser	ENST00000370225	True	1	1614006	0	8.474892284119069e-07	nfe	False	below_supporting_threshold	1306003.0	VUS	1.0	screened	missense	p.N1469S	ABCA4_3dccd14fec963570	True	True	True	population-compatible; not clinical benign
chr1:94031092:A>G	1-94031092-A-G		c.4157T>C	p.Leu1386Ser	ENST00000370225	True	1	1614090	0	8.474892284119069e-07	nfe	False	below_supporting_threshold									False	False	population-compatible; not clinical benign
chr1:94015829:A>G	1-94015829-A-G		c.5222T>C	p.Leu1741Pro	ENST00000370225	True	1	1613986	0	8.474877919383571e-07	nfe	False	below_supporting_threshold									False	False	population-compatible; not clinical benign
chr1:94025045:T>C	1-94025045-T-C	rs1446835802	c.4543A>G	p.Thr1515Ala	ENST00000370225	True	1	1614020	0	8.474849190058663e-07	nfe	False	below_supporting_threshold									False	False	population-compatible; not clinical benign
chr1:94029584:G>A	1-94029584-G-A	rs1239531373	c.4400C>T	p.Ser1467Phe	ENST00000370225	True	1	1613922	0	8.474849190058663e-07	nfe	False	below_supporting_threshold									False	False	population-compatible; not clinical benign
chr1:94021943:C>A	1-94021943-C-A	rs1659914654	c.4676G>T	p.Gly1559Val	ENST00000370225	True	1	1613984	0	8.474834825469252e-07	nfe	False	below_supporting_threshold									False	False	population-compatible; not clinical benign
chr1:94029572:G>A	1-94029572-G-A	rs1660140769	c.4412C>T	p.Thr1471Ile	ENST00000370225	True	1	1614046	0	8.474834825469252e-07	nfe	False	below_supporting_threshold									False	False	population-compatible; not clinical benign
chr1:94056605:G>A	1-94056605-G-A		c.2378C>T	p.Ala793Val	ENST00000370225	True	1	1612686	0	8.474834825469252e-07	nfe	False	below_supporting_threshold									False	False	population-compatible; not clinical benign
chr1:94103133:A>G	1-94103133-A-G	rs1012017728	c.452T>C	p.Ile151Thr	ENST00000370225	True	1	1614054	0	8.474834825469252e-07	nfe	False	below_supporting_threshold	812209.0	Conflicting	1.0	screened	missense	p.I151T	ABCA4_618bdb60e1850fc2	True	True	True	population-compatible; not clinical benign
chr1:94005536:G>A	1-94005536-G-A		c.6052C>T	p.Pro2018Ser	ENST00000370225	True	1	1614122	0	8.474806096436513e-07	nfe	False	below_supporting_threshold									False	False	population-compatible; not clinical benign
chr1:94008285:T>C	1-94008285-T-C		c.5848A>G	p.Thr1950Ala	ENST00000370225	True	1	1613816	0	8.474806096436513e-07	nfe	False	below_supporting_threshold									False	False	population-compatible; not clinical benign
chr1:94005539:A>G	1-94005539-A-G	rs2101000542	c.6049T>C	p.Cys2017Arg	ENST00000370225	True	1	1614142	0	8.474791731993186e-07	nfe	False	below_supporting_threshold	1458238.0	P/LP	1.0	screened	missense	p.C2017R	ABCA4_04277527a8b2a36e	True	True	True	population-compatible; not clinical benign
chr1:94007676:T>A	1-94007676-T-A		c.5963A>T	p.Asp1988Val	ENST00000370225	True	1	1614014	0	8.474791731993186e-07	nfe	False	below_supporting_threshold									False	False	population-compatible; not clinical benign
chr1:94008824:A>T	1-94008824-A-T	rs1659469961	c.5762T>A	p.Val1921Glu	ENST00000370225	True	1	1613548	0	8.474791731993186e-07	nfe	False	below_supporting_threshold									False	False	population-compatible; not clinical benign
chr1:94021304:A>T	1-94021304-A-T		c.4954T>A	p.Tyr1652Asn	ENST00000370225	True	1	1613868	0	8.474791731993186e-07	nfe	False	below_supporting_threshold									False	False	population-compatible; not clinical benign
chr1:94113051:C>G	1-94113051-C-G		c.82G>C	p.Glu28Gln	ENST00000370225	True	1	1614042	0	8.474791731993186e-07	nfe	False	below_supporting_threshold									False	False	population-compatible; not clinical benign
chr1:93997915:G>C	1-93997915-G-C		c.6675C>G	p.His2225Gln	ENST00000370225	True	1	1614106	0	8.474777367598553e-07	nfe	False	below_supporting_threshold									False	False	population-compatible; not clinical benign
chr1:94031981:T>C	1-94031981-T-C		c.3925A>G	p.Lys1309Glu	ENST00000370225	True	1	1613848	0	8.474763003252614e-07	nfe	False	below_supporting_threshold									False	False	population-compatible; not clinical benign
chr1:94046923:T>C	1-94046923-T-C		c.2914A>G	p.Thr972Ala	ENST00000370225	True	1	1613928	0	8.474763003252614e-07	nfe	False	below_supporting_threshold	2851918.0	P/LP	1.0	screened	missense	p.T972A	ABCA4_8e7739b6f4b132d4	True	True	True	population-compatible; not clinical benign
chr1:94056606:C>G	1-94056606-C-G		c.2377G>C	p.Ala793Pro	ENST00000370225	True	1	1612702	0	8.474763003252614e-07	nfe	False	below_supporting_threshold									False	False	population-compatible; not clinical benign
chr1:94060542:T>G	1-94060542-T-G	rs768056773	c.2155A>C	p.Ile719Leu	ENST00000370225	True	1	1613776	0	8.474763003252614e-07	nfe	False	below_supporting_threshold									False	False	population-compatible; not clinical benign
chr1:93997896:C>G	1-93997896-C-G		c.6694G>C	p.Glu2232Gln	ENST00000370225	True	1	1613998	0	8.474748638955368e-07	nfe	False	below_supporting_threshold									False	False	population-compatible; not clinical benign
chr1:94010854:A>G	1-94010854-A-G		c.5660T>C	p.Val1887Ala	ENST00000370225	True	1	1613910	0	8.474748638955368e-07	nfe	False	below_supporting_threshold									False	False	population-compatible; not clinical benign
chr1:94031117:C>G	1-94031117-C-G		c.4132G>C	p.Val1378Leu	ENST00000370225	True	1	1614030	0	8.474748638955368e-07	nfe	False	below_supporting_threshold									False	False	population-compatible; not clinical benign
chr1:94008795:C>G	1-94008795-C-G		c.5791G>C	p.Gly1931Arg	ENST00000370225	True	1	1613830	0	8.474734274706817e-07	nfe	False	below_supporting_threshold									False	False	population-compatible; not clinical benign
chr1:94008804:T>A	1-94008804-T-A		c.5782A>T	p.Ile1928Phe	ENST00000370225	True	1	1613920	0	8.474734274706817e-07	nfe	False	below_supporting_threshold									False	False	population-compatible; not clinical benign
chr1:94031018:C>A	1-94031018-C-A	rs779039734	c.4231G>T	p.Gly1411Trp	ENST00000370225	True	1	1614002	0	8.474734274706817e-07	nfe	False	below_supporting_threshold	2631548.0	VUS	1.0	screened	missense	p.G1411W	ABCA4_2ccbf199882c9f0f	True	True	True	population-compatible; not clinical benign
chr1:94098963:A>G	1-94098963-A-G	rs1662215591	c.599T>C	p.Leu200Pro	ENST00000370225	True	1	1611066	0	8.474734274706817e-07	nfe	False	below_supporting_threshold	1348749.0	Conflicting	1.0	screened	missense	p.L200P	ABCA4_71ecd30f7e629ec2	True	True	True	population-compatible; not clinical benign
chr1:94111513:T>C	1-94111513-T-C		c.227A>G	p.Asn76Ser	ENST00000370225	True	1	1614182	0	8.474734274706817e-07	nfe	False	below_supporting_threshold									False	False	population-compatible; not clinical benign
chr1:94005519:A>C	1-94005519-A-C	rs1762114	c.6069T>G	p.Ile2023Met	ENST00000370225	True	1	1614004	0	8.474719910506957e-07	nfe	False	below_supporting_threshold									False	False	population-compatible; not clinical benign
chr1:94098960:T>C	1-94098960-T-C		c.602A>G	p.Lys201Arg	ENST00000370225	True	1	1611444	0	8.474719910506957e-07	nfe	False	below_supporting_threshold									False	False	population-compatible; not clinical benign
chr1:94005538:C>G	1-94005538-C-G		c.6050G>C	p.Cys2017Ser	ENST00000370225	True	1	1614056	0	8.474705546355792e-07	nfe	False	below_supporting_threshold									False	False	population-compatible; not clinical benign
chr1:94008759:G>C	1-94008759-G-C		c.5827C>G	p.Leu1943Val	ENST00000370225	True	1	1614018	0	8.474705546355792e-07	nfe	False	below_supporting_threshold									False	False	population-compatible; not clinical benign
chr1:94031009:A>G	1-94031009-A-G		c.4240T>C	p.Tyr1414His	ENST00000370225	True	1	1614084	0	8.474705546355792e-07	nfe	False	below_supporting_threshold									False	False	population-compatible; not clinical benign
chr1:94108587:C>G	1-94108587-C-G		c.432G>C	p.Glu144Asp	ENST00000370225	True	1	1613626	0	8.474705546355792e-07	nfe	False	below_supporting_threshold									False	False	population-compatible; not clinical benign
chr1:94108600:C>G	1-94108600-C-G	rs369105023	c.419G>C	p.Arg140Pro	ENST00000370225	True	1	1613602	0	8.474705546355792e-07	nfe	False	below_supporting_threshold	806170.0	VUS	2.0	screened	missense	p.R140P	ABCA4_09af3c37ab2cde8b	True	True	True	population-compatible; not clinical benign
chr1:94010848:T>C	1-94010848-T-C		c.5666A>G	p.Tyr1889Cys	ENST00000370225	True	1	1614028	0	8.474691182253319e-07	nfe	False	below_supporting_threshold									False	False	population-compatible; not clinical benign
chr1:94011367:C>G	1-94011367-C-G		c.5479G>C	p.Ala1827Pro	ENST00000370225	True	1	1614022	0	8.474691182253319e-07	nfe	False	below_supporting_threshold									False	False	population-compatible; not clinical benign
chr1:94032043:C>T	1-94032043-C-T		c.3863G>A	p.Gly1288Asp	ENST00000370225	True	1	1610032	0	8.474691182253319e-07	nfe	False	below_supporting_threshold									False	False	population-compatible; not clinical benign
chr1:94060708:C>A	1-94060708-C-A		c.1989G>T	p.Trp663Cys	ENST00000370225	True	1	1614016	0	8.474691182253319e-07	nfe	False	below_supporting_threshold									False	False	population-compatible; not clinical benign
chr1:94063214:A>T	1-94063214-A-T	rs1156983103	c.1658T>A	p.Phe553Tyr	ENST00000370225	True	1	1614122	0	8.474691182253319e-07	nfe	False	below_supporting_threshold									False	False	population-compatible; not clinical benign
chr1:93997891:C>G	1-93997891-C-G		c.6699G>C	p.Glu2233Asp	ENST00000370225	True	1	1614058	0	8.474676818199538e-07	nfe	False	below_supporting_threshold									False	False	population-compatible; not clinical benign
chr1:94031069:T>A	1-94031069-T-A		c.4180A>T	p.Ile1394Phe	ENST00000370225	True	1	1613942	0	8.474676818199538e-07	nfe	False	below_supporting_threshold									False	False	population-compatible; not clinical benign
chr1:94031069:T>C	1-94031069-T-C		c.4180A>G	p.Ile1394Val	ENST00000370225	True	1	1613942	0	8.474676818199538e-07	nfe	False	below_supporting_threshold									False	False	population-compatible; not clinical benign
chr1:94062734:T>C	1-94062734-T-C	rs755803987	c.1780A>G	p.Arg594Gly	ENST00000370225	True	1	1614008	0	8.474676818199538e-07	nfe	False	below_supporting_threshold									False	False	population-compatible; not clinical benign
chr1:94111457:A>C	1-94111457-A-C		c.283T>G	p.Ser95Ala	ENST00000370225	True	1	1614052	0	8.474676818199538e-07	nfe	False	below_supporting_threshold									False	False	population-compatible; not clinical benign
chr1:94111457:A>G	1-94111457-A-G	rs1312265858	c.283T>C	p.Ser95Pro	ENST00000370225	True	1	1614052	0	8.474676818199538e-07	nfe	False	below_supporting_threshold									False	False	population-compatible; not clinical benign
chr1:94111510:A>T	1-94111510-A-T	rs61748527	c.230T>A	p.Val77Glu	ENST00000370225	True	1	1614196	0	8.474676818199538e-07	nfe	False	below_supporting_threshold	99128.0	Other	0.0	screened	missense	p.V77E	ABCA4_a95eb7c6fa776c70	True	True	True	population-compatible; not clinical benign
chr1:94005531:C>G	1-94005531-C-G	rs1659355431	c.6057G>C	p.Gln2019His	ENST00000370225	True	1	1614088	0	8.47466245419445e-07	nfe	False	below_supporting_threshold									False	False	population-compatible; not clinical benign
chr1:94024975:T>C	1-94024975-T-C	rs1427105205	c.4613A>G	p.Tyr1538Cys	ENST00000370225	True	1	1614190	0	8.47466245419445e-07	nfe	False	below_supporting_threshold									False	False	population-compatible; not clinical benign
chr1:94030521:T>A	1-94030521-T-A		c.4259A>T	p.Asp1420Val	ENST00000370225	True	1	1614126	0	8.47466245419445e-07	nfe	False	below_supporting_threshold									False	False	population-compatible; not clinical benign
chr1:94036754:C>T	1-94036754-C-T		c.3848G>A	p.Gly1283Glu	ENST00000370225	True	1	1614050	0	8.47466245419445e-07	nfe	False	below_supporting_threshold									False	False	population-compatible; not clinical benign
chr1:94060544:A>T	1-94060544-A-T		c.2153T>A	p.Phe718Tyr	ENST00000370225	True	1	1613854	0	8.47466245419445e-07	nfe	False	below_supporting_threshold	1905281.0	VUS	1.0	screened	missense	p.F718Y	ABCA4_a59781e2f2cf6c1e	True	True	True	population-compatible; not clinical benign
chr1:93997901:A>C	1-93997901-A-C		c.6689T>G	p.Leu2230Arg	ENST00000370225	True	1	1614074	0	8.474648090238053e-07	nfe	False	below_supporting_threshold									False	False	population-compatible; not clinical benign
chr1:94031072:C>A	1-94031072-C-A		c.4177G>T	p.Val1393Phe	ENST00000370225	True	1	1614078	0	8.474648090238053e-07	nfe	False	below_supporting_threshold									False	False	population-compatible; not clinical benign
chr1:94032019:T>C	1-94032019-T-C		c.3887A>G	p.Asn1296Ser	ENST00000370225	True	1	1612708	0	8.474648090238053e-07	nfe	False	below_supporting_threshold									False	False	population-compatible; not clinical benign
chr1:94041304:T>C	1-94041304-T-C		c.3427A>G	p.Thr1143Ala	ENST00000370225	True	1	1613950	0	8.474648090238053e-07	nfe	False	below_supporting_threshold									False	False	population-compatible; not clinical benign
chr1:94055203:T>C	1-94055203-T-C	rs1660941624	c.2495A>G	p.Asp832Gly	ENST00000370225	True	1	1614062	0	8.474648090238053e-07	nfe	False	below_supporting_threshold	942000.0	VUS	1.0	screened	missense	p.D832G	ABCA4_777846d7af94c18b	True	True	True	population-compatible; not clinical benign
chr1:94060541:A>G	1-94060541-A-G	rs1661092952	c.2156T>C	p.Ile719Thr	ENST00000370225	True	1	1613772	0	8.474648090238053e-07	nfe	False	below_supporting_threshold									False	False	population-compatible; not clinical benign
chr1:94060545:A>G	1-94060545-A-G		c.2152T>C	p.Phe718Leu	ENST00000370225	True	1	1613862	0	8.474648090238053e-07	nfe	False	below_supporting_threshold									False	False	population-compatible; not clinical benign
chr1:94060673:A>T	1-94060673-A-T		c.2024T>A	p.Val675Asp	ENST00000370225	True	1	1614126	0	8.474648090238053e-07	nfe	False	below_supporting_threshold									False	False	population-compatible; not clinical benign
chr1:94014595:C>T	1-94014595-C-T	rs868338484	c.5408G>A	p.Gly1803Asp	ENST00000370225	True	1	1614160	0	8.474633726330348e-07	nfe	False	below_supporting_threshold									False	False	population-compatible; not clinical benign
chr1:94048884:G>C	1-94048884-G-C		c.2727C>G	p.His909Gln	ENST00000370225	True	1	1614038	0	8.474633726330348e-07	nfe	False	below_supporting_threshold									False	False	population-compatible; not clinical benign
chr1:94048930:A>C	1-94048930-A-C		c.2681T>G	p.Leu894Arg	ENST00000370225	True	1	1613928	0	8.474633726330348e-07	nfe	False	below_supporting_threshold									False	False	population-compatible; not clinical benign
chr1:93997889:T>C	1-93997889-T-C		c.6701A>G	p.Tyr2234Cys	ENST00000370225	True	1	1614072	0	8.474619362471334e-07	nfe	False	below_supporting_threshold									False	False	population-compatible; not clinical benign
chr1:94005527:C>G	1-94005527-C-G		c.6061G>C	p.Asp2021His	ENST00000370225	True	1	1614126	0	8.474619362471334e-07	nfe	False	below_supporting_threshold									False	False	population-compatible; not clinical benign
chr1:94005527:C>T	1-94005527-C-T		c.6061G>A	p.Asp2021Asn	ENST00000370225	True	1	1614126	0	8.474619362471334e-07	nfe	False	below_supporting_threshold									False	False	population-compatible; not clinical benign
chr1:94007656:C>T	1-94007656-C-T		c.5983G>A	p.Asp1995Asn	ENST00000370225	True	1	1614062	0	8.474619362471334e-07	nfe	False	below_supporting_threshold									False	False	population-compatible; not clinical benign
chr1:94010812:A>T	1-94010812-A-T		c.5702T>A	p.Phe1901Tyr	ENST00000370225	True	1	1614044	0	8.474619362471334e-07	nfe	False	below_supporting_threshold									False	False	population-compatible; not clinical benign
chr1:94011293:G>C	1-94011293-G-C		c.5553C>G	p.Ser1851Arg	ENST00000370225	True	1	1614072	0	8.474619362471334e-07	nfe	False	below_supporting_threshold									False	False	population-compatible; not clinical benign
chr1:94011364:C>A	1-94011364-C-A	rs200297761	c.5482G>T	p.Val1828Leu	ENST00000370225	True	1	1613926	0	8.474619362471334e-07	nfe	False	below_supporting_threshold									False	False	population-compatible; not clinical benign
chr1:94015809:C>A	1-94015809-C-A	rs61753025	c.5242G>T	p.Gly1748Trp	ENST00000370225	True	1	1613960	0	8.474619362471334e-07	nfe	False	below_supporting_threshold	1939425.0	VUS	1.0	screened	missense	p.G1748W	ABCA4_08f1f5eac019c903	True	True	True	population-compatible; not clinical benign
chr1:94031954:T>G	1-94031954-T-G		c.3952A>C	p.Asn1318His	ENST00000370225	True	1	1614016	0	8.474619362471334e-07	nfe	False	below_supporting_threshold									False	False	population-compatible; not clinical benign
chr1:94098958:C>T	1-94098958-C-T		c.604G>A	p.Asp202Asn	ENST00000370225	True	1	1611588	0	8.474619362471334e-07	nfe	False	below_supporting_threshold									False	False	population-compatible; not clinical benign
chr1:94103109:T>A	1-94103109-T-A		c.476A>T	p.Asp159Val	ENST00000370225	True	1	1614122	0	8.474619362471334e-07	nfe	False	below_supporting_threshold									False	False	population-compatible; not clinical benign
chr1:94108603:A>G	1-94108603-A-G		c.416T>C	p.Leu139Pro	ENST00000370225	True	1	1613708	0	8.474619362471334e-07	nfe	False	below_supporting_threshold									False	False	population-compatible; not clinical benign
chr1:94008752:T>A	1-94008752-T-A	rs771504096	c.5834A>T	p.Lys1945Met	ENST00000370225	True	1	1614052	0	8.474604998661013e-07	nfe	False	below_supporting_threshold									False	False	population-compatible; not clinical benign
chr1:94010924:C>G	1-94010924-C-G		c.5590G>C	p.Glu1864Gln	ENST00000370225	True	1	1614090	0	8.474604998661013e-07	nfe	False	below_supporting_threshold									False	False	population-compatible; not clinical benign
chr1:94062731:C>A	1-94062731-C-A		c.1783G>T	p.Ala595Ser	ENST00000370225	True	1	1614082	0	8.474604998661013e-07	nfe	False	below_supporting_threshold									False	False	population-compatible; not clinical benign
chr1:94063208:T>G	1-94063208-T-G		c.1664A>C	p.Asp555Ala	ENST00000370225	True	1	1614104	0	8.474604998661013e-07	nfe	False	below_supporting_threshold									False	False	population-compatible; not clinical benign
chr1:94077731:T>A	1-94077731-T-A	rs202008219	c.1513A>T	p.Ile505Phe	ENST00000370225	True	1	1614094	0	8.474604998661013e-07	nfe	False	below_supporting_threshold									False	False	population-compatible; not clinical benign
chr1:94108593:G>C	1-94108593-G-C		c.426C>G	p.His142Gln	ENST00000370225	True	1	1613598	0	8.474604998661013e-07	nfe	False	below_supporting_threshold									False	False	population-compatible; not clinical benign
chr1:94001087:T>C	1-94001087-T-C		c.6301A>G	p.Met2101Val	ENST00000370225	True	1	1613944	0	8.474590634899381e-07	nfe	False	below_supporting_threshold									False	False	population-compatible; not clinical benign
chr1:94007679:C>T	1-94007679-C-T		c.5960G>A	p.Gly1987Glu	ENST00000370225	True	1	1614058	0	8.474590634899381e-07	nfe	False	below_supporting_threshold									False	False	population-compatible; not clinical benign
chr1:94021884:A>C	1-94021884-A-C		c.4735T>G	p.Phe1579Val	ENST00000370225	True	1	1614078	0	8.474590634899381e-07	nfe	False	below_supporting_threshold									False	False	population-compatible; not clinical benign
chr1:94025040:C>G	1-94025040-C-G		c.4548G>C	p.Gln1516His	ENST00000370225	True	1	1614156	0	8.474590634899381e-07	nfe	False	below_supporting_threshold									False	False	population-compatible; not clinical benign
chr1:94048882:G>A	1-94048882-G-A	rs968740808	c.2729C>T	p.Pro910Leu	ENST00000370225	True	1	1614072	0	8.474590634899381e-07	nfe	False	below_supporting_threshold									False	False	population-compatible; not clinical benign
chr1:94056720:A>G	1-94056720-A-G		c.2263T>C	p.Phe755Leu	ENST00000370225	True	1	1614120	0	8.474590634899381e-07	nfe	False	below_supporting_threshold									False	False	population-compatible; not clinical benign
chr1:94056721:G>C	1-94056721-G-C	rs375943659	c.2262C>G	p.Phe754Leu	ENST00000370225	True	1	1614122	0	8.474590634899381e-07	nfe	False	below_supporting_threshold									False	False	population-compatible; not clinical benign
chr1:94103105:T>A	1-94103105-T-A	rs1475168753	c.480A>T	p.Glu160Asp	ENST00000370225	True	1	1614162	0	8.474590634899381e-07	nfe	False	below_supporting_threshold									False	False	population-compatible; not clinical benign
chr1:94108688:C>T	1-94108688-C-T		c.331G>A	p.Glu111Lys	ENST00000370225	True	1	1613990	0	8.474590634899381e-07	nfe	False	below_supporting_threshold									False	False	population-compatible; not clinical benign
chr1:94113006:T>C	1-94113006-T-C		c.127A>G	p.Arg43Gly	ENST00000370225	True	1	1614102	0	8.474590634899381e-07	nfe	False	below_supporting_threshold									False	False	population-compatible; not clinical benign
chr1:94010915:C>A	1-94010915-C-A		c.5599G>T	p.Ala1867Ser	ENST00000370225	True	1	1614100	0	8.474576271186441e-07	nfe	False	below_supporting_threshold									False	False	population-compatible; not clinical benign
chr1:94032014:T>C	1-94032014-T-C		c.3892A>G	p.Asn1298Asp	ENST00000370225	True	2	1613224	0	8.474576271186441e-07	nfe	False	below_supporting_threshold									False	False	population-compatible; not clinical benign
chr1:94055308:A>G	1-94055308-A-G	rs61749432	c.2390T>C	p.Leu797Pro	ENST00000370225	True	1	1614066	0	8.474576271186441e-07	nfe	False	below_supporting_threshold	99133.0	P/LP	1.0	screened	missense	p.L797P	ABCA4_513a92ba16b9a724	True	True	True	population-compatible; not clinical benign
chr1:94063221:C>G	1-94063221-C-G		c.1651G>C	p.Val551Leu	ENST00000370225	True	1	1614138	0	8.474576271186441e-07	nfe	False	below_supporting_threshold									False	False	population-compatible; not clinical benign
chr1:93997878:G>C	1-93997878-G-C	rs1216715608	c.6712C>G	p.Gln2238Glu	ENST00000370225	True	1	1614112	0	8.474561907522191e-07	nfe	False	below_supporting_threshold									False	False	population-compatible; not clinical benign
chr1:94001090:C>A	1-94001090-C-A		c.6298G>T	p.Gly2100Trp	ENST00000370225	True	1	1613976	0	8.474561907522191e-07	nfe	False	below_supporting_threshold									False	False	population-compatible; not clinical benign
chr1:94031102:A>T	1-94031102-A-T		c.4147T>A	p.Phe1383Ile	ENST00000370225	True	1	1614140	0	8.474561907522191e-07	nfe	False	below_supporting_threshold									False	False	population-compatible; not clinical benign
chr1:94056608:T>A	1-94056608-T-A		c.2375A>T	p.Lys792Met	ENST00000370225	True	1	1612866	0	8.474561907522191e-07	nfe	False	below_supporting_threshold									False	False	population-compatible; not clinical benign
chr1:94062637:G>T	1-94062637-G-T		c.1877C>A	p.Ala626Glu	ENST00000370225	True	1	1614122	0	8.474561907522191e-07	nfe	False	below_supporting_threshold									False	False	population-compatible; not clinical benign
chr1:94080538:C>G	1-94080538-C-G	rs764915204	c.1039G>C	p.Ala347Pro	ENST00000370225	True	1	1614066	0	8.474561907522191e-07	nfe	False	below_supporting_threshold									False	False	population-compatible; not clinical benign
chr1:94098946:T>G	1-94098946-T-G	rs1401738025	c.616A>C	p.Ser206Arg	ENST00000370225	True	1	1612658	0	8.474561907522191e-07	nfe	False	below_supporting_threshold									False	False	population-compatible; not clinical benign
chr1:94111465:C>T	1-94111465-C-T	rs1156558540	c.275G>A	p.Gly92Glu	ENST00000370225	True	4	1613970	0	8.474561907522191e-07	nfe	False	below_supporting_threshold	875885.0	VUS	1.0	screened	missense	p.G92E	ABCA4_55767839cf284f2b	True	True	True	population-compatible; not clinical benign
chr1:94113050:T>G	1-94113050-T-G		c.83A>C	p.Glu28Ala	ENST00000370225	True	1	1614054	0	8.474561907522191e-07	nfe	False	below_supporting_threshold	4879986.0	VUS	3.0	screened	missense	p.E28A	ABCA4_a86e9d30700c5d80	True	True	True	population-compatible; not clinical benign
chr1:93997932:G>T	1-93997932-G-T	rs61753046	c.6658C>A	p.Gln2220Lys	ENST00000370225	True	1	1614082	0	8.47454754390663e-07	nfe	False	below_supporting_threshold									False	False	population-compatible; not clinical benign
chr1:93998028:A>G	1-93998028-A-G		c.6562T>C	p.Phe2188Leu	ENST00000370225	True	1	1614114	0	8.47454754390663e-07	nfe	False	below_supporting_threshold									False	False	population-compatible; not clinical benign
chr1:94005508:A>T	1-94005508-A-T		c.6080T>A	p.Leu2027His	ENST00000370225	True	1	1614172	0	8.47454754390663e-07	nfe	False	below_supporting_threshold									False	False	population-compatible; not clinical benign
chr1:94008764:T>G	1-94008764-T-G	rs1161119501	c.5822A>C	p.His1941Pro	ENST00000370225	True	1	1614144	0	8.47454754390663e-07	nfe	False	below_supporting_threshold	812196.0	Conflicting	1.0	screened	missense	p.H1941P	ABCA4_d285ed36fc77778e	True	True	True	population-compatible; not clinical benign
chr1:94008782:G>A	1-94008782-G-A	rs1659468190	c.5804C>T	p.Thr1935Ile	ENST00000370225	True	1	1613850	0	8.47454754390663e-07	nfe	False	below_supporting_threshold									False	False	population-compatible; not clinical benign
chr1:94008792:C>T	1-94008792-C-T		c.5794G>A	p.Gly1932Arg	ENST00000370225	True	1	1613916	0	8.47454754390663e-07	nfe	False	below_supporting_threshold									False	False	population-compatible; not clinical benign
chr1:94036743:C>T	1-94036743-C-T	rs776866627	c.3859G>A	p.Ala1287Thr	ENST00000370225	True	1	1614072	0	8.47454754390663e-07	nfe	False	below_supporting_threshold									False	False	population-compatible; not clinical benign
chr1:94060659:A>T	1-94060659-A-T	rs1557786317	c.2038T>A	p.Leu680Met	ENST00000370225	True	1	1614040	0	8.47454754390663e-07	nfe	False	below_supporting_threshold									False	False	population-compatible; not clinical benign
chr1:94098933:A>T	1-94098933-A-T	rs1246844424	c.629T>A	p.Leu210Gln	ENST00000370225	True	1	1613424	0	8.47454754390663e-07	nfe	False	below_supporting_threshold	866421.0	P/LP	3.0	screened	missense	p.L210Q	ABCA4_7c72bbe5b30f1842	True	True	True	population-compatible; not clinical benign
chr1:94108597:G>A	1-94108597-G-A		c.422C>T	p.Thr141Ile	ENST00000370225	True	1	1613678	0	8.47454754390663e-07	nfe	False	below_supporting_threshold									False	False	population-compatible; not clinical benign
chr1:94001053:A>G	1-94001053-A-G		c.6335T>C	p.Val2112Ala	ENST00000370225	True	1	1614058	0	8.474533180339761e-07	nfe	False	below_supporting_threshold									False	False	population-compatible; not clinical benign
chr1:94005441:C>G	1-94005441-C-G		c.6147G>C	p.Lys2049Asn	ENST00000370225	True	1	1614086	0	8.474533180339761e-07	nfe	False	below_supporting_threshold									False	False	population-compatible; not clinical benign
chr1:94008235:C>A	1-94008235-C-A		c.5898G>T	p.Glu1966Asp	ENST00000370225	True	1	1614126	0	8.474533180339761e-07	nfe	False	below_supporting_threshold									False	False	population-compatible; not clinical benign
chr1:94010828:C>T	1-94010828-C-T	rs759813536	c.5686G>A	p.Val1896Ile	ENST00000370225	True	1	1614076	0	8.474533180339761e-07	nfe	False	below_supporting_threshold									False	False	population-compatible; not clinical benign
chr1:94015808:C>T	1-94015808-C-T	rs1659719374	c.5243G>A	p.Gly1748Glu	ENST00000370225	True	1	1613990	0	8.474533180339761e-07	nfe	False	below_supporting_threshold	939852.0	P/LP	1.0	screened	missense	p.G1748E	ABCA4_0adf04fd7d391025	True	True	True	population-compatible; not clinical benign
chr1:94031030:G>T	1-94031030-G-T		c.4219C>A	p.Pro1407Thr	ENST00000370225	True	1	1614052	0	8.474533180339761e-07	nfe	False	below_supporting_threshold									False	False	population-compatible; not clinical benign
chr1:94031048:G>A	1-94031048-G-A	rs1305455299	c.4201C>T	p.Pro1401Ser	ENST00000370225	True	1	1614062	0	8.474533180339761e-07	nfe	False	below_supporting_threshold									False	False	population-compatible; not clinical benign
chr1:94031113:A>G	1-94031113-A-G	rs1660190269	c.4136T>C	p.Leu1379Pro	ENST00000370225	True	1	1614144	0	8.474533180339761e-07	nfe	False	below_supporting_threshold	857770.0	VUS	1.0	screened	missense	p.L1379P	ABCA4_8f3e3c787480b245	True	True	True	population-compatible; not clinical benign
chr1:94048935:T>A	1-94048935-T-A		c.2676A>T	p.Arg892Ser	ENST00000370225	True	1	1614066	0	8.474533180339761e-07	nfe	False	below_supporting_threshold									False	False	population-compatible; not clinical benign
chr1:94048949:T>C	1-94048949-T-C	rs1432916392	c.2662A>G	p.Thr888Ala	ENST00000370225	True	1	1614040	0	8.474533180339761e-07	nfe	False	below_supporting_threshold									False	False	population-compatible; not clinical benign
chr1:94055313:G>C	1-94055313-G-C	rs1660946056	c.2385C>G	p.Ser795Arg	ENST00000370225	True	1	1614006	0	8.474533180339761e-07	nfe	False	below_supporting_threshold	973687.0	P/LP	2.0	screened	missense	p.S795R	ABCA4_c1d6393543811480	True	True	True	population-compatible; not clinical benign
chr1:94063235:A>G	1-94063235-A-G		c.1637T>C	p.Met546Thr	ENST00000370225	True	1	1614134	0	8.474533180339761e-07	nfe	False	below_supporting_threshold									False	False	population-compatible; not clinical benign
chr1:94098945:C>T	1-94098945-C-T	rs1301209205	c.617G>A	p.Ser206Asn	ENST00000370225	True	1	1612738	0	8.474533180339761e-07	nfe	False	below_supporting_threshold									False	False	population-compatible; not clinical benign
chr1:94103103:T>A	1-94103103-T-A	rs758365569	c.482A>T	p.Glu161Val	ENST00000370225	True	1	1614170	0	8.474533180339761e-07	nfe	False	below_supporting_threshold									False	False	population-compatible; not clinical benign
chr1:93998102:T>C	1-93998102-T-C	rs2100988405	c.6488A>G	p.Asp2163Gly	ENST00000370225	True	1	1614162	0	8.474518816821581e-07	nfe	False	below_supporting_threshold									False	False	population-compatible; not clinical benign
chr1:94005506:T>C	1-94005506-T-C		c.6082A>G	p.Thr2028Ala	ENST00000370225	True	1	1614168	0	8.474518816821581e-07	nfe	False	below_supporting_threshold									False	False	population-compatible; not clinical benign
chr1:94005525:A>C	1-94005525-A-C		c.6063T>G	p.Asp2021Glu	ENST00000370225	True	1	1614192	0	8.474518816821581e-07	nfe	False	below_supporting_threshold									False	False	population-compatible; not clinical benign
chr1:94005529:A>T	1-94005529-A-T		c.6059T>A	p.Phe2020Tyr	ENST00000370225	True	1	1614190	0	8.474518816821581e-07	nfe	False	below_supporting_threshold									False	False	population-compatible; not clinical benign
chr1:94007718:T>C	1-94007718-T-C	rs1659429852	c.5921A>G	p.Asn1974Ser	ENST00000370225	True	1	1613994	0	8.474518816821581e-07	nfe	False	below_supporting_threshold	965939.0	P/LP	1.0	screened	missense	p.N1974S	ABCA4_dae702228f64107b	True	True	True	population-compatible; not clinical benign
chr1:94031969:T>C	1-94031969-T-C		c.3937A>G	p.Thr1313Ala	ENST00000370225	True	1	1614052	0	8.474518816821581e-07	nfe	False	below_supporting_threshold									False	False	population-compatible; not clinical benign
chr1:94036751:G>A	1-94036751-G-A	rs1660348291	c.3851C>T	p.Pro1284Leu	ENST00000370225	True	1	1614078	0	8.474518816821581e-07	nfe	False	below_supporting_threshold									False	False	population-compatible; not clinical benign
chr1:94036781:A>T	1-94036781-A-T	rs764435582	c.3821T>A	p.Leu1274Gln	ENST00000370225	True	1	1614184	0	8.474518816821581e-07	nfe	False	below_supporting_threshold									False	False	population-compatible; not clinical benign
chr1:94041279:A>G	1-94041279-A-G		c.3452T>C	p.Phe1151Ser	ENST00000370225	True	1	1614136	0	8.474518816821581e-07	nfe	False	below_supporting_threshold									False	False	population-compatible; not clinical benign
chr1:94041391:T>C	1-94041391-T-C		c.3340A>G	p.Ile1114Val	ENST00000370225	True	1	1613762	0	8.474518816821581e-07	nfe	False	below_supporting_threshold									False	False	population-compatible; not clinical benign
chr1:94043351:C>T	1-94043351-C-T		c.3175G>A	p.Ala1059Thr	ENST00000370225	True	1	1614074	0	8.474518816821581e-07	nfe	False	below_supporting_threshold									False	False	population-compatible; not clinical benign
chr1:94063199:G>T	1-94063199-G-T		c.1673C>A	p.Pro558His	ENST00000370225	True	1	1614092	0	8.474518816821581e-07	nfe	False	below_supporting_threshold									False	False	population-compatible; not clinical benign
chr1:94108706:C>A	1-94108706-C-A		c.313G>T	p.Val105Leu	ENST00000370225	True	1	1613922	0	8.474518816821581e-07	nfe	False	below_supporting_threshold									False	False	population-compatible; not clinical benign
chr1:94113026:A>T	1-94113026-A-T	rs1662654854	c.107T>A	p.Phe36Tyr	ENST00000370225	True	1	1614158	0	8.474518816821581e-07	nfe	False	below_supporting_threshold									False	False	population-compatible; not clinical benign
chr1:93996116:T>C	1-93996116-T-C		c.6809A>G	p.Gln2270Arg	ENST00000370225	True	1	1613952	0	8.47450445335209e-07	nfe	False	below_supporting_threshold									False	False	population-compatible; not clinical benign
chr1:93997968:A>G	1-93997968-A-G	rs1374099516	c.6622T>C	p.Phe2208Leu	ENST00000370225	True	1	1614096	0	8.47450445335209e-07	nfe	False	below_supporting_threshold									False	False	population-compatible; not clinical benign
chr1:94008266:T>C	1-94008266-T-C		c.5867A>G	p.Asp1956Gly	ENST00000370225	True	1	1614120	0	8.47450445335209e-07	nfe	False	below_supporting_threshold									False	False	population-compatible; not clinical benign
chr1:94010815:A>C	1-94010815-A-C		c.5699T>G	p.Phe1900Cys	ENST00000370225	True	1	1614128	0	8.47450445335209e-07	nfe	False	below_supporting_threshold									False	False	population-compatible; not clinical benign
chr1:94010880:G>T	1-94010880-G-T	rs1659525636	c.5634C>A	p.Asn1878Lys	ENST00000370225	True	1	1614076	0	8.47450445335209e-07	nfe	False	below_supporting_threshold									False	False	population-compatible; not clinical benign
chr1:94011291:T>G	1-94011291-T-G		c.5555A>C	p.Gln1852Pro	ENST00000370225	True	1	1614082	0	8.47450445335209e-07	nfe	False	below_supporting_threshold									False	False	population-compatible; not clinical benign
chr1:94031107:G>A	1-94031107-G-A	rs543127423	c.4142C>T	p.Ala1381Val	ENST00000370225	True	1	1614140	0	8.47450445335209e-07	nfe	False	below_supporting_threshold									False	False	population-compatible; not clinical benign
chr1:94041394:T>C	1-94041394-T-C	rs1385693763	c.3337A>G	p.Ile1113Val	ENST00000370225	True	1	1613560	0	8.47450445335209e-07	nfe	False	below_supporting_threshold	1015488.0	VUS	1.0	screened	missense	p.I1113V	ABCA4_40afcf339f471797	True	True	True	population-compatible; not clinical benign
chr1:94055133:C>G	1-94055133-C-G		c.2565G>C	p.Trp855Cys	ENST00000370225	True	1	1614078	0	8.47450445335209e-07	nfe	False	below_supporting_threshold									False	False	population-compatible; not clinical benign
chr1:94055171:T>A	1-94055171-T-A	rs2101067691	c.2527A>T	p.Met843Leu	ENST00000370225	True	1	1613990	0	8.47450445335209e-07	nfe	False	below_supporting_threshold									False	False	population-compatible; not clinical benign
chr1:94055297:C>G	1-94055297-C-G		c.2401G>C	p.Ala801Pro	ENST00000370225	True	1	1614080	0	8.47450445335209e-07	nfe	False	below_supporting_threshold									False	False	population-compatible; not clinical benign
chr1:94063229:C>G	1-94063229-C-G		c.1643G>C	p.Trp548Ser	ENST00000370225	True	1	1614134	0	8.47450445335209e-07	nfe	False	below_supporting_threshold									False	False	population-compatible; not clinical benign
chr1:94079351:A>T	1-94079351-A-T		c.1210T>A	p.Ser404Thr	ENST00000370225	True	1	1614112	0	8.47450445335209e-07	nfe	False	below_supporting_threshold									False	False	population-compatible; not clinical benign
chr1:94080574:G>T	1-94080574-G-T		c.1003C>A	p.Leu335Ile	ENST00000370225	True	1	1614108	0	8.47450445335209e-07	nfe	False	below_supporting_threshold									False	False	population-compatible; not clinical benign
chr1:94098949:A>G	1-94098949-A-G		c.613T>C	p.Cys205Arg	ENST00000370225	True	1	1612496	0	8.47450445335209e-07	nfe	False	below_supporting_threshold	2111369.0	P/LP	1.0	screened	missense	p.C205R	ABCA4_679d2490ac6f8974	True	True	True	population-compatible; not clinical benign
chr1:94111537:G>T	1-94111537-G-T		c.203C>A	p.Pro68Gln	ENST00000370225	True	1	1614204	0	8.47450445335209e-07	nfe	False	below_supporting_threshold									False	False	population-compatible; not clinical benign
chr1:94113013:G>C	1-94113013-G-C	rs1404664758	c.120C>G	p.Ile40Met	ENST00000370225	True	1	1614066	0	8.47450445335209e-07	nfe	False	below_supporting_threshold									False	False	population-compatible; not clinical benign
chr1:94113039:G>A	1-94113039-G-A		c.94C>T	p.Pro32Ser	ENST00000370225	True	1	1614114	0	8.47450445335209e-07	nfe	False	below_supporting_threshold									False	False	population-compatible; not clinical benign
chr1:94007727:A>G	1-94007727-A-G		c.5912T>C	p.Leu1971Pro	ENST00000370225	True	1	1614046	0	8.474490089931289e-07	nfe	False	below_supporting_threshold									False	False	population-compatible; not clinical benign
chr1:94031047:G>A	1-94031047-G-A		c.4202C>T	p.Pro1401Leu	ENST00000370225	True	1	1614142	0	8.474490089931289e-07	nfe	False	below_supporting_threshold									False	False	population-compatible; not clinical benign
chr1:94031081:G>A	1-94031081-G-A		c.4168C>T	p.Leu1390Phe	ENST00000370225	True	1	1614144	0	8.474490089931289e-07	nfe	False	below_supporting_threshold									False	False	population-compatible; not clinical benign
chr1:94031081:G>T	1-94031081-G-T	rs750384181	c.4168C>A	p.Leu1390Ile	ENST00000370225	True	1	1614144	0	8.474490089931289e-07	nfe	False	below_supporting_threshold									False	False	population-compatible; not clinical benign
chr1:94031096:A>T	1-94031096-A-T	rs758424704	c.4153T>A	p.Phe1385Ile	ENST00000370225	True	1	1614164	0	8.474490089931289e-07	nfe	False	below_supporting_threshold									False	False	population-compatible; not clinical benign
chr1:94032028:T>A	1-94032028-T-A		c.3878A>T	p.Lys1293Ile	ENST00000370225	True	1	1612298	0	8.474490089931289e-07	nfe	False	below_supporting_threshold									False	False	population-compatible; not clinical benign
chr1:94055215:G>C	1-94055215-G-C		c.2483C>G	p.Pro828Arg	ENST00000370225	True	1	1614096	0	8.474490089931289e-07	nfe	False	below_supporting_threshold									False	False	population-compatible; not clinical benign
chr1:94060553:A>C	1-94060553-A-C		c.2144T>G	p.Leu715Arg	ENST00000370225	True	1	1614050	0	8.474490089931289e-07	nfe	False	below_supporting_threshold									False	False	population-compatible; not clinical benign
chr1:94060556:A>T	1-94060556-A-T		c.2141T>A	p.Leu714His	ENST00000370225	True	1	1614042	0	8.474490089931289e-07	nfe	False	below_supporting_threshold									False	False	population-compatible; not clinical benign
chr1:94063166:T>C	1-94063166-T-C	rs1661176744	c.1706A>G	p.Tyr569Cys	ENST00000370225	True	1	1614178	0	8.474490089931289e-07	nfe	False	below_supporting_threshold	1420472.0	VUS	1.0	screened	missense	p.Y569C	ABCA4_ae30d2eb7a8aeac0	True	True	True	population-compatible; not clinical benign
chr1:94063200:G>C	1-94063200-G-C		c.1672C>G	p.Pro558Ala	ENST00000370225	True	1	1614098	0	8.474490089931289e-07	nfe	False	below_supporting_threshold									False	False	population-compatible; not clinical benign
chr1:94098807:T>C	1-94098807-T-C		c.755A>G	p.Lys252Arg	ENST00000370225	True	1	1614158	0	8.474490089931289e-07	nfe	False	below_supporting_threshold									False	False	population-compatible; not clinical benign
chr1:94098810:A>C	1-94098810-A-C	rs1167524755	c.752T>G	p.Phe251Cys	ENST00000370225	True	1	1614168	0	8.474490089931289e-07	nfe	False	below_supporting_threshold									False	False	population-compatible; not clinical benign
chr1:94108631:G>A	1-94108631-G-A		c.388C>T	p.His130Tyr	ENST00000370225	True	1	1613838	0	8.474490089931289e-07	nfe	False	below_supporting_threshold									False	False	population-compatible; not clinical benign
chr1:94111492:T>C	1-94111492-T-C		c.248A>G	p.Gln83Arg	ENST00000370225	True	1	1614186	0	8.474490089931289e-07	nfe	False	below_supporting_threshold									False	False	population-compatible; not clinical benign
chr1:94111517:A>G	1-94111517-A-G	rs61748526	c.223T>C	p.Cys75Arg	ENST00000370225	True	2	1614202	0	8.474490089931289e-07	nfe	False	below_supporting_threshold	1054759.0	P/LP	1.0	screened	missense	p.C75R	ABCA4_6447182fc34b4819	True	True	True	population-compatible; not clinical benign
chr1:94111522:A>G	1-94111522-A-G	rs997726534	c.218T>C	p.Ile73Thr	ENST00000370225	True	1	1614184	0	8.474490089931289e-07	nfe	False	below_supporting_threshold									False	False	population-compatible; not clinical benign
chr1:94113014:A>G	1-94113014-A-G	rs772400085	c.119T>C	p.Ile40Thr	ENST00000370225	True	1	1614144	0	8.474490089931289e-07	nfe	False	below_supporting_threshold									False	False	population-compatible; not clinical benign
chr1:94113014:A>T	1-94113014-A-T	rs772400085	c.119T>A	p.Ile40Asn	ENST00000370225	True	1	1614144	0	8.474490089931289e-07	nfe	False	below_supporting_threshold									False	False	population-compatible; not clinical benign
chr1:94113023:A>G	1-94113023-A-G	rs2101166972	c.110T>C	p.Leu37Pro	ENST00000370225	True	1	1614198	0	8.474490089931289e-07	nfe	False	below_supporting_threshold	1492703.0	VUS	1.0	screened	missense	p.L37P	ABCA4_0167c92edb4599d7	True	True	True	population-compatible; not clinical benign
chr1:94010802:T>A	1-94010802-T-A		c.5712A>T	p.Gln1904His	ENST00000370225	True	1	1614110	0	8.474475726559177e-07	nfe	False	below_supporting_threshold									False	False	population-compatible; not clinical benign
chr1:94014575:T>C	1-94014575-T-C	rs1440037162	c.5428A>G	p.Thr1810Ala	ENST00000370225	True	1	1614014	0	8.474475726559177e-07	nfe	False	below_supporting_threshold									False	False	population-compatible; not clinical benign
chr1:94031048:G>T	1-94031048-G-T	rs1305455299	c.4201C>A	p.Pro1401Thr	ENST00000370225	True	1	1613944	0	8.474475726559177e-07	nfe	False	below_supporting_threshold									False	False	population-compatible; not clinical benign
chr1:94031921:G>A	1-94031921-G-A	rs1660216923	c.3985C>T	p.Pro1329Ser	ENST00000370225	True	1	1614154	0	8.474475726559177e-07	nfe	False	below_supporting_threshold									False	False	population-compatible; not clinical benign
chr1:94041238:T>C	1-94041238-T-C		c.3493A>G	p.Asn1165Asp	ENST00000370225	True	1	1614110	0	8.474475726559177e-07	nfe	False	below_supporting_threshold									False	False	population-compatible; not clinical benign
chr1:94041319:G>C	1-94041319-G-C		c.3412C>G	p.Leu1138Val	ENST00000370225	True	1	1614122	0	8.474475726559177e-07	nfe	False	below_supporting_threshold									False	False	population-compatible; not clinical benign
chr1:94046995:G>C	1-94046995-G-C	rs751222829	c.2842C>G	p.Arg948Gly	ENST00000370225	True	1	1614098	0	8.474475726559177e-07	nfe	False	below_supporting_threshold	4875141.0	VUS	1.0	screened	missense	p.R948G	ABCA4_cc450bc17f6ba1b6	True	True	True	population-compatible; not clinical benign
chr1:94047057:G>A	1-94047057-G-A		c.2780C>T	p.Pro927Leu	ENST00000370225	True	1	1614096	0	8.474475726559177e-07	nfe	False	below_supporting_threshold									False	False	population-compatible; not clinical benign
chr1:94055180:T>G	1-94055180-T-G	rs1469199783	c.2518A>C	p.Met840Leu	ENST00000370225	True	1	1614160	0	8.474475726559177e-07	nfe	False	below_supporting_threshold									False	False	population-compatible; not clinical benign
chr1:94060680:T>C	1-94060680-T-C	rs1661098386	c.2017A>G	p.Ser673Gly	ENST00000370225	True	1	1614142	0	8.474475726559177e-07	nfe	False	below_supporting_threshold									False	False	population-compatible; not clinical benign
chr1:94077752:C>A	1-94077752-C-A		c.1492G>T	p.Asp498Tyr	ENST00000370225	True	1	1614144	0	8.474475726559177e-07	nfe	False	below_supporting_threshold									False	False	population-compatible; not clinical benign
chr1:94080539:C>G	1-94080539-C-G		c.1038G>C	p.Lys346Asn	ENST00000370225	True	1	1614048	0	8.474475726559177e-07	nfe	False	below_supporting_threshold									False	False	population-compatible; not clinical benign
chr1:94080552:T>C	1-94080552-T-C		c.1025A>G	p.Asp342Gly	ENST00000370225	True	1	1614158	0	8.474475726559177e-07	nfe	False	below_supporting_threshold									False	False	population-compatible; not clinical benign
chr1:94098871:A>G	1-94098871-A-G		c.691T>C	p.Ser231Pro	ENST00000370225	True	1	1614102	0	8.474475726559177e-07	nfe	False	below_supporting_threshold									False	False	population-compatible; not clinical benign
chr1:94103017:G>C	1-94103017-G-C		c.568C>G	p.Gln190Glu	ENST00000370225	True	1	1614174	0	8.474475726559177e-07	nfe	False	below_supporting_threshold									False	False	population-compatible; not clinical benign
chr1:94113025:A>C	1-94113025-A-C		c.108T>G	p.Phe36Leu	ENST00000370225	True	1	1614200	0	8.474475726559177e-07	nfe	False	below_supporting_threshold									False	False	population-compatible; not clinical benign
chr1:93996171:G>T	1-93996171-G-T		c.6754C>A	p.Gln2252Lys	ENST00000370225	True	1	1613992	0	8.474461363235753e-07	nfe	False	below_supporting_threshold									False	False	population-compatible; not clinical benign
chr1:94001946:T>C	1-94001946-T-C		c.6194A>G	p.Asp2065Gly	ENST00000370225	True	1	1614144	0	8.474461363235753e-07	nfe	False	below_supporting_threshold									False	False	population-compatible; not clinical benign
chr1:94008242:G>A	1-94008242-G-A	rs753741017	c.5891C>T	p.Pro1964Leu	ENST00000370225	True	1	1614154	0	8.474461363235753e-07	nfe	False	below_supporting_threshold									False	False	population-compatible; not clinical benign
chr1:94011324:A>G	1-94011324-A-G		c.5522T>C	p.Leu1841Pro	ENST00000370225	True	1	1614096	0	8.474461363235753e-07	nfe	False	below_supporting_threshold									False	False	population-compatible; not clinical benign
chr1:94031915:C>T	1-94031915-C-T		c.3991G>A	p.Gly1331Ser	ENST00000370225	True	1	1614126	0	8.474461363235753e-07	nfe	False	below_supporting_threshold									False	False	population-compatible; not clinical benign
chr1:94031998:C>T	1-94031998-C-T	rs946827466	c.3908G>A	p.Cys1303Tyr	ENST00000370225	True	1	1613700	0	8.474461363235753e-07	nfe	False	below_supporting_threshold									False	False	population-compatible; not clinical benign
chr1:94036748:A>C	1-94036748-A-C		c.3854T>G	p.Leu1285Arg	ENST00000370225	True	1	1614178	0	8.474461363235753e-07	nfe	False	below_supporting_threshold									False	False	population-compatible; not clinical benign
chr1:94036776:C>T	1-94036776-C-T	rs1412990028	c.3826G>A	p.Val1276Ile	ENST00000370225	True	1	1614116	0	8.474461363235753e-07	nfe	False	below_supporting_threshold									False	False	population-compatible; not clinical benign
chr1:94041286:T>C	1-94041286-T-C	rs761915394	c.3445A>G	p.Asn1149Asp	ENST00000370225	True	1	1614116	0	8.474461363235753e-07	nfe	False	below_supporting_threshold									False	False	population-compatible; not clinical benign
chr1:94041310:A>G	1-94041310-A-G		c.3421T>C	p.Ser1141Pro	ENST00000370225	True	1	1614122	0	8.474461363235753e-07	nfe	False	below_supporting_threshold									False	False	population-compatible; not clinical benign
chr1:94055237:A>C	1-94055237-A-C		c.2461T>G	p.Trp821Gly	ENST00000370225	True	1	1614184	0	8.474461363235753e-07	nfe	False	below_supporting_threshold									False	False	population-compatible; not clinical benign
chr1:94056689:C>G	1-94056689-C-G	rs61749429	c.2294G>C	p.Ser765Thr	ENST00000370225	True	1	1614150	0	8.474461363235753e-07	nfe	False	below_supporting_threshold	813130.0	P/LP	2.0	screened	missense	p.S765T	ABCA4_937d3aaad36295db	True	True	True	population-compatible; not clinical benign
chr1:94056702:C>T	1-94056702-C-T	rs1660993248	c.2281G>A	p.Ala761Thr	ENST00000370225	True	1	1614138	0	8.474461363235753e-07	nfe	False	below_supporting_threshold									False	False	population-compatible; not clinical benign
chr1:94060686:C>A	1-94060686-C-A		c.2011G>T	p.Val671Leu	ENST00000370225	True	1	1614152	0	8.474461363235753e-07	nfe	False	below_supporting_threshold									False	False	population-compatible; not clinical benign
chr1:94060692:T>C	1-94060692-T-C	rs1037340485	c.2005A>G	p.Met669Val	ENST00000370225	True	1	1614096	0	8.474461363235753e-07	nfe	False	below_supporting_threshold									False	False	population-compatible; not clinical benign
chr1:94063181:G>A	1-94063181-G-A	rs1455968367	c.1691C>T	p.Pro564Leu	ENST00000370225	True	1	1614006	0	8.474461363235753e-07	nfe	False	below_supporting_threshold									False	False	population-compatible; not clinical benign
chr1:94063230:A>G	1-94063230-A-G		c.1642T>C	p.Trp548Arg	ENST00000370225	True	1	1614158	0	8.474461363235753e-07	nfe	False	below_supporting_threshold									False	False	population-compatible; not clinical benign
chr1:94080508:C>T	1-94080508-C-T		c.1069G>A	p.Asp357Asn	ENST00000370225	True	1	1614164	0	8.474461363235753e-07	nfe	False	below_supporting_threshold									False	False	population-compatible; not clinical benign
chr1:94080598:G>A	1-94080598-G-A		c.979C>T	p.Pro327Ser	ENST00000370225	True	1	1614072	0	8.474461363235753e-07	nfe	False	below_supporting_threshold									False	False	population-compatible; not clinical benign
chr1:94080657:C>G	1-94080657-C-G		c.920G>C	p.Gly307Ala	ENST00000370225	True	1	1614120	0	8.474461363235753e-07	nfe	False	below_supporting_threshold									False	False	population-compatible; not clinical benign
chr1:94080662:C>G	1-94080662-C-G		c.915G>C	p.Gln305His	ENST00000370225	True	1	1614140	0	8.474461363235753e-07	nfe	False	below_supporting_threshold									False	False	population-compatible; not clinical benign
chr1:94098918:A>G	1-94098918-A-G		c.644T>C	p.Ile215Thr	ENST00000370225	True	1	1613770	0	8.474461363235753e-07	nfe	False	below_supporting_threshold									False	False	population-compatible; not clinical benign
chr1:94111471:G>A	1-94111471-G-A		c.269C>T	p.Ser90Phe	ENST00000370225	True	1	1614198	0	8.474461363235753e-07	nfe	False	below_supporting_threshold									False	False	population-compatible; not clinical benign
chr1:93997995:T>C	1-93997995-T-C	rs1357360122	c.6595A>G	p.Arg2199Gly	ENST00000370225	True	1	1614032	0	8.474446999961017e-07	nfe	False	below_supporting_threshold									False	False	population-compatible; not clinical benign
chr1:94001986:T>A	1-94001986-T-A		c.6154A>T	p.Asn2052Tyr	ENST00000370225	True	1	1614100	0	8.474446999961017e-07	nfe	False	below_supporting_threshold									False	False	population-compatible; not clinical benign
chr1:94010857:C>G	1-94010857-C-G		c.5657G>C	p.Gly1886Ala	ENST00000370225	True	1	1614108	0	8.474446999961017e-07	nfe	False	below_supporting_threshold									False	False	population-compatible; not clinical benign
chr1:94011305:G>C	1-94011305-G-C		c.5541C>G	p.Asp1847Glu	ENST00000370225	True	1	1614122	0	8.474446999961017e-07	nfe	False	below_supporting_threshold									False	False	population-compatible; not clinical benign
chr1:94011349:G>A	1-94011349-G-A	rs1659541998	c.5497C>T	p.Leu1833Phe	ENST00000370225	True	1	1613986	0	8.474446999961017e-07	nfe	False	below_supporting_threshold									False	False	population-compatible; not clinical benign
chr1:94036775:A>C	1-94036775-A-C		c.3827T>G	p.Val1276Gly	ENST00000370225	True	1	1614126	0	8.474446999961017e-07	nfe	False	below_supporting_threshold									False	False	population-compatible; not clinical benign
chr1:94041313:A>C	1-94041313-A-C		c.3418T>G	p.Cys1140Gly	ENST00000370225	True	1	1614160	0	8.474446999961017e-07	nfe	False	below_supporting_threshold									False	False	population-compatible; not clinical benign
chr1:94041330:G>A	1-94041330-G-A		c.3401C>T	p.Ala1134Val	ENST00000370225	True	1	1614146	0	8.474446999961017e-07	nfe	False	below_supporting_threshold									False	False	population-compatible; not clinical benign
chr1:94041330:G>T	1-94041330-G-T	rs754164108	c.3401C>A	p.Ala1134Asp	ENST00000370225	True	1	1614146	0	8.474446999961017e-07	nfe	False	below_supporting_threshold									False	False	population-compatible; not clinical benign
chr1:94041343:T>G	1-94041343-T-G		c.3388A>C	p.Ile1130Leu	ENST00000370225	True	1	1614122	0	8.474446999961017e-07	nfe	False	below_supporting_threshold									False	False	population-compatible; not clinical benign
chr1:94044743:A>G	1-94044743-A-G	rs281865400	c.2920T>C	p.Ser974Pro	ENST00000370225	True	1	1614054	0	8.474446999961017e-07	nfe	False	below_supporting_threshold	99175.0	VUS	2.0	screened	missense	p.S974P	ABCA4_560bde23a8b01c6d	True	True	True	population-compatible; not clinical benign
chr1:94046928:G>A	1-94046928-G-A	rs1660700107	c.2909C>T	p.Thr970Ile	ENST00000370225	True	1	1614124	0	8.474446999961017e-07	nfe	False	below_supporting_threshold	1042099.0	P/LP	1.0	screened	missense	p.T970I	ABCA4_c315971a3afc6508	True	True	True	population-compatible; not clinical benign
chr1:94046928:G>C	1-94046928-G-C		c.2909C>G	p.Thr970Ser	ENST00000370225	True	1	1614124	0	8.474446999961017e-07	nfe	False	below_supporting_threshold									False	False	population-compatible; not clinical benign
chr1:94047027:A>T	1-94047027-A-T		c.2810T>A	p.Ile937Asn	ENST00000370225	True	1	1614144	0	8.474446999961017e-07	nfe	False	below_supporting_threshold									False	False	population-compatible; not clinical benign
chr1:94055284:C>T	1-94055284-C-T	rs1660944703	c.2414G>A	p.Gly805Asp	ENST00000370225	True	1	1614082	0	8.474446999961017e-07	nfe	False	below_supporting_threshold	1393259.0	VUS	1.0	screened	missense	p.G805D	ABCA4_ead2e8e8460eb8b9	True	True	True	population-compatible; not clinical benign
chr1:94055303:G>C	1-94055303-G-C		c.2395C>G	p.Pro799Ala	ENST00000370225	True	1	1614106	0	8.474446999961017e-07	nfe	False	below_supporting_threshold									False	False	population-compatible; not clinical benign
chr1:94062725:G>A	1-94062725-G-A	rs61751393	c.1789C>T	p.Pro597Ser	ENST00000370225	True	2	1614072	0	8.474446999961017e-07	nfe	False	below_supporting_threshold	99080.0	P/LP	1.0	screened	missense	p.P597S	ABCA4_81bbc09f241bdbaa	True	True	True	population-compatible; not clinical benign
chr1:94063157:C>G	1-94063157-C-G	rs61748559	c.1715G>C	p.Arg572Pro	ENST00000370225	True	1	1614118	0	8.474446999961017e-07	nfe	False	below_supporting_threshold	99073.0	P/LP	3.0	screened	missense	p.R572P	ABCA4_22d4d64751bac206	True	True	True	population-compatible; not clinical benign
chr1:94063173:C>A	1-94063173-C-A		c.1699G>T	p.Val567Leu	ENST00000370225	True	1	1614084	0	8.474446999961017e-07	nfe	False	below_supporting_threshold									False	False	population-compatible; not clinical benign
chr1:94063202:T>A	1-94063202-T-A		c.1670A>T	p.Tyr557Phe	ENST00000370225	True	1	1614156	0	8.474446999961017e-07	nfe	False	below_supporting_threshold	3282765.0	VUS	1.0	screened	missense	p.Y557F	ABCA4_92c340a5f516070c	True	True	True	population-compatible; not clinical benign
chr1:94077745:C>G	1-94077745-C-G	rs1204946868	c.1499G>C	p.Arg500Thr	ENST00000370225	True	1	1614170	0	8.474446999961017e-07	nfe	False	below_supporting_threshold									False	False	population-compatible; not clinical benign
chr1:94077762:C>T	1-94077762-C-T		c.1482G>A	p.Met494Ile	ENST00000370225	True	1	1614160	0	8.474446999961017e-07	nfe	False	below_supporting_threshold	2003853.0	VUS	1.0	screened	missense	p.M494I	ABCA4_7294f2a199b44134	True	True	True	population-compatible; not clinical benign
chr1:94098822:T>A	1-94098822-T-A	rs62645950	c.740A>T	p.Asn247Ile	ENST00000370225	True	1	1614166	0	8.474446999961017e-07	nfe	False	below_supporting_threshold	99502.0	Other	0.0	screened	missense	p.N247I	ABCA4_06f70a9c0d62a9f2	True	True	True	population-compatible; not clinical benign
chr1:94098840:T>C	1-94098840-T-C	rs1662208543	c.722A>G	p.Glu241Gly	ENST00000370225	True	1	1614008	0	8.474446999961017e-07	nfe	False	below_supporting_threshold									False	False	population-compatible; not clinical benign
chr1:94098882:T>G	1-94098882-T-G		c.680A>C	p.Tyr227Ser	ENST00000370225	True	1	1614090	0	8.474446999961017e-07	nfe	False	below_supporting_threshold									False	False	population-compatible; not clinical benign
chr1:94098918:A>T	1-94098918-A-T		c.644T>A	p.Ile215Asn	ENST00000370225	True	1	1613772	0	8.474446999961017e-07	nfe	False	below_supporting_threshold									False	False	population-compatible; not clinical benign
chr1:94103026:G>T	1-94103026-G-T		c.559C>A	p.Arg187Ser	ENST00000370225	True	1	1614166	0	8.474446999961017e-07	nfe	False	below_supporting_threshold									False	False	population-compatible; not clinical benign
chr1:94103072:G>C	1-94103072-G-C		c.513C>G	p.Ile171Met	ENST00000370225	True	1	1614184	0	8.474446999961017e-07	nfe	False	below_supporting_threshold									False	False	population-compatible; not clinical benign
chr1:94108616:A>G	1-94108616-A-G		c.403T>C	p.Phe135Leu	ENST00000370225	True	1	1613814	0	8.474446999961017e-07	nfe	False	below_supporting_threshold									False	False	population-compatible; not clinical benign
chr1:94113044:A>C	1-94113044-A-C		c.89T>G	p.Val30Gly	ENST00000370225	True	1	1614170	0	8.474446999961017e-07	nfe	False	below_supporting_threshold									False	False	population-compatible; not clinical benign
chr1:93996129:C>T	1-93996129-C-T	rs764794519	c.6796G>A	p.Gly2266Arg	ENST00000370225	True	1	1614012	0	8.47443263673497e-07	nfe	False	below_supporting_threshold									False	False	population-compatible; not clinical benign
chr1:94000864:T>C	1-94000864-T-C	rs1345664981	c.6451A>G	p.Met2151Val	ENST00000370225	True	2	1614174	0	8.47443263673497e-07	nfe	False	below_supporting_threshold									False	False	population-compatible; not clinical benign
chr1:94007691:T>C	1-94007691-T-C		c.5948A>G	p.Lys1983Arg	ENST00000370225	True	1	1614084	0	8.47443263673497e-07	nfe	False	below_supporting_threshold									False	False	population-compatible; not clinical benign
chr1:94011337:G>T	1-94011337-G-T	rs1321639616	c.5509C>A	p.Pro1837Thr	ENST00000370225	True	1	1614126	0	8.47443263673497e-07	nfe	False	below_supporting_threshold									False	False	population-compatible; not clinical benign
chr1:94014674:T>C	1-94014674-T-C		c.5329A>G	p.Met1777Val	ENST00000370225	True	1	1614162	0	8.47443263673497e-07	nfe	False	below_supporting_threshold	3544463.0	Conflicting	1.0	screened	missense	p.M1777V	ABCA4_cd0486660044adf9	True	True	True	population-compatible; not clinical benign
chr1:94015793:G>T	1-94015793-G-T		c.5258C>A	p.Ala1753Asp	ENST00000370225	True	1	1614010	0	8.47443263673497e-07	nfe	False	below_supporting_threshold									False	False	population-compatible; not clinical benign
chr1:94021861:G>C	1-94021861-G-C		c.4758C>G	p.Ile1586Met	ENST00000370225	True	1	1614084	0	8.47443263673497e-07	nfe	False	below_supporting_threshold									False	False	population-compatible; not clinical benign
chr1:94030453:G>T	1-94030453-G-T	rs533422156	c.4327C>A	p.Arg1443Ser	ENST00000370225	True	1	1614192	0	8.47443263673497e-07	nfe	False	below_supporting_threshold	4688251.0	VUS	1.0	screened	missense	p.R1443S	ABCA4_2d2ad9a90f10589f	True	True	True	population-compatible; not clinical benign
chr1:94031065:G>C	1-94031065-G-C	rs1047379	c.4184C>G	p.Pro1395Arg	ENST00000370225	True	1	1614150	0	8.47443263673497e-07	nfe	False	below_supporting_threshold									False	False	population-compatible; not clinical benign
chr1:94031908:G>T	1-94031908-G-T		c.3998C>A	p.Pro1333His	ENST00000370225	True	1	1614164	0	8.47443263673497e-07	nfe	False	below_supporting_threshold									False	False	population-compatible; not clinical benign
chr1:94031984:C>G	1-94031984-C-G	rs1485892324	c.3922G>C	p.Glu1308Gln	ENST00000370225	True	2	1614000	0	8.47443263673497e-07	nfe	False	below_supporting_threshold									False	False	population-compatible; not clinical benign
chr1:94047047:G>C	1-94047047-G-C	rs756961160	c.2790C>G	p.Cys930Trp	ENST00000370225	True	1	1613952	0	8.47443263673497e-07	nfe	False	below_supporting_threshold									False	False	population-compatible; not clinical benign
chr1:94055153:C>T	1-94055153-C-T		c.2545G>A	p.Val849Ile	ENST00000370225	True	1	1614156	0	8.47443263673497e-07	nfe	False	below_supporting_threshold									False	False	population-compatible; not clinical benign
chr1:94060643:G>A	1-94060643-G-A	rs1661097165	c.2054C>T	p.Thr685Ile	ENST00000370225	True	1	1614092	0	8.47443263673497e-07	nfe	False	below_supporting_threshold	1369466.0	VUS	2.0	screened	missense	p.T685I	ABCA4_3e1342a77b4726ca	True	True	True	population-compatible; not clinical benign
chr1:94077791:C>T	1-94077791-C-T	rs142362763	c.1453G>A	p.Gly485Ser	ENST00000370225	True	1	1614152	0	8.47443263673497e-07	nfe	False	below_supporting_threshold	1364765.0	VUS	1.0	screened	missense	p.G485S	ABCA4_e5fb59af149c550e	True	True	True	population-compatible; not clinical benign
chr1:94098850:G>C	1-94098850-G-C	rs1356104318	c.712C>G	p.Gln238Glu	ENST00000370225	True	1	1614148	0	8.47443263673497e-07	nfe	False	below_supporting_threshold									False	False	population-compatible; not clinical benign
chr1:94098852:A>G	1-94098852-A-G	rs1206183260	c.710T>C	p.Leu237Pro	ENST00000370225	True	1	1614158	0	8.47443263673497e-07	nfe	False	below_supporting_threshold									False	False	population-compatible; not clinical benign
chr1:94098870:G>A	1-94098870-G-A	rs1425185788	c.692C>T	p.Ser231Phe	ENST00000370225	True	1	1614122	0	8.47443263673497e-07	nfe	False	below_supporting_threshold	1037591.0	VUS	1.0	screened	missense	p.S231F	ABCA4_c7c2e0b2b3e17315	True	True	True	population-compatible; not clinical benign
chr1:94108640:T>A	1-94108640-T-A	rs1438605451	c.379A>T	p.Thr127Ser	ENST00000370225	True	1	1613914	0	8.47443263673497e-07	nfe	False	below_supporting_threshold									False	False	population-compatible; not clinical benign
chr1:93997905:G>C	1-93997905-G-C		c.6685C>G	p.Leu2229Val	ENST00000370225	True	1	1614118	0	8.474418273557612e-07	nfe	False	below_supporting_threshold									False	False	population-compatible; not clinical benign
chr1:93997958:G>T	1-93997958-G-T		c.6632C>A	p.Ser2211Tyr	ENST00000370225	True	2	1614148	0	8.474418273557612e-07	nfe	False	below_supporting_threshold	3281928.0	VUS	1.0	wt_equivalent	missense	p.S2211Y	ABCA4_WT	False	True	True	population-compatible; not clinical benign
chr1:94014646:T>A	1-94014646-T-A		c.5357A>T	p.Asp1786Val	ENST00000370225	True	1	1614160	0	8.474418273557612e-07	nfe	False	below_supporting_threshold									False	False	population-compatible; not clinical benign
chr1:94021241:C>T	1-94021241-C-T	rs756194251	c.5017G>A	p.Val1673Met	ENST00000370225	True	1	1614178	0	8.474418273557612e-07	nfe	False	below_supporting_threshold									False	False	population-compatible; not clinical benign
chr1:94025016:G>T	1-94025016-G-T	rs1660000690	c.4572C>A	p.Asp1524Glu	ENST00000370225	True	1	1614170	0	8.474418273557612e-07	nfe	False	below_supporting_threshold									False	False	population-compatible; not clinical benign
chr1:94030432:G>A	1-94030432-G-A		c.4348C>T	p.Leu1450Phe	ENST00000370225	True	1	1614178	0	8.474418273557612e-07	nfe	False	below_supporting_threshold									False	False	population-compatible; not clinical benign
chr1:94030458:C>T	1-94030458-C-T		c.4322G>A	p.Gly1441Asp	ENST00000370225	True	1	1614178	0	8.474418273557612e-07	nfe	False	below_supporting_threshold									False	False	population-compatible; not clinical benign
chr1:94030503:T>C	1-94030503-T-C		c.4277A>G	p.Gln1426Arg	ENST00000370225	True	1	1614216	0	8.474418273557612e-07	nfe	False	below_supporting_threshold									False	False	population-compatible; not clinical benign
chr1:94031902:G>T	1-94031902-G-T		c.4004C>A	p.Pro1335Gln	ENST00000370225	True	1	1614152	0	8.474418273557612e-07	nfe	False	below_supporting_threshold									False	False	population-compatible; not clinical benign
chr1:94041386:C>T	1-94041386-C-T	rs372948027	c.3345G>A	p.Met1115Ile	ENST00000370225	True	1	1613844	0	8.474418273557612e-07	nfe	False	below_supporting_threshold									False	False	population-compatible; not clinical benign
chr1:94043426:A>T	1-94043426-A-T	rs748585116	c.3100T>A	p.Ser1034Thr	ENST00000370225	True	1	1614052	0	8.474418273557612e-07	nfe	False	below_supporting_threshold	874844.0	VUS	2.0	screened	missense	p.S1034T	ABCA4_00d8b7eb3fdea337	True	True	True	population-compatible; not clinical benign
chr1:94043474:G>A	1-94043474-G-A		c.3052C>T	p.Leu1018Phe	ENST00000370225	True	1	1614168	0	8.474418273557612e-07	nfe	False	below_supporting_threshold									False	False	population-compatible; not clinical benign
chr1:94043474:G>C	1-94043474-G-C		c.3052C>G	p.Leu1018Val	ENST00000370225	True	1	1614168	0	8.474418273557612e-07	nfe	False	below_supporting_threshold									False	False	population-compatible; not clinical benign
chr1:94043475:G>T	1-94043475-G-T		c.3051C>A	p.His1017Gln	ENST00000370225	True	1	1614128	0	8.474418273557612e-07	nfe	False	below_supporting_threshold									False	False	population-compatible; not clinical benign
chr1:94046920:A>G	1-94046920-A-G		c.2695T>C	p.Phe899Leu	ENST00000649773	False	1	1614094	0	8.474418273557612e-07	nfe	False	below_supporting_threshold									False	False	population-compatible; not clinical benign
chr1:94047010:G>C	1-94047010-G-C	rs61749446	c.2827C>G	p.Arg943Gly	ENST00000370225	True	1	1614106	0	8.474418273557612e-07	nfe	False	below_supporting_threshold	99161.0	Other	0.0	screened	missense	p.R943G	ABCA4_ecf2b605eb7d5a08	True	True	True	population-compatible; not clinical benign
chr1:94056626:A>G	1-94056626-A-G	rs1660983760	c.2357T>C	p.Met786Thr	ENST00000370225	True	1	1613508	0	8.474418273557612e-07	nfe	False	below_supporting_threshold									False	False	population-compatible; not clinical benign
chr1:94056705:G>C	1-94056705-G-C	rs886046566	c.2278C>G	p.Leu760Val	ENST00000370225	True	1	1614184	0	8.474418273557612e-07	nfe	False	below_supporting_threshold	298257.0	Conflicting	1.0	screened	missense	p.L760V	ABCA4_aa7947ddfc1d47ed	True	True	True	population-compatible; not clinical benign
chr1:94060652:A>T	1-94060652-A-T		c.2045T>A	p.Leu682Gln	ENST00000370225	True	2	1614200	0	8.474418273557612e-07	nfe	False	below_supporting_threshold									False	False	population-compatible; not clinical benign
chr1:94062674:T>A	1-94062674-T-A		c.1840A>T	p.Met614Leu	ENST00000370225	True	1	1614124	0	8.474418273557612e-07	nfe	False	below_supporting_threshold									False	False	population-compatible; not clinical benign
chr1:94063236:T>A	1-94063236-T-A		c.1636A>T	p.Met546Leu	ENST00000370225	True	1	1614122	0	8.474418273557612e-07	nfe	False	below_supporting_threshold									False	False	population-compatible; not clinical benign
chr1:94077805:T>C	1-94077805-T-C		c.1439A>G	p.Asn480Ser	ENST00000370225	True	1	1614196	0	8.474418273557612e-07	nfe	False	below_supporting_threshold									False	False	population-compatible; not clinical benign
chr1:94077869:T>C	1-94077869-T-C		c.1375A>G	p.Thr459Ala	ENST00000370225	True	1	1614220	0	8.474418273557612e-07	nfe	False	below_supporting_threshold									False	False	population-compatible; not clinical benign
chr1:94079342:C>G	1-94079342-C-G		c.1219G>C	p.Ala407Pro	ENST00000370225	True	1	1614130	0	8.474418273557612e-07	nfe	False	below_supporting_threshold									False	False	population-compatible; not clinical benign
chr1:94080555:T>C	1-94080555-T-C	rs2101106686	c.1022A>G	p.Glu341Gly	ENST00000370225	True	1	1614140	0	8.474418273557612e-07	nfe	False	below_supporting_threshold	1457706.0	P/LP	1.0	screened	missense	p.E341G	ABCA4_7fc62fca0b93db94	True	True	True	population-compatible; not clinical benign
chr1:94098939:G>C	1-94098939-G-C		c.623C>G	p.Ala208Gly	ENST00000370225	True	1	1613006	0	8.474418273557612e-07	nfe	False	below_supporting_threshold									False	False	population-compatible; not clinical benign
chr1:94111489:C>A	1-94111489-C-A	rs778817150	c.251G>T	p.Ser84Ile	ENST00000370225	True	1	1614184	0	8.474418273557612e-07	nfe	False	below_supporting_threshold									False	False	population-compatible; not clinical benign
chr1:94121018:A>C	1-94121018-A-C		c.28T>G	p.Leu10Val	ENST00000370225	True	1	1614086	0	8.474418273557612e-07	nfe	False	below_supporting_threshold									False	False	population-compatible; not clinical benign
chr1:93996173:T>C	1-93996173-T-C		c.6752A>G	p.Gln2251Arg	ENST00000370225	True	1	1614020	0	8.474403910428941e-07	nfe	False	below_supporting_threshold									False	False	population-compatible; not clinical benign
chr1:93997946:A>G	1-93997946-A-G	rs1488783322	c.6644T>C	p.Leu2215Pro	ENST00000370225	True	1	1614038	0	8.474403910428941e-07	nfe	False	below_supporting_threshold									False	False	population-compatible; not clinical benign
chr1:93997983:A>G	1-93997983-A-G		c.6607T>C	p.Tyr2203His	ENST00000370225	True	2	1614150	0	8.474403910428941e-07	nfe	False	below_supporting_threshold									False	False	population-compatible; not clinical benign
chr1:94001926:T>C	1-94001926-T-C		c.6214A>G	p.Ser2072Gly	ENST00000370225	True	1	1614186	0	8.474403910428941e-07	nfe	False	below_supporting_threshold	2852398.0	P/LP	1.0	wt_equivalent	missense	p.S2072G	ABCA4_WT	False	True	True	population-compatible; not clinical benign
chr1:94001989:C>A	1-94001989-C-A		c.6151G>T	p.Ala2051Ser	ENST00000370225	True	1	1614162	0	8.474403910428941e-07	nfe	False	below_supporting_threshold									False	False	population-compatible; not clinical benign
chr1:94005475:C>A	1-94005475-C-A		c.6113G>T	p.Arg2038Leu	ENST00000370225	True	1	1614088	0	8.474403910428941e-07	nfe	False	below_supporting_threshold									False	False	population-compatible; not clinical benign
chr1:94010904:G>T	1-94010904-G-T	rs886046560	c.5610C>A	p.Phe1870Leu	ENST00000370225	True	1	1614152	0	8.474403910428941e-07	nfe	False	below_supporting_threshold	298226.0	VUS	1.0	screened	missense	p.F1870L	ABCA4_a1a6c6b77b01f696	True	True	True	population-compatible; not clinical benign
chr1:94011334:G>T	1-94011334-G-T	rs62642562	c.5512C>A	p.His1838Asn	ENST00000370225	True	2	1614120	0	8.474403910428941e-07	nfe	False	below_supporting_threshold	236133.0	P/LP	2.0	screened	missense	p.H1838N	ABCA4_e2a60d76112a88c6	True	True	True	population-compatible; not clinical benign
chr1:94014551:T>G	1-94014551-T-G		c.5452A>C	p.Asn1818His	ENST00000370225	True	1	1614178	0	8.474403910428941e-07	nfe	False	below_supporting_threshold									False	False	population-compatible; not clinical benign
chr1:94014670:A>T	1-94014670-A-T	rs748706582	c.5333T>A	p.Met1778Lys	ENST00000370225	True	1	1614214	0	8.474403910428941e-07	nfe	False	below_supporting_threshold	265997.0	P/LP	1.0	screened	missense	p.M1778K	ABCA4_498b162b9fe222fd	True	True	True	population-compatible; not clinical benign
chr1:94014683:C>T	1-94014683-C-T	rs1659674206	c.5320G>A	p.Val1774Ile	ENST00000370225	True	1	1614168	0	8.474403910428941e-07	nfe	False	below_supporting_threshold									False	False	population-compatible; not clinical benign
chr1:94021292:C>A	1-94021292-C-A	rs758912686	c.4966G>T	p.Val1656Phe	ENST00000370225	True	1	1614176	0	8.474403910428941e-07	nfe	False	below_supporting_threshold	866304.0	VUS	1.0	screened	missense	p.V1656F	ABCA4_9903288481a18261	True	True	True	population-compatible; not clinical benign
chr1:94025007:G>T	1-94025007-G-T	rs1475557615	c.4581C>A	p.Asp1527Glu	ENST00000370225	True	1	1614166	0	8.474403910428941e-07	nfe	False	below_supporting_threshold									False	False	population-compatible; not clinical benign
chr1:94031054:C>G	1-94031054-C-G	rs62642573	c.4195G>C	p.Glu1399Gln	ENST00000370225	True	1	1613868	0	8.474403910428941e-07	nfe	False	below_supporting_threshold									False	False	population-compatible; not clinical benign
chr1:94031056:C>A	1-94031056-C-A		c.4193G>T	p.Gly1398Val	ENST00000370225	True	1	1614040	0	8.474403910428941e-07	nfe	False	below_supporting_threshold									False	False	population-compatible; not clinical benign
chr1:94031922:G>C	1-94031922-G-C		c.3984C>G	p.His1328Gln	ENST00000370225	True	1	1614162	0	8.474403910428941e-07	nfe	False	below_supporting_threshold									False	False	population-compatible; not clinical benign
chr1:94031958:G>C	1-94031958-G-C	rs1660218167	c.3948C>G	p.Asp1316Glu	ENST00000370225	True	1	1613990	0	8.474403910428941e-07	nfe	False	below_supporting_threshold									False	False	population-compatible; not clinical benign
chr1:94031990:G>T	1-94031990-G-T		c.3916C>A	p.Pro1306Thr	ENST00000370225	True	1	1613920	0	8.474403910428941e-07	nfe	False	below_supporting_threshold									False	False	population-compatible; not clinical benign
chr1:94046974:C>G	1-94046974-C-G	rs765680067	c.2863G>C	p.Glu955Gln	ENST00000370225	True	1	1614122	0	8.474403910428941e-07	nfe	False	below_supporting_threshold									False	False	population-compatible; not clinical benign
chr1:94046980:A>G	1-94046980-A-G		c.2857T>C	p.Phe953Leu	ENST00000370225	True	1	1614188	0	8.474403910428941e-07	nfe	False	below_supporting_threshold									False	False	population-compatible; not clinical benign
chr1:94046998:C>T	1-94046998-C-T	rs1324891342	c.2839G>A	p.Asp947Asn	ENST00000370225	True	1	1614038	0	8.474403910428941e-07	nfe	False	below_supporting_threshold									False	False	population-compatible; not clinical benign
chr1:94047006:G>A	1-94047006-G-A		c.2831C>T	p.Pro944Leu	ENST00000370225	True	1	1614148	0	8.474403910428941e-07	nfe	False	below_supporting_threshold									False	False	population-compatible; not clinical benign
chr1:94047007:G>A	1-94047007-G-A	rs1356117539	c.2830C>T	p.Pro944Ser	ENST00000370225	True	1	1614026	0	8.474403910428941e-07	nfe	False	below_supporting_threshold									False	False	population-compatible; not clinical benign
chr1:94055227:A>G	1-94055227-A-G	rs1660942697	c.2471T>C	p.Ile824Thr	ENST00000370225	True	1	1614186	0	8.474403910428941e-07	nfe	False	below_supporting_threshold									False	False	population-compatible; not clinical benign
chr1:94062610:T>C	1-94062610-T-C	rs1176267143	c.1904A>G	p.Gln635Arg	ENST00000370225	True	1	1614134	0	8.474403910428941e-07	nfe	False	below_supporting_threshold									False	False	population-compatible; not clinical benign
chr1:94062650:T>C	1-94062650-T-C		c.1864A>G	p.Ser622Gly	ENST00000370225	True	2	1614142	0	8.474403910428941e-07	nfe	False	below_supporting_threshold									False	False	population-compatible; not clinical benign
chr1:94063143:C>G	1-94063143-C-G		c.1729G>C	p.Val577Leu	ENST00000370225	True	1	1614124	0	8.474403910428941e-07	nfe	False	below_supporting_threshold									False	False	population-compatible; not clinical benign
chr1:94063153:C>T	1-94063153-C-T	rs886044728	c.1719G>A	p.Met573Ile	ENST00000370225	True	1	1614116	0	8.474403910428941e-07	nfe	False	below_supporting_threshold	236085.0	P/LP	1.0	screened	missense	p.M573I	ABCA4_cb68fe59ef7d6902	True	True	True	population-compatible; not clinical benign
chr1:94063301:T>G	1-94063301-T-G		c.1571A>C	p.Lys524Thr	ENST00000370225	True	1	1614104	0	8.474403910428941e-07	nfe	False	below_supporting_threshold									False	False	population-compatible; not clinical benign
chr1:94077746:T>C	1-94077746-T-C	rs767437562	c.1498A>G	p.Arg500Gly	ENST00000370225	True	1	1614146	0	8.474403910428941e-07	nfe	False	below_supporting_threshold									False	False	population-compatible; not clinical benign
chr1:94079399:T>C	1-94079399-T-C		c.1162A>G	p.Arg388Gly	ENST00000370225	True	1	1614144	0	8.474403910428941e-07	nfe	False	below_supporting_threshold									False	False	population-compatible; not clinical benign
chr1:94079446:G>A	1-94079446-G-A		c.1115C>T	p.Ala372Val	ENST00000370225	True	1	1614194	0	8.474403910428941e-07	nfe	False	below_supporting_threshold									False	False	population-compatible; not clinical benign
chr1:94080665:C>T	1-94080665-C-T		c.912G>A	p.Met304Ile	ENST00000370225	True	1	1614144	0	8.474403910428941e-07	nfe	False	below_supporting_threshold									False	False	population-compatible; not clinical benign
chr1:93996135:C>T	1-93996135-C-T		c.6790G>A	p.Ala2264Thr	ENST00000370225	True	1	1614018	0	8.474389547348956e-07	nfe	False	below_supporting_threshold									False	False	population-compatible; not clinical benign
chr1:93997955:G>A	1-93997955-G-A		c.6635C>T	p.Ser2212Phe	ENST00000370225	True	1	1614142	0	8.474389547348956e-07	nfe	False	below_supporting_threshold									False	False	population-compatible; not clinical benign
chr1:94000919:T>G	1-94000919-T-G		c.6396A>C	p.Glu2132Asp	ENST00000370225	True	1	1614184	0	8.474389547348956e-07	nfe	False	below_supporting_threshold									False	False	population-compatible; not clinical benign
chr1:94001024:C>A	1-94001024-C-A		c.6364G>T	p.Ala2122Ser	ENST00000370225	True	1	1614172	0	8.474389547348956e-07	nfe	False	below_supporting_threshold									False	False	population-compatible; not clinical benign
chr1:94005467:C>T	1-94005467-C-T	rs2101000357	c.6121G>A	p.Gly2041Ser	ENST00000370225	True	1	1614140	0	8.474389547348956e-07	nfe	False	below_supporting_threshold	1410089.0	P/LP	3.0	screened	missense	p.G2041S	ABCA4_7e4a9f336ee14453	True	True	True	population-compatible; not clinical benign
chr1:94007692:T>C	1-94007692-T-C	rs1187562067	c.5947A>G	p.Lys1983Glu	ENST00000370225	True	1	1614100	0	8.474389547348956e-07	nfe	False	below_supporting_threshold									False	False	population-compatible; not clinical benign
chr1:94014591:G>C	1-94014591-G-C		c.5412C>G	p.Ile1804Met	ENST00000370225	True	1	1614204	0	8.474389547348956e-07	nfe	False	below_supporting_threshold									False	False	population-compatible; not clinical benign
chr1:94014605:G>C	1-94014605-G-C		c.5398C>G	p.Leu1800Val	ENST00000370225	True	1	1614212	0	8.474389547348956e-07	nfe	False	below_supporting_threshold									False	False	population-compatible; not clinical benign
chr1:94031083:A>G	1-94031083-A-G		c.4166T>C	p.Met1389Thr	ENST00000370225	True	1	1614204	0	8.474389547348956e-07	nfe	False	below_supporting_threshold									False	False	population-compatible; not clinical benign
chr1:94031885:C>T	1-94031885-C-T		c.4021G>A	p.Gly1341Ser	ENST00000370225	True	1	1614184	0	8.474389547348956e-07	nfe	False	below_supporting_threshold									False	False	population-compatible; not clinical benign
chr1:94031905:G>C	1-94031905-G-C		c.4001C>G	p.Pro1334Arg	ENST00000370225	True	1	1614176	0	8.474389547348956e-07	nfe	False	below_supporting_threshold									False	False	population-compatible; not clinical benign
chr1:94037282:C>A	1-94037282-C-A		c.3676G>T	p.Gly1226Cys	ENST00000370225	True	1	1614176	0	8.474389547348956e-07	nfe	False	below_supporting_threshold									False	False	population-compatible; not clinical benign
chr1:94041316:A>G	1-94041316-A-G		c.3415T>C	p.Tyr1139His	ENST00000370225	True	1	1614154	0	8.474389547348956e-07	nfe	False	below_supporting_threshold									False	False	population-compatible; not clinical benign
chr1:94055126:C>A	1-94055126-C-A		c.2572G>T	p.Asp858Tyr	ENST00000370225	True	1	1614100	0	8.474389547348956e-07	nfe	False	below_supporting_threshold									False	False	population-compatible; not clinical benign
chr1:94055167:A>G	1-94055167-A-G		c.2531T>C	p.Leu844Pro	ENST00000370225	True	1	1614152	0	8.474389547348956e-07	nfe	False	below_supporting_threshold									False	False	population-compatible; not clinical benign
chr1:94055172:C>A	1-94055172-C-A		c.2526G>T	p.Met842Ile	ENST00000370225	True	1	1614160	0	8.474389547348956e-07	nfe	False	below_supporting_threshold									False	False	population-compatible; not clinical benign
chr1:94055174:T>C	1-94055174-T-C	rs752950057	c.2524A>G	p.Met842Val	ENST00000370225	True	1	1614008	0	8.474389547348956e-07	nfe	False	below_supporting_threshold									False	False	population-compatible; not clinical benign
chr1:94055246:C>T	1-94055246-C-T		c.2452G>A	p.Gly818Arg	ENST00000370225	True	1	1614176	0	8.474389547348956e-07	nfe	False	below_supporting_threshold	2818781.0	P/LP	1.0	screened	missense	p.G818R	ABCA4_f441820c77ab4515	True	True	True	population-compatible; not clinical benign
chr1:94056653:A>T	1-94056653-A-T	rs2101069681	c.2330T>A	p.Ile777Asn	ENST00000370225	True	1	1613978	0	8.474389547348956e-07	nfe	False	below_supporting_threshold	1307756.0	VUS	2.0	screened	missense	p.I777N	ABCA4_f6c1f9c0b49ef8d0	True	True	True	population-compatible; not clinical benign
chr1:94060569:T>G	1-94060569-T-G		c.2128A>C	p.Met710Leu	ENST00000370225	True	1	1614162	0	8.474389547348956e-07	nfe	False	below_supporting_threshold									False	False	population-compatible; not clinical benign
chr1:94060644:T>C	1-94060644-T-C		c.2053A>G	p.Thr685Ala	ENST00000370225	True	1	1614086	0	8.474389547348956e-07	nfe	False	below_supporting_threshold									False	False	population-compatible; not clinical benign
chr1:94063187:G>C	1-94063187-G-C		c.1685C>G	p.Ser562Cys	ENST00000370225	True	1	1614156	0	8.474389547348956e-07	nfe	False	below_supporting_threshold									False	False	population-compatible; not clinical benign
chr1:94063244:T>C	1-94063244-T-C		c.1628A>G	p.Glu543Gly	ENST00000370225	True	1	1614140	0	8.474389547348956e-07	nfe	False	below_supporting_threshold									False	False	population-compatible; not clinical benign
chr1:94063245:C>T	1-94063245-C-T	rs749347970	c.1627G>A	p.Glu543Lys	ENST00000370225	True	1	1614108	0	8.474389547348956e-07	nfe	False	below_supporting_threshold	1944748.0	VUS	1.0	screened	missense	p.E543K	ABCA4_17c0650d016bcc9c	True	True	True	population-compatible; not clinical benign
chr1:94079322:A>C	1-94079322-A-C		c.1239T>G	p.Asn413Lys	ENST00000370225	True	1	1614156	0	8.474389547348956e-07	nfe	False	below_supporting_threshold									False	False	population-compatible; not clinical benign
chr1:94080672:G>T	1-94080672-G-T		c.905C>A	p.Pro302His	ENST00000370225	True	1	1614026	0	8.474389547348956e-07	nfe	False	below_supporting_threshold									False	False	population-compatible; not clinical benign
chr1:94080700:T>C	1-94080700-T-C	rs1303995370	c.877A>G	p.Met293Val	ENST00000370225	True	1	1614156	0	8.474389547348956e-07	nfe	False	below_supporting_threshold									False	False	population-compatible; not clinical benign
chr1:93996128:C>T	1-93996128-C-T		c.6797G>A	p.Gly2266Glu	ENST00000370225	True	1	1613992	0	8.47437518431766e-07	nfe	False	below_supporting_threshold									False	False	population-compatible; not clinical benign
chr1:93998031:G>T	1-93998031-G-T		c.6559C>A	p.Gln2187Lys	ENST00000370225	True	1	1614190	0	8.47437518431766e-07	nfe	False	below_supporting_threshold									False	False	population-compatible; not clinical benign
chr1:94000839:G>A	1-94000839-G-A	rs1168957685	c.6476C>T	p.Ser2159Phe	ENST00000370225	True	1	1614066	0	8.47437518431766e-07	nfe	False	below_supporting_threshold									False	False	population-compatible; not clinical benign
chr1:94000854:A>G	1-94000854-A-G		c.6461T>C	p.Ile2154Thr	ENST00000370225	True	1	1614216	0	8.47437518431766e-07	nfe	False	below_supporting_threshold									False	False	population-compatible; not clinical benign
chr1:94000860:C>T	1-94000860-C-T		c.6455G>A	p.Gly2152Asp	ENST00000370225	True	1	1614176	0	8.47437518431766e-07	nfe	False	below_supporting_threshold									False	False	population-compatible; not clinical benign
chr1:94001030:C>A	1-94001030-C-A		c.6358G>T	p.Gly2120Trp	ENST00000370225	True	1	1614218	0	8.47437518431766e-07	nfe	False	below_supporting_threshold									False	False	population-compatible; not clinical benign
chr1:94001883:A>G	1-94001883-A-G	rs775204417	c.6257T>C	p.Ile2086Thr	ENST00000370225	True	1	1614212	0	8.47437518431766e-07	nfe	False	below_supporting_threshold									False	False	population-compatible; not clinical benign
chr1:94008278:C>A	1-94008278-C-A		c.5855G>T	p.Ser1952Ile	ENST00000370225	True	1	1614122	0	8.47437518431766e-07	nfe	False	below_supporting_threshold									False	False	population-compatible; not clinical benign
chr1:94010846:A>C	1-94010846-A-C	rs1422282959	c.5668T>G	p.Phe1890Val	ENST00000370225	True	1	1614018	0	8.47437518431766e-07	nfe	False	below_supporting_threshold									False	False	population-compatible; not clinical benign
chr1:94010859:T>A	1-94010859-T-A	rs1471999709	c.5655A>T	p.Glu1885Asp	ENST00000370225	True	1	1613994	0	8.47437518431766e-07	nfe	False	below_supporting_threshold									False	False	population-compatible; not clinical benign
chr1:94014558:T>G	1-94014558-T-G		c.5445A>C	p.Leu1815Phe	ENST00000370225	True	1	1614200	0	8.47437518431766e-07	nfe	False	below_supporting_threshold									False	False	population-compatible; not clinical benign
chr1:94014631:G>C	1-94014631-G-C		c.5372C>G	p.Ala1791Gly	ENST00000370225	True	1	1614206	0	8.47437518431766e-07	nfe	False	below_supporting_threshold									False	False	population-compatible; not clinical benign
chr1:94014669:C>T	1-94014669-C-T	rs1354160676	c.5334G>A	p.Met1778Ile	ENST00000370225	True	1	1614186	0	8.47437518431766e-07	nfe	False	below_supporting_threshold									False	False	population-compatible; not clinical benign
chr1:94021247:T>C	1-94021247-T-C		c.5011A>G	p.Ile1671Val	ENST00000370225	True	1	1614214	0	8.47437518431766e-07	nfe	False	below_supporting_threshold									False	False	population-compatible; not clinical benign
chr1:94021315:C>G	1-94021315-C-G		c.4943G>C	p.Ser1648Thr	ENST00000370225	True	1	1614184	0	8.47437518431766e-07	nfe	False	below_supporting_threshold									False	False	population-compatible; not clinical benign
chr1:94024984:A>G	1-94024984-A-G		c.4604T>C	p.Val1535Ala	ENST00000370225	True	1	1614208	0	8.47437518431766e-07	nfe	False	below_supporting_threshold									False	False	population-compatible; not clinical benign
chr1:94031836:G>T	1-94031836-G-T	rs552517556	c.4070C>A	p.Ala1357Glu	ENST00000370225	True	1	1614124	0	8.47437518431766e-07	nfe	False	below_supporting_threshold	623693.0	P/LP	2.0	screened	missense	p.A1357E	ABCA4_823e3110dc396f12	True	True	True	population-compatible; not clinical benign
chr1:94031972:G>T	1-94031972-G-T	rs1390442032	c.3934C>A	p.Gln1312Lys	ENST00000370225	True	1	1613928	0	8.47437518431766e-07	nfe	False	below_supporting_threshold									False	False	population-compatible; not clinical benign
chr1:94031977:G>A	1-94031977-G-A	rs775563920	c.3929C>T	p.Ala1310Val	ENST00000370225	True	2	1614024	0	8.47437518431766e-07	nfe	False	below_supporting_threshold									False	False	population-compatible; not clinical benign
chr1:94041278:A>T	1-94041278-A-T		c.3453T>A	p.Phe1151Leu	ENST00000370225	True	1	1614152	0	8.47437518431766e-07	nfe	False	below_supporting_threshold									False	False	population-compatible; not clinical benign
chr1:94043450:A>C	1-94043450-A-C		c.3076T>G	p.Phe1026Val	ENST00000370225	True	1	1614172	0	8.47437518431766e-07	nfe	False	below_supporting_threshold									False	False	population-compatible; not clinical benign
chr1:94044625:A>G	1-94044625-A-G		c.3038T>C	p.Ile1013Thr	ENST00000370225	True	1	1614146	0	8.47437518431766e-07	nfe	False	below_supporting_threshold									False	False	population-compatible; not clinical benign
chr1:94046947:G>A	1-94046947-G-A		c.2890C>T	p.His964Tyr	ENST00000370225	True	1	1614158	0	8.47437518431766e-07	nfe	False	below_supporting_threshold									False	False	population-compatible; not clinical benign
chr1:94047046:C>G	1-94047046-C-G		c.2791G>C	p.Val931Leu	ENST00000370225	True	1	1614130	0	8.47437518431766e-07	nfe	False	below_supporting_threshold									False	False	population-compatible; not clinical benign
chr1:94047066:C>T	1-94047066-C-T		c.2771G>A	p.Gly924Glu	ENST00000370225	True	1	1614114	0	8.47437518431766e-07	nfe	False	below_supporting_threshold									False	False	population-compatible; not clinical benign
chr1:94048892:G>A	1-94048892-G-A		c.2719C>T	p.Pro907Ser	ENST00000370225	True	1	1614086	0	8.47437518431766e-07	nfe	False	below_supporting_threshold									False	False	population-compatible; not clinical benign
chr1:94055270:C>A	1-94055270-C-A	rs1660944114	c.2428G>T	p.Val810Phe	ENST00000370225	True	1	1614146	0	8.47437518431766e-07	nfe	False	below_supporting_threshold									False	False	population-compatible; not clinical benign
chr1:94062595:G>A	1-94062595-G-A	rs760790294	c.1919C>T	p.Pro640Leu	ENST00000370225	True	1	1614190	0	8.47437518431766e-07	nfe	False	below_supporting_threshold	377403.0	P/LP	2.0	screened	missense	p.P640L	ABCA4_66b42e28abf909b3	True	True	True	population-compatible; not clinical benign
chr1:94062625:A>T	1-94062625-A-T		c.1889T>A	p.Val630Asp	ENST00000370225	True	1	1614162	0	8.47437518431766e-07	nfe	False	below_supporting_threshold									False	False	population-compatible; not clinical benign
chr1:94062694:C>A	1-94062694-C-A		c.1820G>T	p.Gly607Val	ENST00000370225	True	1	1614172	0	8.47437518431766e-07	nfe	False	below_supporting_threshold	2628034.0	P/LP	1.0	screened	missense	p.G607V	ABCA4_785829292d634b84	True	True	True	population-compatible; not clinical benign
chr1:94077800:G>A	1-94077800-G-A		c.1444C>T	p.Leu482Phe	ENST00000370225	True	1	1614192	0	8.47437518431766e-07	nfe	False	below_supporting_threshold									False	False	population-compatible; not clinical benign
chr1:94079447:C>A	1-94079447-C-A		c.1114G>T	p.Ala372Ser	ENST00000370225	True	1	1614184	0	8.47437518431766e-07	nfe	False	below_supporting_threshold									False	False	population-compatible; not clinical benign
chr1:94080488:G>C	1-94080488-G-C		c.1089C>G	p.Asp363Glu	ENST00000370225	True	1	1614182	0	8.47437518431766e-07	nfe	False	below_supporting_threshold									False	False	population-compatible; not clinical benign
chr1:94080583:A>G	1-94080583-A-G	rs753921901	c.994T>C	p.Ser332Pro	ENST00000370225	True	1	1614156	0	8.47437518431766e-07	nfe	False	below_supporting_threshold									False	False	population-compatible; not clinical benign
chr1:94103041:T>C	1-94103041-T-C		c.544A>G	p.Ile182Val	ENST00000370225	True	1	1614186	0	8.47437518431766e-07	nfe	False	below_supporting_threshold									False	False	population-compatible; not clinical benign
chr1:94103055:A>C	1-94103055-A-C		c.530T>G	p.Val177Gly	ENST00000370225	True	1	1614192	0	8.47437518431766e-07	nfe	False	below_supporting_threshold									False	False	population-compatible; not clinical benign
chr1:94108682:G>A	1-94108682-G-A	rs1662507772	c.337C>T	p.Leu113Phe	ENST00000370225	True	1	1614054	0	8.47437518431766e-07	nfe	False	below_supporting_threshold									False	False	population-compatible; not clinical benign
chr1:94108690:T>A	1-94108690-T-A		c.329A>T	p.Gln110Leu	ENST00000370225	True	1	1614066	0	8.47437518431766e-07	nfe	False	below_supporting_threshold									False	False	population-compatible; not clinical benign
chr1:94108708:C>T	1-94108708-C-T		c.311G>A	p.Arg104Lys	ENST00000370225	True	1	1613974	0	8.47437518431766e-07	nfe	False	below_supporting_threshold									False	False	population-compatible; not clinical benign
chr1:94111549:G>T	1-94111549-G-T		c.191C>A	p.Ala64Glu	ENST00000370225	True	1	1614232	0	8.47437518431766e-07	nfe	False	below_supporting_threshold									False	False	population-compatible; not clinical benign
chr1:93997959:A>C	1-93997959-A-C	rs1224505996	c.6631T>G	p.Ser2211Ala	ENST00000370225	True	1	1614012	0	8.47436082133505e-07	nfe	False	below_supporting_threshold									False	False	population-compatible; not clinical benign
chr1:93997969:C>A	1-93997969-C-A		c.6621G>T	p.Gln2207His	ENST00000370225	True	1	1614158	0	8.47436082133505e-07	nfe	False	below_supporting_threshold									False	False	population-compatible; not clinical benign
chr1:93998000:A>G	1-93998000-A-G		c.6590T>C	p.Val2197Ala	ENST00000370225	True	1	1614182	0	8.47436082133505e-07	nfe	False	below_supporting_threshold									False	False	population-compatible; not clinical benign
chr1:93998091:C>A	1-93998091-C-A		c.6499G>T	p.Val2167Phe	ENST00000370225	True	1	1614166	0	8.47436082133505e-07	nfe	False	below_supporting_threshold									False	False	population-compatible; not clinical benign
chr1:94000900:G>C	1-94000900-G-C		c.6415C>G	p.Arg2139Gly	ENST00000370225	True	1	1614186	0	8.47436082133505e-07	nfe	False	below_supporting_threshold									False	False	population-compatible; not clinical benign
chr1:94001081:G>A	1-94001081-G-A		c.6307C>T	p.Pro2103Ser	ENST00000370225	True	1	1614070	0	8.47436082133505e-07	nfe	False	below_supporting_threshold									False	False	population-compatible; not clinical benign
chr1:94001081:G>T	1-94001081-G-T		c.6307C>A	p.Pro2103Thr	ENST00000370225	True	1	1614070	0	8.47436082133505e-07	nfe	False	below_supporting_threshold									False	False	population-compatible; not clinical benign
chr1:94001084:C>G	1-94001084-C-G		c.6304G>C	p.Asp2102His	ENST00000370225	True	1	1614054	0	8.47436082133505e-07	nfe	False	below_supporting_threshold	3249572.0	P/LP	1.0	wt_equivalent	missense	p.D2102H	ABCA4_WT	False	True	True	population-compatible; not clinical benign
chr1:94014680:T>G	1-94014680-T-G		c.5323A>C	p.Ile1775Leu	ENST00000370225	True	1	1614196	0	8.47436082133505e-07	nfe	False	below_supporting_threshold									False	False	population-compatible; not clinical benign
chr1:94021390:C>T	1-94021390-C-T		c.4868G>A	p.Gly1623Asp	ENST00000370225	True	1	1614162	0	8.47436082133505e-07	nfe	False	below_supporting_threshold									False	False	population-compatible; not clinical benign
chr1:94021408:A>G	1-94021408-A-G	rs1659893517	c.4850T>C	p.Val1617Ala	ENST00000370225	True	1	1614216	0	8.47436082133505e-07	nfe	False	below_supporting_threshold									False	False	population-compatible; not clinical benign
chr1:94021892:A>G	1-94021892-A-G		c.4727T>C	p.Leu1576Pro	ENST00000370225	True	1	1614174	0	8.47436082133505e-07	nfe	False	below_supporting_threshold									False	False	population-compatible; not clinical benign
chr1:94024994:C>A	1-94024994-C-A		c.4594G>T	p.Asp1532Tyr	ENST00000370225	True	1	1614180	0	8.47436082133505e-07	nfe	False	below_supporting_threshold									False	False	population-compatible; not clinical benign
chr1:94025019:T>G	1-94025019-T-G		c.4569A>C	p.Gln1523His	ENST00000370225	True	1	1614252	0	8.47436082133505e-07	nfe	False	below_supporting_threshold									False	False	population-compatible; not clinical benign
chr1:94030503:T>A	1-94030503-T-A	rs1248210975	c.4277A>T	p.Gln1426Leu	ENST00000370225	True	1	1614098	0	8.47436082133505e-07	nfe	False	below_supporting_threshold									False	False	population-compatible; not clinical benign
chr1:94031929:G>A	1-94031929-G-A	rs761989194	c.3977C>T	p.Ala1326Val	ENST00000370225	True	1	1614150	0	8.47436082133505e-07	nfe	False	below_supporting_threshold									False	False	population-compatible; not clinical benign
chr1:94037223:G>C	1-94037223-G-C		c.3735C>G	p.Ser1245Arg	ENST00000370225	True	1	1614196	0	8.47436082133505e-07	nfe	False	below_supporting_threshold									False	False	population-compatible; not clinical benign
chr1:94037255:T>C	1-94037255-T-C	rs61752422	c.3703A>G	p.Asn1235Asp	ENST00000370225	True	1	1614202	0	8.47436082133505e-07	nfe	False	below_supporting_threshold	99236.0	Conflicting	1.0	screened	missense	p.N1235D	ABCA4_014d185fb940cb43	True	True	True	population-compatible; not clinical benign
chr1:94041210:T>A	1-94041210-T-A		c.3521A>T	p.Glu1174Val	ENST00000370225	True	1	1614178	0	8.47436082133505e-07	nfe	False	below_supporting_threshold									False	False	population-compatible; not clinical benign
chr1:94041210:T>C	1-94041210-T-C	rs1446082893	c.3521A>G	p.Glu1174Gly	ENST00000370225	True	1	1614178	0	8.47436082133505e-07	nfe	False	below_supporting_threshold									False	False	population-compatible; not clinical benign
chr1:94041346:G>C	1-94041346-G-C	rs779426136	c.3385C>G	p.Arg1129Gly	ENST00000370225	True	1	1614104	0	8.47436082133505e-07	nfe	False	below_supporting_threshold	801515.0	P/LP	1.0	screened	missense	p.R1129G	ABCA4_e801b879ffa3c217	True	True	True	population-compatible; not clinical benign
chr1:94042773:T>C	1-94042773-T-C		c.3316A>G	p.Lys1106Glu	ENST00000370225	True	1	1614134	0	8.47436082133505e-07	nfe	False	below_supporting_threshold									False	False	population-compatible; not clinical benign
chr1:94043401:A>G	1-94043401-A-G	rs1394689151	c.3125T>C	p.Met1042Thr	ENST00000370225	True	1	1613958	0	8.47436082133505e-07	nfe	False	below_supporting_threshold									False	False	population-compatible; not clinical benign
chr1:94044644:T>G	1-94044644-T-G		c.3019A>C	p.Met1007Leu	ENST00000370225	True	1	1614186	0	8.47436082133505e-07	nfe	False	below_supporting_threshold									False	False	population-compatible; not clinical benign
chr1:94046932:T>C	1-94046932-T-C	rs1660700260	c.2905A>G	p.Lys969Glu	ENST00000370225	True	1	1614112	0	8.47436082133505e-07	nfe	False	below_supporting_threshold	971758.0	P/LP	1.0	screened	missense	p.K969E	ABCA4_eaf73747e0136977	True	True	True	population-compatible; not clinical benign
chr1:94047019:G>C	1-94047019-G-C		c.2818C>G	p.Pro940Ala	ENST00000370225	True	1	1614142	0	8.47436082133505e-07	nfe	False	below_supporting_threshold									False	False	population-compatible; not clinical benign
chr1:94048876:C>T	1-94048876-C-T	rs1302088524	c.2735G>A	p.Gly912Glu	ENST00000370225	True	1	1613994	0	8.47436082133505e-07	nfe	False	below_supporting_threshold									False	False	population-compatible; not clinical benign
chr1:94048943:C>T	1-94048943-C-T		c.2668G>A	p.Glu890Lys	ENST00000370225	True	1	1614056	0	8.47436082133505e-07	nfe	False	below_supporting_threshold									False	False	population-compatible; not clinical benign
chr1:94055251:C>T	1-94055251-C-T		c.2447G>A	p.Gly816Asp	ENST00000370225	True	1	1614038	0	8.47436082133505e-07	nfe	False	below_supporting_threshold									False	False	population-compatible; not clinical benign
chr1:94056625:C>T	1-94056625-C-T		c.2358G>A	p.Met786Ile	ENST00000370225	True	1	1613432	0	8.47436082133505e-07	nfe	False	below_supporting_threshold									False	False	population-compatible; not clinical benign
chr1:94062611:G>T	1-94062611-G-T	rs61749414	c.1903C>A	p.Gln635Lys	ENST00000370225	True	1	1614160	0	8.47436082133505e-07	nfe	False	below_supporting_threshold	99095.0	P/LP	2.0	screened	missense	p.Q635K	ABCA4_b09fd85ab5ae5953	True	True	True	population-compatible; not clinical benign
chr1:94079331:T>C	1-94079331-T-C		c.1230A>G	p.Ile410Met	ENST00000370225	True	1	1614190	0	8.47436082133505e-07	nfe	False	below_supporting_threshold	3235181.0	P/LP	1.0	screened	missense	p.I410M	ABCA4_49d1165025a42491	True	True	True	population-compatible; not clinical benign
chr1:94079334:C>G	1-94079334-C-G	rs267598778	c.1227G>C	p.Arg409Ser	ENST00000370225	True	1	1613998	0	8.47436082133505e-07	nfe	False	below_supporting_threshold									False	False	population-compatible; not clinical benign
chr1:94079356:G>A	1-94079356-G-A		c.1205C>T	p.Pro402Leu	ENST00000370225	True	1	1614164	0	8.47436082133505e-07	nfe	False	below_supporting_threshold									False	False	population-compatible; not clinical benign
chr1:94079378:T>A	1-94079378-T-A		c.1183A>T	p.Met395Leu	ENST00000370225	True	1	1614174	0	8.47436082133505e-07	nfe	False	below_supporting_threshold									False	False	population-compatible; not clinical benign
chr1:94079411:T>C	1-94079411-T-C		c.1150A>G	p.Lys384Glu	ENST00000370225	True	1	1614206	0	8.47436082133505e-07	nfe	False	below_supporting_threshold									False	False	population-compatible; not clinical benign
chr1:94079431:A>T	1-94079431-A-T		c.1130T>A	p.Leu377Gln	ENST00000370225	True	1	1614234	0	8.47436082133505e-07	nfe	False	below_supporting_threshold									False	False	population-compatible; not clinical benign
chr1:94079458:G>T	1-94079458-G-T		c.1103C>A	p.Ser368Tyr	ENST00000370225	True	1	1614198	0	8.47436082133505e-07	nfe	False	below_supporting_threshold									False	False	population-compatible; not clinical benign
chr1:94080585:C>T	1-94080585-C-T		c.992G>A	p.Gly331Asp	ENST00000370225	True	1	1614158	0	8.47436082133505e-07	nfe	False	below_supporting_threshold									False	False	population-compatible; not clinical benign
chr1:94080654:C>A	1-94080654-C-A	rs1026256692	c.923G>T	p.Gly308Val	ENST00000370225	True	2	1614130	0	8.47436082133505e-07	nfe	False	below_supporting_threshold									False	False	population-compatible; not clinical benign
chr1:94080705:G>T	1-94080705-G-T		c.872C>A	p.Pro291Gln	ENST00000370225	True	1	1614084	0	8.47436082133505e-07	nfe	False	below_supporting_threshold									False	False	population-compatible; not clinical benign
chr1:94098872:G>C	1-94098872-G-C		c.690C>G	p.Cys230Trp	ENST00000370225	True	1	1614174	0	8.47436082133505e-07	nfe	False	below_supporting_threshold									False	False	population-compatible; not clinical benign
chr1:94111573:A>G	1-94111573-A-G	rs747766711	c.167T>C	p.Phe56Ser	ENST00000370225	True	1	1614172	0	8.47436082133505e-07	nfe	False	below_supporting_threshold									False	False	population-compatible; not clinical benign
chr1:93998034:C>T	1-93998034-C-T		c.6556G>A	p.Glu2186Lys	ENST00000370225	True	1	1614176	0	8.474346458401128e-07	nfe	False	below_supporting_threshold									False	False	population-compatible; not clinical benign
chr1:93998105:C>G	1-93998105-C-G		c.6485G>C	p.Gly2162Ala	ENST00000370225	True	1	1614136	0	8.474346458401128e-07	nfe	False	below_supporting_threshold									False	False	population-compatible; not clinical benign
chr1:94000912:C>T	1-94000912-C-T	rs1448197591	c.6403G>A	p.Ala2135Thr	ENST00000370225	True	1	1614176	0	8.474346458401128e-07	nfe	False	below_supporting_threshold									False	False	population-compatible; not clinical benign
chr1:94001893:T>C	1-94001893-T-C		c.6247A>G	p.Ile2083Val	ENST00000370225	True	1	1614194	0	8.474346458401128e-07	nfe	False	below_supporting_threshold									False	False	population-compatible; not clinical benign
chr1:94001920:C>T	1-94001920-C-T	rs1659196542	c.6220G>A	p.Gly2074Ser	ENST00000370225	True	1	1614192	0	8.474346458401128e-07	nfe	False	below_supporting_threshold	1437316.0	P/LP	1.0	wt_equivalent	missense	p.G2074S	ABCA4_WT	False	True	True	population-compatible; not clinical benign
chr1:94007700:G>C	1-94007700-G-C		c.5939C>G	p.Thr1980Ser	ENST00000370225	True	1	1614070	0	8.474346458401128e-07	nfe	False	below_supporting_threshold									False	False	population-compatible; not clinical benign
chr1:94008265:G>C	1-94008265-G-C		c.5868C>G	p.Asp1956Glu	ENST00000370225	True	1	1614176	0	8.474346458401128e-07	nfe	False	below_supporting_threshold									False	False	population-compatible; not clinical benign
chr1:94008267:C>T	1-94008267-C-T		c.5866G>A	p.Asp1956Asn	ENST00000370225	True	1	1614108	0	8.474346458401128e-07	nfe	False	below_supporting_threshold									False	False	population-compatible; not clinical benign
chr1:94014553:T>C	1-94014553-T-C		c.5450A>G	p.Glu1817Gly	ENST00000370225	True	1	1614174	0	8.474346458401128e-07	nfe	False	below_supporting_threshold									False	False	population-compatible; not clinical benign
chr1:94014641:G>A	1-94014641-G-A		c.5362C>T	p.Pro1788Ser	ENST00000370225	True	1	1614168	0	8.474346458401128e-07	nfe	False	below_supporting_threshold									False	False	population-compatible; not clinical benign
chr1:94014677:G>T	1-94014677-G-T		c.5326C>A	p.Pro1776Thr	ENST00000370225	True	1	1614176	0	8.474346458401128e-07	nfe	False	below_supporting_threshold									False	False	population-compatible; not clinical benign
chr1:94021321:T>A	1-94021321-T-A		c.4937A>T	p.Asp1646Val	ENST00000370225	True	1	1614180	0	8.474346458401128e-07	nfe	False	below_supporting_threshold									False	False	population-compatible; not clinical benign
chr1:94021333:C>G	1-94021333-C-G		c.4925G>C	p.Ser1642Thr	ENST00000370225	True	1	1614182	0	8.474346458401128e-07	nfe	False	below_supporting_threshold									False	False	population-compatible; not clinical benign
chr1:94021873:G>T	1-94021873-G-T		c.4746C>A	p.Asp1582Glu	ENST00000370225	True	1	1614138	0	8.474346458401128e-07	nfe	False	below_supporting_threshold									False	False	population-compatible; not clinical benign
chr1:94030447:G>T	1-94030447-G-T		c.4333C>A	p.Leu1445Met	ENST00000370225	True	1	1614224	0	8.474346458401128e-07	nfe	False	below_supporting_threshold									False	False	population-compatible; not clinical benign
chr1:94031881:G>C	1-94031881-G-C		c.4025C>G	p.Pro1342Arg	ENST00000370225	True	1	1614180	0	8.474346458401128e-07	nfe	False	below_supporting_threshold									False	False	population-compatible; not clinical benign
chr1:94032012:G>T	1-94032012-G-T		c.3894C>A	p.Asn1298Lys	ENST00000370225	True	1	1613384	0	8.474346458401128e-07	nfe	False	below_supporting_threshold									False	False	population-compatible; not clinical benign
chr1:94032021:T>G	1-94032021-T-G	rs1660220215	c.3885A>C	p.Glu1295Asp	ENST00000370225	True	1	1612766	0	8.474346458401128e-07	nfe	False	below_supporting_threshold									False	False	population-compatible; not clinical benign
chr1:94037330:C>G	1-94037330-C-G		c.3628G>C	p.Asp1210His	ENST00000370225	True	1	1614174	0	8.474346458401128e-07	nfe	False	below_supporting_threshold									False	False	population-compatible; not clinical benign
chr1:94041252:A>C	1-94041252-A-C		c.3479T>G	p.Val1160Gly	ENST00000370225	True	1	1614132	0	8.474346458401128e-07	nfe	False	below_supporting_threshold									False	False	population-compatible; not clinical benign
chr1:94042830:C>G	1-94042830-C-G	rs61751398	c.3259G>C	p.Glu1087Gln	ENST00000370225	True	1	1614036	0	8.474346458401128e-07	nfe	False	below_supporting_threshold									False	False	population-compatible; not clinical benign
chr1:94043435:T>C	1-94043435-T-C	rs61750060	c.3091A>G	p.Lys1031Glu	ENST00000370225	True	1	1614154	0	8.474346458401128e-07	nfe	False	below_supporting_threshold	99198.0	Other	0.0	screened	missense	p.K1031E	ABCA4_eec0a187075b27f1	True	True	True	population-compatible; not clinical benign
chr1:94043435:T>G	1-94043435-T-G		c.3091A>C	p.Lys1031Gln	ENST00000370225	True	1	1614154	0	8.474346458401128e-07	nfe	False	below_supporting_threshold									False	False	population-compatible; not clinical benign
chr1:94044691:C>T	1-94044691-C-T	rs1297410481	c.2972G>A	p.Gly991Glu	ENST00000370225	True	1	1614184	0	8.474346458401128e-07	nfe	False	below_supporting_threshold									False	False	population-compatible; not clinical benign
chr1:94044736:A>G	1-94044736-A-G		c.2927T>C	p.Leu976Pro	ENST00000370225	True	1	1614242	0	8.474346458401128e-07	nfe	False	below_supporting_threshold	2025561.0	VUS	1.0	screened	missense	p.L976P	ABCA4_63c24c186a4f3cc7	True	True	True	population-compatible; not clinical benign
chr1:94044736:A>T	1-94044736-A-T		c.2927T>A	p.Leu976Gln	ENST00000370225	True	1	1614242	0	8.474346458401128e-07	nfe	False	below_supporting_threshold									False	False	population-compatible; not clinical benign
chr1:94055272:A>G	1-94055272-A-G	rs779632834	c.2426T>C	p.Leu809Pro	ENST00000370225	True	1	1614208	0	8.474346458401128e-07	nfe	False	below_supporting_threshold									False	False	population-compatible; not clinical benign
chr1:94060610:A>T	1-94060610-A-T		c.2087T>A	p.Ile696Asn	ENST00000370225	True	1	1614174	0	8.474346458401128e-07	nfe	False	below_supporting_threshold									False	False	population-compatible; not clinical benign
chr1:94060685:A>C	1-94060685-A-C		c.2012T>G	p.Val671Gly	ENST00000370225	True	1	1614172	0	8.474346458401128e-07	nfe	False	below_supporting_threshold									False	False	population-compatible; not clinical benign
chr1:94060685:A>G	1-94060685-A-G		c.2012T>C	p.Val671Ala	ENST00000370225	True	1	1614172	0	8.474346458401128e-07	nfe	False	below_supporting_threshold									False	False	population-compatible; not clinical benign
chr1:94062721:A>C	1-94062721-A-C	rs886044729	c.1793T>G	p.Val598Gly	ENST00000370225	True	1	1614148	0	8.474346458401128e-07	nfe	False	below_supporting_threshold	236086.0	VUS	1.0	screened	missense	p.V598G	ABCA4_055252ad72d8ac69	True	True	True	population-compatible; not clinical benign
chr1:94080504:G>T	1-94080504-G-T	rs747446152	c.1073C>A	p.Pro358His	ENST00000370225	True	2	1614016	0	8.474346458401128e-07	nfe	False	below_supporting_threshold									False	False	population-compatible; not clinical benign
chr1:94080507:T>C	1-94080507-T-C		c.1070A>G	p.Asp357Gly	ENST00000370225	True	2	1614210	0	8.474346458401128e-07	nfe	False	below_supporting_threshold									False	False	population-compatible; not clinical benign
chr1:94080525:A>C	1-94080525-A-C		c.1052T>G	p.Ile351Ser	ENST00000370225	True	1	1614162	0	8.474346458401128e-07	nfe	False	below_supporting_threshold									False	False	population-compatible; not clinical benign
chr1:94080676:T>C	1-94080676-T-C		c.901A>G	p.Arg301Gly	ENST00000370225	True	1	1614134	0	8.474346458401128e-07	nfe	False	below_supporting_threshold									False	False	population-compatible; not clinical benign
chr1:94098903:C>A	1-94098903-C-A		c.659G>T	p.Arg220Leu	ENST00000370225	True	1	1613966	0	8.474346458401128e-07	nfe	False	below_supporting_threshold									False	False	population-compatible; not clinical benign
chr1:94098915:A>G	1-94098915-A-G	rs763461421	c.647T>C	p.Phe216Ser	ENST00000370225	True	1	1613796	0	8.474346458401128e-07	nfe	False	below_supporting_threshold									False	False	population-compatible; not clinical benign
chr1:94111478:C>T	1-94111478-C-T	rs754554866	c.262G>A	p.Gly88Arg	ENST00000370225	True	1	1614172	0	8.474346458401128e-07	nfe	False	below_supporting_threshold	4525929.0	VUS	1.0	screened	missense	p.G88R	ABCA4_82d04bac30770d95	True	True	True	population-compatible; not clinical benign
chr1:93996165:C>T	1-93996165-C-T		c.6760G>A	p.Glu2254Lys	ENST00000370225	True	1	1614056	0	8.474332095515892e-07	nfe	False	below_supporting_threshold									False	False	population-compatible; not clinical benign
chr1:93998015:T>C	1-93998015-T-C	rs186908930	c.6575A>G	p.Asn2192Ser	ENST00000370225	True	1	1614060	0	8.474332095515892e-07	nfe	False	below_supporting_threshold									False	False	population-compatible; not clinical benign
chr1:94000908:A>C	1-94000908-A-C		c.6407T>G	p.Leu2136Arg	ENST00000370225	True	1	1614198	0	8.474332095515892e-07	nfe	False	below_supporting_threshold									False	False	population-compatible; not clinical benign
chr1:94008276:G>T	1-94008276-G-T		c.5857C>A	p.Pro1953Thr	ENST00000370225	True	1	1614174	0	8.474332095515892e-07	nfe	False	below_supporting_threshold									False	False	population-compatible; not clinical benign
chr1:94008281:G>C	1-94008281-G-C		c.5852C>G	p.Ser1951Cys	ENST00000370225	True	1	1614176	0	8.474332095515892e-07	nfe	False	below_supporting_threshold									False	False	population-compatible; not clinical benign
chr1:94014643:A>G	1-94014643-A-G		c.5360T>C	p.Val1787Ala	ENST00000370225	True	1	1614220	0	8.474332095515892e-07	nfe	False	below_supporting_threshold									False	False	population-compatible; not clinical benign
chr1:94021361:C>T	1-94021361-C-T		c.4897G>A	p.Val1633Met	ENST00000370225	True	1	1614198	0	8.474332095515892e-07	nfe	False	below_supporting_threshold	2507033.0	VUS	1.0	screened	missense	p.V1633M	ABCA4_159dc06dbcde3522	True	True	True	population-compatible; not clinical benign
chr1:94021875:C>A	1-94021875-C-A	rs1659910931	c.4744G>T	p.Asp1582Tyr	ENST00000370225	True	1	1614174	0	8.474332095515892e-07	nfe	False	below_supporting_threshold									False	False	population-compatible; not clinical benign
chr1:94021890:C>T	1-94021890-C-T		c.4729G>A	p.Val1577Ile	ENST00000370225	True	1	1614196	0	8.474332095515892e-07	nfe	False	below_supporting_threshold									False	False	population-compatible; not clinical benign
chr1:94021922:A>C	1-94021922-A-C		c.4697T>G	p.Leu1566Arg	ENST00000370225	True	1	1614204	0	8.474332095515892e-07	nfe	False	below_supporting_threshold									False	False	population-compatible; not clinical benign
chr1:94024992:G>C	1-94024992-G-C		c.4596C>G	p.Asp1532Glu	ENST00000370225	True	1	1614204	0	8.474332095515892e-07	nfe	False	below_supporting_threshold									False	False	population-compatible; not clinical benign
chr1:94037294:C>G	1-94037294-C-G		c.3664G>C	p.Val1222Leu	ENST00000370225	True	1	1614222	0	8.474332095515892e-07	nfe	False	below_supporting_threshold									False	False	population-compatible; not clinical benign
chr1:94037315:G>T	1-94037315-G-T		c.3643C>A	p.His1215Asn	ENST00000370225	True	1	1614196	0	8.474332095515892e-07	nfe	False	below_supporting_threshold									False	False	population-compatible; not clinical benign
chr1:94041216:C>T	1-94041216-C-T	rs975090023	c.3515G>A	p.Gly1172Asp	ENST00000370225	True	1	1614146	0	8.474332095515892e-07	nfe	False	below_supporting_threshold									False	False	population-compatible; not clinical benign
chr1:94041271:C>T	1-94041271-C-T		c.3460G>A	p.Gly1154Ser	ENST00000370225	True	1	1614156	0	8.474332095515892e-07	nfe	False	below_supporting_threshold									False	False	population-compatible; not clinical benign
chr1:94042833:C>T	1-94042833-C-T		c.3256G>A	p.Asp1086Asn	ENST00000370225	True	1	1614168	0	8.474332095515892e-07	nfe	False	below_supporting_threshold									False	False	population-compatible; not clinical benign
chr1:94042845:C>T	1-94042845-C-T		c.3244G>A	p.Val1082Met	ENST00000370225	True	1	1614198	0	8.474332095515892e-07	nfe	False	below_supporting_threshold									False	False	population-compatible; not clinical benign
chr1:94043381:T>C	1-94043381-T-C	rs1169767756	c.3145A>G	p.Thr1049Ala	ENST00000370225	True	1	1614150	0	8.474332095515892e-07	nfe	False	below_supporting_threshold									False	False	population-compatible; not clinical benign
chr1:94043416:T>C	1-94043416-T-C		c.3110A>G	p.Glu1037Gly	ENST00000370225	True	1	1614146	0	8.474332095515892e-07	nfe	False	below_supporting_threshold									False	False	population-compatible; not clinical benign
chr1:94043419:T>C	1-94043419-T-C		c.3107A>G	p.Glu1036Gly	ENST00000370225	True	1	1614136	0	8.474332095515892e-07	nfe	False	below_supporting_threshold									False	False	population-compatible; not clinical benign
chr1:94044694:C>G	1-94044694-C-G		c.2969G>C	p.Gly990Ala	ENST00000370225	True	1	1614192	0	8.474332095515892e-07	nfe	False	below_supporting_threshold									False	False	population-compatible; not clinical benign
chr1:94044695:C>G	1-94044695-C-G		c.2968G>C	p.Gly990Arg	ENST00000370225	True	1	1614168	0	8.474332095515892e-07	nfe	False	below_supporting_threshold									False	False	population-compatible; not clinical benign
chr1:94044697:A>T	1-94044697-A-T		c.2966T>A	p.Val989Asp	ENST00000370225	True	1	1614202	0	8.474332095515892e-07	nfe	False	below_supporting_threshold									False	False	population-compatible; not clinical benign
chr1:94055269:A>G	1-94055269-A-G	rs756515248	c.2429T>C	p.Val810Ala	ENST00000370225	True	1	1614194	0	8.474332095515892e-07	nfe	False	below_supporting_threshold									False	False	population-compatible; not clinical benign
chr1:94060580:G>C	1-94060580-G-C	rs766854135	c.2117C>G	p.Ser706Cys	ENST00000370225	True	1	1614190	0	8.474332095515892e-07	nfe	False	below_supporting_threshold									False	False	population-compatible; not clinical benign
chr1:94060636:T>A	1-94060636-T-A		c.2061A>T	p.Lys687Asn	ENST00000370225	True	1	1614156	0	8.474332095515892e-07	nfe	False	below_supporting_threshold									False	False	population-compatible; not clinical benign
chr1:94062596:G>C	1-94062596-G-C	rs766570903	c.1918C>G	p.Pro640Ala	ENST00000370225	True	1	1614170	0	8.474332095515892e-07	nfe	False	below_supporting_threshold	236089.0	P/LP	1.0	screened	missense	p.P640A	ABCA4_c56ab66d09198ad2	True	True	True	population-compatible; not clinical benign
chr1:94062658:A>T	1-94062658-A-T		c.1856T>A	p.Ile619Asn	ENST00000370225	True	1	1614150	0	8.474332095515892e-07	nfe	False	below_supporting_threshold									False	False	population-compatible; not clinical benign
chr1:94062676:T>C	1-94062676-T-C		c.1838A>G	p.Asp613Gly	ENST00000370225	True	1	1614130	0	8.474332095515892e-07	nfe	False	below_supporting_threshold	3383231.0	VUS	1.0	screened	missense	p.D613G	ABCA4_645e4ba6d12fd65b	True	True	True	population-compatible; not clinical benign
chr1:94077827:T>C	1-94077827-T-C	rs773943744	c.1417A>G	p.Ile473Val	ENST00000370225	True	1	1614222	0	8.474332095515892e-07	nfe	False	below_supporting_threshold									False	False	population-compatible; not clinical benign
chr1:94079434:C>A	1-94079434-C-A		c.1127G>T	p.Ser376Ile	ENST00000370225	True	1	1614214	0	8.474332095515892e-07	nfe	False	below_supporting_threshold									False	False	population-compatible; not clinical benign
chr1:94080496:A>G	1-94080496-A-G		c.1081T>C	p.Ser361Pro	ENST00000370225	True	1	1614212	0	8.474332095515892e-07	nfe	False	below_supporting_threshold									False	False	population-compatible; not clinical benign
chr1:94080516:G>C	1-94080516-G-C		c.1061C>G	p.Thr354Arg	ENST00000370225	True	1	1614188	0	8.474332095515892e-07	nfe	False	below_supporting_threshold									False	False	population-compatible; not clinical benign
chr1:94080577:C>A	1-94080577-C-A		c.1000G>T	p.Val334Leu	ENST00000370225	True	1	1614140	0	8.474332095515892e-07	nfe	False	below_supporting_threshold									False	False	population-compatible; not clinical benign
chr1:94080706:G>C	1-94080706-G-C		c.871C>G	p.Pro291Ala	ENST00000370225	True	1	1614122	0	8.474332095515892e-07	nfe	False	below_supporting_threshold	4746866.0	P/LP	1.0	screened	missense	p.P291A	ABCA4_ece53375192e604f	True	True	True	population-compatible; not clinical benign
chr1:94098898:C>T	1-94098898-C-T	rs1662211927	c.664G>A	p.Ala222Thr	ENST00000370225	True	1	1614028	0	8.474332095515892e-07	nfe	False	below_supporting_threshold									False	False	population-compatible; not clinical benign
chr1:94103065:A>G	1-94103065-A-G		c.520T>C	p.Ser174Pro	ENST00000370225	True	1	1614246	0	8.474332095515892e-07	nfe	False	below_supporting_threshold									False	False	population-compatible; not clinical benign
chr1:93998070:G>C	1-93998070-G-C		c.6520C>G	p.Pro2174Ala	ENST00000370225	True	1	1614210	0	8.474317732679342e-07	nfe	False	below_supporting_threshold									False	False	population-compatible; not clinical benign
chr1:94000894:C>G	1-94000894-C-G		c.6421G>C	p.Ala2141Pro	ENST00000370225	True	1	1614190	0	8.474317732679342e-07	nfe	False	below_supporting_threshold									False	False	population-compatible; not clinical benign
chr1:94001887:G>C	1-94001887-G-C		c.6253C>G	p.Leu2085Val	ENST00000370225	True	1	1614208	0	8.474317732679342e-07	nfe	False	below_supporting_threshold									False	False	population-compatible; not clinical benign
chr1:94005485:G>C	1-94005485-G-C		c.6103C>G	p.Leu2035Val	ENST00000370225	True	1	1614148	0	8.474317732679342e-07	nfe	False	below_supporting_threshold									False	False	population-compatible; not clinical benign
chr1:94010867:C>T	1-94010867-C-T	rs932230306	c.5647G>A	p.Val1883Met	ENST00000370225	True	1	1614150	0	8.474317732679342e-07	nfe	False	below_supporting_threshold									False	False	population-compatible; not clinical benign
chr1:94021327:G>A	1-94021327-G-A		c.4931C>T	p.Pro1644Leu	ENST00000370225	True	1	1614198	0	8.474317732679342e-07	nfe	False	below_supporting_threshold									False	False	population-compatible; not clinical benign
chr1:94021351:T>C	1-94021351-T-C		c.4907A>G	p.Asn1636Ser	ENST00000370225	True	1	1614188	0	8.474317732679342e-07	nfe	False	below_supporting_threshold	3027721.0	VUS	1.0	screened	missense	p.N1636S	ABCA4_8637196a289d7f1d	True	True	True	population-compatible; not clinical benign
chr1:94021860:T>C	1-94021860-T-C		c.4759A>G	p.Met1587Val	ENST00000370225	True	1	1614212	0	8.474317732679342e-07	nfe	False	below_supporting_threshold									False	False	population-compatible; not clinical benign
chr1:94031869:G>C	1-94031869-G-C		c.4037C>G	p.Thr1346Arg	ENST00000370225	True	1	1614216	0	8.474317732679342e-07	nfe	False	below_supporting_threshold									False	False	population-compatible; not clinical benign
chr1:94031882:G>A	1-94031882-G-A		c.4024C>T	p.Pro1342Ser	ENST00000370225	True	1	1614202	0	8.474317732679342e-07	nfe	False	below_supporting_threshold									False	False	population-compatible; not clinical benign
chr1:94032001:G>A	1-94032001-G-A		c.3905C>T	p.Pro1302Leu	ENST00000370225	True	1	1613726	0	8.474317732679342e-07	nfe	False	below_supporting_threshold									False	False	population-compatible; not clinical benign
chr1:94037162:C>G	1-94037162-C-G		c.3796G>C	p.Asp1266His	ENST00000370225	True	1	1614174	0	8.474317732679342e-07	nfe	False	below_supporting_threshold									False	False	population-compatible; not clinical benign
chr1:94037235:T>G	1-94037235-T-G		c.3723A>C	p.Arg1241Ser	ENST00000370225	True	1	1614220	0	8.474317732679342e-07	nfe	False	below_supporting_threshold	3101957.0	VUS	1.0	screened	missense	p.R1241S	ABCA4_e74ade033293c597	True	True	True	population-compatible; not clinical benign
chr1:94037266:A>T	1-94037266-A-T	rs1246772980	c.3692T>A	p.Phe1231Tyr	ENST00000370225	True	1	1614232	0	8.474317732679342e-07	nfe	False	below_supporting_threshold									False	False	population-compatible; not clinical benign
chr1:94041250:G>T	1-94041250-G-T		c.3481C>A	p.Arg1161Ser	ENST00000370225	True	2	1614120	0	8.474317732679342e-07	nfe	False	below_supporting_threshold									False	False	population-compatible; not clinical benign
chr1:94041264:T>A	1-94041264-T-A	rs770686826	c.3467A>T	p.Tyr1156Phe	ENST00000370225	True	1	1614174	0	8.474317732679342e-07	nfe	False	below_supporting_threshold									False	False	population-compatible; not clinical benign
chr1:94042817:C>T	1-94042817-C-T	rs61752417	c.3272G>A	p.Gly1091Glu	ENST00000370225	True	1	1614182	0	8.474317732679342e-07	nfe	False	below_supporting_threshold	99213.0	P/LP	2.0	screened	missense	p.G1091E	ABCA4_94f13c3d798e1d33	True	True	True	population-compatible; not clinical benign
chr1:94043371:T>A	1-94043371-T-A		c.3155A>T	p.His1052Leu	ENST00000370225	True	1	1614158	0	8.474317732679342e-07	nfe	False	below_supporting_threshold									False	False	population-compatible; not clinical benign
chr1:94044667:T>A	1-94044667-T-A		c.2996A>T	p.Asp999Val	ENST00000370225	True	1	1614124	0	8.474317732679342e-07	nfe	False	below_supporting_threshold									False	False	population-compatible; not clinical benign
chr1:94044672:G>C	1-94044672-G-C		c.2991C>G	p.Ser997Arg	ENST00000370225	True	1	1614192	0	8.474317732679342e-07	nfe	False	below_supporting_threshold									False	False	population-compatible; not clinical benign
chr1:94044740:T>C	1-94044740-T-C	rs1200209303	c.2923A>G	p.Ile975Val	ENST00000370225	True	1	1614068	0	8.474317732679342e-07	nfe	False	below_supporting_threshold									False	False	population-compatible; not clinical benign
chr1:94046935:C>T	1-94046935-C-T	rs794727220	c.2902G>A	p.Gly968Arg	ENST00000370225	True	1	1614158	0	8.474317732679342e-07	nfe	False	below_supporting_threshold	194919.0	Conflicting	1.0	screened	missense	p.G968R	ABCA4_25a9d2716d908a33	True	True	True	population-compatible; not clinical benign
chr1:94046946:T>C	1-94046946-T-C		c.2891A>G	p.His964Arg	ENST00000370225	True	1	1614190	0	8.474317732679342e-07	nfe	False	below_supporting_threshold									False	False	population-compatible; not clinical benign
chr1:94055245:C>G	1-94055245-C-G	rs61750202	c.2453G>C	p.Gly818Ala	ENST00000370225	True	1	1614030	0	8.474317732679342e-07	nfe	False	below_supporting_threshold	1804636.0	P/LP	1.0	screened	missense	p.G818A	ABCA4_c95db0f259fcb3cc	True	True	True	population-compatible; not clinical benign
chr1:94062638:C>G	1-94062638-C-G	rs1223304524	c.1876G>C	p.Ala626Pro	ENST00000370225	True	1	1614182	0	8.474317732679342e-07	nfe	False	below_supporting_threshold									False	False	population-compatible; not clinical benign
chr1:94062638:C>T	1-94062638-C-T		c.1876G>A	p.Ala626Thr	ENST00000370225	True	1	1614182	0	8.474317732679342e-07	nfe	False	below_supporting_threshold									False	False	population-compatible; not clinical benign
chr1:94077773:C>A	1-94077773-C-A		c.1471G>T	p.Ala491Ser	ENST00000370225	True	1	1614166	0	8.474317732679342e-07	nfe	False	below_supporting_threshold									False	False	population-compatible; not clinical benign
chr1:94079333:T>C	1-94079333-T-C	rs751128744	c.1228A>G	p.Ile410Val	ENST00000370225	True	1	1614206	0	8.474317732679342e-07	nfe	False	below_supporting_threshold									False	False	population-compatible; not clinical benign
chr1:94079393:C>G	1-94079393-C-G		c.1168G>C	p.Ala390Pro	ENST00000370225	True	1	1614182	0	8.474317732679342e-07	nfe	False	below_supporting_threshold									False	False	population-compatible; not clinical benign
chr1:94079393:C>T	1-94079393-C-T		c.1168G>A	p.Ala390Thr	ENST00000370225	True	1	1614182	0	8.474317732679342e-07	nfe	False	below_supporting_threshold									False	False	population-compatible; not clinical benign
chr1:94098883:A>C	1-94098883-A-C	rs1557803637	c.679T>G	p.Tyr227Asp	ENST00000370225	True	1	1614138	0	8.474317732679342e-07	nfe	False	below_supporting_threshold									False	False	population-compatible; not clinical benign
chr1:94098883:A>G	1-94098883-A-G		c.679T>C	p.Tyr227His	ENST00000370225	True	1	1614138	0	8.474317732679342e-07	nfe	False	below_supporting_threshold									False	False	population-compatible; not clinical benign
chr1:94111552:G>A	1-94111552-G-A	rs2101162668	c.188C>T	p.Ser63Leu	ENST00000370225	True	1	1614246	0	8.474317732679342e-07	nfe	False	below_supporting_threshold	1522334.0	VUS	1.0	screened	missense	p.S63L	ABCA4_98c4df576ea1946e	True	True	True	population-compatible; not clinical benign
chr1:94111559:T>C	1-94111559-T-C		c.181A>G	p.Met61Val	ENST00000370225	True	1	1614218	0	8.474317732679342e-07	nfe	False	below_supporting_threshold									False	False	population-compatible; not clinical benign
chr1:93996157:A>T	1-93996157-A-T		c.6768T>A	p.His2256Gln	ENST00000370225	True	1	1614098	0	8.474303369891478e-07	nfe	False	below_supporting_threshold									False	False	population-compatible; not clinical benign
chr1:94001908:T>C	1-94001908-T-C		c.6232A>G	p.Lys2078Glu	ENST00000370225	True	1	1614204	0	8.474303369891478e-07	nfe	False	below_supporting_threshold									False	False	population-compatible; not clinical benign
chr1:94014556:A>G	1-94014556-A-G		c.5447T>C	p.Phe1816Ser	ENST00000370225	True	1	1614250	0	8.474303369891478e-07	nfe	False	below_supporting_threshold									False	False	population-compatible; not clinical benign
chr1:94014687:C>A	1-94014687-C-A		c.5316G>T	p.Trp1772Cys	ENST00000370225	True	1	1614178	0	8.474303369891478e-07	nfe	False	below_supporting_threshold									False	False	population-compatible; not clinical benign
chr1:94021294:G>T	1-94021294-G-T		c.4964C>A	p.Thr1655Asn	ENST00000370225	True	1	1614218	0	8.474303369891478e-07	nfe	False	below_supporting_threshold									False	False	population-compatible; not clinical benign
chr1:94024997:A>G	1-94024997-A-G		c.4591T>C	p.Ser1531Pro	ENST00000370225	True	1	1614198	0	8.474303369891478e-07	nfe	False	below_supporting_threshold									False	False	population-compatible; not clinical benign
chr1:94025027:T>C	1-94025027-T-C		c.4561A>G	p.Ile1521Val	ENST00000370225	True	1	1614230	0	8.474303369891478e-07	nfe	False	below_supporting_threshold									False	False	population-compatible; not clinical benign
chr1:94032002:G>A	1-94032002-G-A	rs1168052786	c.3904C>T	p.Pro1302Ser	ENST00000370225	True	1	1613608	0	8.474303369891478e-07	nfe	False	below_supporting_threshold	2410215.0	VUS	1.0	screened	missense	p.P1302S	ABCA4_b0b5ffeec925b20e	True	True	True	population-compatible; not clinical benign
chr1:94037223:G>T	1-94037223-G-T	rs370530559	c.3735C>A	p.Ser1245Arg	ENST00000370225	True	1	1614078	0	8.474303369891478e-07	nfe	False	below_supporting_threshold									False	False	population-compatible; not clinical benign
chr1:94041230:C>G	1-94041230-C-G		c.3501G>C	p.Gln1167His	ENST00000370225	True	1	1614146	0	8.474303369891478e-07	nfe	False	below_supporting_threshold									False	False	population-compatible; not clinical benign
chr1:94042856:C>A	1-94042856-C-A		c.3233G>T	p.Gly1078Val	ENST00000370225	True	1	1614166	0	8.474303369891478e-07	nfe	False	below_supporting_threshold									False	False	population-compatible; not clinical benign
chr1:94042856:C>T	1-94042856-C-T	rs1660532440	c.3233G>A	p.Gly1078Glu	ENST00000370225	True	1	1614166	0	8.474303369891478e-07	nfe	False	below_supporting_threshold									False	False	population-compatible; not clinical benign
chr1:94043384:C>T	1-94043384-C-T		c.3142G>A	p.Asp1048Asn	ENST00000370225	True	1	1614134	0	8.474303369891478e-07	nfe	False	below_supporting_threshold									False	False	population-compatible; not clinical benign
chr1:94044632:G>T	1-94044632-G-T		c.3031C>A	p.His1011Asn	ENST00000370225	True	1	1614198	0	8.474303369891478e-07	nfe	False	below_supporting_threshold									False	False	population-compatible; not clinical benign
chr1:94046940:C>T	1-94046940-C-T	rs2101057095	c.2897G>A	p.Gly966Glu	ENST00000370225	True	1	1614174	0	8.474303369891478e-07	nfe	False	below_supporting_threshold	1051959.0	P/LP	1.0	screened	missense	p.G966E	ABCA4_6d397d0a1317e7d3	True	True	True	population-compatible; not clinical benign
chr1:94046967:T>C	1-94046967-T-C	rs61749448	c.2870A>G	p.Gln957Arg	ENST00000370225	True	1	1614046	0	8.474303369891478e-07	nfe	False	below_supporting_threshold	99167.0	P/LP	2.0	screened	missense	p.Q957R	ABCA4_7bf1846a0f426ee3	True	True	True	population-compatible; not clinical benign
chr1:94047030:T>G	1-94047030-T-G		c.2807A>C	p.Lys936Thr	ENST00000370225	True	1	1614146	0	8.474303369891478e-07	nfe	False	below_supporting_threshold									False	False	population-compatible; not clinical benign
chr1:94062629:G>C	1-94062629-G-C	rs1200070789	c.1885C>G	p.Pro629Ala	ENST00000370225	True	1	1614018	0	8.474303369891478e-07	nfe	False	below_supporting_threshold	2813929.0	VUS	1.0	screened	missense	p.P629A	ABCA4_2c348bd531d84d16	True	True	True	population-compatible; not clinical benign
chr1:94062641:G>C	1-94062641-G-C	rs878853396	c.1873C>G	p.Gln625Glu	ENST00000370225	True	2	1614196	0	8.474303369891478e-07	nfe	False	below_supporting_threshold									False	False	population-compatible; not clinical benign
chr1:94062641:G>T	1-94062641-G-T		c.1873C>A	p.Gln625Lys	ENST00000370225	True	1	1614196	0	8.474303369891478e-07	nfe	False	below_supporting_threshold									False	False	population-compatible; not clinical benign
chr1:94063259:G>A	1-94063259-G-A		c.1613C>T	p.Ala538Val	ENST00000370225	True	1	1614172	0	8.474303369891478e-07	nfe	False	below_supporting_threshold									False	False	population-compatible; not clinical benign
chr1:94077843:C>A	1-94077843-C-A		c.1401G>T	p.Gln467His	ENST00000370225	True	1	1614228	0	8.474303369891478e-07	nfe	False	below_supporting_threshold									False	False	population-compatible; not clinical benign
chr1:94079396:C>A	1-94079396-C-A		c.1165G>T	p.Ala389Ser	ENST00000370225	True	1	1614202	0	8.474303369891478e-07	nfe	False	below_supporting_threshold									False	False	population-compatible; not clinical benign
chr1:94080493:A>G	1-94080493-A-G	rs1661660024	c.1084T>C	p.Tyr362His	ENST00000370225	True	1	1614076	0	8.474303369891478e-07	nfe	False	below_supporting_threshold									False	False	population-compatible; not clinical benign
chr1:94080673:G>T	1-94080673-G-T		c.904C>A	p.Pro302Thr	ENST00000370225	True	1	1614140	0	8.474303369891478e-07	nfe	False	below_supporting_threshold									False	False	population-compatible; not clinical benign
chr1:94103077:T>A	1-94103077-T-A	rs1348309841	c.508A>T	p.Asn170Tyr	ENST00000370225	True	1	1614074	0	8.474303369891478e-07	nfe	False	below_supporting_threshold									False	False	population-compatible; not clinical benign
chr1:93997992:C>G	1-93997992-C-G	rs760573590	c.6598G>C	p.Glu2200Gln	ENST00000370225	True	1	1614154	0	8.4742890071523e-07	nfe	False	below_supporting_threshold									False	False	population-compatible; not clinical benign
chr1:94000911:G>A	1-94000911-G-A	rs1659154841	c.6404C>T	p.Ala2135Val	ENST00000370225	True	1	1614220	0	8.4742890071523e-07	nfe	False	below_supporting_threshold	1471243.0	VUS	1.0	wt_equivalent	missense	p.A2135V	ABCA4_WT	False	True	True	population-compatible; not clinical benign
chr1:94001868:A>C	1-94001868-A-C		c.6272T>G	p.Leu2091Arg	ENST00000370225	True	1	1614254	0	8.4742890071523e-07	nfe	False	below_supporting_threshold									False	False	population-compatible; not clinical benign
chr1:94001871:G>C	1-94001871-G-C		c.6269C>G	p.Pro2090Arg	ENST00000370225	True	1	1614232	0	8.4742890071523e-07	nfe	False	below_supporting_threshold									False	False	population-compatible; not clinical benign
chr1:94001913:T>G	1-94001913-T-G	rs1165659113	c.6227A>C	p.Lys2076Thr	ENST00000370225	True	1	1614230	0	8.4742890071523e-07	nfe	False	below_supporting_threshold	3643820.0	P/LP	1.0	wt_equivalent	missense	p.K2076T	ABCA4_WT	False	True	True	population-compatible; not clinical benign
chr1:94014636:G>T	1-94014636-G-T		c.5367C>A	p.Ser1789Arg	ENST00000370225	True	1	1614214	0	8.4742890071523e-07	nfe	False	below_supporting_threshold									False	False	population-compatible; not clinical benign
chr1:94021340:G>C	1-94021340-G-C	rs61751404	c.4918C>G	p.Arg1640Gly	ENST00000370225	True	1	1614216	0	8.4742890071523e-07	nfe	False	below_supporting_threshold									False	False	population-compatible; not clinical benign
chr1:94021391:C>T	1-94021391-C-T	rs61750157	c.4867G>A	p.Gly1623Ser	ENST00000370225	True	1	1614208	0	8.4742890071523e-07	nfe	False	below_supporting_threshold	99326.0	Other	0.0	screened	missense	p.G1623S	ABCA4_4f19f6a934cebd95	True	True	True	population-compatible; not clinical benign
chr1:94030473:T>A	1-94030473-T-A		c.4307A>T	p.Asn1436Ile	ENST00000370225	True	1	1614234	0	8.4742890071523e-07	nfe	False	below_supporting_threshold	2824513.0	P/LP	1.0	screened	missense	p.N1436I	ABCA4_1403c0429b2079de	True	True	True	population-compatible; not clinical benign
chr1:94030473:T>C	1-94030473-T-C	rs1660168484	c.4307A>G	p.Asn1436Ser	ENST00000370225	True	1	1614234	0	8.4742890071523e-07	nfe	False	below_supporting_threshold	3779519.0	VUS	1.0	screened	missense	p.N1436S	ABCA4_4d377cae653d765f	True	True	True	population-compatible; not clinical benign
chr1:94031800:C>T	1-94031800-C-T		c.4106G>A	p.Ser1369Asn	ENST00000370225	True	1	1613870	0	8.4742890071523e-07	nfe	False	below_supporting_threshold									False	False	population-compatible; not clinical benign
chr1:94031867:C>G	1-94031867-C-G	rs1354759338	c.4039G>C	p.Gly1347Arg	ENST00000370225	True	1	1614044	0	8.4742890071523e-07	nfe	False	below_supporting_threshold									False	False	population-compatible; not clinical benign
chr1:94037246:A>T	1-94037246-A-T		c.3712T>A	p.Phe1238Ile	ENST00000370225	True	1	1614236	0	8.4742890071523e-07	nfe	False	below_supporting_threshold									False	False	population-compatible; not clinical benign
chr1:94041324:C>T	1-94041324-C-T	rs1660480045	c.3407G>A	p.Gly1136Glu	ENST00000370225	True	1	1614158	0	8.4742890071523e-07	nfe	False	below_supporting_threshold	866879.0	P/LP	2.0	screened	missense	p.G1136E	ABCA4_46ccbec62a3eaed2	True	True	True	population-compatible; not clinical benign
chr1:94041355:G>C	1-94041355-G-C	rs1660481292	c.3376C>G	p.Leu1126Val	ENST00000370225	True	1	1614178	0	8.4742890071523e-07	nfe	False	below_supporting_threshold	1038984.0	VUS	1.0	screened	missense	p.L1126V	ABCA4_667951eb0386641e	True	True	True	population-compatible; not clinical benign
chr1:94042860:C>G	1-94042860-C-G		c.3229G>C	p.Val1077Leu	ENST00000370225	True	1	1614190	0	8.4742890071523e-07	nfe	False	below_supporting_threshold									False	False	population-compatible; not clinical benign
chr1:94047070:G>T	1-94047070-G-T		c.2767C>A	p.Pro923Thr	ENST00000370225	True	1	1614156	0	8.4742890071523e-07	nfe	False	below_supporting_threshold									False	False	population-compatible; not clinical benign
chr1:94055177:G>T	1-94055177-G-T	rs143100856	c.2521C>A	p.Gln841Lys	ENST00000370225	True	3	1614064	0	8.4742890071523e-07	nfe	False	below_supporting_threshold	2202799.0	VUS	1.0	screened	missense	p.Q841K	ABCA4_8534a96770944419	True	True	True	population-compatible; not clinical benign
chr1:94056635:T>C	1-94056635-T-C		c.2348A>G	p.Gln783Arg	ENST00000370225	True	1	1613676	0	8.4742890071523e-07	nfe	False	below_supporting_threshold	2532232.0	VUS	1.0	screened	missense	p.Q783R	ABCA4_9d6e804e0b397dfd	True	True	True	population-compatible; not clinical benign
chr1:94056648:A>G	1-94056648-A-G	rs139238191	c.2335T>C	p.Cys779Arg	ENST00000370225	True	1	1613854	0	8.4742890071523e-07	nfe	False	below_supporting_threshold									False	False	population-compatible; not clinical benign
chr1:94060567:C>A	1-94060567-C-A	rs267598777	c.2130G>T	p.Met710Ile	ENST00000370225	True	1	1614164	0	8.4742890071523e-07	nfe	False	below_supporting_threshold									False	False	population-compatible; not clinical benign
chr1:94060583:A>T	1-94060583-A-T	rs1661095335	c.2114T>A	p.Phe705Tyr	ENST00000370225	True	1	1614172	0	8.4742890071523e-07	nfe	False	below_supporting_threshold									False	False	population-compatible; not clinical benign
chr1:94060586:C>A	1-94060586-C-A		c.2111G>T	p.Ser704Ile	ENST00000370225	True	1	1614184	0	8.4742890071523e-07	nfe	False	below_supporting_threshold									False	False	population-compatible; not clinical benign
chr1:94062614:G>A	1-94062614-G-A		c.1900C>T	p.Leu634Phe	ENST00000370225	True	1	1614190	0	8.4742890071523e-07	nfe	False	below_supporting_threshold									False	False	population-compatible; not clinical benign
chr1:94063146:C>T	1-94063146-C-T		c.1726G>A	p.Asp576Asn	ENST00000370225	True	1	1614190	0	8.4742890071523e-07	nfe	False	below_supporting_threshold									False	False	population-compatible; not clinical benign
chr1:94080625:T>C	1-94080625-T-C		c.952A>G	p.Ile318Val	ENST00000370225	True	1	1614180	0	8.4742890071523e-07	nfe	False	below_supporting_threshold									False	False	population-compatible; not clinical benign
chr1:94080703:T>G	1-94080703-T-G		c.874A>C	p.Ser292Arg	ENST00000370225	True	1	1614112	0	8.4742890071523e-07	nfe	False	below_supporting_threshold									False	False	population-compatible; not clinical benign
chr1:94121042:C>T	1-94121042-C-T		c.4G>A	p.Gly2Ser	ENST00000370225	True	1	1614158	0	8.4742890071523e-07	nfe	False	below_supporting_threshold									False	False	population-compatible; not clinical benign
chr1:94000886:C>T	1-94000886-C-T		c.6429G>A	p.Met2143Ile	ENST00000370225	True	2	1614224	0	8.474274644461808e-07	nfe	False	below_supporting_threshold									False	False	population-compatible; not clinical benign
chr1:94000887:A>C	1-94000887-A-C	rs1659153516	c.6428T>G	p.Met2143Arg	ENST00000370225	True	1	1614084	0	8.474274644461808e-07	nfe	False	below_supporting_threshold	3704352.0	Conflicting	1.0	wt_equivalent	missense	p.M2143R	ABCA4_WT	False	True	True	population-compatible; not clinical benign
chr1:94000905:C>T	1-94000905-C-T	rs1659154730	c.6410G>A	p.Cys2137Tyr	ENST00000370225	True	1	1614220	0	8.474274644461808e-07	nfe	False	below_supporting_threshold	2202779.0	P/LP	3.0	wt_equivalent	missense	p.C2137Y	ABCA4_WT	False	True	True	population-compatible; not clinical benign
chr1:94000925:C>A	1-94000925-C-A		c.6390G>T	p.Met2130Ile	ENST00000370225	True	1	1614238	0	8.474274644461808e-07	nfe	False	below_supporting_threshold									False	False	population-compatible; not clinical benign
chr1:94001866:C>T	1-94001866-C-T		c.6274G>A	p.Val2092Met	ENST00000370225	True	1	1614240	0	8.474274644461808e-07	nfe	False	below_supporting_threshold									False	False	population-compatible; not clinical benign
chr1:94001969:G>C	1-94001969-G-C		c.6171C>G	p.Ser2057Arg	ENST00000370225	True	1	1614180	0	8.474274644461808e-07	nfe	False	below_supporting_threshold									False	False	population-compatible; not clinical benign
chr1:94021259:G>T	1-94021259-G-T	rs61753018	c.4999C>A	p.Gln1667Lys	ENST00000370225	True	1	1614114	0	8.474274644461808e-07	nfe	False	below_supporting_threshold	99336.0	Other	0.0	screened	missense	p.Q1667K	ABCA4_6dfcf3738c0e1865	True	True	True	population-compatible; not clinical benign
chr1:94021281:T>A	1-94021281-T-A		c.4977A>T	p.Gln1659His	ENST00000370225	True	1	1614150	0	8.474274644461808e-07	nfe	False	below_supporting_threshold									False	False	population-compatible; not clinical benign
chr1:94021319:T>C	1-94021319-T-C	rs751534907	c.4939A>G	p.Arg1647Gly	ENST00000370225	True	1	1614232	0	8.474274644461808e-07	nfe	False	below_supporting_threshold									False	False	population-compatible; not clinical benign
chr1:94021320:G>C	1-94021320-G-C	rs1314399132	c.4938C>G	p.Asp1646Glu	ENST00000370225	True	1	1614214	0	8.474274644461808e-07	nfe	False	below_supporting_threshold									False	False	population-compatible; not clinical benign
chr1:94021896:C>T	1-94021896-C-T		c.4723G>A	p.Ala1575Thr	ENST00000370225	True	1	1614204	0	8.474274644461808e-07	nfe	False	below_supporting_threshold									False	False	population-compatible; not clinical benign
chr1:94037312:C>T	1-94037312-C-T	rs776212035	c.3646G>A	p.Val1216Ile	ENST00000370225	True	2	1614212	0	8.474274644461808e-07	nfe	False	below_supporting_threshold									False	False	population-compatible; not clinical benign
chr1:94041370:C>G	1-94041370-C-G	rs2101048716	c.3361G>C	p.Asp1121His	ENST00000370225	True	1	1614060	0	8.474274644461808e-07	nfe	False	below_supporting_threshold	1364391.0	VUS	1.0	screened	missense	p.D1121H	ABCA4_8d8188ce6bc980e2	True	True	True	population-compatible; not clinical benign
chr1:94041370:C>T	1-94041370-C-T		c.3361G>A	p.Asp1121Asn	ENST00000370225	True	1	1614060	0	8.474274644461808e-07	nfe	False	below_supporting_threshold									False	False	population-compatible; not clinical benign
chr1:94044694:C>T	1-94044694-C-T	rs1406273620	c.2969G>A	p.Gly990Glu	ENST00000370225	True	1	1614074	0	8.474274644461808e-07	nfe	False	below_supporting_threshold									False	False	population-compatible; not clinical benign
chr1:94056642:C>G	1-94056642-C-G		c.2341G>C	p.Ala781Pro	ENST00000370225	True	1	1613802	0	8.474274644461808e-07	nfe	False	below_supporting_threshold									False	False	population-compatible; not clinical benign
chr1:94060592:A>G	1-94060592-A-G		c.2105T>C	p.Leu702Pro	ENST00000370225	True	1	1614220	0	8.474274644461808e-07	nfe	False	below_supporting_threshold	1709450.0	Conflicting	1.0	screened	missense	p.L702P	ABCA4_11f7269f98967896	True	True	True	population-compatible; not clinical benign
chr1:94062647:G>C	1-94062647-G-C	rs1661161901	c.1867C>G	p.Gln623Glu	ENST00000370225	True	1	1614158	0	8.474274644461808e-07	nfe	False	below_supporting_threshold									False	False	population-compatible; not clinical benign
chr1:94062689:C>A	1-94062689-C-A		c.1825G>T	p.Ala609Ser	ENST00000370225	True	1	1614170	0	8.474274644461808e-07	nfe	False	below_supporting_threshold									False	False	population-compatible; not clinical benign
chr1:94080482:T>A	1-94080482-T-A	rs1244319420	c.1095A>T	p.Arg365Ser	ENST00000370225	True	1	1614190	0	8.474274644461808e-07	nfe	False	below_supporting_threshold									False	False	population-compatible; not clinical benign
chr1:94103034:G>A	1-94103034-G-A		c.551C>T	p.Ser184Phe	ENST00000370225	True	1	1614228	0	8.474274644461808e-07	nfe	False	below_supporting_threshold									False	False	population-compatible; not clinical benign
chr1:94103034:G>T	1-94103034-G-T		c.551C>A	p.Ser184Tyr	ENST00000370225	True	1	1614228	0	8.474274644461808e-07	nfe	False	below_supporting_threshold									False	False	population-compatible; not clinical benign
chr1:94001064:C>T	1-94001064-C-T		c.6324G>A	p.Met2108Ile	ENST00000370225	True	1	1614164	0	8.47426028182e-07	nfe	False	below_supporting_threshold									False	False	population-compatible; not clinical benign
chr1:94001875:G>A	1-94001875-G-A		c.6265C>T	p.Pro2089Ser	ENST00000370225	True	1	1614246	0	8.47426028182e-07	nfe	False	below_supporting_threshold									False	False	population-compatible; not clinical benign
chr1:94001905:G>A	1-94001905-G-A	rs753921905	c.6235C>T	p.Leu2079Phe	ENST00000370225	True	1	1614234	0	8.47426028182e-07	nfe	False	below_supporting_threshold									False	False	population-compatible; not clinical benign
chr1:94005490:A>G	1-94005490-A-G	rs1553186896	c.6098T>C	p.Leu2033Pro	ENST00000370225	True	1	1614226	0	8.47426028182e-07	nfe	False	below_supporting_threshold	438104.0	P/LP	2.0	screened	missense	p.L2033P	ABCA4_f0abd26379ba8cad	True	True	True	population-compatible; not clinical benign
chr1:94021282:T>C	1-94021282-T-C		c.4976A>G	p.Gln1659Arg	ENST00000370225	True	1	1614230	0	8.47426028182e-07	nfe	False	below_supporting_threshold									False	False	population-compatible; not clinical benign
chr1:94021371:G>T	1-94021371-G-T		c.4887C>A	p.Ser1629Arg	ENST00000370225	True	1	1614226	0	8.47426028182e-07	nfe	False	below_supporting_threshold									False	False	population-compatible; not clinical benign
chr1:94021916:A>C	1-94021916-A-C	rs1416704262	c.4703T>G	p.Val1568Gly	ENST00000370225	True	1	1614224	0	8.47426028182e-07	nfe	False	below_supporting_threshold	2881638.0	VUS	1.0	screened	missense	p.V1568G	ABCA4_3750f2124f7d1775	True	True	True	population-compatible; not clinical benign
chr1:94025024:G>C	1-94025024-G-C	rs1660000850	c.4564C>G	p.Leu1522Val	ENST00000370225	True	1	1614088	0	8.47426028182e-07	nfe	False	below_supporting_threshold									False	False	population-compatible; not clinical benign
chr1:94031840:G>C	1-94031840-G-C		c.4066C>G	p.Gln1356Glu	ENST00000370225	True	1	1614166	0	8.47426028182e-07	nfe	False	below_supporting_threshold									False	False	population-compatible; not clinical benign
chr1:94037211:C>A	1-94037211-C-A		c.3747G>T	p.Glu1249Asp	ENST00000370225	True	1	1614218	0	8.47426028182e-07	nfe	False	below_supporting_threshold									False	False	population-compatible; not clinical benign
chr1:94037297:G>C	1-94037297-G-C		c.3661C>G	p.Leu1221Val	ENST00000370225	True	1	1614220	0	8.47426028182e-07	nfe	False	below_supporting_threshold									False	False	population-compatible; not clinical benign
chr1:94041339:G>A	1-94041339-G-A	rs1660480391	c.3392C>T	p.Ala1131Val	ENST00000370225	True	1	1614156	0	8.47426028182e-07	nfe	False	below_supporting_threshold									False	False	population-compatible; not clinical benign
chr1:94042872:C>T	1-94042872-C-T	rs1180611893	c.3217G>A	p.Ala1073Thr	ENST00000370225	True	1	1614206	0	8.47426028182e-07	nfe	False	below_supporting_threshold	3617925.0	P/LP	1.0	screened	missense	p.A1073T	ABCA4_9b8d47c8a5271fc8	True	True	True	population-compatible; not clinical benign
chr1:94043422:T>C	1-94043422-T-C	rs1660574396	c.3104A>G	p.Gln1035Arg	ENST00000370225	True	1	1614050	0	8.47426028182e-07	nfe	False	below_supporting_threshold									False	False	population-compatible; not clinical benign
chr1:94044650:G>A	1-94044650-G-A	rs1422542043	c.3013C>T	p.Leu1005Phe	ENST00000370225	True	1	1614088	0	8.47426028182e-07	nfe	False	below_supporting_threshold									False	False	population-compatible; not clinical benign
chr1:94044662:C>G	1-94044662-C-G		c.3001G>C	p.Val1001Leu	ENST00000370225	True	1	1614208	0	8.47426028182e-07	nfe	False	below_supporting_threshold									False	False	population-compatible; not clinical benign
chr1:94062668:C>T	1-94062668-C-T	rs1557787473	c.1846G>A	p.Glu616Lys	ENST00000370225	True	1	1614186	0	8.47426028182e-07	nfe	False	below_supporting_threshold	801518.0	P/LP	2.0	screened	missense	p.E616K	ABCA4_26ed4cb8124f68d3	True	True	True	population-compatible; not clinical benign
chr1:94077774:C>G	1-94077774-C-G		c.1470G>C	p.Gln490His	ENST00000370225	True	1	1614190	0	8.47426028182e-07	nfe	False	below_supporting_threshold									False	False	population-compatible; not clinical benign
chr1:94098849:T>G	1-94098849-T-G	rs1662208812	c.713A>C	p.Gln238Pro	ENST00000370225	True	1	1614070	0	8.47426028182e-07	nfe	False	below_supporting_threshold									False	False	population-compatible; not clinical benign
chr1:94098879:G>A	1-94098879-G-A	rs1367618229	c.683C>T	p.Ala228Val	ENST00000370225	True	1	1614132	0	8.47426028182e-07	nfe	False	below_supporting_threshold									False	False	population-compatible; not clinical benign
chr1:94111555:G>A	1-94111555-G-A	rs1057520211	c.185C>T	p.Pro62Leu	ENST00000370225	True	2	1614242	0	8.47426028182e-07	nfe	False	below_supporting_threshold	377400.0	Conflicting	1.0	screened	missense	p.P62L	ABCA4_317679c81b8f453a	True	True	True	population-compatible; not clinical benign
chr1:94111556:G>C	1-94111556-G-C		c.184C>G	p.Pro62Ala	ENST00000370225	True	1	1614234	0	8.47426028182e-07	nfe	False	below_supporting_threshold	2981207.0	P/LP	1.0	screened	missense	p.P62A	ABCA4_0cc48e8bd464b1c9	True	True	True	population-compatible; not clinical benign
chr1:94111561:G>C	1-94111561-G-C	rs55732384	c.179C>G	p.Ala60Gly	ENST00000370225	True	1	1614238	0	8.47426028182e-07	nfe	False	below_supporting_threshold									False	False	population-compatible; not clinical benign
chr1:94001922:C>T	1-94001922-C-T		c.6218G>A	p.Gly2073Glu	ENST00000370225	True	1	1614230	0	8.474245919226878e-07	nfe	False	below_supporting_threshold									False	False	population-compatible; not clinical benign
chr1:94021243:G>A	1-94021243-G-A	rs1489817062	c.5015C>T	p.Thr1672Ile	ENST00000370225	True	1	1614114	0	8.474245919226878e-07	nfe	False	below_supporting_threshold									False	False	population-compatible; not clinical benign
chr1:94021367:G>C	1-94021367-G-C		c.4891C>G	p.Leu1631Val	ENST00000370225	True	1	1614242	0	8.474245919226878e-07	nfe	False	below_supporting_threshold									False	False	population-compatible; not clinical benign
chr1:94025006:T>C	1-94025006-T-C	rs945597194	c.4582A>G	p.Arg1528Gly	ENST00000370225	True	1	1614130	0	8.474245919226878e-07	nfe	False	below_supporting_threshold									False	False	population-compatible; not clinical benign
chr1:94030480:G>A	1-94030480-G-A		c.4300C>T	p.Leu1434Phe	ENST00000370225	True	1	1614230	0	8.474245919226878e-07	nfe	False	below_supporting_threshold									False	False	population-compatible; not clinical benign
chr1:94031809:G>T	1-94031809-G-T	rs1660212586	c.4097C>A	p.Thr1366Asn	ENST00000370225	True	1	1613894	0	8.474245919226878e-07	nfe	False	below_supporting_threshold									False	False	population-compatible; not clinical benign
chr1:94031861:G>C	1-94031861-G-C		c.4045C>G	p.Gln1349Glu	ENST00000370225	True	1	1614204	0	8.474245919226878e-07	nfe	False	below_supporting_threshold									False	False	population-compatible; not clinical benign
chr1:94037272:A>C	1-94037272-A-C		c.3686T>G	p.Leu1229Arg	ENST00000370225	True	1	1614246	0	8.474245919226878e-07	nfe	False	below_supporting_threshold									False	False	population-compatible; not clinical benign
chr1:94037291:C>T	1-94037291-C-T		c.3667G>A	p.Glu1223Lys	ENST00000370225	True	1	1614236	0	8.474245919226878e-07	nfe	False	below_supporting_threshold									False	False	population-compatible; not clinical benign
chr1:94037308:G>A	1-94037308-G-A		c.3650C>T	p.Pro1217Leu	ENST00000370225	True	1	1614188	0	8.474245919226878e-07	nfe	False	below_supporting_threshold									False	False	population-compatible; not clinical benign
chr1:94043392:A>G	1-94043392-A-G	rs1394101107	c.3134T>C	p.Met1045Thr	ENST00000370225	True	1	1614176	0	8.474245919226878e-07	nfe	False	below_supporting_threshold	2131785.0	P/LP	1.0	screened	missense	p.M1045T	ABCA4_bd8aa4be2e7da5b2	True	True	True	population-compatible; not clinical benign
chr1:94048895:C>T	1-94048895-C-T	rs1406771874	c.2716G>A	p.Asp906Asn	ENST00000370225	True	1	1614012	0	8.474245919226878e-07	nfe	False	below_supporting_threshold	1366936.0	VUS	1.0	screened	missense	p.D906N	ABCA4_5265f7cb8bcd085e	True	True	True	population-compatible; not clinical benign
chr1:94056686:C>A	1-94056686-C-A	rs1325382938	c.2297G>T	p.Gly766Val	ENST00000370225	True	1	1614182	0	8.474245919226878e-07	nfe	False	below_supporting_threshold									False	False	population-compatible; not clinical benign
chr1:94079444:A>C	1-94079444-A-C		c.1117T>G	p.Leu373Val	ENST00000370225	True	1	1614234	0	8.474245919226878e-07	nfe	False	below_supporting_threshold									False	False	population-compatible; not clinical benign
chr1:94001880:C>T	1-94001880-C-T		c.6260G>A	p.Gly2087Asp	ENST00000370225	True	1	1614242	0	8.47423155668244e-07	nfe	False	below_supporting_threshold									False	False	population-compatible; not clinical benign
chr1:94001895:G>C	1-94001895-G-C		c.6245C>G	p.Ala2082Gly	ENST00000370225	True	1	1614226	0	8.47423155668244e-07	nfe	False	below_supporting_threshold									False	False	population-compatible; not clinical benign
chr1:94021375:A>G	1-94021375-A-G	rs1557768562	c.4883T>C	p.Val1628Ala	ENST00000370225	True	1	1614214	0	8.47423155668244e-07	nfe	False	below_supporting_threshold									False	False	population-compatible; not clinical benign
chr1:94031799:G>C	1-94031799-G-C		c.4107C>G	p.Ser1369Arg	ENST00000370225	True	1	1613886	0	8.47423155668244e-07	nfe	False	below_supporting_threshold									False	False	population-compatible; not clinical benign
chr1:94031813:G>A	1-94031813-G-A		c.4093C>T	p.His1365Tyr	ENST00000370225	True	1	1614044	0	8.47423155668244e-07	nfe	False	below_supporting_threshold									False	False	population-compatible; not clinical benign
chr1:94037177:T>C	1-94037177-T-C		c.3781A>G	p.Ser1261Gly	ENST00000370225	True	1	1614230	0	8.47423155668244e-07	nfe	False	below_supporting_threshold									False	False	population-compatible; not clinical benign
chr1:94037209:A>G	1-94037209-A-G	rs61750128	c.3749T>C	p.Leu1250Pro	ENST00000370225	True	1	1614232	0	8.47423155668244e-07	nfe	False	below_supporting_threshold	99237.0	P/LP	2.0	screened	missense	p.L1250P	ABCA4_34488af2f408a14f	True	True	True	population-compatible; not clinical benign
chr1:94042771:C>G	1-94042771-C-G	rs756731889	c.3318G>C	p.Lys1106Asn	ENST00000370225	True	1	1614104	0	8.47423155668244e-07	nfe	False	below_supporting_threshold									False	False	population-compatible; not clinical benign
chr1:94042875:C>A	1-94042875-C-A		c.3214G>T	p.Val1072Phe	ENST00000370225	True	1	1614210	0	8.47423155668244e-07	nfe	False	below_supporting_threshold									False	False	population-compatible; not clinical benign
chr1:94044652:C>A	1-94044652-C-A		c.3011G>T	p.Ser1004Ile	ENST00000370225	True	1	1614210	0	8.47423155668244e-07	nfe	False	below_supporting_threshold									False	False	population-compatible; not clinical benign
chr1:94044673:C>G	1-94044673-C-G	rs1320988700	c.2990G>C	p.Ser997Thr	ENST00000370225	True	1	1614066	0	8.47423155668244e-07	nfe	False	below_supporting_threshold									False	False	population-compatible; not clinical benign
chr1:94062677:C>T	1-94062677-C-T	rs1175334072	c.1837G>A	p.Asp613Asn	ENST00000370225	True	1	1614154	0	8.47423155668244e-07	nfe	False	below_supporting_threshold									False	False	population-compatible; not clinical benign
chr1:94111568:T>C	1-94111568-T-C	rs1662606229	c.172A>G	p.Asn58Asp	ENST00000370225	True	1	1614080	0	8.47423155668244e-07	nfe	False	below_supporting_threshold									False	False	population-compatible; not clinical benign
chr1:94000880:C>G	1-94000880-C-G	rs898249950	c.6435G>C	p.Lys2145Asn	ENST00000370225	True	1	1614094	0	8.474217194186687e-07	nfe	False	below_supporting_threshold									False	False	population-compatible; not clinical benign
chr1:94021376:C>T	1-94021376-C-T		c.4882G>A	p.Val1628Ile	ENST00000370225	True	1	1614190	0	8.474217194186687e-07	nfe	False	below_supporting_threshold									False	False	population-compatible; not clinical benign
chr1:94030489:C>A	1-94030489-C-A		c.4291G>T	p.Ala1431Ser	ENST00000370225	True	1	1614234	0	8.474217194186687e-07	nfe	False	below_supporting_threshold									False	False	population-compatible; not clinical benign
chr1:94030495:C>T	1-94030495-C-T		c.4285G>A	p.Val1429Ile	ENST00000370225	True	1	1614236	0	8.474217194186687e-07	nfe	False	below_supporting_threshold									False	False	population-compatible; not clinical benign
chr1:94031804:G>C	1-94031804-G-C	rs1183074086	c.4102C>G	p.Arg1368Gly	ENST00000370225	True	1	1613820	0	8.474217194186687e-07	nfe	False	below_supporting_threshold	1437896.0	P/LP	1.0	screened	missense	p.R1368G	ABCA4_cdbd297c3248fec1	True	True	True	population-compatible; not clinical benign
chr1:94037165:A>G	1-94037165-A-G		c.3793T>C	p.Ser1265Pro	ENST00000370225	True	1	1614234	0	8.474217194186687e-07	nfe	False	below_supporting_threshold									False	False	population-compatible; not clinical benign
chr1:94037244:G>C	1-94037244-G-C	rs746958360	c.3714C>G	p.Phe1238Leu	ENST00000370225	True	1	1614112	0	8.474217194186687e-07	nfe	False	below_supporting_threshold									False	False	population-compatible; not clinical benign
chr1:94037300:T>C	1-94037300-T-C	rs1660366045	c.3658A>G	p.Lys1220Glu	ENST00000370225	True	1	1614228	0	8.474217194186687e-07	nfe	False	below_supporting_threshold									False	False	population-compatible; not clinical benign
chr1:94037303:C>A	1-94037303-C-A		c.3655G>T	p.Ala1219Ser	ENST00000370225	True	1	1614214	0	8.474217194186687e-07	nfe	False	below_supporting_threshold									False	False	population-compatible; not clinical benign
chr1:94063285:A>T	1-94063285-A-T		c.1587T>A	p.Asn529Lys	ENST00000370225	True	1	1614122	0	8.474217194186687e-07	nfe	False	below_supporting_threshold									False	False	population-compatible; not clinical benign
chr1:94063290:A>G	1-94063290-A-G	rs1399299284	c.1582T>C	p.Tyr528His	ENST00000370225	True	1	1614196	0	8.474217194186687e-07	nfe	False	below_supporting_threshold									False	False	population-compatible; not clinical benign
chr1:94079400:C>A	1-94079400-C-A	rs1661627221	c.1161G>T	p.Trp387Cys	ENST00000370225	True	1	1614054	0	8.474217194186687e-07	nfe	False	below_supporting_threshold									False	False	population-compatible; not clinical benign
chr1:94044642:C>T	1-94044642-C-T		c.3021G>A	p.Met1007Ile	ENST00000370225	True	1	1614218	0	8.474202831739618e-07	nfe	False	below_supporting_threshold									False	False	population-compatible; not clinical benign
chr1:94001877:C>T	1-94001877-C-T		c.6263G>A	p.Cys2088Tyr	ENST00000370225	True	1	1614250	0	8.474188469341234e-07	nfe	False	below_supporting_threshold									False	False	population-compatible; not clinical benign
chr1:94021272:G>C	1-94021272-G-C	rs1293572527	c.4986C>G	p.Asn1662Lys	ENST00000370225	True	1	1614090	0	8.474188469341234e-07	nfe	False	below_supporting_threshold									False	False	population-compatible; not clinical benign
chr1:94030476:A>G	1-94030476-A-G		c.4304T>C	p.Leu1435Pro	ENST00000370225	True	1	1614240	0	8.474188469341234e-07	nfe	False	below_supporting_threshold									False	False	population-compatible; not clinical benign
chr1:94037269:A>G	1-94037269-A-G	rs749258281	c.3689T>C	p.Ile1230Thr	ENST00000370225	True	1	1614140	0	8.474188469341234e-07	nfe	False	below_supporting_threshold									False	False	population-compatible; not clinical benign
chr1:94037313:A>T	1-94037313-A-T	rs1660366503	c.3645T>A	p.His1215Gln	ENST00000370225	True	1	1614264	0	8.474188469341234e-07	nfe	False	below_supporting_threshold	1038476.0	VUS	1.0	screened	missense	p.H1215Q	ABCA4_492edbe3b771ef56	True	True	True	population-compatible; not clinical benign
chr1:94031823:C>A	1-94031823-C-A	rs1660213012	c.4083G>T	p.Lys1361Asn	ENST00000370225	True	1	1613992	0	8.474174106991533e-07	nfe	False	below_supporting_threshold									False	False	population-compatible; not clinical benign
chr1:94044664:G>T	1-94044664-G-T	rs781780151	c.2999C>A	p.Ala1000Glu	ENST00000370225	True	1	1614102	0	8.474145382438182e-07	nfe	False	below_supporting_threshold									False	False	population-compatible; not clinical benign
chr1:93996156:C>T	1-93996156-C-T	rs1327249006	c.6769G>A	p.Asp2257Asn	ENST00000370225	True	1	1614028	0	0.0	sas	False	below_supporting_threshold									False	False	population-compatible; not clinical benign
chr1:93997952:G>A	1-93997952-G-A	rs1659054844	c.6638C>T	p.Ser2213Phe	ENST00000370225	True	1	1614158	0	0.0	sas	False	below_supporting_threshold									False	False	population-compatible; not clinical benign
chr1:93997958:G>A	1-93997958-G-A	rs748822256	c.6632C>T	p.Ser2211Phe	ENST00000370225	True	3	1614148	0	0.0	sas	False	below_supporting_threshold	3248799.0	VUS	1.0	wt_equivalent	missense	p.S2211F	ABCA4_WT	False	True	True	population-compatible; not clinical benign
chr1:93998021:T>C	1-93998021-T-C	rs1659058438	c.6569A>G	p.Gln2190Arg	ENST00000370225	True	1	1614088	0	0.0	sas	False	below_supporting_threshold	1995867.0	VUS	1.0	wt_equivalent	missense	p.Q2190R	ABCA4_WT	False	True	True	population-compatible; not clinical benign
chr1:93998040:G>T	1-93998040-G-T	rs1659059321	c.6550C>A	p.Pro2184Thr	ENST00000370225	True	1	1614062	0	0.0	sas	False	below_supporting_threshold									False	False	population-compatible; not clinical benign
chr1:93998048:T>G	1-93998048-T-G	rs1267125220	c.6542A>C	p.Asp2181Ala	ENST00000370225	True	1	1614184	0	0.0	sas	False	below_supporting_threshold									False	False	population-compatible; not clinical benign
chr1:93998069:G>T	1-93998069-G-T		c.6521C>A	p.Pro2174Gln	ENST00000370225	True	0	1614150	0	0.0	sas	False	below_supporting_threshold									False	False	population-compatible; not clinical benign
chr1:93998079:T>A	1-93998079-T-A	rs1182518547	c.6511A>T	p.Ile2171Phe	ENST00000370225	True	9	1614070	0	0.0	sas	False	below_supporting_threshold									False	False	population-compatible; not clinical benign
chr1:93998099:C>G	1-93998099-C-G		c.6491G>C	p.Gly2164Ala	ENST00000370225	True	1	1614162	0	0.0	sas	False	below_supporting_threshold									False	False	population-compatible; not clinical benign
chr1:94001002:C>T	1-94001002-C-T	rs1571242070	c.6386G>A	p.Ser2129Asn	ENST00000370225	True	1	1614140	0	0.0	sas	False	below_supporting_threshold	812194.0	Conflicting	1.0	wt_equivalent	missense	p.S2129N	ABCA4_WT	False	True	True	population-compatible; not clinical benign
chr1:94001012:T>A	1-94001012-T-A	rs779979701	c.6376A>T	p.Thr2126Ser	ENST00000370225	True	0	1614082	0	0.0	sas	False	below_supporting_threshold									False	False	population-compatible; not clinical benign
chr1:94001047:A>G	1-94001047-A-G	rs759996549	c.6341T>C	p.Val2114Ala	ENST00000370225	True	3	1614154	0	0.0	sas	False	below_supporting_threshold									False	False	population-compatible; not clinical benign
chr1:94001880:C>A	1-94001880-C-A		c.6260G>T	p.Gly2087Val	ENST00000370225	True	1	1614242	0	0.0	sas	False	below_supporting_threshold									False	False	population-compatible; not clinical benign
chr1:94001915:G>C	1-94001915-G-C		c.6225C>G	p.Asn2075Lys	ENST00000370225	True	1	1614216	0	0.0	sas	False	below_supporting_threshold	3248668.0	P/LP	1.0	wt_equivalent	missense	p.N2075K	ABCA4_WT	False	True	True	population-compatible; not clinical benign
chr1:94005481:T>C	1-94005481-T-C	rs878853398	c.6107A>G	p.Tyr2036Cys	ENST00000370225	True	1	1614152	0	0.0	sas	False	below_supporting_threshold	236517.0	VUS	1.0	screened	missense	p.Y2036C	ABCA4_9ddd141c51588cce	True	True	True	population-compatible; not clinical benign
chr1:94005502:C>A	1-94005502-C-A	rs1659354254	c.6086G>T	p.Gly2029Val	ENST00000370225	True	1	1614148	0	0.0	sas	False	below_supporting_threshold	2907280.0	P/LP	1.0	screened	missense	p.G2029V	ABCA4_fb2bc2005f77a72c	True	True	True	population-compatible; not clinical benign
chr1:94005521:T>C	1-94005521-T-C		c.6067A>G	p.Ile2023Val	ENST00000370225	True	1	1614122	0	0.0	sas	False	below_supporting_threshold									False	False	population-compatible; not clinical benign
chr1:94005529:A>C	1-94005529-A-C		c.6059T>G	p.Phe2020Cys	ENST00000370225	True	1	1614190	0	0.0	sas	False	below_supporting_threshold									False	False	population-compatible; not clinical benign
chr1:94005581:T>A	1-94005581-T-A	rs1170554250	c.6007A>T	p.Ile2003Phe	ENST00000370225	True	0	1613938	0	0.0	sas	False	below_supporting_threshold	801505.0	B/LB	1.0	screened	missense	p.I2003F	ABCA4_341fc709ff6c8496	True	True	True	population-compatible; not clinical benign
chr1:94007634:C>T	1-94007634-C-T		c.6005G>A	p.Ser2002Asn	ENST00000370225	True	0	1612106	0	0.0	sas	False	below_supporting_threshold									False	False	population-compatible; not clinical benign
chr1:94007644:C>A	1-94007644-C-A	rs2101003203	c.5995G>T	p.Ala1999Ser	ENST00000370225	True	0	1613852	0	0.0	sas	False	below_supporting_threshold									False	False	population-compatible; not clinical benign
chr1:94007686:G>C	1-94007686-G-C		c.5953C>G	p.Leu1985Val	ENST00000370225	True	1	1614114	0	0.0	sas	False	below_supporting_threshold									False	False	population-compatible; not clinical benign
chr1:94007693:G>T	1-94007693-G-T		c.5946C>A	p.Phe1982Leu	ENST00000370225	True	0	1614104	0	0.0	sas	False	below_supporting_threshold									False	False	population-compatible; not clinical benign
chr1:94008794:C>T	1-94008794-C-T		c.5792G>A	p.Gly1931Asp	ENST00000370225	True	0	1613954	0	0.0	sas	False	below_supporting_threshold									False	False	population-compatible; not clinical benign
chr1:94008795:C>A	1-94008795-C-A		c.5791G>T	p.Gly1931Cys	ENST00000370225	True	1	1613830	0	0.0	sas	False	below_supporting_threshold									False	False	population-compatible; not clinical benign
chr1:94008821:G>T	1-94008821-G-T	rs1178700065	c.5765C>A	p.Ala1922Asp	ENST00000370225	True	1	1613468	0	0.0	sas	False	below_supporting_threshold									False	False	population-compatible; not clinical benign
chr1:94008846:T>A	1-94008846-T-A	rs1659471121	c.5740A>T	p.Ile1914Phe	ENST00000370225	True	1	1613402	0	0.0	sas	False	below_supporting_threshold									False	False	population-compatible; not clinical benign
chr1:94008855:T>C	1-94008855-T-C		c.5731A>G	p.Lys1911Glu	ENST00000370225	True	1	1613214	0	0.0	sas	False	below_supporting_threshold									False	False	population-compatible; not clinical benign
chr1:94010818:T>C	1-94010818-T-C	rs1222067045	c.5696A>G	p.His1899Arg	ENST00000370225	True	1	1614048	0	0.0	sas	False	below_supporting_threshold									False	False	population-compatible; not clinical benign
chr1:94010852:C>T	1-94010852-C-T	rs960046683	c.5662G>A	p.Val1888Met	ENST00000370225	True	1	1614068	0	0.0	sas	False	below_supporting_threshold									False	False	population-compatible; not clinical benign
chr1:94010883:C>A	1-94010883-C-A	rs1439852249	c.5631G>T	p.Lys1877Asn	ENST00000370225	True	1	1614160	0	0.0	sas	False	below_supporting_threshold									False	False	population-compatible; not clinical benign
chr1:94010884:T>G	1-94010884-T-G		c.5630A>C	p.Lys1877Thr	ENST00000370225	True	1	1614154	0	0.0	sas	False	below_supporting_threshold									False	False	population-compatible; not clinical benign
chr1:94010895:G>C	1-94010895-G-C		c.5619C>G	p.Asp1873Glu	ENST00000370225	True	4	1614088	0	0.0	sas	False	below_supporting_threshold	3544442.0	VUS	1.0	screened	missense	p.D1873E	ABCA4_6aa400ee79da6295	True	True	True	population-compatible; not clinical benign
chr1:94010918:A>C	1-94010918-A-C	rs775714847	c.5596T>G	p.Ser1866Ala	ENST00000370225	True	1	1614070	0	0.0	sas	False	below_supporting_threshold									False	False	population-compatible; not clinical benign
chr1:94011313:G>A	1-94011313-G-A	rs1659540392	c.5533C>T	p.Leu1845Phe	ENST00000370225	True	1	1614112	0	0.0	sas	False	below_supporting_threshold	874748.0	VUS	1.0	screened	missense	p.L1845F	ABCA4_85bdc5a3d6bc2e91	True	True	True	population-compatible; not clinical benign
chr1:94011343:C>T	1-94011343-C-T		c.5503G>A	p.Val1835Ile	ENST00000370225	True	0	1614128	0	0.0	sas	False	below_supporting_threshold	4835776.0	B/LB	1.0	screened	missense	p.V1835I	ABCA4_a9b9477676f18f7d	True	True	True	population-compatible; not clinical benign
chr1:94011385:T>C	1-94011385-T-C	rs2101008570	c.5461A>G	p.Thr1821Ala	ENST00000370225	True	2	1613824	0	0.0	sas	False	below_supporting_threshold	1466431.0	VUS	1.0	screened	missense	p.T1821A	ABCA4_f1eb9bc0e122f65a	True	True	True	population-compatible; not clinical benign
chr1:94014599:T>G	1-94014599-T-G		c.5404A>C	p.Ile1802Leu	ENST00000370225	True	1	1614172	0	0.0	sas	False	below_supporting_threshold									False	False	population-compatible; not clinical benign
chr1:94015764:G>A	1-94015764-G-A		c.5287C>T	p.Leu1763Phe	ENST00000370225	True	1	1613536	0	0.0	sas	False	below_supporting_threshold									False	False	population-compatible; not clinical benign
chr1:94015837:A>C	1-94015837-A-C		c.5214T>G	p.Ser1738Arg	ENST00000370225	True	1	1613742	0	0.0	sas	False	below_supporting_threshold									False	False	population-compatible; not clinical benign
chr1:94019587:C>A	1-94019587-C-A		c.5191G>T	p.Asp1731Tyr	ENST00000370225	True	1	1604678	0	0.0	sas	False	below_supporting_threshold	4488432.0	Other	0.0	screened	missense	p.D1731Y	ABCA4_7d038f58c1b94bd7	True	True	True	population-compatible; not clinical benign
chr1:94019588:C>G	1-94019588-C-G		c.5190G>C	p.Trp1730Cys	ENST00000370225	True	1	1604994	0	0.0	sas	False	below_supporting_threshold									False	False	population-compatible; not clinical benign
chr1:94019593:G>T	1-94019593-G-T		c.5185C>A	p.Leu1729Ile	ENST00000370225	True	0	1607064	0	0.0	sas	False	below_supporting_threshold									False	False	population-compatible; not clinical benign
chr1:94019601:G>A	1-94019601-G-A	rs1419636627	c.5177C>T	p.Thr1726Ile	ENST00000370225	True	0	1608766	0	0.0	sas	False	below_supporting_threshold									False	False	population-compatible; not clinical benign
chr1:94019605:C>T	1-94019605-C-T	rs756847090	c.5173G>A	p.Val1725Met	ENST00000370225	True	1	1609332	0	0.0	sas	False	below_supporting_threshold									False	False	population-compatible; not clinical benign
chr1:94019606:C>A	1-94019606-C-A	rs1557767754	c.5172G>T	p.Trp1724Cys	ENST00000370225	True	1	1609448	0	0.0	sas	False	below_supporting_threshold	866023.0	Conflicting	1.0	screened	missense	p.W1724C	ABCA4_4090a4b589c2aee6	True	True	True	population-compatible; not clinical benign
chr1:94019619:G>T	1-94019619-G-T		c.5159C>A	p.Pro1720His	ENST00000370225	True	0	1610864	0	0.0	sas	False	below_supporting_threshold									False	False	population-compatible; not clinical benign
chr1:94019628:C>T	1-94019628-C-T	rs1448246859	c.5150G>A	p.Gly1717Glu	ENST00000370225	True	0	1611816	0	0.0	sas	False	below_supporting_threshold	1009357.0	VUS	1.0	screened	missense	p.G1717E	ABCA4_80a51ff05c44e05b	True	True	True	population-compatible; not clinical benign
chr1:94019644:G>C	1-94019644-G-C		c.5134C>G	p.Leu1712Val	ENST00000370225	True	1	1612710	0	0.0	sas	False	below_supporting_threshold									False	False	population-compatible; not clinical benign
chr1:94019686:C>G	1-94019686-C-G		c.5092G>C	p.Val1698Leu	ENST00000370225	True	1	1613778	0	0.0	sas	False	below_supporting_threshold									False	False	population-compatible; not clinical benign
chr1:94019743:C>T	1-94019743-C-T	rs760206966	c.5035G>A	p.Asp1679Asn	ENST00000370225	True	1	1612924	0	0.0	sas	False	below_supporting_threshold	4267361.0	VUS	1.0	screened	missense	p.D1679N	ABCA4_43025658c7653726	True	True	True	population-compatible; not clinical benign
chr1:94019757:A>G	1-94019757-A-G		c.5021T>C	p.Leu1674Pro	ENST00000370225	True	1	1611522	0	0.0	sas	False	below_supporting_threshold									False	False	population-compatible; not clinical benign
chr1:94021259:G>C	1-94021259-G-C		c.4999C>G	p.Gln1667Glu	ENST00000370225	True	0	1614232	0	0.0	sas	False	below_supporting_threshold									False	False	population-compatible; not clinical benign
chr1:94021286:T>C	1-94021286-T-C		c.4972A>G	p.Ser1658Gly	ENST00000370225	True	0	1614218	0	0.0	sas	False	below_supporting_threshold									False	False	population-compatible; not clinical benign
chr1:94021292:C>G	1-94021292-C-G	rs758912686	c.4966G>C	p.Val1656Leu	ENST00000370225	True	1	1614176	0	0.0	sas	False	below_supporting_threshold	3686370.0	VUS	1.0	screened	missense	p.V1656L	ABCA4_94b4aaabe1c4b007	True	True	True	population-compatible; not clinical benign
chr1:94021305:C>A	1-94021305-C-A	rs1441088733	c.4953G>T	p.Glu1651Asp	ENST00000370225	True	0	1614218	0	0.0	sas	False	below_supporting_threshold									False	False	population-compatible; not clinical benign
chr1:94021398:A>C	1-94021398-A-C	rs762559154	c.4860T>G	p.Asn1620Lys	ENST00000370225	True	1	1614244	0	0.0	sas	False	below_supporting_threshold									False	False	population-compatible; not clinical benign
chr1:94021642:T>C	1-94021642-T-C		c.4846A>G	p.Lys1616Glu	ENST00000370225	True	0	1610928	0	0.0	sas	False	below_supporting_threshold									False	False	population-compatible; not clinical benign
chr1:94021662:A>G	1-94021662-A-G		c.4826T>C	p.Leu1609Pro	ENST00000370225	True	1	1612888	0	0.0	sas	False	below_supporting_threshold									False	False	population-compatible; not clinical benign
chr1:94021711:G>T	1-94021711-G-T	rs751683384	c.4777C>A	p.Pro1593Thr	ENST00000370225	True	0	1611660	0	0.0	sas	False	below_supporting_threshold									False	False	population-compatible; not clinical benign
chr1:94021855:A>T	1-94021855-A-T	rs1659909969	c.4764T>A	p.Asn1588Lys	ENST00000370225	True	1	1614066	0	0.0	sas	False	below_supporting_threshold									False	False	population-compatible; not clinical benign
chr1:94021890:C>A	1-94021890-C-A		c.4729G>T	p.Val1577Phe	ENST00000370225	True	1	1614196	0	0.0	sas	False	below_supporting_threshold									False	False	population-compatible; not clinical benign
chr1:94021902:C>G	1-94021902-C-G		c.4717G>C	p.Gly1573Arg	ENST00000370225	True	0	1614196	0	0.0	sas	False	below_supporting_threshold									False	False	population-compatible; not clinical benign
chr1:94021917:C>A	1-94021917-C-A		c.4702G>T	p.Val1568Phe	ENST00000370225	True	1	1614214	0	0.0	sas	False	below_supporting_threshold									False	False	population-compatible; not clinical benign
chr1:94023409:G>T	1-94023409-G-T		c.4644C>A	p.Ser1548Arg	ENST00000370225	True	0	1608994	0	0.0	sas	False	below_supporting_threshold									False	False	population-compatible; not clinical benign
chr1:94023415:T>A	1-94023415-T-A	rs1659954209	c.4638A>T	p.Leu1546Phe	ENST00000370225	True	0	1609320	0	0.0	sas	False	below_supporting_threshold	3027748.0	VUS	1.0	screened	missense	p.L1546F	ABCA4_f9387acd6f63f4d4	True	True	True	population-compatible; not clinical benign
chr1:94024973:G>C	1-94024973-G-C	rs753785442	c.4615C>G	p.Pro1539Ala	ENST00000370225	True	1	1614094	0	0.0	sas	False	below_supporting_threshold									False	False	population-compatible; not clinical benign
chr1:94024979:T>G	1-94024979-T-G	rs1401129783	c.4609A>C	p.Thr1537Pro	ENST00000370225	True	1	1614140	0	0.0	sas	False	below_supporting_threshold									False	False	population-compatible; not clinical benign
chr1:94029450:G>A	1-94029450-G-A		c.4534C>T	p.Pro1512Ser	ENST00000370225	True	0	1551150	0	0.0	sas	False	below_supporting_threshold									False	False	population-compatible; not clinical benign
chr1:94029458:A>G	1-94029458-A-G		c.4526T>C	p.Leu1509Pro	ENST00000370225	True	0	1555176	0	0.0	sas	False	below_supporting_threshold									False	False	population-compatible; not clinical benign
chr1:94029459:G>A	1-94029459-G-A		c.4525C>T	p.Leu1509Phe	ENST00000370225	True	0	1556330	0	0.0	sas	False	below_supporting_threshold									False	False	population-compatible; not clinical benign
chr1:94029468:C>A	1-94029468-C-A		c.4516G>T	p.Ala1506Ser	ENST00000370225	True	0	1564350	0	0.0	sas	False	below_supporting_threshold									False	False	population-compatible; not clinical benign
chr1:94029476:G>T	1-94029476-G-T		c.4508C>A	p.Pro1503His	ENST00000370225	True	0	1574204	0	0.0	sas	False	below_supporting_threshold									False	False	population-compatible; not clinical benign
chr1:94029479:C>A	1-94029479-C-A	rs1660137001	c.4505G>T	p.Cys1502Phe	ENST00000370225	True	0	1577896	0	0.0	sas	False	below_supporting_threshold	866714.0	P/LP	2.0	screened	missense	p.C1502F	ABCA4_9ad50823f4e8074a	True	True	True	population-compatible; not clinical benign
chr1:94029506:C>A	1-94029506-C-A		c.4478G>T	p.Arg1493Met	ENST00000370225	True	0	1601344	0	0.0	sas	False	below_supporting_threshold									False	False	population-compatible; not clinical benign
chr1:94029512:C>T	1-94029512-C-T		c.4472G>A	p.Ser1491Asn	ENST00000370225	True	0	1604626	0	0.0	sas	False	below_supporting_threshold									False	False	population-compatible; not clinical benign
chr1:94029519:T>C	1-94029519-T-C		c.4465A>G	p.Arg1489Gly	ENST00000370225	True	0	1608344	0	0.0	sas	False	below_supporting_threshold									False	False	population-compatible; not clinical benign
chr1:94029549:A>G	1-94029549-A-G		c.4435T>C	p.Trp1479Arg	ENST00000370225	True	0	1613494	0	0.0	sas	False	below_supporting_threshold									False	False	population-compatible; not clinical benign
chr1:94029579:T>A	1-94029579-T-A		c.4405A>T	p.Asn1469Tyr	ENST00000370225	True	1	1614024	0	0.0	sas	False	below_supporting_threshold	4563308.0	VUS	1.0	screened	missense	p.N1469Y	ABCA4_7070e87f7d7dd041	True	True	True	population-compatible; not clinical benign
chr1:94029628:C>A	1-94029628-C-A		c.4356G>T	p.Glu1452Asp	ENST00000370225	True	2	1613232	0	0.0	sas	False	below_supporting_threshold	1947283.0	VUS	1.0	screened	missense	p.E1452D	ABCA4_bbde9c69ac8c026e	True	True	True	population-compatible; not clinical benign
chr1:94031053:T>A	1-94031053-T-A	rs765601410	c.4196A>T	p.Glu1399Val	ENST00000370225	True	1	1614104	0	0.0	sas	False	below_supporting_threshold									False	False	population-compatible; not clinical benign
chr1:94031116:A>G	1-94031116-A-G	rs1389129096	c.4133T>C	p.Val1378Ala	ENST00000370225	True	2	1614154	0	0.0	sas	False	below_supporting_threshold									False	False	population-compatible; not clinical benign
chr1:94031789:A>T	1-94031789-A-T	rs1205837857	c.4117T>A	p.Phe1373Ile	ENST00000370225	True	1	1613786	0	0.0	sas	False	below_supporting_threshold									False	False	population-compatible; not clinical benign
chr1:94031795:T>C	1-94031795-T-C		c.4111A>G	p.Lys1371Glu	ENST00000370225	True	1	1613816	0	0.0	sas	False	below_supporting_threshold									False	False	population-compatible; not clinical benign
chr1:94031806:A>T	1-94031806-A-T	rs1054210292	c.4100T>A	p.Ile1367Asn	ENST00000370225	True	1	1613884	0	0.0	sas	False	below_supporting_threshold									False	False	population-compatible; not clinical benign
chr1:94031817:G>C	1-94031817-G-C		c.4089C>G	p.Phe1363Leu	ENST00000370225	True	1	1614076	0	0.0	sas	False	below_supporting_threshold									False	False	population-compatible; not clinical benign
chr1:94032010:G>T	1-94032010-G-T		c.3896C>A	p.Pro1299His	ENST00000370225	True	1	1613394	0	0.0	sas	False	below_supporting_threshold									False	False	population-compatible; not clinical benign
chr1:94032011:G>T	1-94032011-G-T		c.3895C>A	p.Pro1299Thr	ENST00000370225	True	0	1613396	0	0.0	sas	False	below_supporting_threshold									False	False	population-compatible; not clinical benign
chr1:94032018:G>T	1-94032018-G-T		c.3888C>A	p.Asn1296Lys	ENST00000370225	True	0	1613040	0	0.0	sas	False	below_supporting_threshold									False	False	population-compatible; not clinical benign
chr1:94032025:C>A	1-94032025-C-A	rs1322658168	c.3881G>T	p.Arg1294Ile	ENST00000370225	True	0	1612528	0	0.0	sas	False	below_supporting_threshold									False	False	population-compatible; not clinical benign
chr1:94032025:C>T	1-94032025-C-T		c.3881G>A	p.Arg1294Lys	ENST00000370225	True	1	1612528	0	0.0	sas	False	below_supporting_threshold									False	False	population-compatible; not clinical benign
chr1:94032026:T>C	1-94032026-T-C	rs1660220522	c.3880A>G	p.Arg1294Gly	ENST00000370225	True	0	1612314	0	0.0	sas	False	below_supporting_threshold									False	False	population-compatible; not clinical benign
chr1:94032030:C>A	1-94032030-C-A		c.3876G>T	p.Gln1292His	ENST00000370225	True	0	1611828	0	0.0	sas	False	below_supporting_threshold									False	False	population-compatible; not clinical benign
chr1:94032032:G>T	1-94032032-G-T		c.3874C>A	p.Gln1292Lys	ENST00000370225	True	0	1611740	0	0.0	sas	False	below_supporting_threshold									False	False	population-compatible; not clinical benign
chr1:94032034:T>A	1-94032034-T-A	rs1660220944	c.3872A>T	p.Gln1291Leu	ENST00000370225	True	1	1611456	0	0.0	sas	False	below_supporting_threshold	1043724.0	VUS	2.0	screened	missense	p.Q1291L	ABCA4_969b6eb85471f58c	True	True	True	population-compatible; not clinical benign
chr1:94032035:G>T	1-94032035-G-T		c.3871C>A	p.Gln1291Lys	ENST00000370225	True	0	1611360	0	0.0	sas	False	below_supporting_threshold									False	False	population-compatible; not clinical benign
chr1:94032037:G>T	1-94032037-G-T		c.3869C>A	p.Ala1290Asp	ENST00000370225	True	0	1611120	0	0.0	sas	False	below_supporting_threshold									False	False	population-compatible; not clinical benign
chr1:94032038:C>A	1-94032038-C-A		c.3868G>T	p.Ala1290Ser	ENST00000370225	True	3	1610872	0	0.0	sas	False	below_supporting_threshold									False	False	population-compatible; not clinical benign
chr1:94037145:C>A	1-94037145-C-A		c.3813G>T	p.Glu1271Asp	ENST00000370225	True	0	1614050	0	0.0	sas	False	below_supporting_threshold									False	False	population-compatible; not clinical benign
chr1:94037213:C>T	1-94037213-C-T	rs1451564181	c.3745G>A	p.Glu1249Lys	ENST00000370225	True	1	1614094	0	0.0	sas	False	below_supporting_threshold									False	False	population-compatible; not clinical benign
chr1:94037227:G>C	1-94037227-G-C	rs1458777143	c.3731C>G	p.Ala1244Gly	ENST00000370225	True	1	1614224	0	0.0	sas	False	below_supporting_threshold									False	False	population-compatible; not clinical benign
chr1:94037240:G>A	1-94037240-G-A		c.3718C>T	p.His1240Tyr	ENST00000370225	True	1	1614198	0	0.0	sas	False	below_supporting_threshold									False	False	population-compatible; not clinical benign
chr1:94037288:A>G	1-94037288-A-G	rs762213896	c.3670T>C	p.Cys1224Arg	ENST00000370225	True	1	1613978	0	0.0	sas	False	below_supporting_threshold									False	False	population-compatible; not clinical benign
chr1:94037296:A>G	1-94037296-A-G		c.3662T>C	p.Leu1221Pro	ENST00000370225	True	3	1614240	0	0.0	sas	False	below_supporting_threshold									False	False	population-compatible; not clinical benign
chr1:94037298:C>A	1-94037298-C-A		c.3660G>T	p.Lys1220Asn	ENST00000370225	True	1	1614234	0	0.0	sas	False	below_supporting_threshold									False	False	population-compatible; not clinical benign
chr1:94037324:C>T	1-94037324-C-T		c.3634G>A	p.Val1212Ile	ENST00000370225	True	1	1614174	0	0.0	sas	False	below_supporting_threshold									False	False	population-compatible; not clinical benign
chr1:94037347:T>C	1-94037347-T-C	rs1660368282	c.3611A>G	p.Asp1204Gly	ENST00000370225	True	0	1613942	0	0.0	sas	False	below_supporting_threshold									False	False	population-compatible; not clinical benign
chr1:94040043:C>T	1-94040043-C-T	rs1064793011	c.3607G>A	p.Gly1203Arg	ENST00000370225	True	0	1600708	0	0.0	sas	False	below_supporting_threshold	417989.0	Conflicting	1.0	screened	missense	p.G1203R	ABCA4_d096b4e8e3dac3b2	True	True	True	population-compatible; not clinical benign
chr1:94040052:C>G	1-94040052-C-G	rs1660446569	c.3598G>C	p.Val1200Leu	ENST00000370225	True	1	1605076	0	0.0	sas	False	below_supporting_threshold	3700919.0	VUS	1.0	screened	missense	p.V1200L	ABCA4_f324f7510580fa56	True	True	True	population-compatible; not clinical benign
chr1:94040058:C>G	1-94040058-C-G	rs1323928773	c.3592G>C	p.Glu1198Gln	ENST00000370225	True	0	1606754	0	0.0	sas	False	below_supporting_threshold									False	False	population-compatible; not clinical benign
chr1:94040063:G>T	1-94040063-G-T		c.3587C>A	p.Thr1196Asn	ENST00000370225	True	0	1607914	0	0.0	sas	False	below_supporting_threshold									False	False	population-compatible; not clinical benign
chr1:94040075:A>G	1-94040075-A-G	rs1370609179	c.3575T>C	p.Val1192Ala	ENST00000370225	True	0	1609722	0	0.0	sas	False	below_supporting_threshold	1503756.0	VUS	1.0	screened	missense	p.V1192A	ABCA4_1623b841a75554c8	True	True	True	population-compatible; not clinical benign
chr1:94040094:T>A	1-94040094-T-A		c.3556A>T	p.Thr1186Ser	ENST00000370225	True	0	1610368	0	0.0	sas	False	below_supporting_threshold									False	False	population-compatible; not clinical benign
chr1:94040118:T>C	1-94040118-T-C		c.3532A>G	p.Ser1178Gly	ENST00000370225	True	0	1607938	0	0.0	sas	False	below_supporting_threshold									False	False	population-compatible; not clinical benign
chr1:94040124:T>G	1-94040124-T-G		c.3526A>C	p.Thr1176Pro	ENST00000370225	True	0	1605548	0	0.0	sas	False	below_supporting_threshold									False	False	population-compatible; not clinical benign
chr1:94040126:C>A	1-94040126-C-A		c.3524G>T	p.Gly1175Val	ENST00000370225	True	0	1605050	0	0.0	sas	False	below_supporting_threshold									False	False	population-compatible; not clinical benign
chr1:94041239:T>A	1-94041239-T-A		c.3492A>T	p.Lys1164Asn	ENST00000370225	True	0	1614158	0	0.0	sas	False	below_supporting_threshold									False	False	population-compatible; not clinical benign
chr1:94041297:A>T	1-94041297-A-T		c.3434T>A	p.Leu1145His	ENST00000370225	True	1	1614076	0	0.0	sas	False	below_supporting_threshold									False	False	population-compatible; not clinical benign
chr1:94041361:C>A	1-94041361-C-A		c.3370G>T	p.Asp1124Tyr	ENST00000370225	True	1	1614086	0	0.0	sas	False	below_supporting_threshold									False	False	population-compatible; not clinical benign
chr1:94041394:T>A	1-94041394-T-A		c.3337A>T	p.Ile1113Phe	ENST00000370225	True	0	1613678	0	0.0	sas	False	below_supporting_threshold									False	False	population-compatible; not clinical benign
chr1:94042788:A>C	1-94042788-A-C		c.3301T>G	p.Trp1101Gly	ENST00000370225	True	1	1614218	0	0.0	sas	False	below_supporting_threshold									False	False	population-compatible; not clinical benign
chr1:94042797:G>T	1-94042797-G-T		c.3292C>A	p.Arg1098Ser	ENST00000370225	True	1	1614206	0	0.0	sas	False	below_supporting_threshold									False	False	population-compatible; not clinical benign
chr1:94043342:G>C	1-94043342-G-C	rs966434923	c.3184C>G	p.Leu1062Val	ENST00000370225	True	1	1614052	0	0.0	sas	False	below_supporting_threshold									False	False	population-compatible; not clinical benign
chr1:94043347:T>C	1-94043347-T-C	rs772663974	c.3179A>G	p.Gln1060Arg	ENST00000370225	True	1	1614060	0	0.0	sas	False	below_supporting_threshold									False	False	population-compatible; not clinical benign
chr1:94043371:T>G	1-94043371-T-G		c.3155A>C	p.His1052Pro	ENST00000370225	True	1	1614158	0	0.0	sas	False	below_supporting_threshold									False	False	population-compatible; not clinical benign
chr1:94043391:C>T	1-94043391-C-T		c.3135G>A	p.Met1045Ile	ENST00000370225	True	1	1614162	0	0.0	sas	False	below_supporting_threshold									False	False	population-compatible; not clinical benign
chr1:94043408:G>C	1-94043408-G-C		c.3118C>G	p.Leu1040Val	ENST00000370225	True	1	1614150	0	0.0	sas	False	below_supporting_threshold									False	False	population-compatible; not clinical benign
chr1:94043446:T>C	1-94043446-T-C		c.3080A>G	p.Tyr1027Cys	ENST00000370225	True	1	1614186	0	0.0	sas	False	below_supporting_threshold									False	False	population-compatible; not clinical benign
chr1:94044625:A>T	1-94044625-A-T		c.3038T>A	p.Ile1013Asn	ENST00000370225	True	1	1614146	0	0.0	sas	False	below_supporting_threshold									False	False	population-compatible; not clinical benign
chr1:94044672:G>T	1-94044672-G-T		c.2991C>A	p.Ser997Arg	ENST00000370225	True	1	1614192	0	0.0	sas	False	below_supporting_threshold									False	False	population-compatible; not clinical benign
chr1:94044701:G>A	1-94044701-G-A		c.2962C>T	p.Leu988Phe	ENST00000370225	True	1	1614230	0	0.0	sas	False	below_supporting_threshold									False	False	population-compatible; not clinical benign
chr1:94044743:A>C	1-94044743-A-C	rs281865400	c.2920T>G	p.Ser974Ala	ENST00000370225	True	1	1614172	0	0.0	sas	False	below_supporting_threshold									False	False	population-compatible; not clinical benign
chr1:94045725:G>T	1-94045725-G-T		c.2937C>A	p.Phe979Leu	ENST00000649773	False	0	456204	0	0.0	sas	False	below_supporting_threshold									False	False	population-compatible; not clinical benign
chr1:94045733:C>A	1-94045733-C-A		c.2929G>T	p.Val977Leu	ENST00000649773	False	0	456228	0	0.0	sas	False	below_supporting_threshold									False	False	population-compatible; not clinical benign
chr1:94045738:C>A	1-94045738-C-A	rs1660652535	c.2924G>T	p.Gly975Val	ENST00000649773	False	0	456244	0	0.0	sas	False	below_supporting_threshold									False	False	population-compatible; not clinical benign
chr1:94045742:C>A	1-94045742-C-A		c.2920G>T	p.Val974Leu	ENST00000649773	False	0	456270	0	0.0	sas	False	below_supporting_threshold									False	False	population-compatible; not clinical benign
chr1:94045762:G>A	1-94045762-G-A	rs747089368	c.2900C>T	p.Ala967Val	ENST00000649773	False	0	456268	0	0.0	sas	False	below_supporting_threshold									False	False	population-compatible; not clinical benign
chr1:94045765:C>A	1-94045765-C-A		c.2897G>T	p.Arg966Met	ENST00000649773	False	0	456278	0	0.0	sas	False	below_supporting_threshold									False	False	population-compatible; not clinical benign
chr1:94045765:C>T	1-94045765-C-T	rs1570376128	c.2897G>A	p.Arg966Lys	ENST00000649773	False	1	456278	0	0.0	sas	False	below_supporting_threshold									False	False	population-compatible; not clinical benign
chr1:94045782:A>C	1-94045782-A-C		c.2880T>G	p.Cys960Trp	ENST00000649773	False	1	456282	0	0.0	sas	False	below_supporting_threshold									False	False	population-compatible; not clinical benign
chr1:94045783:C>A	1-94045783-C-A		c.2879G>T	p.Cys960Phe	ENST00000649773	False	0	456326	0	0.0	sas	False	below_supporting_threshold									False	False	population-compatible; not clinical benign
chr1:94045786:G>C	1-94045786-G-C		c.2876C>G	p.Pro959Arg	ENST00000649773	False	0	456256	0	0.0	sas	False	below_supporting_threshold									False	False	population-compatible; not clinical benign
chr1:94045786:G>T	1-94045786-G-T		c.2876C>A	p.Pro959His	ENST00000649773	False	0	456256	0	0.0	sas	False	below_supporting_threshold									False	False	population-compatible; not clinical benign
chr1:94045787:G>T	1-94045787-G-T		c.2875C>A	p.Pro959Thr	ENST00000649773	False	0	456290	0	0.0	sas	False	below_supporting_threshold									False	False	population-compatible; not clinical benign
chr1:94045789:G>T	1-94045789-G-T		c.2873C>A	p.Thr958Lys	ENST00000649773	False	0	456298	0	0.0	sas	False	below_supporting_threshold									False	False	population-compatible; not clinical benign
chr1:94045792:C>A	1-94045792-C-A		c.2870G>T	p.Cys957Phe	ENST00000649773	False	0	456294	0	0.0	sas	False	below_supporting_threshold									False	False	population-compatible; not clinical benign
chr1:94045795:G>C	1-94045795-G-C		c.2867C>G	p.Ala956Gly	ENST00000649773	False	0	456252	0	0.0	sas	False	below_supporting_threshold									False	False	population-compatible; not clinical benign
chr1:94045810:T>A	1-94045810-T-A		c.2852A>T	p.Gln951Leu	ENST00000649773	False	0	456294	0	0.0	sas	False	below_supporting_threshold									False	False	population-compatible; not clinical benign
chr1:94045811:G>T	1-94045811-G-T		c.2851C>A	p.Gln951Lys	ENST00000649773	False	0	456274	0	0.0	sas	False	below_supporting_threshold									False	False	population-compatible; not clinical benign
chr1:94045815:C>A	1-94045815-C-A		c.2847G>T	p.Glu949Asp	ENST00000649773	False	0	456296	0	0.0	sas	False	below_supporting_threshold									False	False	population-compatible; not clinical benign
chr1:94045832:A>G	1-94045832-A-G		c.2830T>C	p.Phe944Leu	ENST00000649773	False	0	456280	0	0.0	sas	False	below_supporting_threshold									False	False	population-compatible; not clinical benign
chr1:94045844:G>T	1-94045844-G-T		c.2818C>A	p.Arg940Ser	ENST00000649773	False	0	456272	0	0.0	sas	False	below_supporting_threshold									False	False	population-compatible; not clinical benign
chr1:94045846:G>T	1-94045846-G-T		c.2816C>A	p.Pro939Gln	ENST00000649773	False	0	456286	0	0.0	sas	False	below_supporting_threshold									False	False	population-compatible; not clinical benign
chr1:94045852:G>A	1-94045852-G-A	rs1660656982	c.2810C>T	p.Ala937Val	ENST00000649773	False	0	456258	0	0.0	sas	False	below_supporting_threshold									False	False	population-compatible; not clinical benign
chr1:94045853:C>A	1-94045853-C-A		c.2809G>T	p.Ala937Ser	ENST00000649773	False	0	456304	0	0.0	sas	False	below_supporting_threshold									False	False	population-compatible; not clinical benign
chr1:94045855:G>A	1-94045855-G-A		c.2807C>T	p.Ala936Val	ENST00000649773	False	0	456264	0	0.0	sas	False	below_supporting_threshold									False	False	population-compatible; not clinical benign
chr1:94045856:C>T	1-94045856-C-T	rs1660657282	c.2806G>A	p.Ala936Thr	ENST00000649773	False	0	456272	0	0.0	sas	False	below_supporting_threshold									False	False	population-compatible; not clinical benign
chr1:94045858:C>A	1-94045858-C-A		c.2804G>T	p.Gly935Val	ENST00000649773	False	0	456268	0	0.0	sas	False	below_supporting_threshold									False	False	population-compatible; not clinical benign
chr1:94045870:C>A	1-94045870-C-A		c.2792G>T	p.Arg931Leu	ENST00000649773	False	0	456274	0	0.0	sas	False	below_supporting_threshold									False	False	population-compatible; not clinical benign
chr1:94045875:C>A	1-94045875-C-A		c.2787G>T	p.Gln929His	ENST00000649773	False	0	456280	0	0.0	sas	False	below_supporting_threshold									False	False	population-compatible; not clinical benign
chr1:94045877:G>T	1-94045877-G-T		c.2785C>A	p.Gln929Lys	ENST00000649773	False	0	456292	0	0.0	sas	False	below_supporting_threshold									False	False	population-compatible; not clinical benign
chr1:94045882:T>C	1-94045882-T-C		c.2780A>G	p.Glu927Gly	ENST00000649773	False	0	456248	0	0.0	sas	False	below_supporting_threshold									False	False	population-compatible; not clinical benign
chr1:94045884:C>A	1-94045884-C-A		c.2778G>T	p.Lys926Asn	ENST00000649773	False	0	456280	0	0.0	sas	False	below_supporting_threshold									False	False	population-compatible; not clinical benign
chr1:94045897:G>A	1-94045897-G-A		c.2765C>T	p.Pro922Leu	ENST00000649773	False	0	456234	0	0.0	sas	False	below_supporting_threshold									False	False	population-compatible; not clinical benign
chr1:94045901:G>T	1-94045901-G-T		c.2761C>A	p.Pro921Thr	ENST00000649773	False	0	456236	0	0.0	sas	False	below_supporting_threshold									False	False	population-compatible; not clinical benign
chr1:94045904:C>A	1-94045904-C-A		c.2758G>T	p.Gly920Cys	ENST00000649773	False	0	456242	0	0.0	sas	False	below_supporting_threshold									False	False	population-compatible; not clinical benign
chr1:94045907:G>T	1-94045907-G-T		c.2755C>A	p.His919Asn	ENST00000649773	False	0	456298	0	0.0	sas	False	below_supporting_threshold									False	False	population-compatible; not clinical benign
chr1:94045912:C>A	1-94045912-C-A		c.2750G>T	p.Gly917Val	ENST00000649773	False	0	456296	0	0.0	sas	False	below_supporting_threshold									False	False	population-compatible; not clinical benign
chr1:94045927:C>A	1-94045927-C-A		c.2735G>T	p.Arg912Leu	ENST00000649773	False	0	456244	0	0.0	sas	False	below_supporting_threshold									False	False	population-compatible; not clinical benign
chr1:94045934:G>T	1-94045934-G-T		c.2728C>A	p.Pro910Thr	ENST00000649773	False	0	456274	0	0.0	sas	False	below_supporting_threshold									False	False	population-compatible; not clinical benign
chr1:94045945:G>T	1-94045945-G-T		c.2717C>A	p.Ser906Tyr	ENST00000649773	False	0	456278	0	0.0	sas	False	below_supporting_threshold									False	False	population-compatible; not clinical benign
chr1:94045960:G>T	1-94045960-G-T		c.2702C>A	p.Ala901Glu	ENST00000649773	False	0	456226	0	0.0	sas	False	below_supporting_threshold									False	False	population-compatible; not clinical benign
chr1:94046964:A>G	1-94046964-A-G	rs754082669	c.2873T>C	p.Ile958Thr	ENST00000370225	True	1	1614168	0	0.0	sas	False	below_supporting_threshold									False	False	population-compatible; not clinical benign
chr1:94046965:T>A	1-94046965-T-A		c.2872A>T	p.Ile958Phe	ENST00000370225	True	1	1614120	0	0.0	sas	False	below_supporting_threshold									False	False	population-compatible; not clinical benign
chr1:94047016:A>G	1-94047016-A-G		c.2821T>C	p.Cys941Arg	ENST00000370225	True	1	1614192	0	0.0	sas	False	below_supporting_threshold									False	False	population-compatible; not clinical benign
chr1:94048903:T>C	1-94048903-T-C		c.2708A>G	p.Glu903Gly	ENST00000370225	True	1	1614146	0	0.0	sas	False	below_supporting_threshold									False	False	population-compatible; not clinical benign
chr1:94048930:A>G	1-94048930-A-G		c.2681T>C	p.Leu894Pro	ENST00000370225	True	1	1613928	0	0.0	sas	False	below_supporting_threshold									False	False	population-compatible; not clinical benign
chr1:94051686:G>A	1-94051686-G-A	rs2101063430	c.2600C>T	p.Thr867Ile	ENST00000370225	True	1	1613782	0	0.0	sas	False	below_supporting_threshold	1447378.0	VUS	1.0	screened	missense	p.T867I	ABCA4_47d169b2f809973a	True	True	True	population-compatible; not clinical benign
chr1:94051686:G>T	1-94051686-G-T		c.2600C>A	p.Thr867Asn	ENST00000370225	True	1	1613782	0	0.0	sas	False	below_supporting_threshold									False	False	population-compatible; not clinical benign
chr1:94055156:C>A	1-94055156-C-A		c.2542G>T	p.Ala848Ser	ENST00000370225	True	0	1614128	0	0.0	sas	False	below_supporting_threshold									False	False	population-compatible; not clinical benign
chr1:94055165:G>C	1-94055165-G-C	rs1660938514	c.2533C>G	p.Leu845Val	ENST00000370225	True	1	1614120	0	0.0	sas	False	below_supporting_threshold	873956.0	VUS	1.0	screened	missense	p.L845V	ABCA4_3a6052c674c6d90f	True	True	True	population-compatible; not clinical benign
chr1:94055188:A>T	1-94055188-A-T	rs1660941116	c.2510T>A	p.Leu837Gln	ENST00000370225	True	1	1614092	0	0.0	sas	False	below_supporting_threshold									False	False	population-compatible; not clinical benign
chr1:94055204:C>A	1-94055204-C-A		c.2494G>T	p.Asp832Tyr	ENST00000370225	True	1	1614172	0	0.0	sas	False	below_supporting_threshold									False	False	population-compatible; not clinical benign
chr1:94056654:T>G	1-94056654-T-G		c.2329A>C	p.Ile777Leu	ENST00000370225	True	1	1614006	0	0.0	sas	False	below_supporting_threshold									False	False	population-compatible; not clinical benign
chr1:94056665:T>G	1-94056665-T-G	rs764727316	c.2318A>C	p.Tyr773Ser	ENST00000370225	True	1	1613818	0	0.0	sas	False	below_supporting_threshold									False	False	population-compatible; not clinical benign
chr1:94056672:T>G	1-94056672-T-G	rs758090662	c.2311A>C	p.Thr771Pro	ENST00000370225	True	6	1613738	0	0.0	sas	False	below_supporting_threshold									False	False	population-compatible; not clinical benign
chr1:94056699:C>A	1-94056699-C-A		c.2284G>T	p.Ala762Ser	ENST00000370225	True	1	1614148	0	0.0	sas	False	below_supporting_threshold									False	False	population-compatible; not clinical benign
chr1:94056708:T>C	1-94056708-T-C		c.2275A>G	p.Ser759Gly	ENST00000370225	True	1	1614138	0	0.0	sas	False	below_supporting_threshold									False	False	population-compatible; not clinical benign
chr1:94056750:T>C	1-94056750-T-C		c.2233A>G	p.Ile745Val	ENST00000370225	True	1	1613812	0	0.0	sas	False	below_supporting_threshold									False	False	population-compatible; not clinical benign
chr1:94056798:C>A	1-94056798-C-A		c.2185G>T	p.Asp729Tyr	ENST00000370225	True	0	1609236	0	0.0	sas	False	below_supporting_threshold									False	False	population-compatible; not clinical benign
chr1:94056822:G>T	1-94056822-G-T		c.2161C>A	p.His721Asn	ENST00000370225	True	0	1597040	0	0.0	sas	False	below_supporting_threshold									False	False	population-compatible; not clinical benign
chr1:94060578:T>G	1-94060578-T-G	rs1332429382	c.2119A>C	p.Ile707Leu	ENST00000370225	True	1	1614170	0	0.0	sas	False	below_supporting_threshold									False	False	population-compatible; not clinical benign
chr1:94060673:A>G	1-94060673-A-G		c.2024T>C	p.Val675Ala	ENST00000370225	True	1	1614126	0	0.0	sas	False	below_supporting_threshold									False	False	population-compatible; not clinical benign
chr1:94062601:G>T	1-94062601-G-T	rs1440824352	c.1913C>A	p.Pro638His	ENST00000370225	True	0	1614166	0	0.0	sas	False	below_supporting_threshold									False	False	population-compatible; not clinical benign
chr1:94062609:C>A	1-94062609-C-A		c.1905G>T	p.Gln635His	ENST00000370225	True	1	1614174	0	0.0	sas	False	below_supporting_threshold									False	False	population-compatible; not clinical benign
chr1:94062739:C>A	1-94062739-C-A		c.1775G>T	p.Gly592Val	ENST00000370225	True	0	1613900	0	0.0	sas	False	below_supporting_threshold									False	False	population-compatible; not clinical benign
chr1:94063134:T>C	1-94063134-T-C	rs1402650470	c.1738A>G	p.Lys580Glu	ENST00000370225	True	1	1614026	0	0.0	sas	False	below_supporting_threshold									False	False	population-compatible; not clinical benign
chr1:94063163:T>C	1-94063163-T-C		c.1709A>G	p.Lys570Arg	ENST00000370225	True	1	1614156	0	0.0	sas	False	below_supporting_threshold									False	False	population-compatible; not clinical benign
chr1:94063203:A>G	1-94063203-A-G	rs113789195	c.1669T>C	p.Tyr557His	ENST00000370225	True	1	1614160	0	0.0	sas	False	below_supporting_threshold									False	False	population-compatible; not clinical benign
chr1:94063226:G>C	1-94063226-G-C		c.1646C>G	p.Ala549Gly	ENST00000370225	True	1	1614068	0	0.0	sas	False	below_supporting_threshold									False	False	population-compatible; not clinical benign
chr1:94063227:C>T	1-94063227-C-T	rs61748557	c.1645G>A	p.Ala549Thr	ENST00000370225	True	2	1614116	0	0.0	sas	False	below_supporting_threshold	219171.0	VUS	2.0	screened	missense	p.A549T	ABCA4_de3d578d42c69099	True	True	True	population-compatible; not clinical benign
chr1:94063269:T>G	1-94063269-T-G		c.1603A>C	p.Thr535Pro	ENST00000370225	True	0	1613974	0	0.0	sas	False	below_supporting_threshold									False	False	population-compatible; not clinical benign
chr1:94063272:G>A	1-94063272-G-A		c.1600C>T	p.Leu534Phe	ENST00000370225	True	1	1614172	0	0.0	sas	False	below_supporting_threshold									False	False	population-compatible; not clinical benign
chr1:94077697:T>C	1-94077697-T-C		c.1547A>G	p.Tyr516Cys	ENST00000370225	True	0	1611884	0	0.0	sas	False	below_supporting_threshold									False	False	population-compatible; not clinical benign
chr1:94077727:G>A	1-94077727-G-A		c.1517C>T	p.Thr506Ile	ENST00000370225	True	1	1614090	0	0.0	sas	False	below_supporting_threshold									False	False	population-compatible; not clinical benign
chr1:94078591:C>T	1-94078591-C-T		c.1355G>A	p.Arg452Lys	ENST00000370225	True	0	1053882	0	0.0	sas	False	below_supporting_threshold									False	False	population-compatible; not clinical benign
chr1:94078592:T>C	1-94078592-T-C		c.1354A>G	p.Arg452Gly	ENST00000370225	True	0	891240	0	0.0	sas	False	below_supporting_threshold									False	False	population-compatible; not clinical benign
chr1:94078594:A>C	1-94078594-A-C		c.1352T>G	p.Ile451Ser	ENST00000370225	True	0	919592	0	0.0	sas	False	below_supporting_threshold									False	False	population-compatible; not clinical benign
chr1:94078594:A>G	1-94078594-A-G		c.1352T>C	p.Ile451Thr	ENST00000370225	True	0	919640	0	0.0	sas	False	below_supporting_threshold									False	False	population-compatible; not clinical benign
chr1:94078595:T>A	1-94078595-T-A		c.1351A>T	p.Ile451Phe	ENST00000370225	True	0	1183126	0	0.0	sas	False	below_supporting_threshold									False	False	population-compatible; not clinical benign
chr1:94078595:T>C	1-94078595-T-C		c.1351A>G	p.Ile451Val	ENST00000370225	True	0	1183126	0	0.0	sas	False	below_supporting_threshold									False	False	population-compatible; not clinical benign
chr1:94078596:C>A	1-94078596-C-A		c.1350G>T	p.Met450Ile	ENST00000370225	True	0	1029762	0	0.0	sas	False	below_supporting_threshold									False	False	population-compatible; not clinical benign
chr1:94078596:C>T	1-94078596-C-T	rs1421657735	c.1350G>A	p.Met450Ile	ENST00000370225	True	0	1029762	0	0.0	sas	False	below_supporting_threshold									False	False	population-compatible; not clinical benign
chr1:94078597:A>C	1-94078597-A-C		c.1349T>G	p.Met450Arg	ENST00000370225	True	0	1237392	0	0.0	sas	False	below_supporting_threshold									False	False	population-compatible; not clinical benign
chr1:94078598:T>A	1-94078598-T-A	rs2101102846	c.1348A>T	p.Met450Leu	ENST00000370225	True	0	1039002	0	0.0	sas	False	below_supporting_threshold	1509356.0	VUS	1.0	screened	missense	p.M450L	ABCA4_ffde2c70b56a8a43	True	True	True	population-compatible; not clinical benign
chr1:94078599:G>T	1-94078599-G-T		c.1347C>A	p.Asn449Lys	ENST00000370225	True	0	1203352	0	0.0	sas	False	below_supporting_threshold									False	False	population-compatible; not clinical benign
chr1:94078600:T>C	1-94078600-T-C		c.1346A>G	p.Asn449Ser	ENST00000370225	True	0	1216772	0	0.0	sas	False	below_supporting_threshold									False	False	population-compatible; not clinical benign
chr1:94078600:T>G	1-94078600-T-G		c.1346A>C	p.Asn449Thr	ENST00000370225	True	2	1216772	0	0.0	sas	False	below_supporting_threshold									False	False	population-compatible; not clinical benign
chr1:94078602:C>A	1-94078602-C-A		c.1344G>T	p.Met448Ile	ENST00000370225	True	0	1050598	0	0.0	sas	False	below_supporting_threshold									False	False	population-compatible; not clinical benign
chr1:94078602:C>T	1-94078602-C-T		c.1344G>A	p.Met448Ile	ENST00000370225	True	0	1050596	0	0.0	sas	False	below_supporting_threshold									False	False	population-compatible; not clinical benign
chr1:94078607:G>T	1-94078607-G-T		c.1339C>A	p.Gln447Lys	ENST00000370225	True	0	1469502	0	0.0	sas	False	below_supporting_threshold									False	False	population-compatible; not clinical benign
chr1:94078609:G>T	1-94078609-G-T		c.1337C>A	p.Thr446Lys	ENST00000370225	True	0	1471360	0	0.0	sas	False	below_supporting_threshold									False	False	population-compatible; not clinical benign
chr1:94078611:G>T	1-94078611-G-T		c.1335C>A	p.Ser445Arg	ENST00000370225	True	0	1461580	0	0.0	sas	False	below_supporting_threshold									False	False	population-compatible; not clinical benign
chr1:94078612:C>T	1-94078612-C-T		c.1334G>A	p.Ser445Asn	ENST00000370225	True	0	1303720	0	0.0	sas	False	below_supporting_threshold									False	False	population-compatible; not clinical benign
chr1:94078617:G>T	1-94078617-G-T		c.1329C>A	p.Asp443Glu	ENST00000370225	True	0	1354298	0	0.0	sas	False	below_supporting_threshold									False	False	population-compatible; not clinical benign
chr1:94078629:C>A	1-94078629-C-A		c.1317G>T	p.Trp439Cys	ENST00000370225	True	1	1422552	0	0.0	sas	False	below_supporting_threshold	1928538.0	VUS	1.0	screened	missense	p.W439C	ABCA4_39d4900d05cfbdad	True	True	True	population-compatible; not clinical benign
chr1:94078647:T>G	1-94078647-T-G		c.1299A>C	p.Glu433Asp	ENST00000370225	True	0	1504772	0	0.0	sas	False	below_supporting_threshold									False	False	population-compatible; not clinical benign
chr1:94078650:T>G	1-94078650-T-G		c.1296A>C	p.Glu432Asp	ENST00000370225	True	0	1560992	0	0.0	sas	False	below_supporting_threshold									False	False	population-compatible; not clinical benign
chr1:94078705:G>T	1-94078705-G-T	rs1553193893	c.1241C>A	p.Ala414Asp	ENST00000370225	True	0	1607932	0	0.0	sas	False	below_supporting_threshold	493046.0	VUS	1.0	screened	missense	p.A414D	ABCA4_04f7a51a33eeb3da	True	True	True	population-compatible; not clinical benign
chr1:94079324:T>C	1-94079324-T-C	rs763545409	c.1237A>G	p.Asn413Asp	ENST00000370225	True	2	1614130	0	0.0	sas	False	below_supporting_threshold									False	False	population-compatible; not clinical benign
chr1:94079336:T>C	1-94079336-T-C	rs370828649	c.1225A>G	p.Arg409Gly	ENST00000370225	True	1	1614136	0	0.0	sas	False	below_supporting_threshold									False	False	population-compatible; not clinical benign
chr1:94079388:C>A	1-94079388-C-A	rs561739905	c.1173G>T	p.Lys391Asn	ENST00000370225	True	2	1614178	0	0.0	sas	False	below_supporting_threshold	1417913.0	VUS	1.0	screened	missense	p.K391N	ABCA4_8a436dc3dbc67bb5	True	True	True	population-compatible; not clinical benign
chr1:94079401:C>G	1-94079401-C-G		c.1160G>C	p.Trp387Ser	ENST00000370225	True	1	1614196	0	0.0	sas	False	below_supporting_threshold									False	False	population-compatible; not clinical benign
chr1:94080502:T>A	1-94080502-T-A		c.1075A>T	p.Ile359Phe	ENST00000370225	True	1	1614202	0	0.0	sas	False	below_supporting_threshold									False	False	population-compatible; not clinical benign
chr1:94080523:C>G	1-94080523-C-G		c.1054G>C	p.Asp352His	ENST00000370225	True	1	1614120	0	0.0	sas	False	below_supporting_threshold									False	False	population-compatible; not clinical benign
chr1:94080547:T>C	1-94080547-T-C		c.1030A>G	p.Asn344Asp	ENST00000370225	True	1	1614114	0	0.0	sas	False	below_supporting_threshold									False	False	population-compatible; not clinical benign
chr1:94080553:C>T	1-94080553-C-T		c.1024G>A	p.Asp342Asn	ENST00000370225	True	1	1614176	0	0.0	sas	False	below_supporting_threshold									False	False	population-compatible; not clinical benign
chr1:94080606:C>A	1-94080606-C-A	rs771431962	c.971G>T	p.Cys324Phe	ENST00000370225	True	1	1614164	0	0.0	sas	False	below_supporting_threshold									False	False	population-compatible; not clinical benign
chr1:94080618:G>T	1-94080618-G-T	rs1661667129	c.959C>A	p.Ser320Tyr	ENST00000370225	True	1	1614192	0	0.0	sas	False	below_supporting_threshold									False	False	population-compatible; not clinical benign
chr1:94080631:T>C	1-94080631-T-C		c.946A>G	p.Met316Val	ENST00000370225	True	1	1614082	0	0.0	sas	False	below_supporting_threshold									False	False	population-compatible; not clinical benign
chr1:94083357:G>T	1-94083357-G-T		c.853C>A	p.Gln285Lys	ENST00000370225	True	0	1607874	0	0.0	sas	False	below_supporting_threshold									False	False	population-compatible; not clinical benign
chr1:94083389:C>G	1-94083389-C-G		c.821G>C	p.Gly274Ala	ENST00000370225	True	1	1613760	0	0.0	sas	False	below_supporting_threshold									False	False	population-compatible; not clinical benign
chr1:94083407:A>G	1-94083407-A-G		c.803T>C	p.Ile268Thr	ENST00000370225	True	0	1613900	0	0.0	sas	False	below_supporting_threshold									False	False	population-compatible; not clinical benign
chr1:94083419:C>A	1-94083419-C-A	rs567985213	c.791G>T	p.Arg264Leu	ENST00000370225	True	1	1613516	0	0.0	sas	False	below_supporting_threshold									False	False	population-compatible; not clinical benign
chr1:94098812:G>T	1-94098812-G-T	rs1459168634	c.750C>A	p.Phe250Leu	ENST00000370225	True	1	1614086	0	0.0	sas	False	below_supporting_threshold									False	False	population-compatible; not clinical benign
chr1:94098825:G>T	1-94098825-G-T	rs1557803559	c.737C>A	p.Ala246Asp	ENST00000370225	True	1	1614164	0	0.0	sas	False	below_supporting_threshold									False	False	population-compatible; not clinical benign
chr1:94098911:G>T	1-94098911-G-T		c.651C>A	p.Ser217Arg	ENST00000370225	True	0	1613878	0	0.0	sas	False	below_supporting_threshold									False	False	population-compatible; not clinical benign
chr1:94098984:T>C	1-94098984-T-C		c.578A>G	p.His193Arg	ENST00000370225	True	0	1606992	0	0.0	sas	False	below_supporting_threshold									False	False	population-compatible; not clinical benign
chr1:94103023:G>A	1-94103023-G-A	rs1662326498	c.562C>T	p.Pro188Ser	ENST00000370225	True	0	1614204	0	0.0	sas	False	below_supporting_threshold									False	False	population-compatible; not clinical benign
chr1:94103074:T>C	1-94103074-T-C		c.511A>G	p.Ile171Val	ENST00000370225	True	1	1614244	0	0.0	sas	False	below_supporting_threshold									False	False	population-compatible; not clinical benign
chr1:94103076:T>C	1-94103076-T-C		c.509A>G	p.Asn170Ser	ENST00000370225	True	1	1614166	0	0.0	sas	False	below_supporting_threshold									False	False	population-compatible; not clinical benign
chr1:94103077:T>C	1-94103077-T-C		c.508A>G	p.Asn170Asp	ENST00000370225	True	1	1614192	0	0.0	sas	False	below_supporting_threshold									False	False	population-compatible; not clinical benign
chr1:94103095:T>A	1-94103095-T-A		c.490A>T	p.Thr164Ser	ENST00000370225	True	0	1613956	0	0.0	sas	False	below_supporting_threshold									False	False	population-compatible; not clinical benign
chr1:94103098:G>C	1-94103098-G-C		c.487C>G	p.Leu163Val	ENST00000370225	True	0	1613898	0	0.0	sas	False	below_supporting_threshold									False	False	population-compatible; not clinical benign
chr1:94103138:T>G	1-94103138-T-G		c.447A>C	p.Arg149Ser	ENST00000370225	True	1	1613968	0	0.0	sas	False	below_supporting_threshold									False	False	population-compatible; not clinical benign
chr1:94108595:G>T	1-94108595-G-T		c.424C>A	p.His142Asn	ENST00000370225	True	0	1613654	0	0.0	sas	False	below_supporting_threshold									False	False	population-compatible; not clinical benign
chr1:94108600:C>A	1-94108600-C-A		c.419G>T	p.Arg140Leu	ENST00000370225	True	0	1613602	0	0.0	sas	False	below_supporting_threshold									False	False	population-compatible; not clinical benign
chr1:94108610:C>T	1-94108610-C-T	rs1308282008	c.409G>A	p.Asp137Asn	ENST00000370225	True	1	1613742	0	0.0	sas	False	below_supporting_threshold									False	False	population-compatible; not clinical benign
chr1:94108634:G>T	1-94108634-G-T	rs780523124	c.385C>A	p.Leu129Ile	ENST00000370225	True	1	1613870	0	0.0	sas	False	below_supporting_threshold									False	False	population-compatible; not clinical benign
chr1:94111483:G>C	1-94111483-G-C		c.257C>G	p.Thr86Ser	ENST00000370225	True	1	1614150	0	0.0	sas	False	below_supporting_threshold									False	False	population-compatible; not clinical benign
chr1:94111557:C>G	1-94111557-C-G	rs750987349	c.183G>C	p.Met61Ile	ENST00000370225	True	8	1614120	0	0.0	sas	False	below_supporting_threshold	963276.0	P/LP	2.0	screened	missense	p.M61I	ABCA4_4ee1693038a5dd38	True	True	True	population-compatible; not clinical benign
chr1:94112973:A>G	1-94112973-A-G		c.160T>C	p.Cys54Arg	ENST00000370225	True	0	1612602	0	0.0	sas	False	below_supporting_threshold									False	False	population-compatible; not clinical benign
chr1:94112983:G>T	1-94112983-G-T		c.150C>A	p.Ser50Arg	ENST00000370225	True	0	1613096	0	0.0	sas	False	below_supporting_threshold									False	False	population-compatible; not clinical benign
chr1:94112994:G>A	1-94112994-G-A		c.139C>T	p.Pro47Ser	ENST00000370225	True	0	1613916	0	0.0	sas	False	below_supporting_threshold									False	False	population-compatible; not clinical benign
chr1:94120984:T>G	1-94120984-T-G	rs746232022	c.62A>C	p.Gln21Pro	ENST00000370225	True	5	1613798	0	0.0	sas	False	below_supporting_threshold									False	False	population-compatible; not clinical benign
chr1:94120985:G>T	1-94120985-G-T		c.61C>A	p.Gln21Lys	ENST00000370225	True	1	1414694	0	0.0	sas	False	below_supporting_threshold									False	False	population-compatible; not clinical benign
chr1:94121038:A>G	1-94121038-A-G	rs1439937348	c.8T>C	p.Phe3Ser	ENST00000370225	True	1	1614126	0	0.0	sas	False	below_supporting_threshold									False	False	population-compatible; not clinical benign
